code,character,codepoint
0001,一,U+4E00
0002,丁,U+4E01
0003,七,U+4E03
0004,丈,U+4E08
0005,三,U+4E09
0006,上,U+4E0A
0007,下,U+4E0B
0008,不,U+4E0D
0009,丐,U+4E10
0010,丑,U+4E11
0011,且,U+4E14
0012,丕,U+4E15
0013,世,U+4E16
0014,丙,U+4E19
0015,丞,U+4E1E
0016,丢,U+4E22
0017,並,U+4E26
0019,丨,U+4E28
0020,个,U+4E2A
0021,丫,U+4E2B
0022,中,U+4E2D
0023,丰,U+4E30
0024,丱,U+4E31
0025,串,U+4E32
0027,丶,U+4E36
0029,丸,U+4E38
0030,丹,U+4E39
0031,主,U+4E3B
0033,丿,U+4E3F
0034,乂,U+4E42
0035,乃,U+4E43
0036,久,U+4E45
0037,之,U+4E4B
0038,乍,U+4E4D
0039,乎,U+4E4E
0040,乏,U+4E4F
0041,乖,U+4E56
0042,乘,U+4E58
0044,乙,U+4E59
0045,乜,U+4E5C
0046,九,U+4E5D
0047,乞,U+4E5E
0048,也,U+4E5F
0049,乩,U+4E69
0050,乳,U+4E73
0051,乾,U+4E7E
0052,亂,U+4E82
0053,氹,U+6C39
0054,亅,U+4E85
0055,了,U+4E86
0056,予,U+4E88
0057,事,U+4E8B
0059,二,U+4E8C
0060,于,U+4E8E
0061,云,U+4E91
0062,互,U+4E92
0063,五,U+4E94
0064,井,U+4E95
0065,亙,U+4E99
0066,况,U+2F81B
0067,些,U+4E9B
0068,亞,U+4E9E
0069,亟,U+4E9F
0071,亠,U+4EA0
0072,亡,U+4EA1
0073,亢,U+4EA2
0074,交,U+4EA4
0075,亥,U+4EA5
0076,亦,U+4EA6
0077,亨,U+4EA8
0078,享,U+4EAB
0079,京,U+4EAC
0080,亭,U+4EAD
0081,亮,U+4EAE
0082,亳,U+4EB3
0083,亶,U+4EB6
0084,亹,U+4EB9
0086,人,U+4EBA
0087,什,U+4EC0
0088,仁,U+4EC1
0089,仃,U+4EC3
0090,仄,U+4EC4
0091,仆,U+4EC6
0092,仇,U+4EC7
0093,今,U+4ECA
0094,介,U+4ECB
0095,仍,U+4ECD
0096,仂,U+4EC2
0097,仉,U+4EC9
0098,仔,U+4ED4
0099,仕,U+4ED5
0100,他,U+4ED6
0101,仗,U+4ED7
0102,付,U+4ED8
0103,仙,U+4ED9
0104,仝,U+4EDD
0105,仞,U+4EDE
0106,仡,U+4EE1
0107,仟,U+4EDF
0108,代,U+4EE3
0109,令,U+4EE4
0110,以,U+4EE5
0111,仰,U+4EF0
0112,仲,U+4EF2
0113,仳,U+4EF3
0114,仵,U+4EF5
0115,件,U+4EF6
0116,价,U+4EF7
0117,任,U+4EFB
0118,份,U+4EFD
0119,仿,U+4EFF
0120,企,U+4F01
0121,伉,U+4F09
0122,伊,U+4F0A
0123,伋,U+4F0B
0124,伍,U+4F0D
0125,伎,U+4F0E
0126,伏,U+4F0F
0127,伐,U+4F10
0128,休,U+4F11
0129,伙,U+4F19
0130,伯,U+4F2F
0131,估,U+4F30
0132,你,U+4F60
0133,伴,U+4F34
0134,伶,U+4F36
0135,伸,U+4F38
0136,伺,U+4F3A
0137,伻,U+4F3B
0138,似,U+4F3C
0139,伽,U+4F3D
0140,佃,U+4F43
0141,但,U+4F46
0142,佈,U+4F48
0143,位,U+4F4D
0144,低,U+4F4E
0145,住,U+4F4F
0146,佐,U+4F50
0147,佑,U+4F51
0148,佔,U+4F54
0149,何,U+4F55
0150,佗,U+4F57
0151,余,U+4F59
0152,佘,U+4F58
0153,佚,U+4F5A
0154,佛,U+4F5B
0155,作,U+4F5C
0156,佞,U+4F5E
0157,佟,U+4F5F
0158,佺,U+4F7A
0159,佽,U+4F7D
0160,佩,U+4F69
0161,佪,U+4F6A
0162,佯,U+4F6F
0163,佳,U+4F73
0164,併,U+4F75
0165,佶,U+4F76
0166,佸,U+4F78
0167,佻,U+4F7B
0168,佾,U+4F7E
0169,使,U+4F7F
0170,侃,U+4F83
0171,來,U+4F86
0172,侈,U+4F88
0173,例,U+4F8B
0174,侍,U+4F8D
0175,侏,U+4F8F
0176,侑,U+4F91
0177,侔,U+4F94
0178,侖,U+4F96
0179,侗,U+4F97
0180,供,U+4F9B
0181,依,U+4F9D
0182,侷,U+4FB7
0183,俔,U+4FD4
0184,俅,U+4FC5
0185,侮,U+4FAE
0186,侯,U+4FAF
0187,侵,U+4FB5
0188,侶,U+4FB6
0189,便,U+4FBF
0190,係,U+4FC2
0191,促,U+4FC3
0192,俄,U+4FC4
0193,俊,U+4FCA
0194,俎,U+4FCE
0195,俏,U+4FCF
0196,俐,U+4FD0
0197,俑,U+4FD1
0198,俗,U+4FD7
0199,俘,U+4FD8
0200,俚,U+4FDA
0201,俛,U+4FDB
0202,保,U+4FDD
0203,俟,U+4FDF
0204,俠,U+4FE0
0205,俞,U+4FDE
0206,倈,U+5008
0207,信,U+4FE1
0208,修,U+4FEE
0209,俶,U+4FF6
0210,倀,U+5000
0211,倅,U+5005
0212,倌,U+500C
0213,倬,U+502C
0214,俯,U+4FEF
0215,俱,U+4FF1
0216,俳,U+4FF3
0217,俵,U+4FF5
0218,俸,U+4FF8
0219,俺,U+4FFA
0220,俾,U+4FFE
0221,倉,U+5009
0222,個,U+500B
0223,倍,U+500D
0224,倆,U+5006
0225,倏,U+500F
0226,們,U+5011
0227,倒,U+5012
0228,倖,U+5016
0229,倘,U+5018
0230,候,U+5019
0231,倚,U+501A
0232,倜,U+501C
0233,倂,U+5002
0234,借,U+501F
0235,倡,U+5021
0236,倣,U+5023
0237,值,U+503C
0238,倥,U+5025
0239,倦,U+5026
0240,倨,U+5028
0241,倩,U+5029
0242,倪,U+502A
0243,倫,U+502B
0244,倭,U+502D
0245,偈,U+5048
0246,偎,U+504E
0247,偲,U+5072
0248,偁,U+5041
0249,偃,U+5043
0250,假,U+5047
0251,偉,U+5049
0252,偏,U+504F
0253,偕,U+5055
0254,做,U+505A
0255,停,U+505C
0256,健,U+5065
0257,偪,U+506A
0258,側,U+5074
0259,偵,U+5075
0260,偶,U+5076
0261,傎,U+508E
0262,傔,U+5094
0263,傖,U+5096
0264,傀,U+5080
0265,傅,U+5085
0266,傍,U+508D
0267,傑,U+5091
0268,傒,U+5092
0269,偫,U+506B
0270,傘,U+5098
0271,備,U+5099
0272,傚,U+509A
0273,傞,U+509E
0274,𠉰,U+20270
0275,催,U+50AC
0276,傭,U+50AD
0277,傲,U+50B2
0278,傳,U+50B3
0279,傴,U+50B4
0280,債,U+50B5
0281,傷,U+50B7
0282,傾,U+50BE
0283,僂,U+50C2
0284,僅,U+50C5
0285,僇,U+50C7
0286,僉,U+50C9
0287,僊,U+50CA
0288,像,U+50CF
0289,僱,U+50F1
0290,僎,U+50CE
0291,僦,U+50E6
0292,僨,U+50E8
0293,僩,U+50E9
0294,僑,U+50D1
0295,僕,U+50D5
0296,僖,U+50D6
0297,僚,U+50DA
0298,偽,U+507D
0299,僥,U+50E5
0300,僧,U+50E7
0301,僭,U+50ED
0302,僮,U+50EE
0303,儁,U+5101
0304,僵,U+50F5
0305,價,U+50F9
0306,僻,U+50FB
0307,僾,U+50FE
0308,儀,U+5100
0309,儂,U+5102
0310,億,U+5104
0311,儆,U+5106
0312,儈,U+5108
0313,儉,U+5109
0314,儎,U+510E
0315,儌,U+510C
0316,僰,U+50F0
0317,儋,U+510B
0318,儇,U+5107
0319,儐,U+5110
0320,儒,U+5112
0321,儔,U+5114
0322,儕,U+5115
0323,儗,U+5117
0324,儘,U+5118
0325,儤,U+5124
0326,償,U+511F
0327,優,U+512A
0328,儲,U+5132
0329,儳,U+5133
0330,儷,U+5137
0331,儻,U+513B
0332,儼,U+513C
0333,兡,U+5161
0334,儿,U+513F
0335,兀,U+5140
0336,允,U+5141
0337,元,U+5143
0338,兄,U+5144
0339,充,U+5145
0340,兆,U+5146
0341,先,U+5148
0342,光,U+5149
0343,兇,U+5147
0344,克,U+514B
0345,兌,U+514C
0346,免,U+514D
0347,兔,U+5154
0348,兒,U+5152
0349,兕,U+5155
0350,兗,U+5157
0351,兜,U+515C
0352,兢,U+5162
0353,兣,U+5163
0354,入,U+5165
0355,內,U+5167
0356,全,U+5168
0357,兩,U+5169
0358,兪,U+516A
0360,八,U+516B
0361,公,U+516C
0362,六,U+516D
0363,兮,U+516E
0364,共,U+5171
0365,兵,U+5175
0366,其,U+5176
0367,具,U+5177
0368,典,U+5178
0369,兼,U+517C
0370,冀,U+5180
0372,冂,U+5182
0373,冉,U+5189
0374,册,U+518C
0375,再,U+518D
0376,冏,U+518F
0377,冓,U+5193
0378,冑,U+5191
0379,冒,U+5192
0380,冕,U+5195
0382,冖,U+5196
0383,冗,U+5197
0384,冞,U+519E
0385,冠,U+51A0
0386,冢,U+51A2
0387,冤,U+51A4
0388,冥,U+51A5
0389,冪,U+51AA
0391,冫,U+51AB
0392,冬,U+51AC
0393,冰,U+51B0
0394,冲,U+51B2
0395,冱,U+51B1
0396,冶,U+51B6
0397,冷,U+51B7
0398,冸,U+51B8
0399,冽,U+51BD
0400,况,U+51B5
0401,凄,U+51C4
0402,准,U+51C6
0403,凈,U+51C8
0404,凉,U+51C9
0405,凊,U+51CA
0406,凋,U+51CB
0407,凌,U+51CC
0408,凍,U+51CD
0409,减,U+51CF
0410,凑,U+51D1
0411,凓,U+51D3
0412,凜,U+51DC
0413,凝,U+51DD
0414,决,U+51B3
0415,几,U+51E0
0416,凡,U+51E1
0417,凭,U+51ED
0418,凱,U+51F1
0419,凳,U+51F3
0420,凰,U+51F0
0422,凵,U+51F5
0423,凶,U+51F6
0424,凸,U+51F8
0425,凹,U+51F9
0426,𠙽,U+2067D
0427,出,U+51FA
0428,函,U+51FD
0430,刀,U+5200
0431,刁,U+5201
0432,刃,U+5203
0433,分,U+5206
0434,切,U+5207
0435,刈,U+5208
0436,刋,U+520B
0437,刎,U+520E
0438,刑,U+5211
0439,划,U+5212
0440,刖,U+5216
0441,列,U+5217
0442,刨,U+5228
0443,初,U+521D
0444,删,U+5220
0445,判,U+5224
0446,別,U+5225
0447,刦,U+5226
0448,利,U+5229
0449,剁,U+5241
0450,刮,U+522E
0451,到,U+5230
0452,刲,U+5232
0453,刳,U+5233
0454,刵,U+5235
0455,制,U+5236
0456,刷,U+5237
0457,券,U+5238
0458,刹,U+5239
0459,刺,U+523A
0460,剋,U+524B
0461,剃,U+5243
0462,剄,U+5244
0463,則,U+5247
0464,剉,U+5249
0465,削,U+524A
0466,刻,U+523B
0467,前,U+524D
0468,剜,U+525C
0469,剞,U+525E
0470,剡,U+5261
0471,剔,U+5254
0472,剖,U+5256
0473,剗,U+5257
0474,剛,U+525B
0475,剝,U+525D
0476,剩,U+5269
0477,剪,U+526A
0478,剮,U+526E
0479,副,U+526F
0480,割,U+5272
0481,剴,U+5274
0482,創,U+5275
0483,剸,U+5278
0484,剽,U+527D
0485,剿,U+527F
0486,劂,U+5282
0487,劃,U+5283
0488,劄,U+5284
0489,劇,U+5287
0490,劈,U+5288
0491,劉,U+5289
0492,劊,U+528A
0493,劌,U+528C
0494,劍,U+528D
0495,劑,U+5291
0496,劓,U+5293
0497,劖,U+5296
0498,劚,U+529A
0499,剅,U+5245
0500,力,U+529B
0501,功,U+529F
0502,加,U+52A0
0503,劣,U+52A3
0504,助,U+52A9
0505,努,U+52AA
0506,劫,U+52AB
0507,劬,U+52AC
0508,劭,U+52AD
0509,効,U+52B9
0510,劻,U+52BB
0511,劾,U+52BE
0512,劼,U+52BC
0513,勁,U+52C1
0514,勃,U+52C3
0515,勅,U+52C5
0516,勇,U+52C7
0517,勉,U+52C9
0518,勍,U+52CD
0519,勒,U+52D2
0520,動,U+52D5
0521,勖,U+52D6
0522,勘,U+52D8
0523,務,U+52D9
0524,勝,U+52DD
0525,勞,U+52DE
0526,勠,U+52E0
0527,募,U+52DF
0528,勢,U+52E2
0529,勣,U+52E3
0530,勤,U+52E4
0531,勦,U+52E6
0532,勩,U+52E9
0533,勰,U+52F0
0534,勳,U+52F3
0535,勱,U+52F1
0536,勵,U+52F5
0537,勷,U+52F7
0538,勸,U+52F8
0540,勹,U+52F9
0541,勺,U+52FA
0542,勻,U+52FB
0543,勿,U+52FF
0544,匃,U+5303
0545,包,U+5305
0546,匈,U+5308
0547,匊,U+530A
0548,匍,U+530D
0549,匏,U+530F
0550,匐,U+5310
0551,勾,U+52FE
0552,匕,U+5315
0553,化,U+5316
0554,北,U+5317
0555,匙,U+5319
0557,匚,U+531A
0558,匜,U+531C
0559,匝,U+531D
0560,匟,U+531F
0561,匠,U+5320
0562,匡,U+5321
0563,匣,U+5323
0564,匪,U+532A
0565,匯,U+532F
0566,匱,U+5331
0567,匭,U+532D
0568,匳,U+5333
0569,匵,U+5335
0571,匸,U+5338
0572,匹,U+5339
0573,匾,U+533E
0574,匿,U+533F
0575,區,U+5340
0577,十,U+5341
0578,千,U+5343
0579,卄,U+5344
0580,卅,U+5345
0581,升,U+5347
0582,午,U+5348
0583,卉,U+5349
0584,半,U+534A
0585,卑,U+5351
0586,卒,U+5352
0587,卓,U+5353
0588,協,U+5354
0589,南,U+5357
0590,博,U+535A
0591,卍,U+534D
0592,卜,U+535C
0593,卞,U+535E
0594,占,U+5360
0595,卡,U+5361
0596,卣,U+5363
0597,卦,U+5366
0599,卩,U+5369
0600,卬,U+536C
0601,卭,U+536D
0602,卯,U+536F
0603,印,U+5370
0604,危,U+5371
0605,卲,U+5372
0606,却,U+5374
0607,卵,U+5375
0608,卷,U+5377
0609,卸,U+5378
0610,卺,U+537A
0611,卻,U+537B
0612,卮,U+536E
0613,卽,U+537D
0615,卿,U+537F
0617,厂,U+5382
0618,厄,U+5384
0619,厎,U+538E
0620,厓,U+5393
0621,厔,U+5394
0622,厘,U+5398
0623,厙,U+5399
0624,厚,U+539A
0625,厝,U+539D
0626,原,U+539F
0627,厠,U+53A0
0628,厥,U+53A5
0629,厫,U+53AB
0630,厭,U+53AD
0631,厮,U+53AE
0632,厲,U+53B2
0633,厦,U+53A6
0635,厶,U+53B6
0636,厹,U+53B9
0637,去,U+53BB
0638,叁,U+53C1
0639,參,U+53C3
0640,叅,U+53C5
0642,又,U+53C8
0643,叉,U+53C9
0644,及,U+53CA
0645,友,U+53CB
0646,反,U+53CD
0647,叔,U+53D4
0648,取,U+53D6
0649,受,U+53D7
0650,叙,U+53D9
0651,叛,U+53DB
0652,叟,U+53DF
0653,叡,U+53E1
0654,叢,U+53E2
0655,叠,U+53E0
0656,口,U+53E3
0657,古,U+53E4
0658,句,U+53E5
0659,另,U+53E6
0660,叨,U+53E8
0661,叩,U+53E9
0662,只,U+53EA
0663,叫,U+53EB
0664,召,U+53EC
0665,叭,U+53ED
0666,叮,U+53EE
0667,叱,U+53F1
0668,可,U+53EF
0669,台,U+53F0
0670,史,U+53F2
0671,右,U+53F3
0672,叵,U+53F5
0673,叶,U+53F6
0674,司,U+53F8
0675,吁,U+5401
0676,吃,U+5403
0677,各,U+5404
0678,合,U+5408
0679,吉,U+5409
0680,吊,U+540A
0681,同,U+540C
0682,名,U+540D
0683,后,U+540E
0684,吏,U+540F
0685,吐,U+5410
0686,向,U+5411
0687,吓,U+5413
0688,吒,U+5412
0689,君,U+541B
0690,吝,U+541D
0691,呑,U+5451
0692,吟,U+541F
0693,吠,U+5420
0694,否,U+5426
0695,吩,U+5429
0696,咐,U+5490
0697,吪,U+542A
0698,含,U+542B
0699,吭,U+542D
0700,吮,U+542E
0701,呈,U+5448
0702,吳,U+5433
0703,吵,U+5435
0704,呐,U+5450
0705,吸,U+5438
0706,吹,U+5439
0707,告,U+544A
0708,吻,U+543B
0709,吼,U+543C
0710,吾,U+543E
0711,呀,U+5440
0712,呂,U+5442
0713,呃,U+5443
0714,呆,U+5446
0715,咂,U+5482
0716,呢,U+5462
0717,呦,U+5466
0718,呧,U+5467
0719,周,U+5468
0720,咒,U+5492
0721,呭,U+546D
0722,呱,U+5471
0723,呫,U+546B
0724,味,U+5473
0725,呵,U+5475
0726,呶,U+5476
0727,呷,U+5477
0728,呻,U+547B
0729,呼,U+547C
0730,命,U+547D
0731,咀,U+5480
0732,咄,U+5484
0733,咆,U+5486
0734,咈,U+5488
0735,和,U+548C
0736,咎,U+548E
0737,咏,U+548F
0738,咋,U+548B
0739,咍,U+548D
0740,咡,U+54A1
0741,咤,U+54A4
0742,咢,U+54A2
0743,咥,U+54A5
0744,咧,U+54A7
0745,咨,U+54A8
0746,咫,U+54AB
0747,咬,U+54AC
0748,咯,U+54AF
0749,咱,U+54B1
0750,咳,U+54B3
0751,咷,U+54B7
0752,咸,U+54B8
0753,咺,U+54BA
0754,咽,U+54BD
0755,哀,U+54C0
0756,品,U+54C1
0757,哂,U+54C2
0758,哄,U+54C4
0759,哆,U+54C6
0760,哇,U+54C7
0761,哈,U+54C8
0762,哉,U+54C9
0763,咻,U+54BB
0764,咿,U+54BF
0765,員,U+54E1
0766,哥,U+54E5
0767,唎,U+550E
0768,哦,U+54E6
0769,哩,U+54E9
0770,哭,U+54ED
0771,哮,U+54EE
0772,哲,U+54F2
0773,哺,U+54FA
0774,哼,U+54FC
0775,哽,U+54FD
0776,哿,U+54FF
0777,唁,U+5501
0778,唆,U+5506
0779,唈,U+5508
0780,唉,U+5509
0781,唐,U+5510
0782,哤,U+54E4
0783,哨,U+54E8
0784,唄,U+5504
0785,唏,U+550F
0786,售,U+552E
0787,唯,U+552F
0788,唱,U+5531
0789,唳,U+5533
0790,唾,U+553E
0791,啁,U+5541
0792,啣,U+5563
0793,啄,U+5544
0794,商,U+5546
0795,問,U+554F
0796,啓,U+5553
0797,啖,U+5556
0798,啗,U+5557
0799,啜,U+555C
0800,啞,U+555E
0801,唪,U+552A
0802,唼,U+553C
0803,啐,U+5550
0804,啻,U+557B
0805,啼,U+557C
0806,喁,U+5581
0807,喀,U+5580
0808,喂,U+5582
0809,喃,U+5583
0810,善,U+5584
0811,喆,U+5586
0812,喇,U+5587
0813,喈,U+5588
0814,喉,U+5589
0815,喊,U+558A
0816,喏,U+558F
0817,喓,U+5593
0818,喋,U+558B
0819,喑,U+5591
0820,喘,U+5598
0821,喙,U+5599
0822,喚,U+559A
0823,喜,U+559C
0824,喝,U+559D
0825,喞,U+559E
0826,喧,U+55A7
0827,喻,U+55BB
0828,喪,U+55AA
0829,喬,U+55AC
0830,單,U+55AE
0831,啾,U+557E
0832,嗃,U+55C3
0833,嗅,U+55C5
0834,嗎,U+55CE
0835,嗇,U+55C7
0836,嗑,U+55D1
0837,嗓,U+55D3
0838,嗔,U+55D4
0839,嗚,U+55DA
0840,嗛,U+55DB
0841,嗜,U+55DC
0842,嗟,U+55DF
0843,嗣,U+55E3
0844,嗤,U+55E4
0845,喔,U+5594
0846,喟,U+559F
0847,喤,U+55A4
0848,喫,U+55AB
0849,喭,U+55AD
0850,嗆,U+55C6
0851,嗉,U+55C9
0852,嗒,U+55D2
0853,嗿,U+55FF
0854,嘅,U+5605
0855,嘆,U+5606
0856,嘈,U+5608
0857,嘉,U+5609
0858,嘏,U+560F
0859,嘐,U+5610
0860,嘑,U+5611
0861,嘒,U+5612
0862,嘖,U+5616
0863,嘗,U+5617
0864,噓,U+5653
0865,嗹,U+55F9
0866,嘂,U+5602
0867,嘎,U+560E
0868,嘔,U+5614
0869,嗷,U+55F7
0870,嗽,U+55FD
0871,嗾,U+55FE
0872,嘬,U+562C
0873,嘩,U+5629
0874,嗶,U+55F6
0875,嘰,U+5630
0876,嘯,U+562F
0877,嘲,U+5632
0878,嘴,U+5634
0879,嘵,U+5635
0880,嘶,U+5636
0881,嘷,U+5637
0882,嘹,U+5639
0883,嘻,U+563B
0884,嘿,U+563F
0885,噉,U+5649
0886,噌,U+564C
0887,噍,U+564D
0888,噎,U+564E
0889,噢,U+5662
0890,噏,U+564F
0891,噤,U+5664
0892,器,U+5668
0893,噩,U+5669
0894,噪,U+566A
0895,噫,U+566B
0896,噬,U+566C
0897,噯,U+566F
0898,噲,U+5672
0899,噴,U+5674
0900,噶,U+5676
0901,噥,U+5665
0902,噦,U+5666
0903,噸,U+5678
0904,噱,U+5671
0905,嚀,U+5680
0906,嚅,U+5685
0907,嚇,U+5687
0908,嚏,U+568F
0909,嚙,U+5699
0910,嚚,U+569A
0911,嚲,U+56B2
0912,囅,U+56C5
0913,嚥,U+56A5
0914,嚬,U+56AC
0915,嚮,U+56AE
0916,嚳,U+56B3
0917,嚴,U+56B4
0918,嚨,U+56A8
0919,嚶,U+56B6
0920,嚼,U+56BC
0921,囀,U+56C0
0922,囁,U+56C1
0923,囂,U+56C2
0924,嚷,U+56B7
0925,囉,U+56C9
0926,囊,U+56CA
0927,囈,U+56C8
0928,囑,U+56D1
0929,囓,U+56D3
0930,叻,U+53FB
0931,囗,U+56D7
0932,回,U+56DE
0933,囚,U+56DA
0934,四,U+56DB
0935,囪,U+56EA
0936,因,U+56E0
0937,囤,U+56E4
0938,困,U+56F0
0939,囫,U+56EB
0940,囷,U+56F7
0941,囹,U+56F9
0942,固,U+56FA
0943,囿,U+56FF
0944,圃,U+5703
0945,圄,U+5704
0946,圈,U+5708
0947,圉,U+5709
0948,國,U+570B
0949,圅,U+5705
0950,圇,U+5707
0951,圂,U+5702
0952,囮,U+56EE
0953,圍,U+570D
0954,園,U+5712
0955,圓,U+5713
0956,圖,U+5716
0957,團,U+5718
0958,圜,U+571C
0959,圕,U+5715
0960,土,U+571F
0961,在,U+5728
0962,圩,U+5729
0963,圬,U+572C
0964,圭,U+572D
0965,圮,U+572E
0966,地,U+5730
0967,圻,U+573B
0968,址,U+5740
0969,坻,U+577B
0970,坟,U+575F
0971,均,U+5747
0972,坊,U+574A
0973,坍,U+574D
0974,坎,U+574E
0975,坏,U+574F
0976,坐,U+5750
0977,坑,U+5751
0978,坂,U+5742
0979,坌,U+574C
0980,坡,U+5761
0981,坤,U+5764
0982,坦,U+5766
0983,坭,U+576D
0984,坵,U+5775
0985,坷,U+5777
0986,坼,U+577C
0987,垂,U+5782
0988,坪,U+576A
0989,坫,U+576B
0990,坰,U+5770
0991,坳,U+5773
0992,型,U+578B
0993,垓,U+5793
0994,垝,U+579D
0995,垠,U+57A0
0996,垢,U+57A2
0997,垣,U+57A3
0998,垞,U+579E
0999,垤,U+57A4
1000,垛,U+579B
1001,垚,U+579A
1002,埃,U+57C3
1003,埋,U+57CB
1004,城,U+57CE
1005,埒,U+57D2
1006,埂,U+57C2
1007,埏,U+57CF
1008,域,U+57DF
1009,埠,U+57E0
1010,埦,U+57E6
1011,埭,U+57ED
1012,埶,U+57F6
1013,執,U+57F7
1014,培,U+57F9
1015,基,U+57FA
1016,堂,U+5802
1017,堅,U+5805
1018,堆,U+5806
1019,堊,U+580A
1020,埤,U+57E4
1021,埴,U+57F4
1022,埵,U+57F5
1023,埸,U+57F8
1024,堃,U+5803
1025,堙,U+5819
1026,堞,U+581E
1027,堡,U+5821
1028,堠,U+5820
1029,堤,U+5824
1030,堪,U+582A
1031,堯,U+582F
1032,報,U+5831
1033,堲,U+5832
1034,場,U+5834
1035,堵,U+5835
1036,堧,U+5827
1037,堰,U+5830
1038,堦,U+5826
1039,塍,U+584D
1040,塊,U+584A
1041,塋,U+584B
1042,塌,U+584C
1043,塑,U+5851
1044,塔,U+5854
1045,墓,U+5893
1046,塚,U+585A
1047,塗,U+5857
1048,塘,U+5858
1049,塞,U+585E
1050,填,U+586B
1051,塢,U+5862
1052,塏,U+584F
1053,塤,U+5864
1054,塒,U+5852
1055,塎,U+584E
1056,塓,U+5853
1057 7775,塵,U+5875
1058,塹,U+5879
1059,塼,U+587C
1060,塾,U+587E
1061,塿,U+587F
1062,墀,U+5880
1063,墁,U+5881
1064,境,U+5883
1065,墅,U+5885
1066,墉,U+5889
1067,墊,U+588A
1068,墄,U+5884
1069,墍,U+588D
1070,墐,U+5890
1071,墜,U+589C
1072,墝,U+589D
1073,增,U+589E
1074,墟,U+589F
1075,墨,U+58A8
1076,墩,U+58A9
1077,墮,U+58AE
1078,墺,U+58BA
1079,墳,U+58B3
1080,墠,U+58A0
1081,墫,U+58AB
1082,墦,U+58A6
1083,墾,U+58BE
1084,壁,U+58C1
1085,壅,U+58C5
1086,壇,U+58C7
1087,壈,U+58C8
1088,壎,U+58CE
1089,壑,U+58D1
1090,壓,U+58D3
1091,壕,U+58D5
1092,壖,U+58D6
1093,壘,U+58D8
1094,壙,U+58D9
1095,壞,U+58DE
1096,壟,U+58DF
1097,壚,U+58DA
1098,壜,U+58DC
1099,壤,U+58E4
1100,壩,U+58E9
1101,圳,U+5733
1102,士,U+58EB
1103,壬,U+58EC
1104,壯,U+58EF
1105,壹,U+58F9
1106,壺,U+58FA
1107,壻,U+58FB
1108,壽,U+58FD
1109,壼,U+58FC
1111,夂,U+5902
1112,夆,U+5906
1114,夊,U+590A
1115,夏,U+590F
1117,夔,U+5914
1119,夕,U+5915
1120,外,U+5916
1121,夙,U+5919
1122,多,U+591A
1123,夜,U+591C
1124,夠,U+5920
1125,夢,U+5922
1126,夤,U+5924
1127,夥,U+5925
1129,大,U+5927
1130,夭,U+592D
1131,天,U+5929
1132,太,U+592A
1133,夫,U+592B
1134,夬,U+592C
1135,央,U+592E
1136,失,U+5931
1137,夯,U+592F
1138,夷,U+5937
1139,夸,U+5938
1140,夾,U+593E
1141,奄,U+5944
1142,奇,U+5947
1143,奈,U+5948
1144,奉,U+5949
1145,奎,U+594E
1146,奏,U+594F
1147,奐,U+5950
1148,契,U+5951
1149,奔,U+5954
1150,奕,U+5955
1151,奓,U+5953
1152,套,U+5957
1153,奚,U+595A
1155,奘,U+5958
1156,奠,U+5960
1157,奡,U+5961
1158,奢,U+5962
1159,奧,U+5967
1160,奩,U+5969
1161,奪,U+596A
1162,奬,U+596C
1163,奭,U+596D
1164,奮,U+596E
1165,奀,U+5940
1166,女,U+5973
1167,奴,U+5974
1168,奶,U+5976
1169,奸,U+5978
1170,好,U+597D
1171,妁,U+5981
1172,如,U+5982
1173,妃,U+5983
1174,妄,U+5984
1175,妊,U+598A
1176,妒,U+5992
1177,姸,U+59F8
1178,妓,U+5993
1179,妖,U+5996
1180,妗,U+5997
1181,妙,U+5999
1182,妝,U+599D
1183,妣,U+59A3
1184,妤,U+59A4
1185,妥,U+59A5
1186,妨,U+59A8
1187,妯,U+59AF
1188,妹,U+59B9
1189,妻,U+59BB
1190,妾,U+59BE
1191,姆,U+59C6
1192,姊,U+59CA
1193,始,U+59CB
1194,姍,U+59CD
1195,姐,U+59D0
1196,姑,U+59D1
1197,姒,U+59D2
1198,姓,U+59D3
1199,妲,U+59B2
1200,妮,U+59AE
1201,委,U+59D4
1202,姚,U+59DA
1203,姜,U+59DC
1204,姝,U+59DD
1205,姞,U+59DE
1206,姙,U+59D9
1207,姣,U+59E3
1208,姤,U+59E4
1209,姥,U+59E5
1210,姨,U+59E8
1211,姦,U+59E6
1212,姪,U+59EA
1213,姬,U+59EC
1214,姅,U+59C5
1215,姻,U+59FB
1216,娃,U+5A03
1217,姿,U+59FF
1218,威,U+5A01
1219,娉,U+5A09
1220,姮,U+59EE
1221,姱,U+59F1
1222,娌,U+5A0C
1223,娑,U+5A11
1224,娘,U+5A18
1225,娛,U+5A1B
1226,娜,U+5A1C
1227,娟,U+5A1F
1228,娠,U+5A20
1229,娣,U+5A23
1230,娥,U+5A25
1231,娩,U+5A29
1232,娓,U+5A13
1233,娼,U+5A3C
1234,姹,U+59F9
1235,娶,U+5A36
1236,婁,U+5A41
1237,婆,U+5A46
1238,婉,U+5A49
1239,婊,U+5A4A
1240,婕,U+5A55
1241,婚,U+5A5A
1242,婢,U+5A62
1243,婣,U+5A63
1244,婦,U+5A66
1245,婪,U+5A6A
1246,婭,U+5A6D
1247,娵,U+5A35
1248,婐,U+5A50
1249,婞,U+5A5E
1250,婷,U+5A77
1251,婺,U+5A7A
1252,媒,U+5A92
1253,媚,U+5A9A
1254,媛,U+5A9B
1255,媟,U+5A9F
1256,媢,U+5AA2
1257,媧,U+5AA7
1258,媊,U+5A8A
1259,媕,U+5A95
1260,媖,U+5A96
1261,媳,U+5AB3
1262,媵,U+5AB5
1263,媸,U+5AB8
1264,媼,U+5ABC
1265,媽,U+5ABD
1266,媾,U+5ABE
1267,媿,U+5ABF
1268,嫁,U+5AC1
1269,嫂,U+5AC2
1270,嫄,U+5AC4
1271,嫉,U+5AC9
1272,嫋,U+5ACB
1273,嫌,U+5ACC
1274,媲,U+5AB2
1275,媺,U+5ABA
1276,嫖,U+5AD6
1277,嫗,U+5AD7
1278,嫠,U+5AE0
1279,嫡,U+5AE1
1280,嫣,U+5AE3
1281,嫦,U+5AE6
1282,嫩,U+5AE9
1283,嫪,U+5AEA
1284,嫘,U+5AD8
1285,嫚,U+5ADA
1286,嫜,U+5ADC
1287,嫫,U+5AEB
1288,嫺,U+5AFA
1289,媯,U+5AAF
1290,嬈,U+5B08
1291,嬉,U+5B09
1292,嬋,U+5B0B
1293,嬌,U+5B0C
1294,嬃,U+5B03
1295,嬖,U+5B16
1296,嬗,U+5B17
1297,嬙,U+5B19
1298,嬛,U+5B1B
1299,嬴,U+5B34
1300,嬪,U+5B2A
1301,嬷,U+5B37
1302,嬭,U+5B2D
1303,嬲,U+5B32
1304,嬾,U+5B3E
1305,嬰,U+5B30
1306,嬸,U+5B38
1307,孀,U+5B40
1308,孅,U+5B45
1309,孌,U+5B4C
1310,妞,U+599E
1311,子,U+5B50
1312,孑,U+5B51
1313,孔,U+5B54
1314,孕,U+5B55
1315,孖,U+5B56
1316,字,U+5B57
1317,存,U+5B58
1318,孚,U+5B5A
1319,孛,U+5B5B
1320,孜,U+5B5C
1321,孝,U+5B5D
1322,孟,U+5B5F
1323,季,U+5B63
1324,孤,U+5B64
1325,孥,U+5B65
1326,孩,U+5B69
1327,孫,U+5B6B
1328,孰,U+5B70
1329,孱,U+5B71
1330,孳,U+5B73
1331,學,U+5B78
1332,孺,U+5B7A
1333,孼,U+5B7C
1334,孿,U+5B7F
1335,孵,U+5B75
1336,宀,U+5B80
1337,宁,U+5B81
1338,它,U+5B83
1339,宄,U+5B84
1341,宅,U+5B85
1342,宇,U+5B87
1343,守,U+5B88
1344,安,U+5B89
1345,宋,U+5B8B
1346,完,U+5B8C
1347,宏,U+5B8F
1348,宓,U+5B93
1349,宕,U+5B95
1350,宗,U+5B97
1351,官,U+5B98
1352,宙,U+5B99
1353,定,U+5B9A
1354,宛,U+5B9B
1355,宜,U+5B9C
1356,客,U+5BA2
1357,宣,U+5BA3
1358,室,U+5BA4
1359,宥,U+5BA5
1360,宦,U+5BA6
1361,宬,U+5BAC
1362,宮,U+5BAE
1363,宰,U+5BB0
1364,害,U+5BB3
1365,宴,U+5BB4
1366,宵,U+5BB5
1367,家,U+5BB6
1368,宸,U+5BB8
1369,容,U+5BB9
1370,梥,U+68A5
1371,寀,U+5BC0
1372,宿,U+5BBF
1373,寁,U+5BC1
1374,寂,U+5BC2
1375,寃,U+5BC3
1376,寄,U+5BC4
1377,寅,U+5BC5
1378,密,U+5BC6
1379,寇,U+5BC7
1380,寧,U+5BE7
1381,富,U+5BCC
1382,寐,U+5BD0
1383,寒,U+5BD2
1384,寓,U+5BD3
1385,寔,U+5BD4
1386,寖,U+5BD6
1387,寘,U+5BD8
1388,寎,U+5BCE
1389,寞,U+5BDE
1390,察,U+5BDF
1391,寡,U+5BE1
1392,寢,U+5BE2
1393,寤,U+5BE4
1394,寥,U+5BE5
1395,實,U+5BE6
1396,寨,U+5BE8
1397,寠,U+5BE0
1398,寙,U+5BD9
1399,審,U+5BE9
1400,寫,U+5BEB
1401,寬,U+5BEC
1402,寮,U+5BEE
1403,寰,U+5BF0
1404,寵,U+5BF5
1405,寶,U+5BF6
1406,宧,U+5BA7
1407,寸,U+5BF8
1408,寺,U+5BFA
1409,封,U+5C01
1410,射,U+5C04
1412,將,U+5C07
1413,專,U+5C08
1414,尉,U+5C09
1415,尊,U+5C0A
1416,尋,U+5C0B
1417,對,U+5C0D
1418,導,U+5C0E
1420,小,U+5C0F
1421,少,U+5C11
1422,尔,U+5C14
1423,尖,U+5C16
1424,尚,U+5C1A
1425,尠,U+5C20
1426,尟,U+5C1F
1427,尕,U+5C15
1428,尢,U+5C22
1429,尤,U+5C24
1430,尨,U+5C28
1431,尪,U+5C2A
1432,就,U+5C31
1433,尰,U+5C30
1434,尲,U+5C32
1435,尬,U+5C2C
1437,尸,U+5C38
1438,尹,U+5C39
1439,尺,U+5C3A
1440,尻,U+5C3B
1441,尼,U+5C3C
1442,尾,U+5C3E
1443,尿,U+5C3F
1444,局,U+5C40
1445,屁,U+5C41
1446,居,U+5C45
1447,屆,U+5C46
1448,屈,U+5C48
1449,屉,U+5C49
1450,屋,U+5C4B
1451,屍,U+5C4D
1452,屎,U+5C4E
1453,屐,U+5C50
1454,屑,U+5C51
1455,展,U+5C55
1456,屛,U+5C5B
1457,屝,U+5C5D
1458,屠,U+5C60
1459,屢,U+5C62
1460,屣,U+5C63
1461,層,U+5C64
1462,履,U+5C65
1463,屧,U+5C67
1464,屨,U+5C68
1465,屩,U+5C69
1466,屬,U+5C6C
1467,屭,U+5C6D
1469,屮,U+5C6E
1470,屯,U+5C6F
1471,岳,U+5CB3
1472,山,U+5C71
1473,屹,U+5C79
1474,屺,U+5C7A
1475,屼,U+5C7C
1476,岌,U+5C8C
1477,岐,U+5C90
1478,岑,U+5C91
1479,岔,U+5C94
1480,岅,U+5C85
1481,岡,U+5CA1
1482,岢,U+5CA2
1483,岨,U+5CA8
1484,岩,U+5CA9
1485,岫,U+5CAB
1486,岱,U+5CB1
1487,岵,U+5CB5
1488,岷,U+5CB7
1489,岸,U+5CB8
1490,岣,U+5CA3
1491,峒,U+5CD2
1492,峙,U+5CD9
1493,峋,U+5CCB
1494,峨,U+5CE8
1495,峭,U+5CED
1496,峯,U+5CEF
1497,島,U+5CF6
1498,峻,U+5CFB
1499,峽,U+5CFD
1500,峓,U+5CD3
1501,峴,U+5CF4
1502,峹,U+5CF9
1503,峢,U+5CE2
1504,崇,U+5D07
1505,崎,U+5D0E
1506,崐,U+5D10
1507,崑,U+5D11
1508,崔,U+5D14
1509,崖,U+5D16
1510,崙,U+5D19
1511,崗,U+5D17
1512,崛,U+5D1B
1513,崢,U+5D22
1514,崩,U+5D29
1515,崚,U+5D1A
1516,崧,U+5D27
1517,崦,U+5D26
1518,嵇,U+5D47
1519,崿,U+5D3F
1520,嵋,U+5D4B
1521,嵫,U+5D6B
1522,嵊,U+5D4A
1523,嵌,U+5D4C
1524,崶,U+5D36
1525,嵎,U+5D4E
1526,嵐,U+5D50
1527,嵒,U+5D52
1528,崱,U+5D31
1529,嵩,U+5D69
1530,嶁,U+5D81
1531,嵬,U+5D6C
1532,嵯,U+5D6F
1533,嵾,U+5D7E
1534,嶂,U+5D82
1535,嶄,U+5D84
1536,嶇,U+5D87
1537,嶒,U+5D92
1538,嶔,U+5D94
1539,嶸,U+5DB8
1540,嶠,U+5DA0
1541,嶞,U+5D9E
1542,嶧,U+5DA7
1543,嶙,U+5D99
1544,嶷,U+5DB7
1545,嶺,U+5DBA
1546,嶼,U+5DBC
1547,嶽,U+5DBD
1548,巉,U+5DC9
1549,巋,U+5DCB
1550,巍,U+5DCD
1551,巒,U+5DD2
1552,巘,U+5DD8
1553,巔,U+5DD4
1554,巖,U+5DD6
1555,嶗,U+5D97
1556,巛,U+5DDB
1557,川,U+5DDD
1558,州,U+5DDE
1559,巡,U+5DE1
1560,巢,U+5DE2
1562,工,U+5DE5
1563,左,U+5DE6
1564,巧,U+5DE7
1565,巨,U+5DE8
1566,巫,U+5DEB
1567,差,U+5DEE
1569,己,U+5DF1
1570,巳,U+5DF3
1571,已,U+5DF2
1572,巴,U+5DF4
1573,巵,U+5DF5
1574,巷,U+5DF7
1575,巽,U+5DFD
1577,巾,U+5DFE
1578,帀,U+5E00
1579,市,U+5E02
1580,布,U+5E03
1581,帆,U+5E06
1582,帋,U+5E0B
1583,帑,U+5E11
1584,帕,U+5E15
1585,希,U+5E0C
1586,帖,U+5E16
1587,帗,U+5E17
1588,帘,U+5E18
1589,帙,U+5E19
1590,帚,U+5E1A
1591,帛,U+5E1B
1592,帔,U+5E14
1593,帝,U+5E1D
1594,帡,U+5E21
1595,帟,U+5E1F
1596,帥,U+5E25
1597,師,U+5E2B
1598,席,U+5E2D
1599,帨,U+5E28
1600,帳,U+5E33
1601,帶,U+5E36
1602,帷,U+5E37
1603,常,U+5E38
1604,帽,U+5E3D
1605,幃,U+5E43
1606,幄,U+5E44
1607,幅,U+5E45
1608,幀,U+5E40
1609,幋,U+5E4B
1610,幌,U+5E4C
1611,幔,U+5E54
1612,幕,U+5E55
1613,幗,U+5E57
1614,幘,U+5E58
1615,幟,U+5E5F
1616,幡,U+5E61
1617,幢,U+5E62
1618,幣,U+5E63
1619,幪,U+5E6A
1620,幫,U+5E6B
1621,幬,U+5E6C
1622,幭,U+5E6D
1623,幯,U+5E6F
1624,幰,U+5E70
1625,幛,U+5E5B
1626,干,U+5E72
1627,平,U+5E73
1628,年,U+5E74
1629,幷,U+5E77
1630,幸,U+5E78
1631,幹,U+5E79
1633,幺,U+5E7A
1634,幻,U+5E7B
1635,幼,U+5E7C
1636,幽,U+5E7D
1637,幾,U+5E7E
1639,广,U+5E7F
1640,庀,U+5E80
1641,庄,U+5E84
1642,庇,U+5E87
1643,床,U+5E8A
1644,庋,U+5E8B
1645,序,U+5E8F
1646,底,U+5E95
1647,庖,U+5E96
1648,店,U+5E97
1649,庚,U+5E9A
1650,府,U+5E9C
1651,庠,U+5EA0
1652,庥,U+5EA5
1653,度,U+5EA6
1654,座,U+5EA7
1655,庫,U+5EAB
1656,庭,U+5EAD
1657,庳,U+5EB3
1658,庵,U+5EB5
1659,庶,U+5EB6
1660,康,U+5EB7
1661,庸,U+5EB8
1662,庾,U+5EBE
1663,庬,U+5EAC
1664,庴,U+5EB4
1665,廁,U+5EC1
1666,廂,U+5EC2
1667,廌,U+5ECC
1668,廑,U+5ED1
1669,廈,U+5EC8
1670,廉,U+5EC9
1671,廊,U+5ECA
1672,廋,U+5ECB
1673,廏,U+5ECF
1674,廓,U+5ED3
1675,廖,U+5ED6
1676,廚,U+5EDA
1677,廕,U+5ED5
1678,廝,U+5EDD
1679,廛,U+5EDB
1680,廟,U+5EDF
1681,廠,U+5EE0
1682,廡,U+5EE1
1683,廢,U+5EE2
1684,廣,U+5EE3
1685,廨,U+5EE8
1686,廩,U+5EE9
1687,廬,U+5EEC
1688,廱,U+5EF1
1689,廳,U+5EF3
1690,龐,U+9F90
1692,廴,U+5EF4
1693,延,U+5EF6
1694,廷,U+5EF7
1695,廹,U+5EF9
1696,建,U+5EFA
1697,廻,U+5EFB
1698,廼,U+5EFC
1699,廾,U+5EFE
1700,廿,U+5EFF
1701,弁,U+5F01
1702,弄,U+5F04
1703,弇,U+5F07
1704,弈,U+5F08
1705,弊,U+5F0A
1707,弋,U+5F0B
1708,弍,U+5F0D
1709,式,U+5F0F
1710,弑,U+5F11
1712,弓,U+5F13
1713,弔,U+5F14
1714,引,U+5F15
1715,弗,U+5F17
1716,弛,U+5F1B
1717,弟,U+5F1F
1718,弢,U+5F22
1719,弣,U+5F23
1720,弦,U+5F26
1721,弧,U+5F27
1722,弩,U+5F29
1723,弤,U+5F24
1724,弨,U+5F28
1725,弭,U+5F2D
1726,弱,U+5F31
1727,弰,U+5F30
1728,張,U+5F35
1729,彄,U+5F44
1730,強,U+5F37
1731,弸,U+5F38
1732,弼,U+5F3C
1733,彀,U+5F40
1734,彈,U+5F48
1735,彊,U+5F4A
1736,彌,U+5F4C
1737,彎,U+5F4E
1738,弘,U+5F18
1739,彐,U+5F50
1740,彖,U+5F56
1741,彗,U+5F57
1742,彘,U+5F58
1743,彙,U+5F59
1744,彝,U+5F5D
1745,彠,U+5F60
1747,彡,U+5F61
1748,形,U+5F62
1749,彤,U+5F64
1750,彥,U+5F65
1751,彧,U+5F67
1752,彩,U+5F69
1753,彪,U+5F6A
1754,彫,U+5F6B
1755,彬,U+5F6C
1756,彭,U+5F6D
1757,彰,U+5F70
1758,影,U+5F71
1759,彲,U+5F72
1761,彳,U+5F73
1762,彷,U+5F77
1763,役,U+5F79
1764,彼,U+5F7C
1765,彿,U+5F7F
1766,往,U+5F80
1767,征,U+5F81
1768,徂,U+5F82
1769,待,U+5F85
1770,徇,U+5F87
1771,很,U+5F88
1772,徉,U+5F89
1773,徊,U+5F8A
1774,律,U+5F8B
1775,後,U+5F8C
1776,徐,U+5F90
1777,徑,U+5F91
1778,徒,U+5F92
1779,得,U+5F97
1780,徘,U+5F98
1781,徙,U+5F99
1782,徜,U+5F9C
1783,從,U+5F9E
1784,徠,U+5FA0
1785,御,U+5FA1
1786,徧,U+5FA7
1787,徨,U+5FA8
1788,復,U+5FA9
1789,循,U+5FAA
1790,徬,U+5FAC
1791,徭,U+5FAD
1792,微,U+5FAE
1793,徯,U+5FAF
1794,徵,U+5FB5
1795,德,U+5FB7
1796,徹,U+5FB9
1797,徼,U+5FBC
1798,徽,U+5FBD
1800,心,U+5FC3
1801,必,U+5FC5
1802,忉,U+5FC9
1803,忌,U+5FCC
1804,忍,U+5FCD
1805,忒,U+5FD2
1806,忖,U+5FD6
1807,志,U+5FD7
1808,忘,U+5FD8
1809,忐,U+5FD0
1810,忑,U+5FD1
1811,忙,U+5FD9
1812,忝,U+5FDD
1813,忠,U+5FE0
1814,忡,U+5FE1
1815,忪,U+5FEA
1816,快,U+5FEB
1817,忭,U+5FED
1818,忮,U+5FEE
1819,念,U+5FF5
1820,忱,U+5FF1
1821,忸,U+5FF8
1822,忤,U+5FE4
1823,忻,U+5FFB
1824,忽,U+5FFD
1825,忿,U+5FFF
1826,怍,U+600D
1827,怎,U+600E
1828,怏,U+600F
1829,怒,U+6012
1830,怕,U+6015
1831,怖,U+6016
1832,怗,U+6017
1833,怙,U+6019
1834,怛,U+601B
1835,思,U+601D
1836,怠,U+6020
1837,怡,U+6021
1838,急,U+6025
1839,怦,U+6026
1840,性,U+6027
1841,怨,U+6028
1842,怩,U+6029
1843,怪,U+602A
1844,怫,U+602B
1845,怯,U+602F
1846,怱,U+6031
1847,怵,U+6035
1848,怈,U+6008
1849,怳,U+6033
1850,怔,U+6014
1851,恁,U+6041
1852,恂,U+6042
1853,恃,U+6043
1854,恆,U+6046
1855,恇,U+6047
1856,恌,U+604C
1857,恍,U+604D
1858,恐,U+6050
1859,恕,U+6055
1860,恙,U+6059
1861,恚,U+605A
1862,恝,U+605D
1863,恢,U+6062
1864,恣,U+6063
1865,恤,U+6064
1866,恥,U+6065
1867,恧,U+6067
1868,恨,U+6068
1869,恩,U+6069
1870,恪,U+606A
1871,恫,U+606B
1872,恭,U+606D
1873,息,U+606F
1874,恰,U+6070
1875,悃,U+6083
1876,恉,U+6049
1877,悄,U+6084
1878,悦,U+60A6
1879,悌,U+608C
1880,悍,U+608D
1881,悒,U+6092
1882,悔,U+6094
1883,悖,U+6096
1884,悚,U+609A
1885,悉,U+6089
1886,悛,U+609B
1887,悝,U+609D
1888,悞,U+609E
1889,悟,U+609F
1890,悠,U+60A0
1891,患,U+60A3
1892,悤,U+60A4
1893,悁,U+6081
1894,悱,U+60B1
1895,惪,U+60EA
1896,悲,U+60B2
1897,悴,U+60B4
1898,悵,U+60B5
1899,悶,U+60B6
1900,悸,U+60B8
1901,悻,U+60BB
1902,悼,U+60BC
1903,悽,U+60BD
1904,悾,U+60BE
1905,惄,U+60C4
1906,情,U+60C5
1907,惆,U+60C6
1908,惇,U+60C7
1909,惎,U+60CE
1910,惑,U+60D1
1911,惓,U+60D3
1912,惕,U+60D5
1913,惘,U+60D8
1914,惙,U+60D9
1915,惚,U+60DA
1916,惛,U+60DB
1917,惜,U+60DC
1918,惝,U+60DD
1919,惟,U+60DF
1920,惠,U+60E0
1921,惡,U+60E1
1922,悰,U+60B0
1923,惋,U+60CB
1924,惰,U+60F0
1925,惱,U+60F1
1926,惲,U+60F2
1927,想,U+60F3
1928,惴,U+60F4
1929,惶,U+60F6
1930,惸,U+60F8
1931,惹,U+60F9
1932,惺,U+60FA
1933,惻,U+60FB
1934,愀,U+6100
1935,愁,U+6101
1936,愆,U+6106
1937,愈,U+6108
1938,愉,U+6109
1939,愊,U+610A
1940,愍,U+610D
1941,愎,U+610E
1942,意,U+610F
1943,愒,U+6112
1944,愔,U+6114
1945,愕,U+6115
1946,愚,U+611A
1947,愛,U+611B
1948,愜,U+611C
1949,感,U+611F
1950,愠,U+6120
1951,愧,U+6127
1952,慤,U+6164
1953,愫,U+612B
1954,愬,U+612C
1955,愴,U+6134
1956,愷,U+6137
1957,慎,U+614E
1958,愾,U+613E
1959,愿,U+613F
1960,慂,U+6142
1961,慄,U+6144
1962,慆,U+6146
1963,慇,U+6147
1964,慈,U+6148
1965,慊,U+614A
1966,態,U+614B
1967,慌,U+614C
1968,慁,U+6141
1969,慓,U+6153
1970,慕,U+6155
1971,慘,U+6158
1972,慙,U+6159
1973,慝,U+615D
1974,慚,U+615A
1975,慟,U+615F
1976,慢,U+6162
1977,慣,U+6163
1978,慩,U+6169
1979,慧,U+6167
1980,慨,U+6168
1981,慫,U+616B
1982,慮,U+616E
1983,慰,U+6170
1984,慳,U+6173
1985,慴,U+6174
1986,慵,U+6175
1987,慶,U+6176
1988,慷,U+6177
1989,慼,U+617C
1990,慾,U+617E
1991,憁,U+6181
1992,憂,U+6182
1993,慥,U+6165
1994,憊,U+618A
1995,憐,U+6190
1996,憑,U+6191
1997,憔,U+6194
1998,憚,U+619A
1999,憎,U+618E
2000,憝,U+619D
2001,憤,U+61A4
2002,憧,U+61A7
2003,憨,U+61A8
2004,憩,U+61A9
2005,憬,U+61AC
2006,憫,U+61AB
2007,憮,U+61AE
2008,憯,U+61AF
2009,憲,U+61B2
2010,憍,U+618D
2011,憶,U+61B6
2012,憸,U+61B8
2013,憾,U+61BE
2014,懃,U+61C3
2015,懆,U+61C6
2016,懂,U+61C2
2017,懇,U+61C7
2018,懈,U+61C8
2019,應,U+61C9
2020,懊,U+61CA
2021,懋,U+61CB
2022,懌,U+61CC
2023,懍,U+61CD
2024,懓,U+61D3
2025,憒,U+6192
2026,憗,U+6197
2027,憦,U+61A6
2028,憏,U+618F
2029,懟,U+61DF
2030,懣,U+61E3
2031,懥,U+61E5
2032,懦,U+61E6
2033,懲,U+61F2
2034,懿,U+61FF
2035,懵,U+61F5
2036,懶,U+61F6
2037,懷,U+61F7
2038,懸,U+61F8
2039,懺,U+61FA
2040,懼,U+61FC
2041,懽,U+61FD
2042,懾,U+61FE
2043,戀,U+6200
2044,戁,U+6201
2045,戇,U+6207
2046,慜,U+615C
2047,戈,U+6208
2048,戊,U+620A
2049,戌,U+620C
2050,戍,U+620D
2051,戎,U+620E
2052,成,U+6210
2053,我,U+6211
2054,戒,U+6212
2055,戔,U+6214
2056,戕,U+6215
2057,或,U+6216
2058,戚,U+621A
2059,戛,U+621B
2060,戟,U+621F
2061,戢,U+6222
2062,戥,U+6225
2063,戡,U+6221
2064,戣,U+6223
2065,戩,U+6229
2066,截,U+622A
2067,戳,U+6233
2068,戮,U+622E
2069,戰,U+6230
2070,戲,U+6232
2071,戴,U+6234
2072,戤,U+6224
2073,戸,U+6238
2074,戾,U+623E
2075,房,U+623F
2076,所,U+6240
2077,戽,U+623D
2078,扁,U+6241
2079,扃,U+6243
2080,扅,U+6245
2081,扆,U+6246
2082,扇,U+6247
2083,扈,U+6248
2084,扉,U+6249
2085,扊,U+624A
2087,手,U+624B
2088,才,U+624D
2089,扎,U+624E
2090,扑,U+6251
2091,扒,U+6252
2092,打,U+6253
2093,扐,U+6250
2094,托,U+6258
2095,扛,U+625B
2096,扠,U+6260
2097,扢,U+6262
2098,扦,U+6266
2099,扣,U+6263
2100,扭,U+626D
2101,扮,U+626E
2102,扯,U+626F
2103,扱,U+6271
2104,扳,U+6273
2105,扶,U+6276
2106,批,U+6279
2107,抵,U+62B5
2108,扼,U+627C
2109,找,U+627E
2110,承,U+627F
2111,技,U+6280
2112,抃,U+6283
2113,抄,U+6284
2114,抆,U+6286
2115,抉,U+6289
2116,把,U+628A
2117,抑,U+6291
2118,抒,U+6292
2119,抓,U+6293
2120,抔,U+6294
2121,投,U+6295
2122,抖,U+6296
2123,抗,U+6297
2124,折,U+6298
2125,抨,U+62A8
2126,披,U+62AB
2127,抬,U+62AC
2128,抱,U+62B1
2129,抶,U+62B6
2130,抹,U+62B9
2131,押,U+62BC
2132,抽,U+62BD
2133,拂,U+62C2
2134,拄,U+62C4
2135,拆,U+62C6
2136,拇,U+62C7
2137,担,U+62C5
2138,拈,U+62C8
2139,拉,U+62C9
2140,拊,U+62CA
2141,拋,U+62CB
2142,拌,U+62CC
2143,拍,U+62CD
2144,拏,U+62CF
2145,拐,U+62D0
2146,拑,U+62D1
2147,拒,U+62D2
2148,拓,U+62D3
2149,拔,U+62D4
2150,拕,U+62D5
2151,拖,U+62D6
2152,拗,U+62D7
2153,拘,U+62D8
2154,拙,U+62D9
2155,拚,U+62DA
2156,招,U+62DB
2157,拜,U+62DC
2158,扤,U+6264
2159,拮,U+62EE
2160,拭,U+62ED
2161,括,U+62EC
2162,拱,U+62F1
2163,拯,U+62EF
2164,拳,U+62F3
2165,拴,U+62F4
2166,拷,U+62F7
2167,拽,U+62FD
2168,拾,U+62FE
2169,拿,U+62FF
2170,持,U+6301
2171,挂,U+6302
2172,指,U+6307
2173,挈,U+6308
2174,按,U+6309
2175,挍,U+630D
2176,挑,U+6311
2177,挖,U+6316
2178,拼,U+62FC
2179,挨,U+6328
2180,挪,U+632A
2181,挫,U+632B
2182,振,U+632F
2183,挶,U+6336
2184,挹,U+6339
2185,挺,U+633A
2186,挼,U+633C
2187,挽,U+633D
2188,挾,U+633E
2189,捄,U+6344
2190,捆,U+6346
2191,捉,U+6349
2192,捋,U+634B
2193,捌,U+634C
2194,捍,U+634D
2195,捚,U+635A
2196,捐,U+6350
2197,捓,U+6353
2198,捕,U+6355
2199,挲,U+6332
2200,捎,U+634E
2201,捧,U+6367
2202,捨,U+6368
2203,捩,U+6369
2204,捫,U+636B
2205,捬,U+636C
2206,捭,U+636D
2207,据,U+636E
2208,捲,U+6372
2209,捱,U+6371
2210,拼,U+2F8BA
2211,捶,U+6376
2212,捷,U+6377
2213,搸,U+6438
2214,捻,U+637B
2215,捽,U+637D
2216,掀,U+6380
2217,掃,U+6383
2218,掇,U+6387
2219,授,U+6388
2220,掉,U+6389
2221,掊,U+638A
2222,掌,U+638C
2223,掏,U+638F
2224,掎,U+638E
2225,掐,U+6390
2226,排,U+6392
2227,掖,U+6396
2228,掘,U+6398
2229,掛,U+639B
2230,掠,U+63A0
2231,採,U+63A1
2232,探,U+63A2
2233,掣,U+63A3
2234,接,U+63A5
2235,控,U+63A7
2236,推,U+63A8
2237,掩,U+63A9
2238,措,U+63AA
2239,掬,U+63AC
2240,掯,U+63AF
2241,掄,U+6384
2242,掞,U+639E
2243,掔,U+6394
2244,掫,U+63AB
2245,揀,U+63C0
2246,揄,U+63C4
2247,揆,U+63C6
2248,揉,U+63C9
2249,描,U+63CF
2250,揸,U+63F8
2251,提,U+63D0
2252,揷,U+63F7
2253,揖,U+63D6
2254,揚,U+63DA
2255,換,U+63DB
2256,揜,U+63DC
2257,揠,U+63E0
2258,搽,U+643D
2259,握,U+63E1
2260,揣,U+63E3
2261,揩,U+63E9
2262,揪,U+63EA
2263,揭,U+63ED
2264,揮,U+63EE
2265,揲,U+63F2
2266,援,U+63F4
2267,掽,U+63BD
2268,掾,U+63BE
2269,揅,U+63C5
2270,揗,U+63D7
2271,揰,U+63F0
2272,揫,U+63EB
2273,搆,U+6406
2274,㩁,U+3A41
2275,損,U+640D
2276,搏,U+640F
2277,搒,U+6412
2278,搓,U+6413
2279,搔,U+6414
2280,摇,U+6447
2281,搗,U+6417
2282,搜,U+641C
2283,搠,U+6420
2284,搢,U+6422
2285,搥,U+6425
2286,搦,U+6426
2287,搨,U+6428
2288,搪,U+642A
2289,搬,U+642C
2290,搭,U+642D
2291,搴,U+6434
2292,搵,U+6435
2293,搶,U+6436
2294,搐,U+6410
2295,摏,U+644F
2296,搊,U+640A
2297,搘,U+6418
2298,摘,U+6458
2299,摟,U+645F
2300,摠,U+6460
2301,摧,U+6467
2302,摩,U+6469
2303,摭,U+646D
2304,摯,U+646F
2305,摳,U+6473
2306,摶,U+6476
2307,摸,U+6478
2308,摹,U+6479
2309,摺,U+647A
2310,摑,U+6451
2311,摒,U+6452
2312,摛,U+645B
2313,撅,U+6485
2314,摴,U+6474
2315,摽,U+647D
2316,撩,U+64A9
2317,撇,U+6487
2318,撈,U+6488
2319,撐,U+6490
2320,撒,U+6492
2321,撓,U+6493
2322,撕,U+6495
2323,撙,U+6499
2324,撚,U+649A
2325,撝,U+649D
2326,撞,U+649E
2327,撤,U+64A4
2328,撥,U+64A5
2329,撫,U+64AB
2330,播,U+64AD
2331,撮,U+64AE
2332,撰,U+64B0
2333,撲,U+64B2
2334,撬,U+64AC
2335,擫,U+64EB
2336,撱,U+64B1
2337,撻,U+64BB
2338,撼,U+64BC
2339,撾,U+64BE
2340,擁,U+64C1
2341,擂,U+64C2
2342,擄,U+64C4
2343,擅,U+64C5
2344,擇,U+64C7
2345,擊,U+64CA
2346,擋,U+64CB
2347,操,U+64CD
2348,擎,U+64CE
2349,擐,U+64D0
2350,擒,U+64D2
2351,擔,U+64D4
2352,擗,U+64D7
2353,擘,U+64D8
2354,據,U+64DA
2355,擷,U+64F7
2356,攙,U+6519
2357,擠,U+64E0
2358,擡,U+64E1
2359,擢,U+64E2
2360,擣,U+64E3
2361,擦,U+64E6
2362,擬,U+64EC
2363,擯,U+64EF
2364,擱,U+64F1
2365,擥,U+64E5
2366,擭,U+64ED
2367,擲,U+64F2
2368,擴,U+64F4
2369,擺,U+64FA
2370,擻,U+64FB
2371,擾,U+64FE
2372,攀,U+6500
2373,攄,U+6504
2374,攔,U+6514
2375,攖,U+6516
2376,攘,U+6518
2377,攜,U+651C
2378,攝,U+651D
2379,攟,U+651F
2380,攢,U+6522
2381,攣,U+6523
2382,攤,U+6524
2383,攪,U+652A
2384,攫,U+652B
2385,攬,U+652C
2386,攩,U+6529
2387,拃,U+62C3
2388,支,U+652F
2389,攲,U+6532
2391,攴,U+6534
2392,收,U+6536
2393,攷,U+6537
2394,攸,U+6538
2395,改,U+6539
2396,攻,U+653B
2397,放,U+653E
2398,政,U+653F
2399,故,U+6545
2400,效,U+6548
2401,敉,U+6549
2402,敘,U+6558
2403,教,U+6559
2404,敏,U+654F
2405,救,U+6551
2406,敕,U+6555
2407,敖,U+6556
2408,敗,U+6557
2409,敔,U+6554
2410,敂,U+6542
2411,敝,U+655D
2412,敞,U+655E
2413,敢,U+6562
2414,散,U+6563
2415,敦,U+6566
2416,𢿌,U+22FCC
2417,敬,U+656C
2418,敲,U+6572
2419,整,U+6574
2420,敵,U+6575
2421,敷,U+6577
2422,數,U+6578
2423,敺,U+657A
2424,斁,U+6581
2425,斂,U+6582
2426,斃,U+6583
2427,斅,U+6585
2428,敭,U+656D
2429,文,U+6587
2430,斌,U+658C
2431,斐,U+6590
2432,斑,U+6591
2433,斕,U+6595
2435,斗,U+6597
2436,料,U+6599
2437,斛,U+659B
2438,斜,U+659C
2439,斝,U+659D
2440,斟,U+659F
2441,斡,U+65A1
2442,斢,U+65A2
2443,斤,U+65A4
2444,斥,U+65A5
2445,斧,U+65A7
2446,斨,U+65A8
2447,斬,U+65AC
2448,斯,U+65AF
2449,斮,U+65AE
2450,新,U+65B0
2451,斷,U+65B7
2452,斲,U+65B2
2453,斸,U+65B8
2455,方,U+65B9
2456,於,U+65BC
2457,施,U+65BD
2458,斿,U+65BF
2459,旎,U+65CE
2460,旁,U+65C1
2461,旂,U+65C2
2462,旃,U+65C3
2463,旄,U+65C4
2464,旅,U+65C5
2465,旆,U+65C6
2466,旐,U+65D0
2467,旋,U+65CB
2468,旌,U+65CC
2469,族,U+65CF
2470,旖,U+65D6
2471,旒,U+65D2
2472,旜,U+65DC
2473,旛,U+65DB
2474,旟,U+65DF
2475,旝,U+65DD
2477,无,U+65E0
2478,旣,U+65E3
2479,旡,U+65E1
2480,日,U+65E5
2481,旦,U+65E6
2482,旨,U+65E8
2483,早,U+65E9
2484,旬,U+65EC
2485,旭,U+65ED
2486,旰,U+65F0
2487,旱,U+65F1
2488,旴,U+65F4
2489,旺,U+65FA
2490,昌,U+660C
2491,昂,U+6602
2492,昆,U+6606
2493,昃,U+6603
2494,明,U+660E
2495,昏,U+660F
2496,易,U+6613
2497,昔,U+6614
2498,昀,U+6600
2499,昉,U+6609
2500,昕,U+6615
2501,昝,U+661D
2502,星,U+661F
2503,映,U+6620
2504,春,U+6625
2505,昧,U+6627
2506,昨,U+6628
2507,昭,U+662D
2508,是,U+662F
2509,昱,U+6631
2510,昴,U+6634
2511,昵,U+6635
2512,昶,U+6636
2513,晁,U+6641
2514,時,U+6642
2515,晃,U+6643
2516,晉,U+6649
2517,晌,U+664C
2518,晏,U+664F
2519,晚,U+665A
2520,晛,U+665B
2521,晝,U+665D
2522,晞,U+665E
2523,晡,U+6661
2524,晤,U+6664
2525,晨,U+6668
2526,晦,U+6666
2527,晧,U+6667
2528,普,U+666E
2529,景,U+666F
2530,晰,U+6670
2531,晳,U+6673
2532,晴,U+6674
2533,晶,U+6676
2534,晷,U+6677
2535,智,U+667A
2536,晬,U+666C
2537,暄,U+6684
2538,暇,U+6687
2539,暍,U+668D
2540,暑,U+6691
2541,暖,U+6696
2542,暗,U+6697
2543,暘,U+6698
2544,暝,U+669D
2545,暢,U+66A2
2546,暈,U+6688
2547,暉,U+6689
2548,暫,U+66AB
2549,𣊓,U+23293
2550,暮,U+66AE
2551,暱,U+66B1
2552,暴,U+66B4
2553,暵,U+66B5
2554,暹,U+66B9
2555,曁,U+66C1
2556,曉,U+66C9
2557,暾,U+66BE
2558,曀,U+66C0
2559,曈,U+66C8
2560,曇,U+66C7
2561,曏,U+66CF
2562,曙,U+66D9
2563,曚,U+66DA
2564,曛,U+66DB
2565,曜,U+66DC
2566,曝,U+66DD
2567,曡,U+66E1
2568,曠,U+66E0
2569,曦,U+66E6
2570,曨,U+66E8
2571,曩,U+66E9
2572,曬,U+66EC
2573,昇,U+6607
2574,曰,U+66F0
2575,曲,U+66F2
2576,曳,U+66F3
2577,更,U+66F4
2578,曷,U+66F7
2579,書,U+66F8
2580,曹,U+66F9
2581,曼,U+66FC
2582,曾,U+66FE
2583,替,U+66FF
2584,最,U+6700
2585,會,U+6703
2586,朅,U+6705
2587,勗,U+52D7
2588,月,U+6708
2589,有,U+6709
2590,朋,U+670B
2591,服,U+670D
2592,朔,U+6714
2593,朐,U+6710
2594,朓,U+6713
2595,朏,U+670F
2596,朕,U+6715
2597,朗,U+6717
2598,望,U+671B
2599,朞,U+671E
2600,朝,U+671D
2601,期,U+671F
2602,朢,U+6722
2603,朦,U+6726
2604,朧,U+6727
2606,木,U+6728
2607,未,U+672A
2608,末,U+672B
2609,本,U+672C
2610,札,U+672D
2611,朮,U+672E
2612,朱,U+6731
2613,朴,U+6734
2614,朶,U+6736
2615,朽,U+673D
2616,杆,U+6746
2617,𭩚,U+2DA5A
2618,杇,U+6747
2619,杉,U+6749
2620,杌,U+674C
2621,李,U+674E
2622,杏,U+674F
2624,材,U+6750
2625,村,U+6751
2626,杓,U+6753
2627,杖,U+6756
2628,杕,U+6755
2629,杜,U+675C
2630,杞,U+675E
2631,束,U+675F
2632,杠,U+6760
2633,杗,U+6757
2634,杪,U+676A
2635,杭,U+676D
2636,柿,U+67FF
2637,杯,U+676F
2638,杰,U+6770
2639,東,U+6771
2640,杲,U+6772
2641,杳,U+6773
2642,杶,U+6776
2643,杵,U+6775
2644,杝,U+675D
2645,杼,U+677C
2646,松,U+677E
2647,板,U+677F
2648,枉,U+6789
2649,析,U+6790
2650,枕,U+6795
2651,林,U+6797
2652,枙,U+6799
2653,枚,U+679A
2654,果,U+679C
2655,枝,U+679D
2656,枤,U+67A4
2657,枇,U+6787
2658,枋,U+678B
2659,枌,U+678C
2660,枘,U+6798
2661,枯,U+67AF
2662,枲,U+67B2
2663,枳,U+67B3
2664,枵,U+67B5
2665,架,U+67B6
2666,枷,U+67B7
2667,枸,U+67B8
2668,柎,U+67CE
2669,枻,U+67BB
2670,柁,U+67C1
2671,柄,U+67C4
2672,柏,U+67CF
2673,某,U+67D0
2674,柑,U+67D1
2675,柒,U+67D2
2676,染,U+67D3
2677,柔,U+67D4
2678,柘,U+67D8
2679,柙,U+67D9
2680,柚,U+67DA
2681,柜,U+67DC
2682,柝,U+67DD
2683,柞,U+67DE
2684,柟,U+67DF
2685,柢,U+67E2
2686,查,U+67E5
2687,柬,U+67EC
2688,柯,U+67EF
2689,柮,U+67EE
2690,柰,U+67F0
2691,柱,U+67F1
2692,柳,U+67F3
2693,柴,U+67F4
2694,柵,U+67F5
2695,枰,U+67B0
2696,枹,U+67B9
2697,柷,U+67F7
2698,栗,U+6817
2699,校,U+6821
2700,栩,U+6829
2701,株,U+682A
2702,核,U+6838
2703,栱,U+6831
2704,根,U+6839
2705,栻,U+683B
2706,格,U+683C
2707,栽,U+683D
2708,桀,U+6840
2709,桁,U+6841
2710,桂,U+6842
2711,桃,U+6843
2712,桅,U+6845
2713,框,U+6846
2714,案,U+6848
2715,桌,U+684C
2716,桎,U+684E
2717,桐,U+6850
2718,桑,U+6851
2719,桓,U+6853
2720,桔,U+6854
2721,桕,U+6855
2722,栖,U+6816
2723,栲,U+6832
2724,栳,U+6833
2725,桄,U+6844
2726,桫,U+686B
2727,桴,U+6874
2728,桹,U+6879
2729,桶,U+6876
2730,桷,U+6877
2731,桿,U+687F
2732,梃,U+6883
2733,梁,U+6881
2734,梅,U+6885
2735,梆,U+6886
2736,梏,U+688F
2737,梓,U+6893
2738,梔,U+6894
2739,梗,U+6897
2740,桚,U+685A
2741,梜,U+689C
2742,條,U+689D
2743,梟,U+689F
2744,梢,U+68A2
2745,梧,U+68A7
2746,棃,U+68C3
2747,梭,U+68AD
2748,梯,U+68AF
2749,梱,U+68B1
2750,械,U+68B0
2751,棁,U+68C1
2752,梳,U+68B3
2753,梵,U+68B5
2754,桮,U+686E
2755,梐,U+6890
2756,桯,U+686F
2757,棄,U+68C4
2758,棉,U+68C9
2759,棋,U+68CB
2760,棍,U+68CD
2761,棒,U+68D2
2762,棕,U+68D5
2763,棖,U+68D6
2764,棗,U+68D7
2765,棘,U+68D8
2766,棚,U+68DA
2767,棟,U+68DF
2768,棠,U+68E0
2769,棣,U+68E3
2770,棧,U+68E7
2771,棫,U+68EB
2772,棬,U+68EC
2773,森,U+68EE
2774,棰,U+68F0
2775,楦,U+6966
2776,棲,U+68F2
2777,棹,U+68F9
2778,棺,U+68FA
2779,椁,U+6901
2780,棻,U+68FB
2781,棼,U+68FC
2782,椀,U+6900
2783,椅,U+6905
2784,植,U+690D
2785,椎,U+690E
2786,椒,U+6912
2787,棐,U+68D0
2788,棓,U+68D3
2789,棱,U+68F1
2790,棨,U+68E8
2791,椐,U+6910
2792,椓,U+6913
2793,椷,U+6937
2794,椰,U+6930
2795,椹,U+6939
2796,椽,U+693D
2797,椿,U+693F
2798,楅,U+6945
2799,楊,U+694A
2800,楓,U+6953
2801,楔,U+6954
2802,櫛,U+6ADB
2803,楗,U+6957
2804,楙,U+6959
2805,楘,U+6958
2806,楚,U+695A
2807,楞,U+695E
2808,楝,U+695D
2809,楠,U+6960
2810,榆,U+6986
2811,楢,U+6962
2812,楣,U+6963
2813,楫,U+696B
2814,業,U+696D
2815,楯,U+696F
2816,楮,U+696E
2817,極,U+6975
2818,楷,U+6977
2819,楹,U+6979
2820,椶,U+6936
2821,椸,U+6938
2822,楛,U+695B
2823,楨,U+6968
2824,楩,U+6969
2825,楸,U+6978
2826,榔,U+6994
2827,榕,U+6995
2828,榖,U+6996
2829,榘,U+6998
2830,榛,U+699B
2831,榜,U+699C
2832,榦,U+69A6
2833,榧,U+69A7
2834,榨,U+69A8
2835,榫,U+69AB
2836,榭,U+69AD
2837,榮,U+69AE
2838,榱,U+69B1
2839,榴,U+69B4
2840,榻,U+69BB
2841,榾,U+69BE
2842,槁,U+69C1
2843,槅,U+69C5
2844,槊,U+69CA
2845,構,U+69CB
2846,槌,U+69CC
2847,槍,U+69CD
2848,槎,U+69CE
2849,槐,U+69D0
2850,槓,U+69D3
2851,榎,U+698E
2852,榤,U+69A4
2853,榥,U+69A5
2854,榷,U+69B7
2855,榼,U+69BC
2856,樑,U+6A11
2857,槃,U+69C3
2858,槧,U+69E7
2859,槨,U+69E8
2860,槩,U+69E9
2861,槪,U+69EA
2862,槳,U+69F3
2863,橰,U+6A70
2864,槽,U+69FD
2865,槿,U+69FF
2866,樁,U+6A01
2867,樂,U+6A02
2868,樊,U+6A0A
2869,樓,U+6A13
2870,樕,U+6A15
2871,標,U+6A19
2872,樛,U+6A1B
2873,樞,U+6A1E
2874,樟,U+6A1F
2875,模,U+6A21
2876,樣,U+6A23
2877,槥,U+69E5
2878,樅,U+6A05
2879,樏,U+6A0F
2880,樗,U+6A17
2881,槱,U+69F1
2882,樲,U+6A32
2883,樸,U+6A38
2884,樵,U+6A35
2885,樹,U+6A39
2886,樽,U+6A3D
2887,樾,U+6A3E
2888,橄,U+6A44
2889,橈,U+6A48
2890,橋,U+6A4B
2891,橐,U+6A50
2892,橙,U+6A59
2893,橛,U+6A5B
2894,機,U+6A5F
2895,橡,U+6A61
2896,橧,U+6A67
2897,横,U+6A2A
2898,樨,U+6A28
2899,檸,U+6AB8
2900,橢,U+6A62
2901,樺,U+6A3A
2902,橁,U+6A41
2903,檖,U+6A96
2904,橘,U+6A58
2905,檀,U+6A80
2906,檉,U+6A89
2907,檄,U+6A84
2908,檐,U+6A90
2909,檔,U+6A94
2910,檜,U+6A9C
2911,檟,U+6A9F
2912,檝,U+6A9D
2913,檠,U+6AA0
2914,檢,U+6AA2
2915,檣,U+6AA3
2916,檬,U+6AAC
2917,檮,U+6AAE
2918,檯,U+6AAF
2919,檳,U+6AB3
2920,檻,U+6ABB
2921,櫂,U+6AC2
2922,櫃,U+6AC3
2923,櫈,U+6AC8
2924,櫓,U+6AD3
2925,櫚,U+6ADA
2926,櫜,U+6ADC
2927,櫝,U+6ADD
2928,櫞,U+6ADE
2929,櫟,U+6ADF
2930,櫱,U+6AF1
2931,櫪,U+6AEA
2932,櫬,U+6AEC
2933,櫺,U+6AFA
2934,櫳,U+6AF3
2935,櫽,U+6AFD
2936,欄,U+6B04
2937,櫻,U+6AFB
2938,權,U+6B0A
2939,欝,U+6B1D
2940,欒,U+6B12
2941,欖,U+6B16
2942,欃,U+6B03
2943,柩,U+67E9
2944,欠,U+6B20
2945,次,U+6B21
2946,欣,U+6B23
2947,欬,U+6B2C
2948,欲,U+6B32
2949,款,U+6B3E
2950,欷,U+6B37
2951,欹,U+6B39
2952,欺,U+6B3A
2953,欽,U+6B3D
2954,欿,U+6B3F
2955,歃,U+6B43
2956,歆,U+6B46
2957,歇,U+6B47
2958,歕,U+6B55
2959,歉,U+6B49
2960,歌,U+6B4C
2961,歎,U+6B4E
2962,歐,U+6B50
2963,歔,U+6B54
2964,欻,U+6B3B
2965,歙,U+6B59
2966,歛,U+6B5B
2967,歝,U+6B5D
2968,歟,U+6B5F
2969,歠,U+6B60
2970,歡,U+6B61
2971,歞,U+6B5E
2972,止,U+6B62
2973,正,U+6B63
2974,此,U+6B64
2975,步,U+6B65
2976,武,U+6B66
2977,歪,U+6B6A
2978,歧,U+6B67
2979,歲,U+6B72
2980,歷,U+6B77
2981,歸,U+6B78
2983,歹,U+6B79
2984,死,U+6B7B
2985,歿,U+6B7F
2986,殀,U+6B80
2987,殂,U+6B82
2988,殃,U+6B83
2989,殄,U+6B84
2990,殆,U+6B86
2991,殉,U+6B89
2992,殊,U+6B8A
2993,殍,U+6B8D
2994,殖,U+6B96
2995,殘,U+6B98
2996,殕,U+6B95
2997,殛,U+6B9B
2998,殞,U+6B9E
2999,殤,U+6BA4
3000,殫,U+6BAB
3001,殢,U+6BA2
3002,殪,U+6BAA
3003,殮,U+6BAE
3004,殯,U+6BAF
3005,殲,U+6BB2
3007,殳,U+6BB3
3008,段,U+6BB5
3009,殷,U+6BB7
3010,殺,U+6BBA
3011,殼,U+6BBC
3012,殽,U+6BBD
3013,殿,U+6BBF
3014,毀,U+6BC0
3015,毅,U+6BC5
3016,毆,U+6BC6
3018,母,U+6BCD
3019,毋,U+6BCB
3020,每,U+6BCF
3021,毒,U+6BD2
3022,毓,U+6BD3
3024,比,U+6BD4
3025,毖,U+6BD6
3026,毗,U+6BD7
3027,毘,U+6BD8
3029,毛,U+6BDB
3030,毡,U+6BE1
3031,毧,U+6BE7
3032,毫,U+6BEB
3033,毬,U+6BEC
3034,毯,U+6BEF
3035,毳,U+6BF3
3036,氂,U+6C02
3037,氅,U+6C05
3038,毸,U+6BF8
3039,毹,U+6BF9
3040,氄,U+6C04
3041,氈,U+6C08
3042,氍,U+6C0D
3043,毜,U+6BDC
3044,氏,U+6C0F
3045,氐,U+6C10
3046,民,U+6C11
3047,氓,U+6C13
3048,氯,U+6C2F
3049,气,U+6C14
3050,氛,U+6C1B
3051,氣,U+6C23
3052,氤,U+6C24
3053,氳,U+6C33
3054,浠,U+6D60
3055,水,U+6C34
3056,氷,U+6C37
3057,永,U+6C38
3058,氾,U+6C3E
3059,汁,U+6C41
3060,汀,U+6C40
3061,求,U+6C42
3062,汎,U+6C4E
3063,汗,U+6C57
3064,汚,U+6C5A
3065,汛,U+6C5B
3066,汜,U+6C5C
3067,汝,U+6C5D
3068,江,U+6C5F
3069,池,U+6C60
3070,汊,U+6C4A
3071,汐,U+6C50
3072,汔,U+6C54
3073,汕,U+6C55
3074,汞,U+6C5E
3075,汨,U+6C68
3076,汪,U+6C6A
3077,汰,U+6C70
3078,汲,U+6C72
3079,汴,U+6C74
3080,汶,U+6C76
3081,汹,U+6C79
3082,決,U+6C7A
3083,汾,U+6C7E
3084,沁,U+6C81
3085,沂,U+6C82
3086,沄,U+6C84
3087,沃,U+6C83
3088,沈,U+6C88
3089,沉,U+6C89
3090,沌,U+6C8C
3091,沍,U+6C8D
3092,沐,U+6C90
3093,沒,U+6C92
3094,沔,U+6C94
3095,沖,U+6C96
3096,沗,U+6C97
3097,沙,U+6C99
3098,沚,U+6C9A
3099,沛,U+6C9B
3100,沆,U+6C86
3101,沓,U+6C93
3102,汩,U+6C69
3103,汭,U+6C6D
3104,沅,U+6C85
3105,沬,U+6CAC
3106,沫,U+6CAB
3107,沮,U+6CAE
3108,沱,U+6CB1
3109,河,U+6CB3
3110,沸,U+6CB8
3111,油,U+6CB9
3112,治,U+6CBB
3113,沼,U+6CBC
3114,沽,U+6CBD
3115,沾,U+6CBE
3116,沿,U+6CBF
3117,泂,U+6CC2
3118,泄,U+6CC4
3119,況,U+6CC1
3120,泅,U+6CC5
3121,泔,U+6CD4
3122,泆,U+6CC6
3123,泉,U+6CC9
3124,泊,U+6CCA
3125,泌,U+6CCC
3126,泓,U+6CD3
3127,法,U+6CD5
3128,泗,U+6CD7
3129,泚,U+6CDA
3130,泙,U+6CD9
3131,泛,U+6CDB
3132,泠,U+6CE0
3133,泡,U+6CE1
3134,波,U+6CE2
3135,泣,U+6CE3
3136,泥,U+6CE5
3137,注,U+6CE8
3138,泫,U+6CEB
3139,泯,U+6CEF
3140,泮,U+6CEE
3141,泰,U+6CF0
3142,泱,U+6CF1
3143,泲,U+6CF2
3144,泳,U+6CF3
3145,沭,U+6CAD
3146,沴,U+6CB4
3147,泐,U+6CD0
3148,泖,U+6CD6
3149,泝,U+6CDD
3150,洄,U+6D04
3151,洊,U+6D0A
3152,洋,U+6D0B
3153,洌,U+6D0C
3154,洎,U+6D0E
3155,洒,U+6D12
3156,洗,U+6D17
3157,洛,U+6D1B
3158,洟,U+6D1F
3159,洞,U+6D1E
3160,津,U+6D25
3161,洧,U+6D27
3162,汧,U+6C67
3163,洪,U+6D2A
3164,洫,U+6D2B
3165,洮,U+6D2E
3166,洲,U+6D32
3167,洱,U+6D31
3168,洳,U+6D33
3169,洵,U+6D35
3170,洶,U+6D36
3171,洸,U+6D38
3172,活,U+6D3B
3173,洼,U+6D3C
3174,洽,U+6D3D
3175,派,U+6D3E
3176,洿,U+6D3F
3177,流,U+6D41
3178,洙,U+6D19
3179,洚,U+6D1A
3180,洹,U+6D39
3181,浙,U+6D59
3182,浚,U+6D5A
3183,浣,U+6D63
3184,浦,U+6D66
3185,浩,U+6D69
3186,浪,U+6D6A
3187,浮,U+6D6E
3188,浴,U+6D74
3189,海,U+6D77
3190,浸,U+6D78
3191,浹,U+6D79
3192,浼,U+6D7C
3193,涇,U+6D87
3194,消,U+6D88
3195,涉,U+6D89
3196,涌,U+6D8C
3197,涓,U+6D93
3198,涔,U+6D94
3199,涕,U+6D95
3200,涖,U+6D96
3201,涘,U+6D98
3202,浡,U+6D61
3203,浜,U+6D5C
3204,浥,U+6D65
3205,涂,U+6D82
3206,涅,U+6D85
3207,涒,U+6D92
3208,涑,U+6D91
3209,涯,U+6DAF
3210,液,U+6DB2
3211,涵,U+6DB5
3212,涸,U+6DB8
3213,涼,U+6DBC
3214,涿,U+6DBF
3215,淅,U+6DC5
3216,淆,U+6DC6
3217,淇,U+6DC7
3218,淋,U+6DCB
3219,淑,U+6DD1
3220,淖,U+6DD6
3221,淘,U+6DD8
3222,淙,U+6DD9
3223,淚,U+6DDA
3224,淝,U+6DDD
3225,淡,U+6DE1
3226,淤,U+6DE4
3227,淦,U+6DE6
3228,淨,U+6DE8
3229,淪,U+6DEA
3230,淫,U+6DEB
3231,淬,U+6DEC
3232,淮,U+6DEE
3233,淰,U+6DF0
3234,深,U+6DF1
3235,淟,U+6DDF
3236,混,U+6DF7
3237,清,U+6E05
3238,淹,U+6DF9
3239,淺,U+6DFA
3240,添,U+6DFB
3241,涎,U+6D8E
3242,涪,U+6DAA
3243,涴,U+6DB4
3244,淀,U+6DC0
3245,淄,U+6DC4
3246,淒,U+6DD2
3247,淞,U+6DDE
3249,淩,U+6DE9
3250,淜,U+6DDC
3251,渙,U+6E19
3252,渚,U+6E1A
3253,減,U+6E1B
3254,渝,U+6E1D
3255,渠,U+6E20
3256,渡,U+6E21
3257,渣,U+6E23
3258,渤,U+6E24
3259,渥,U+6E25
3260,渦,U+6E26
3261,測,U+6E2C
3262,渭,U+6E2D
3263,港,U+6E2F
3264,渰,U+6E30
3265,渴,U+6E34
3266,游,U+6E38
3267,渺,U+6E3A
3268,渾,U+6E3E
3269,湃,U+6E43
3270,湄,U+6E44
3271,湅,U+6E45
3272,湊,U+6E4A
3273,湍,U+6E4D
3274,湎,U+6E4E
3275,湖,U+6E56
3276,湘,U+6E58
3277,湛,U+6E5B
3278,湝,U+6E5D
3279,湧,U+6E67
3280,湫,U+6E6B
3281,湮,U+6E6E
3282,湯,U+6E6F
3283,湲,U+6E72
3284,湱,U+6E71
3285,渟,U+6E1F
3286,渢,U+6E22
3287,湑,U+6E51
3288,湓,U+6E53
3289,湔,U+6E54
3290,湜,U+6E5C
3291,湏,U+6E4F
3292,湩,U+6E69
3293,源,U+6E90
3294,準,U+6E96
3295,溛,U+6E9B
3296,溜,U+6E9C
3297,溝,U+6E9D
3298,溟,U+6E9F
3299,溠,U+6EA0
3300,溢,U+6EA2
3301,溤,U+6EA4
3302,溥,U+6EA5
3303,溧,U+6EA7
3304,溦,U+6EA6
3305,溪,U+6EAA
3306,溫,U+6EAB
3307,溯,U+6EAF
3308,溱,U+6EB1
3309,溲,U+6EB2
3310,溶,U+6EB6
3311,溷,U+6EB7
3312,溺,U+6EBA
3313,溼,U+6EBC
3314,溽,U+6EBD
3315,滁,U+6EC1
3316,滂,U+6EC2
3317,滃,U+6EC3
3318,滄,U+6EC4
3319,滅,U+6EC5
3320,滋,U+6ECB
3321,滌,U+6ECC
3322,滎,U+6ECE
3323,滑,U+6ED1
3324,滓,U+6ED3
3325,滔,U+6ED4
3326,滕,U+6ED5
3327,溏,U+6E8F
3328,溘,U+6E98
3329,滇,U+6EC7
3330,滘,U+6ED8
3331,滫,U+6EEB
3332,滮,U+6EEE
3333,滯,U+6EEF
3334,滲,U+6EF2
3335,澝,U+6F9D
3336,滴,U+6EF4
3337,滬,U+6EEC
3338,滸,U+6EF8
3339,滺,U+6EFA
3340,滾,U+6EFE
3341,滿,U+6EFF
3342,漁,U+6F01
3343,漂,U+6F02
3344,漆,U+6F06
3345,漏,U+6F0F
3346,漑,U+6F11
3347,漓,U+6F13
3348,演,U+6F14
3349,漘,U+6F18
3350,漙,U+6F19
3351,漠,U+6F20
3352,漢,U+6F22
3353,漣,U+6F23
3354,漪,U+6F2A
3355,漫,U+6F2B
3356,漬,U+6F2C
3357,漭,U+6F2D
3358,漰,U+6F30
3359,漱,U+6F31
3360,漲,U+6F32
3361,漳,U+6F33
3362,漸,U+6F38
3363,漾,U+6F3E
3364,漿,U+6F3F
3365,潌,U+6F4C
3366,滷,U+6EF7
3367,滹,U+6EF9
3368,漈,U+6F08
3369,漉,U+6F09
3370,漎,U+6F0E
3371,漚,U+6F1A
3372,漦,U+6F26
3373,漩,U+6F29
3374,漯,U+6F2F
3375,漵,U+6F35
3376,漶,U+6F36
3377,漊,U+6F0A
3378,漕,U+6F15
3379,潁,U+6F41
3380,潑,U+6F51
3381,潔,U+6F54
3382,潘,U+6F58
3383,潛,U+6F5B
3384,潟,U+6F5F
3385,潢,U+6F62
3386,㵎,U+3D4E
3387,潤,U+6F64
3388,潦,U+6F66
3389,潭,U+6F6D
3390,潮,U+6F6E
3391,潰,U+6F70
3392,潼,U+6F7C
3393,潴,U+6F74
3394,潸,U+6F78
3395,潺,U+6F7A
3396,澀,U+6F80
3397,澄,U+6F84
3398,澆,U+6F86
3399,澇,U+6F87
3400,澈,U+6F88
3401,澉,U+6F89
3402,澌,U+6F8C
3403,澎,U+6F8E
3404,潏,U+6F4F
3405,潝,U+6F5D
3406,潞,U+6F5E
3407,潠,U+6F60
3408,潈,U+6F48
3409,濆,U+6FC6
3410,潯,U+6F6F
3411,潾,U+6F7E
3412,澍,U+6F8D
3413,澂,U+6F82
3414,澒,U+6F92
3415,潙,U+6F59
3416,澡,U+6FA1
3417,澟,U+6F9F
3418,澣,U+6FA3
3419,澤,U+6FA4
3420,澮,U+6FAE
3421,澳,U+6FB3
3422,澹,U+6FB9
3423,激,U+6FC0
3424,濁,U+6FC1
3425,濓,U+6FD3
3426,濃,U+6FC3
3427,澠,U+6FA0
3428,澥,U+6FA5
3429,澦,U+6FA6
3430,澧,U+6FA7
3431,澨,U+6FA8
3432,澰,U+6FB0
3433,澴,U+6FB4
3434,澱,U+6FB1
3435,濇,U+6FC7
3436,澶,U+6FB6
3437,澼,U+6FBC
3438,濘,U+6FD8
3439,濔,U+6FD4
3440,濕,U+6FD5
3441,濈,U+6FC8
3442,濊,U+6FCA
3443,濛,U+6FDB
3444,濟,U+6FDF
3445,濠,U+6FE0
3446,濡,U+6FE1
3447,濤,U+6FE4
3448,濫,U+6FEB
3449,濬,U+6FEC
3450,濮,U+6FEE
3451,濯,U+6FEF
3452,濰,U+6FF0
3453,濱,U+6FF1
3454,瀉,U+7009
3455,濩,U+6FE9
3456,濞,U+6FDE
3457,濺,U+6FFA
3458,濼,U+6FFC
3459,濾,U+6FFE
3460,瀆,U+7006
3461,瀏,U+700F
3462,瀑,U+7011
3463,瀁,U+7001
3464,瀕,U+7015
3465,灠,U+7060
3466,瀚,U+701A
3467,瀛,U+701B
3468,瀝,U+701D
3469,瀟,U+701F
3470,瀠,U+7020
3471,瀨,U+7028
3472,瀘,U+7018
3473,瀡,U+7021
3474,瀣,U+7023
3475,瀼,U+703C
3476,瀋,U+700B
3477,瀍,U+700D
3478,瀧,U+7027
3479,瀦,U+7026
3480,濳,U+6FF3
3481,瀲,U+7032
3482,瀾,U+703E
3483,瀰,U+7030
3484,瀵,U+7035
3485,瀹,U+7039
3486,瀺,U+703A
3487,灌,U+704C
3488,灃,U+7043
3489,灉,U+7049
3491,灑,U+7051
3492,灘,U+7058
3493,灝,U+705D
3494,灣,U+7063
3495,灩,U+7069
3496,灞,U+705E
3497,灤,U+7064
3498,炸,U+70B8
3499,火,U+706B
3500,灰,U+7070
3501,灶,U+7076
3502,灸,U+7078
3503,灺,U+707A
3504,灼,U+707C
3505,災,U+707D
3506,灾,U+707E
3507,炊,U+708A
3508,炎,U+708E
3509,炒,U+7092
3510,炕,U+7095
3511,炙,U+7099
3512,炘,U+7098
3513,炤,U+70A4
3514,炫,U+70AB
3515,炬,U+70AC
3516,炭,U+70AD
3517,炮,U+70AE
3518,炯,U+70AF
3519,炰,U+70B0
3520,炱,U+70B1
3521,炳,U+70B3
3522,炷,U+70B7
3523,炧,U+70A7
3524,炁,U+7081
3525,烈,U+70C8
3526,烋,U+70CB
3527,烏,U+70CF
3528,烕,U+70D5
3529,烖,U+70D6
3530,烘,U+70D8
3531,烜,U+70DC
3532,烝,U+70DD
3533,烟,U+70DF
3534,烹,U+70F9
3535,烺,U+70FA
3536,烽,U+70FD
3537,焌,U+710C
3538,焙,U+7119
3539,焚,U+711A
3540,焜,U+711C
3541,無,U+7121
3542,焦,U+7126
3543,焰,U+7130
3544,然,U+7136
3545,焞,U+711E
3546,焠,U+7120
3547,焫,U+712B
3548,煅,U+7145
3549,煇,U+7147
3550,煉,U+7149
3551,煊,U+714A
3552,煌,U+714C
3553,煎,U+714E
3554,煮,U+716E
3555,煒,U+7152
3556,熙,U+7199
3557,煖,U+7156
3558,煜,U+715C
3559,煞,U+715E
3560,𠙦,U+20666
3561,煤,U+7164
3562,煥,U+7165
3563,煦,U+7166
3564,照,U+7167
3565,煩,U+7169
3566,煨,U+7168
3567,煏,U+714F
3568,煬,U+716C
3569,煽,U+717D
3570,熀,U+7180
3571,熄,U+7184
3572,熅,U+7185
3573,熇,U+7187
3574,熊,U+718A
3575,熏,U+718F
3576,熒,U+7192
3577,熛,U+719B
3578,熟,U+719F
3579,熔,U+7194
3580,熨,U+71A8
3581,熬,U+71AC
3582,熯,U+71AF
3583,熱,U+71B1
3584,熠,U+71A0
3585,熲,U+71B2
3586,熸,U+71B8
3587,熺,U+71BA
3588,熹,U+71B9
3589,熾,U+71BE
3590,燀,U+71C0
3591,燂,U+71C2
3592,燐,U+71D0
3593,燖,U+71D6
3594,燙,U+71D9
3595,燃,U+71C3
3596,燄,U+71C4
3597,燈,U+71C8
3598,燎,U+71CE
3599,燒,U+71D2
3600,燔,U+71D4
3601,燕,U+71D5
3602,營,U+71DF
3603,燠,U+71E0
3604,燥,U+71E5
3605,燦,U+71E6
3606,燧,U+71E7
3607,燬,U+71EC
3608,燭,U+71ED
3609,燻,U+71FB
3610,燮,U+71EE
3611,燹,U+71F9
3612,燼,U+71FC
3613,燿,U+71FF
3614,燾,U+71FE
3615,爆,U+7206
3616,爇,U+7207
3617,爍,U+720D
3618,爓,U+7213
3619,爐,U+7210
3620,爛,U+721B
3621,爚,U+721A
3622,爝,U+721D
3623,爟,U+721F
3624,焮,U+712E
3625,焯,U+712F
3626,爥,U+7225
3627,爨,U+7228
3628,烤,U+70E4
3629,爪,U+722A
3630,爭,U+722D
3631,爮,U+722E
3632,爬,U+722C
3633,爰,U+7230
3634,爲,U+7232
3635,爵,U+7235
3637,父,U+7236
3638,爹,U+7239
3639,爺,U+723A
3640,爸,U+7238
3641,爻,U+723B
3642,爽,U+723D
3643,爾,U+723E
3645,爿,U+723F
3646,牀,U+7240
3647,牂,U+7242
3648,牁,U+7241
3649,牆,U+7246
3651,片,U+7247
3652,版,U+7248
3653,牋,U+724B
3654,牌,U+724C
3655,牒,U+7252
3656,牕,U+7255
3657,牖,U+7256
3658,牘,U+7258
3659,牓,U+7253
3660,牙,U+7259
3662,牛,U+725B
3663,牝,U+725D
3664,牟,U+725F
3665,牡,U+7261
3666,牢,U+7262
3667,牣,U+7263
3668,牧,U+7267
3669,牴,U+7274
3670,物,U+7269
3671,牮,U+726E
3672,牯,U+726F
3673,牲,U+7272
3674,牶,U+7276
3675,牷,U+7277
3676,特,U+7279
3677,牽,U+727D
3678,牿,U+727F
3679,犀,U+7280
3680,犂,U+7282
3681,犉,U+7289
3682,犍,U+728D
3683,犒,U+7292
3684,犖,U+7296
3685,犢,U+72A2
3686,犧,U+72A7
3687,犨,U+72A8
3688,牳,U+7273
3689,犬,U+72AC
3690,犯,U+72AF
3691,犴,U+72B4
3692,狀,U+72C0
3693,狂,U+72C2
3694,狃,U+72C3
3695,狄,U+72C4
3696,狁,U+72C1
3697,狎,U+72CE
3698,狐,U+72D0
3699,狗,U+72D7
3700,狙,U+72D9
3701,狡,U+72E1
3702,狥,U+72E5
3703,狠,U+72E0
3704,狩,U+72E9
3705,狴,U+72F4
3706,狸,U+72F8
3707,狹,U+72F9
3708,狼,U+72FC
3709,狽,U+72FD
3710,狻,U+72FB
3711,狺,U+72FA
3712,狷,U+72F7
3713,猋,U+730B
3714,猁,U+7301
3715,猖,U+7316
3716,猗,U+7317
3717,猙,U+7319
3718,猛,U+731B
3719,猜,U+731C
3720,猝,U+731D
3721,猞,U+731E
3722,猊,U+730A
3723,猘,U+7318
3724,猢,U+7322
3725,猥,U+7325
3726,猩,U+7329
3727,猪,U+732A
3728,猫,U+732B
3729,猴,U+7334
3730,猶,U+7336
3731,猷,U+7337
3732,猨,U+7328
3733,猱,U+7331
3734,猺,U+733A
3735,猻,U+733B
3736,猾,U+733E
3737,猿,U+733F
3738,獃,U+7343
3739,獄,U+7344
3740,獅,U+7345
3741,獍,U+734D
3742,獐,U+7350
3743,獒,U+7352
3744,獗,U+7357
3745,獘,U+7358
3746,獧,U+7367
3747,獨,U+7368
3748,獪,U+736A
3749,獬,U+736C
3750,獠,U+7360
3751,獮,U+736E
3752,獲,U+7372
3753,獯,U+736F
3754,獳,U+7373
3755,獷,U+7377
3756,獵,U+7375
3757,獸,U+7378
3758,獺,U+737A
3759,獻,U+737B
3760,玁,U+7381
3761,獰,U+7370
3762,玀,U+7380
3763,玄,U+7384
3764,率,U+7387
3765,玅,U+7385
3766,玈,U+7388
3768,玉,U+7389
3769,王,U+738B
3770,玎,U+738E
3771,玕,U+7395
3772,玔,U+7394
3773,玖,U+7396
3774,玟,U+739F
3775,玠,U+73A0
3776,玢,U+73A2
3777,玦,U+73A6
3778,玨,U+73A8
3779,玩,U+73A9
3780,玫,U+73AB
3781,玲,U+73B2
3782,玳,U+73B3
3783,玷,U+73B7
3784,珂,U+73C2
3785,珇,U+73C7
3786,珈,U+73C8
3787,珉,U+73C9
3788,玻,U+73BB
3789,珀,U+73C0
3790,珊,U+73CA
3791,珍,U+73CD
3792,珌,U+73CC
3793,玼,U+73BC
3794,珞,U+73DE
3795,珓,U+73D3
3796,珠,U+73E0
3797,珙,U+73D9
3798,珖,U+73D6
3799,珥,U+73E5
3800,珣,U+73E3
3801,珩,U+73E9
3802,珪,U+73EA
3803,班,U+73ED
3804,珧,U+73E7
3805,珮,U+73EE
3806,珽,U+73FD
3807,現,U+73FE
3808,球,U+7403
3809,琅,U+7405
3810,理,U+7406
3811,琇,U+7407
3812,琉,U+7409
3813,珶,U+73F6
3814,珷,U+73F7
3815,琊,U+740A
3816,琕,U+7415
3817,琖,U+7416
3818,琚,U+741A
3819,琛,U+741B
3820,琢,U+7422
3821,琤,U+7424
3822,琥,U+7425
3823,琦,U+7426
3824,琨,U+7428
3825,琪,U+742A
3826,琭,U+742D
3827,琮,U+742E
3828,琯,U+742F
3829,琳,U+7433
3830,琴,U+7434
3831,琶,U+7436
3832,琵,U+7435
3833,琫,U+742B
3834,琬,U+742C
3835,玤,U+73A4
3836,琲,U+7432
3837,瑋,U+744B
3838,瑕,U+7455
3839,瑙,U+7459
3840,瑚,U+745A
3841,瑛,U+745B
3842,瑜,U+745C
3843,瑞,U+745E
3844,瑟,U+745F
3845,瑠,U+7460
3846,瑀,U+7440
3847,瑁,U+7441
3848,瑇,U+7447
3849,瑑,U+7451
3850,瑗,U+7457
3851,瑣,U+7463
3852,瑶,U+7476
3853,瑩,U+7469
3854,瑪,U+746A
3855,瑰,U+7470
3856,瑲,U+7472
3857,瑬,U+746C
3858,瑯,U+746F
3859,瑱,U+7471
3860,瑳,U+7473
3861,瑴,U+7474
3862,璀,U+7480
3863,璃,U+7483
3864,璋,U+748B
3865,瑽,U+747D
3866,瑾,U+747E
3867,璁,U+7481
3868,璆,U+7486
3869,璂,U+7482
3870,璈,U+7488
3871,璡,U+74A1
3872,璇,U+7487
3873,璐,U+7490
3874,璜,U+749C
3875,璣,U+74A3
3876,璘,U+7498
3877,璞,U+749E
3878,璟,U+749F
3879,璠,U+74A0
3880,璧,U+74A7
3881,璨,U+74A8
3882,璯,U+74AF
3883,環,U+74B0
3884,璪,U+74AA
3885,璫,U+74AB
3886,璽,U+74BD
3887,璲,U+74B2
3888,璸,U+74B8
3889,璵,U+74B5
3890,瓊,U+74CA
3891,瓏,U+74CF
3892,瓔,U+74D4
3893,瓛,U+74DB
3894,璿,U+74BF
3895,瓚,U+74DA
3896,瓈,U+74C8
3897,瓀,U+74C0
3898,瓘,U+74D8
3899,璥,U+74A5
3900,瓜,U+74DC
3901,瓞,U+74DE
3902,瓠,U+74E0
3903,瓢,U+74E2
3904,瓣,U+74E3
3905,瓤,U+74E4
3907,瓦,U+74E6
3908,瓮,U+74EE
3909,瓴,U+74F4
3910,甁,U+7501
3911,瓷,U+74F7
3912,瓻,U+74FB
3913,甃,U+7503
3914,甄,U+7504
3915,甇,U+7507
3916,瓿,U+74FF
3917,甌,U+750C
3918,甍,U+750D
3919,甎,U+750E
3920,甑,U+7511
3921,甓,U+7513
3922,甕,U+7515
3923,甗,U+7517
3924,甔,U+7514
3925,甖,U+7516
3926,瓩,U+74E9
3927,甘,U+7518
3928,甚,U+751A
3929,甜,U+751C
3930,甞,U+751E
3932,生,U+751F
3933,甡,U+7521
3934,產,U+7522
3935,甥,U+7525
3936,甦,U+7526
3938,用,U+7528
3939,甪,U+752A
3940,甫,U+752B
3941,甬,U+752C
3942,甯,U+752F
3944,田,U+7530
3945,由,U+7531
3946,甲,U+7532
3947,申,U+7533
3948,男,U+7537
3949,甸,U+7538
3950,甽,U+753D
3951,甾,U+753E
3952,畀,U+7540
3953,畋,U+754B
3954,界,U+754C
3955,畎,U+754E
3956,畏,U+754F
3957,町,U+753A
3958,畊,U+754A
3959,甿,U+753F
3960,畇,U+7547
3961,畔,U+7554
3962,畚,U+755A
3963,畛,U+755B
3964,畜,U+755C
3965,畝,U+755D
3966,留,U+7559
3967,畟,U+755F
3968,畢,U+7562
3969,畤,U+7564
3970,略,U+7565
3971,畦,U+7566
3972,番,U+756A
3973,畫,U+756B
3974,畬,U+756C
3975,畯,U+756F
3976,異,U+7570
3977,畮,U+756E
3978,畷,U+7577
3979,畹,U+7579
3980,畽,U+757D
3981,當,U+7576
3982,畸,U+7578
3983,畿,U+757F
3984,疆,U+7586
3985,疇,U+7587
3986,疊,U+758A
3988,疋,U+758B
3989,疎,U+758E
3990,疏,U+758F
3991,疐,U+7590
3992,疑,U+7591
3994,疒,U+7592
3995,疔,U+7594
3996,疞,U+759E
3997,疕,U+7595
3998,疚,U+759A
3999,疝,U+759D
4000,疢,U+75A2
4001,疣,U+75A3
4002,疤,U+75A4
4003,疥,U+75A5
4004,疫,U+75AB
4005,疧,U+75A7
4006,疲,U+75B2
4007,疳,U+75B3
4008,疴,U+75B4
4009,疵,U+75B5
4010,疸,U+75B8
4011,疹,U+75B9
4012,疼,U+75BC
4013,疽,U+75BD
4014,疾,U+75BE
4015,疿,U+75BF
4016,病,U+75C5
4017,症,U+75C7
4018,痂,U+75C2
4019,痊,U+75CA
4020,痌,U+75CC
4021,痍,U+75CD
4022,痒,U+75D2
4023,痔,U+75D4
4024,痕,U+75D5
4025,痗,U+75D7
4026,痘,U+75D8
4027,痛,U+75DB
4028,痞,U+75DE
4029,痣,U+75E3
4030,痡,U+75E1
4031,痢,U+75E2
4032,痯,U+75EF
4033,痰,U+75F0
4034,痳,U+75F3
4035,痴,U+75F4
4036,痺,U+75FA
4037,痼,U+75FC
4038,痾,U+75FE
4039,痿,U+75FF
4040,瘀,U+7600
4041,瘁,U+7601
4042,瘂,U+7602
4043,瘇,U+7607
4044,瘉,U+7609
4045,瘋,U+760B
4046,瘍,U+760D
4047,瘏,U+760F
4048,瘝,U+761D
4049,瘐,U+7610
4050,瘓,U+7613
4051,瘕,U+7615
4052,瘖,U+7616
4053,瘞,U+761E
4054,瘟,U+761F
4055,瘠,U+7620
4056,瘡,U+7621
4057,瘢,U+7622
4058,瘤,U+7624
4059,瘥,U+7625
4060,瘦,U+7626
4061,瘧,U+7627
4062,瘬,U+762C
4063,瘨,U+7628
4064,瘰,U+7630
4065,瘳,U+7633
4066,瘴,U+7634
4067,瘵,U+7635
4068,瘻,U+763B
4069,瘼,U+763C
4070,療,U+7642
4071,癃,U+7643
4072,癆,U+7646
4073,癇,U+7647
4074,癉,U+7649
4075,癖,U+7656
4076,瘺,U+763A
4077,癑,U+7651
4078,癘,U+7658
4079,癙,U+7659
4080,癜,U+765C
4081,癤,U+7664
4082,癡,U+7661
4083,癢,U+7662
4084,癥,U+7665
4085,癏,U+764F
4086,癭,U+766D
4087,癧,U+7667
4088,癩,U+7669
4089,癬,U+766C
4090,癮,U+766E
4091,癯,U+766F
4092,癰,U+7670
4093,癱,U+7671
4094,癲,U+7672
4095,疙,U+7599
4096,癶,U+7676
4097,癸,U+7678
4098,登,U+767B
4099,發,U+767C
4101,白,U+767D
4102,百,U+767E
4103,皂,U+7682
4104,的,U+7684
4105,皆,U+7686
4106,皇,U+7687
4107,皈,U+7688
4108,皐,U+7690
4109,皎,U+768E
4110,皓,U+7693
4111,皖,U+7696
4112,皙,U+7699
4113,皜,U+769C
4114,皚,U+769A
4115,皤,U+76A4
4116,皥,U+76A5
4117,皦,U+76A6
4118,皭,U+76AD
4119,皪,U+76AA
4120,皫,U+76AB
4122,皮,U+76AE
4123,皴,U+76B4
4124,皷,U+76B7
4125,皸,U+76B8
4126,皺,U+76BA
4127,皽,U+76BD
4129,皿,U+76BF
4130,盂,U+76C2
4131,盃,U+76C3
4132,盅,U+76C5
4133,盆,U+76C6
4134,盈,U+76C8
4135,益,U+76CA
4136,盌,U+76CC
4137,盍,U+76CD
4138,盎,U+76CE
4139,盒,U+76D2
4140,盔,U+76D4
4141,盛,U+76DB
4142,盜,U+76DC
4143,盝,U+76DD
4144,盞,U+76DE
4145,盟,U+76DF
4146,葢,U+8462
4147,盡,U+76E1
4148,監,U+76E3
4149,盤,U+76E4
4150,盥,U+76E5
4151,盧,U+76E7
4152,盦,U+76E6
4153,盭,U+76ED
4154,盩,U+76E9
4155,盪,U+76EA
4156,盬,U+76EC
4158,目,U+76EE
4159,盲,U+76F2
4160,直,U+76F4
4161,相,U+76F8
4162,盼,U+76FC
4163,盾,U+76FE
4164,省,U+7701
4165,眄,U+7704
4166,眇,U+7707
4167,眈,U+7708
4168,眉,U+7709
4169,眊,U+770A
4170,看,U+770B
4171,盻,U+76FB
4172,盰,U+76F0
4173,盱,U+76F1
4174,眚,U+771A
4175,眛,U+771B
4176,真,U+771F
4177,眠,U+7720
4178,眢,U+7722
4179,眥,U+7725
4180,眦,U+7726
4181,眩,U+7729
4182,眙,U+7719
4183,眯,U+772F
4184,眵,U+7735
4185,眴,U+7734
4186,眶,U+7736
4187,眷,U+7737
4188,眸,U+7738
4189,眺,U+773A
4190,眼,U+773C
4191,眾,U+773E
4192,着,U+7740
4193,眹,U+7739
4194,睨,U+7768
4195,睇,U+7747
4196,睆,U+7746
4197,睊,U+774A
4198,睍,U+774D
4199,睚,U+775A
4200,睛,U+775B
4201,睜,U+775C
4202,睞,U+775E
4203,睪,U+776A
4204,睡,U+7761
4205,睢,U+7762
4206,督,U+7763
4207,睦,U+7766
4208,睫,U+776B
4209,睠,U+7760
4210,睟,U+775F
4211,睥,U+7765
4212,睹,U+7779
4213,睿,U+777F
4214,瞀,U+7780
4215,睘,U+7758
4216,睯,U+776F
4217,瞋,U+778B
4218,瞍,U+778D
4219,瞎,U+778E
4220,瞑,U+7791
4221,瞞,U+779E
4222,瞠,U+77A0
4223,瞪,U+77AA
4224,瞥,U+77A5
4225,瞧,U+77A7
4226,瞬,U+77AC
4227,瞳,U+77B3
4228,瞯,U+77AF
4229,瞭,U+77AD
4230,瞰,U+77B0
4231,瞶,U+77B6
4232,瞻,U+77BB
4233,瞽,U+77BD
4234,瞿,U+77BF
4235,矇,U+77C7
4236,矍,U+77CD
4237,矓,U+77D3
4238,矗,U+77D7
4239,矙,U+77D9
4240,瞢,U+77A2
4241,矚,U+77DA
4242,眭,U+772D
4243,矛,U+77DB
4244,矜,U+77DC
4245,矞,U+77DE
4247,矢,U+77E2
4248,矣,U+77E3
4249,知,U+77E5
4250,矧,U+77E7
4251,矩,U+77E9
4252,短,U+77ED
4253,矮,U+77EE
4254,矰,U+77F0
4255,矯,U+77EF
4256,矱,U+77F1
4258,石,U+77F3
4259,矴,U+77F4
4260,矼,U+77FC
4261,砆,U+7806
4262,矻,U+77FB
4263,砂,U+7802
4264,砉,U+7809
4265,砌,U+780C
4266,砍,U+780D
4267,砑,U+7811
4268,砒,U+7812
4269,砭,U+782D
4270,砢,U+7822
4271,砣,U+7823
4272,砥,U+7825
4273,斫,U+65AB
4274,砦,U+7826
4275,破,U+7834
4276,砲,U+7832
4277,砠,U+7820
4278,砧,U+7827
4279,砮,U+782E
4280,砰,U+7830
4281,硃,U+7843
4282,硏,U+784F
4283,硎,U+784E
4284,硜,U+785C
4285,硝,U+785D
4286,硤,U+7864
4287,硨,U+7868
4288,硫,U+786B
4289,硬,U+786C
4290,硭,U+786D
4291,硯,U+786F
4292,确,U+786E
4293,碆,U+7886
4294,碌,U+788C
4295,碎,U+788E
4296,硼,U+787C
4297,碗,U+7897
4298,碁,U+7881
4299,碇,U+7887
4300,碔,U+7894
4301,碑,U+7891
4302,碓,U+7893
4303,硾,U+787E
4304,碡,U+78A1
4305,碪,U+78AA
4306,碞,U+789E
4307,碭,U+78AD
4308,碟,U+789F
4309,碣,U+78A3
4310,碧,U+78A7
4311,碩,U+78A9
4312,碬,U+78AC
4313,碯,U+78AF
4314,碰,U+78B0
4315,確,U+78BA
4316,碼,U+78BC
4317,碾,U+78BE
4318,磁,U+78C1
4319,磅,U+78C5
4320,磊,U+78CA
4321,磇,U+78C7
4322,磋,U+78CB
4323,磐,U+78D0
4324,磓,U+78D3
4325,磔,U+78D4
4326,磕,U+78D5
4327,磉,U+78C9
4328,磑,U+78D1
4329,磛,U+78DB
4330,磟,U+78DF
4331,磚,U+78DA
4332,磧,U+78E7
4333,磨,U+78E8
4334,磬,U+78EC
4335,磯,U+78EF
4336,磲,U+78F2
4337,磺,U+78FA
4338,磽,U+78FD
4339,礁,U+7901
4340,磷,U+78F7
4341,磻,U+78FB
4342,礎,U+790E
4343,磈,U+78C8
4344,礙,U+7919
4345,礬,U+792C
4346,礧,U+7927
4347,磴,U+78F4
4348,礮,U+792E
4349,礦,U+7926
4350,礪,U+792A
4351,礫,U+792B
4352,礱,U+7931
4353,礴,U+7934
4354,碱,U+78B1
4355,示,U+793A
4356,礽,U+793D
4357,社,U+793E
4358,祀,U+7940
4359,祁,U+7941
4360,祅,U+7945
4361,祇,U+7947
4362,祈,U+7948
4363,祉,U+7949
4364,礿,U+793F
4365,祕,U+7955
4366,祊,U+794A
4367,祏,U+794F
4368,祐,U+7950
4369,祓,U+7953
4370,祔,U+7954
4371,祖,U+7956
4372,祗,U+7957
4373,祚,U+795A
4374,祛,U+795B
4375,祜,U+795C
4376,祝,U+795D
4377,神,U+795E
4378,祟,U+795F
4379,祠,U+7960
4380,祫,U+796B
4381,祲,U+7972
4382,祥,U+7965
4383,祧,U+7967
4384,票,U+7968
4385,祭,U+796D
4386,禆,U+7986
4387,祼,U+797C
4388,祺,U+797A
4389,祿,U+797F
4390,禀,U+7980
4391,禁,U+7981
4392,禋,U+798B
4393,禍,U+798D
4394,禎,U+798E
4395,福,U+798F
4396,禘,U+7998
4397,禊,U+798A
4398,禔,U+7994
4399,禖,U+7996
4400,禕,U+7995
4401,禡,U+79A1
4402,禝,U+799D
4403,禦,U+79A6
4404,禠,U+79A0
4405,禫,U+79AB
4406,禧,U+79A7
4407,禪,U+79AA
4408,禨,U+79A8
4409,禮,U+79AE
4410,禰,U+79B0
4411,禱,U+79B1
4412,禳,U+79B3
4413,禴,U+79B4
4415,禸,U+79B8
4416,禹,U+79B9
4417,禺,U+79BA
4418,离,U+79BB
4419,禽,U+79BD
4421,禾,U+79BE
4422,禿,U+79BF
4423,秀,U+79C0
4424,私,U+79C1
4425,秈,U+79C8
4426,秉,U+79C9
4427,秆,U+79C6
4428,秋,U+79CB
4429,种,U+79CD
4430,科,U+79D1
4431,秕,U+79D5
4432,秒,U+79D2
4433,秔,U+79D4
4434,秘,U+79D8
4435,秪,U+79EA
4436,租,U+79DF
4437,秠,U+79E0
4438,𥞊,U+2578A
4439,秤,U+79E4
4440,秦,U+79E6
4441,秧,U+79E7
4442,秩,U+79E9
4443,秫,U+79EB
4444,秭,U+79ED
4445,秬,U+79EC
4446,秷,U+79F7
4447,秸,U+79F8
4448,移,U+79FB
4449,稀,U+7A00
4450,稂,U+7A02
4451,税,U+7A0E
4452,稈,U+7A08
4453,程,U+7A0B
4454,稌,U+7A0C
4455,稍,U+7A0D
4456,稊,U+7A0A
4457,稔,U+7A14
4458,稗,U+7A17
4459,稙,U+7A19
4460,稚,U+7A1A
4461,稛,U+7A1B
4462,稜,U+7A1C
4463,稟,U+7A1F
4464,稠,U+7A20
4465,稭,U+7A2D
4466,稹,U+7A39
4467,種,U+7A2E
4468,稱,U+7A31
4469,稷,U+7A37
4470,稻,U+7A3B
4471,稼,U+7A3C
4472,稽,U+7A3D
4473,稿,U+7A3F
4474,穀,U+7A40
4475,穄,U+7A44
4476,穆,U+7A46
4477,穉,U+7A49
4478,穋,U+7A4B
4479,穌,U+7A4C
4480,積,U+7A4D
4481,穎,U+7A4E
4482,穗,U+7A57
4483,穜,U+7A5C
4484,穡,U+7A61
4485,穟,U+7A5F
4486,穢,U+7A62
4487,穠,U+7A60
4488,穨,U+7A68
4489,穩,U+7A69
4490,穫,U+7A6B
4491,穭,U+7A6D
4492,穰,U+7A70
4494,穴,U+7A74
4495,穵,U+7A75
4496,究,U+7A76
4497,穸,U+7A78
4498,穹,U+7A79
4499,突,U+7A81
4500,空,U+7A7A
4501,穽,U+7A7D
4502,穿,U+7A7F
4503,窀,U+7A80
4504,窄,U+7A84
4505,窅,U+7A85
4506,窆,U+7A86
4507,窈,U+7A88
4508,窋,U+7A8B
4509,窊,U+7A8A
4510,窒,U+7A92
4511,窕,U+7A95
4512,窖,U+7A96
4513,窞,U+7A9E
4514,窗,U+7A97
4515,窘,U+7A98
4516,窟,U+7A9F
4517,窠,U+7AA0
4518,窨,U+7AA8
4519,窩,U+7AA9
4520,窪,U+7AAA
4521,窬,U+7AAC
4522,窮,U+7AAE
4523,窰,U+7AB0
4524,窳,U+7AB3
4525,窵,U+7AB5
4526,窶,U+7AB6
4527,窸,U+7AB8
4528,窣,U+7AA3
4529,窺,U+7ABA
4530,窾,U+7ABE
4531,竂,U+7AC2
4532,竁,U+7AC1
4533,竄,U+7AC4
4534,竅,U+7AC5
4535,竇,U+7AC7
4536,竈,U+7AC8
4537,竊,U+7ACA
4539,立,U+7ACB
4540,竑,U+7AD1
4541,站,U+7AD9
4542,竚,U+7ADA
4543,竝,U+7ADD
4544,竟,U+7ADF
4545,章,U+7AE0
4546,竣,U+7AE3
4547,童,U+7AE5
4548,竦,U+7AE6
4549,竪,U+7AEA
4550,竭,U+7AED
4551,端,U+7AEF
4552,競,U+7AF6
4554,竹,U+7AF9
4555,竺,U+7AFA
4556,竽,U+7AFD
4557,竿,U+7AFF
4558,笄,U+7B04
4559,笈,U+7B08
4560,笊,U+7B0A
4561,笏,U+7B0F
4562,笑,U+7B11
4563,笙,U+7B19
4564,笛,U+7B1B
4565,笞,U+7B1E
4566,笤,U+7B24
4567,笠,U+7B20
4568,笥,U+7B25
4569,符,U+7B26
4570,笨,U+7B28
4571,笋,U+7B0B
4572,笪,U+7B2A
4573,笫,U+7B2B
4574,第,U+7B2C
4575,笮,U+7B2E
4576,笆,U+7B06
4577,笎,U+7B0E
4578,笱,U+7B31
4579,笳,U+7B33
4580,筅,U+7B45
4581,筆,U+7B46
4582,筇,U+7B47
4583,等,U+7B49
4584,筊,U+7B4A
4585,筋,U+7B4B
4586,筌,U+7B4C
4587,筍,U+7B4D
4588,筎,U+7B4E
4589,筏,U+7B4F
4590,筐,U+7B50
4591,筑,U+7B51
4592,筒,U+7B52
4593,筓,U+7B53
4594,答,U+7B54
4595,策,U+7B56
4596,筠,U+7B60
4597,筤,U+7B64
4598,筥,U+7B65
4599,筦,U+7B66
4600,筧,U+7B67
4601,筩,U+7B69
4602,筮,U+7B6E
4603,筲,U+7B72
4604,筴,U+7B74
4605,筵,U+7B75
4606,筯,U+7B6F
4607,筱,U+7B71
4608,箋,U+7B8B
4609,箎,U+7B8E
4610,箂,U+7B82
4611,箍,U+7B8D
4612,箇,U+7B87
4613,箔,U+7B94
4614,箕,U+7B95
4615,算,U+7B97
4616,箛,U+7B9B
4617,箝,U+7B9D
4618,箠,U+7BA0
4619,管,U+7BA1
4620,箏,U+7B8F
4621,箐,U+7B90
4622,箒,U+7B92
4623,箑,U+7B91
4624,箘,U+7B98
4625,箜,U+7B9C
4626,箊,U+7B8A
4627,箬,U+7BAC
4628,箭,U+7BAD
4629,箯,U+7BAF
4630,箱,U+7BB1
4631,箴,U+7BB4
4632,箸,U+7BB8
4633,箾,U+7BBE
4634,節,U+7BC0
4635,篁,U+7BC1
4636,範,U+7BC4
4637,篆,U+7BC6
4638,篇,U+7BC7
4639,築,U+7BC9
4640,篋,U+7BCB
4641,篘,U+7BD8
4642,篔,U+7BD4
4643,篙,U+7BD9
4644,篚,U+7BDA
4645,篝,U+7BDD
4646,篠,U+7BE0
4647,篡,U+7BE1
4648,篤,U+7BE4
4649,簑,U+7C11
4650,篧,U+7BE7
4651,篨,U+7BE8
4652,篩,U+7BE9
4653,篦,U+7BE6
4654,篪,U+7BEA
4655,篲,U+7BF2
4656,篳,U+7BF3
4657,篺,U+7BFA
4658,篴,U+7BF4
4659,篷,U+7BF7
4660,簀,U+7C00
4661,簆,U+7C06
4662,簇,U+7C07
4663,簋,U+7C0B
4664,簍,U+7C0D
4665,簌,U+7C0C
4666,簏,U+7C0F
4667,篌,U+7BCC
4668,篾,U+7BFE
4669,簃,U+7C03
4670,簚,U+7C1A
4671,簜,U+7C1C
4672,簟,U+7C1F
4673,簞,U+7C1E
4674,簠,U+7C20
4675,簡,U+7C21
4676,簣,U+7C23
4677,簥,U+7C25
4678,簦,U+7C26
4679,簧,U+7C27
4680,簨,U+7C28
4681,簪,U+7C2A
4682,簫,U+7C2B
4683,簷,U+7C37
4684,簸,U+7C38
4685,簵,U+7C35
4686,簻,U+7C3B
4687,簽,U+7C3D
4688,簾,U+7C3E
4689,簿,U+7C3F
4690,簴,U+7C34
4691,籃,U+7C43
4692,籊,U+7C4A
4693,籌,U+7C4C
4694,籍,U+7C4D
4695,籄,U+7C44
4696,籐,U+7C50
4697,籔,U+7C54
4698,籓,U+7C53
4699,籀,U+7C40
4700,籙,U+7C59
4701,籚,U+7C5A
4702,籛,U+7C5B
4703,籜,U+7C5C
4704,籟,U+7C5F
4705,籠,U+7C60
4706,籤,U+7C64
4707,籥,U+7C65
4708,籨,U+7C68
4709,籧,U+7C67
4710,籩,U+7C69
4711,籫,U+7C6B
4712,籮,U+7C6E
4713,籬,U+7C6C
4714,籯,U+7C6F
4715,籲,U+7C72
4716,篰,U+7BF0
4717,米,U+7C73
4718,粃,U+7C83
4719,籹,U+7C79
4720,粉,U+7C89
4721,粒,U+7C92
4722,粕,U+7C95
4723,粗,U+7C97
4724,粘,U+7C98
4725,粟,U+7C9F
4726,粢,U+7CA2
4727,粤,U+7CA4
4728,粥,U+7CA5
4729,粦,U+7CA6
4730,粧,U+7CA7
4731,粱,U+7CB1
4732,粲,U+7CB2
4733,粹,U+7CB9
4734,粳,U+7CB3
4735,粺,U+7CBA
4736,粼,U+7CBC
4737,精,U+7CBE
4738,糈,U+7CC8
4739,糊,U+7CCA
4740,糉,U+7CC9
4741,糕,U+7CD5
4742,糇,U+7CC7
4743,糖,U+7CD6
4744,糗,U+7CD7
4745,糜,U+7CDC
4746,糝,U+7CDD
4747,糞,U+7CDE
4748,糟,U+7CDF
4749,糠,U+7CE0
4750,糓,U+7CD3
4751,糙,U+7CD9
4752,糧,U+7CE7
4753,糦,U+7CE6
4754,糯,U+7CEF
4755,糲,U+7CF2
4756,糴,U+7CF4
4757,糳,U+7CF3
4758,糵,U+7CF5
4759,糶,U+7CF6
4760,糎,U+7CCE
4761,糸,U+7CF8
4762,系,U+7CFB
4763,糾,U+7CFE
4764,紀,U+7D00
4765,紂,U+7D02
4766,約,U+7D04
4767,紅,U+7D05
4768,紆,U+7D06
4769,紇,U+7D07
4770,紈,U+7D08
4771,紉,U+7D09
4772,紊,U+7D0A
4773,紋,U+7D0B
4774,紵,U+7D35
4775,紖,U+7D16
4776,紏,U+7D0F
4777,紝,U+7D1D
4778,紞,U+7D1E
4779,紽,U+7D3D
4780,納,U+7D0D
4781,紐,U+7D10
4782,紓,U+7D13
4783,純,U+7D14
4784,紗,U+7D17
4785,紘,U+7D18
4786,紙,U+7D19
4787,級,U+7D1A
4788,紛,U+7D1B
4789,紜,U+7D1C
4790,素,U+7D20
4791,紡,U+7D21
4792,索,U+7D22
4793,紫,U+7D2B
4794,紩,U+7D29
4795,紬,U+7D2C
4796,紮,U+7D2E
4797,累,U+7D2F
4798,細,U+7D30
4799,紲,U+7D32
4800,紳,U+7D33
4801,紹,U+7D39
4802,紺,U+7D3A
4803,紼,U+7D3C
4804,紾,U+7D3E
4805,紿,U+7D3F
4806,絀,U+7D40
4807,終,U+7D42
4808,絃,U+7D43
4809,組,U+7D44
4810,絆,U+7D46
4811,紱,U+7D31
4812,絅,U+7D45
4813,絏,U+7D4F
4814,結,U+7D50
4815,絶,U+7D76
4816,絛,U+7D5B
4817,絜,U+7D5C
4818,絝,U+7D5D
4819,絞,U+7D5E
4820,絡,U+7D61
4821,絢,U+7D62
4822,給,U+7D66
4823,絨,U+7D68
4824,絪,U+7D6A
4825,絮,U+7D6E
4826,絰,U+7D70
4827,統,U+7D71
4828,絲,U+7D72
4829,絳,U+7D73
4830,絖,U+7D56
4831,絹,U+7D79
4832,絺,U+7D7A
4833,絿,U+7D7F
4834,綁,U+7D81
4835,綈,U+7D88
4836,綉,U+7D89
4837,綆,U+7D86
4838,綌,U+7D8C
4839,綍,U+7D8D
4840,綏,U+7D8F
4841,綑,U+7D91
4842,經,U+7D93
4843,綃,U+7D83
4844,綜,U+7D9C
4845,綠,U+7DA0
4846,綢,U+7DA2
4847,綦,U+7DA6
4848,綫,U+7DAB
4849,綬,U+7DAC
4850,維,U+7DAD
4851,綮,U+7DAE
4852,綰,U+7DB0
4853,網,U+7DB2
4854,綱,U+7DB1
4855,綳,U+7DB3
4856,綴,U+7DB4
4857,綵,U+7DB5
4858,綸,U+7DB8
4859,綹,U+7DB9
4860,綺,U+7DBA
4861,綻,U+7DBB
4862,綽,U+7DBD
4863,緅,U+7DC5
4864,緌,U+7DCC
4865,緎,U+7DCE
4866,綾,U+7DBE
4867,緇,U+7DC7
4868,緊,U+7DCA
4869,緋,U+7DCB
4870,綣,U+7DA3
4871,綯,U+7DAF
4872,緒,U+7DD2
4873,緘,U+7DD8
4874,緝,U+7DDD
4875,綿,U+7DBF
4876,緞,U+7DDE
4877,締,U+7DE0
4878,緣,U+7DE3
4879,緤,U+7DE4
4880,緦,U+7DE6
4881,緵,U+7DF5
4882,編,U+7DE8
4883,緩,U+7DE9
4884,緬,U+7DEC
4885,緯,U+7DEF
4886,練,U+7DF4
4887,緻,U+7DFB
4888,縕,U+7E15
4889,緗,U+7DD7
4890,緙,U+7DD9
4891,緡,U+7DE1
4892,緥,U+7DE5
4893,緲,U+7DF2
4894,縏,U+7E0F
4895,緹,U+7DF9
4896,縈,U+7E08
4897,縉,U+7E09
4898,縊,U+7E0A
4899,縋,U+7E0B
4900,縐,U+7E10
4901,縗,U+7E17
4902,縛,U+7E1B
4903,縝,U+7E1D
4904,縟,U+7E1F
4905,縣,U+7E23
4906,縑,U+7E11
4907,繁,U+7E41
4908,縞,U+7E1E
4909,縠,U+7E20
4910,縢,U+7E22
4911,縫,U+7E2B
4912,縱,U+7E31
4913,縲,U+7E32
4914,縳,U+7E33
4915,縵,U+7E35
4916,縶,U+7E36
4917,縷,U+7E37
4918,縹,U+7E39
4919,縻,U+7E3B
4920,總,U+7E3D
4921,績,U+7E3E
4922,繄,U+7E44
4923,繅,U+7E45
4924,繆,U+7E46
4925,繇,U+7E47
4926,縭,U+7E2D
4927,縰,U+7E30
4928,縴,U+7E34
4929,繦,U+7E66
4930,織,U+7E54
4931,繕,U+7E55
4932,繙,U+7E59
4933,繚,U+7E5A
4934,繐,U+7E50
4935,繞,U+7E5E
4936,繢,U+7E62
4937,繡,U+7E61
4938,繒,U+7E52
4939,繩,U+7E69
4940,繪,U+7E6A
4941,繫,U+7E6B
4942,繭,U+7E6D
4943,繮,U+7E6E
4944,繯,U+7E6F
4945,繳,U+7E73
4946,繹,U+7E79
4947,辮,U+8FAE
4948,繻,U+7E7B
4949,繼,U+7E7C
4950,纁,U+7E81
4951,纂,U+7E82
4952,繽,U+7E7D
4953,繾,U+7E7E
4954,纆,U+7E86
4955,纇,U+7E87
4956,纈,U+7E88
4957,纘,U+7E98
4958,續,U+7E8C
4959,纍,U+7E8D
4960,纖,U+7E96
4961,纏,U+7E8F
4962,纊,U+7E8A
4963,纑,U+7E91
4964,纓,U+7E93
4965,纔,U+7E94
4966,纛,U+7E9B
4967,纚,U+7E9A
4968,纜,U+7E9C
4969,縧,U+7E27
4970,缶,U+7F36
4971,缸,U+7F38
4972,缺,U+7F3A
4973,缾,U+7F3E
4974,罀,U+7F40
4975,罃,U+7F43
4976,罁,U+7F41
4977,罄,U+7F44
4978,罅,U+7F45
4979,罇,U+7F47
4980,罋,U+7F4B
4981,罌,U+7F4C
4982,罍,U+7F4D
4983,罏,U+7F4F
4984,罐,U+7F50
4985,罆,U+7F46
4986,网,U+7F51
4987,罔,U+7F54
4988,罕,U+7F55
4989,罘,U+7F58
4990,罛,U+7F5B
4991,罝,U+7F5D
4992,罟,U+7F5F
4993,罡,U+7F61
4994,罣,U+7F63
4995,罥,U+7F65
4996,罩,U+7F69
4997,罪,U+7F6A
4998,罭,U+7F6D
4999,置,U+7F6E
5000,罰,U+7F70
5001,罨,U+7F68
5002,署,U+7F72
5003,罳,U+7F73
5004,罫,U+7F6B
5005,罶,U+7F76
5006,罵,U+7F75
5007,罷,U+7F77
5008,罹,U+7F79
5009,羃,U+7F83
5010,罽,U+7F7D
5011,罿,U+7F7F
5012,羅,U+7F85
5013,羆,U+7F86
5014,羇,U+7F87
5015,羈,U+7F88
5017,羊,U+7F8A
5018,羌,U+7F8C
5019,美,U+7F8E
5020,羑,U+7F91
5021,羔,U+7F94
5022,羖,U+7F96
5023,羜,U+7F9C
5024,羚,U+7F9A
5025,羝,U+7F9D
5026,羞,U+7F9E
5027,羢,U+7FA2
5028,羣,U+7FA3
5029,羨,U+7FA8
5030,義,U+7FA9
5031,羯,U+7FAF
5032,羲,U+7FB2
5033,羵,U+7FB5
5034,羶,U+7FB6
5035,羸,U+7FB8
5036,羹,U+7FB9
5037,羼,U+7FBC
5038,羽,U+7FBD
5039,翀,U+7FC0
5040,翁,U+7FC1
5041,翅,U+7FC5
5042,翊,U+7FCA
5043,翌,U+7FCC
5044,翎,U+7FCE
5045,習,U+7FD2
5046,翔,U+7FD4
5047,翕,U+7FD5
5048,翛,U+7FDB
5049,翟,U+7FDF
5050,翠,U+7FE0
5051,翡,U+7FE1
5052,翣,U+7FE3
5053,翥,U+7FE5
5054,翦,U+7FE6
5055,翩,U+7FE9
5056,翫,U+7FEB
5057,翬,U+7FEC
5058,翮,U+7FEE
5059,翯,U+7FEF
5060,翰,U+7FF0
5061,翳,U+7FF3
5062,翹,U+7FF9
5063,翱,U+7FF1
5064,翻,U+7FFB
5065,翼,U+7FFC
5066,翽,U+7FFD
5067,翾,U+7FFE
5068,翿,U+7FFF
5069,耀,U+8000
5071,老,U+8001
5072,考,U+8003
5073,耄,U+8004
5074,者,U+8005
5075,耆,U+8006
5076,耈,U+8008
5077,耋,U+800B
5079,而,U+800C
5080,耍,U+800D
5081,耎,U+800E
5082,耐,U+8010
5083,耑,U+8011
5085,耒,U+8012
5086,耔,U+8014
5087,耕,U+8015
5088,耗,U+8017
5089,耘,U+8018
5090,耙,U+8019
5091,耜,U+801C
5092,耝,U+801D
5093,耞,U+801E
5094,耡,U+8021
5095,耤,U+8024
5096,耦,U+8026
5097,耨,U+8028
5098,耯,U+802F
5099,耰,U+8030
5101,耳,U+8033
5102,耶,U+8036
5103,耻,U+803B
5104,耽,U+803D
5105,耿,U+803F
5106,聃,U+8043
5107,聆,U+8046
5108,聊,U+804A
5109,聒,U+8052
5110,聖,U+8056
5111,聘,U+8058
5112,聚,U+805A
5113,聞,U+805E
5114,聯,U+806F
5115,聰,U+8070
5116,聲,U+8072
5117,聳,U+8073
5118,聵,U+8075
5119,聶,U+8076
5120,職,U+8077
5121,聽,U+807D
5122,聾,U+807E
5124,聿,U+807F
5125,肄,U+8084
5126,肅,U+8085
5127,肆,U+8086
5128,肇,U+8087
5131,肉,U+8089
5132,肋,U+808B
5133,肌,U+808C
5134,肓,U+8093
5135,肖,U+8096
5136,肘,U+8098
5137,肚,U+809A
5138,肛,U+809B
5139,肝,U+809D
5140,股,U+80A1
5141,肢,U+80A2
5142,肥,U+80A5
5143,肧,U+80A7
5144,肩,U+80A9
5145,肫,U+80AB
5146,肯,U+80AF
5147,肱,U+80B1
5148,育,U+80B2
5149,肴,U+80B4
5150,肸,U+80B8
5151,肺,U+80BA
5152,胃,U+80C3
5153,胄,U+80C4
5154,背,U+80CC
5155,胗,U+80D7
5156,胔,U+80D4
5157,胍,U+80CD
5158,胎,U+80CE
5159,胏,U+80CF
5160,胖,U+80D6
5161,胙,U+80D9
5162,胚,U+80DA
5163,胛,U+80DB
5164,胝,U+80DD
5165,胞,U+80DE
5166,胟,U+80DF
5167,胠,U+80E0
5168,胭,U+80ED
5169,胯,U+80EF
5170,胡,U+80E1
5171,胥,U+80E5
5172,胸,U+80F8
5173,胼,U+80FC
5174,能,U+80FD
5175,胾,U+80FE
5176,脂,U+8102
5177,脃,U+8103
5178,脅,U+8105
5179,脇,U+8107
5180,胱,U+80F1
5181,脈,U+8108
5182,脊,U+810A
5183,脚,U+811A
5184,脘,U+8118
5185,脛,U+811B
5186,脞,U+811E
5187,脤,U+8124
5188,脣,U+8123
5189,脧,U+8127
5190,脩,U+8129
5191,脥,U+8125
5192,脱,U+8131
5193,脬,U+812C
5194,脯,U+812F
5195,脹,U+8139
5196,脾,U+813E
5197,腆,U+8146
5198,腊,U+814A
5199,腋,U+814B
5200,腎,U+814E
5201,腐,U+8150
5202,腑,U+8151
5203,腓,U+8153
5204,腔,U+8154
5205,腕,U+8155
5206,腥,U+8165
5207,腦,U+8166
5208,腴,U+8174
5209,腫,U+816B
5210,腮,U+816E
5211,腯,U+816F
5212,腰,U+8170
5213,腱,U+8171
5214,腸,U+8178
5215,腹,U+8179
5216,腠,U+8160
5217,腿,U+817F
5218,膀,U+8180
5219,膂,U+8182
5220,膋,U+818B
5221,膏,U+818F
5223,腳,U+8173
5224,膈,U+8188
5225,膊,U+818A
5226,膕,U+8195
5227,膚,U+819A
5228,膛,U+819B
5229,膜,U+819C
5230,膝,U+819D
5231,膠,U+81A0
5232,膩,U+81A9
5233,膰,U+81B0
5234,膳,U+81B3
5235,膺,U+81BA
5236,膴,U+81B4
5237,膽,U+81BD
5238,膻,U+81BB
5239,膾,U+81BE
5240,膿,U+81BF
5241,臀,U+81C0
5242,臂,U+81C2
5243,臄,U+81C4
5244,臆,U+81C6
5245,臉,U+81C9
5246,臊,U+81CA
5247,臍,U+81CD
5248,臘,U+81D8
5249,臙,U+81D9
5250,臑,U+81D1
5251,臚,U+81DA
5252,臝,U+81DD
5253,臟,U+81DF
5254,臠,U+81E0
5255,胤,U+80E4
5256,臣,U+81E3
5257,臥,U+81E5
5258,臧,U+81E7
5259,臨,U+81E8
5261,自,U+81EA
5262,臬,U+81EC
5263,臭,U+81ED
5264,臯,U+81EF
5265,臲,U+81F2
5267,至,U+81F3
5268,致,U+81F4
5269,臶,U+81F6
5270,臺,U+81FA
5271,臻,U+81FB
5273,臼,U+81FC
5274,臾,U+81FE
5275,舁,U+8201
5276,舀,U+8200
5277,舂,U+8202
5278,舃,U+8203
5279,舅,U+8205
5280,與,U+8207
5281,興,U+8208
5282,舉,U+8209
5283,舊,U+820A
5284,舋,U+820B
5286,舌,U+820C
5287,舍,U+820D
5288,舐,U+8210
5289,舒,U+8212
5290,舘,U+8218
5291,舖,U+8216
5292,舛,U+821B
5293,舜,U+821C
5294,舞,U+821E
5295,舝,U+821D
5297,舟,U+821F
5298,舠,U+8220
5299,舡,U+8221
5300,航,U+822A
5301,般,U+822C
5302,舫,U+822B
5303,舩,U+8229
5304,舷,U+8237
5305,舵,U+8235
5306,舶,U+8236
5307,船,U+8239
5308,舸,U+8238
5309,舲,U+8232
5310,舳,U+8233
5311,舴,U+8234
5312,艇,U+8247
5313,艋,U+824B
5314,艄,U+8244
5315,艖,U+8256
5316,艗,U+8257
5317,艎,U+824E
5318,艘,U+8258
5319,艙,U+8259
5320,艤,U+8264
5321,艟,U+825F
5322,艨,U+8268
5323,艭,U+826D
5324,艦,U+8266
5325,艫,U+826B
5327,艮,U+826E
5328,良,U+826F
5329,艱,U+8271
5331,色,U+8272
5332,艴,U+8274
5333,艷,U+8277
5334,蓢,U+84E2
5335,艸,U+8278
5336,艽,U+827D
5337,艾,U+827E
5338,芃,U+8283
5339,芄,U+8284
5340,芊,U+828A
5341,芋,U+828B
5342,芍,U+828D
5343,芎,U+828E
5344,𦬊,U+26B0A
5345,芒,U+8292
5346,芙,U+8299
5347,芝,U+829D
5348,芟,U+829F
5349,芡,U+82A1
5350,芣,U+82A3
5351,芤,U+82A4
5352,芧,U+82A7
5353,芨,U+82A8
5354,芥,U+82A5
5355,芩,U+82A9
5356,芪,U+82AA
5357,芫,U+82AB
5358,芬,U+82AC
5359,芭,U+82AD
5360,芮,U+82AE
5361,芯,U+82AF
5362,芰,U+82B0
5363,花,U+82B1
5364,芳,U+82B3
5365,芷,U+82B7
5366,芸,U+82B8
5367,芹,U+82B9
5368,芻,U+82BB
5369,芼,U+82BC
5370,芽,U+82BD
5371,苐,U+82D0
5372,芾,U+82BE
5373,苑,U+82D1
5374,茆,U+8306
5375,苒,U+82D2
5376,苓,U+82D3
5377,苔,U+82D4
5378,苕,U+82D5
5379,苗,U+82D7
5380,苙,U+82D9
5381,苛,U+82DB
5382,苜,U+82DC
5383,苞,U+82DE
5384,苟,U+82DF
5385,苣,U+82E3
5386,苡,U+82E1
5387,若,U+82E5
5388,苦,U+82E6
5389,苧,U+82E7
5390,苫,U+82EB
5391,英,U+82F1
5392,苴,U+82F4
5393,苹,U+82F9
5394,苻,U+82FB
5395,苽,U+82FD
5396,苾,U+82FE
5397,茀,U+8300
5398,茁,U+8301
5399,茂,U+8302
5400,范,U+8303
5401,茄,U+8304
5402,茈,U+8308
5403,茅,U+8305
5404,茇,U+8307
5405,苢,U+82E2
5406,茉,U+8309
5407,茗,U+8317
5408,荔,U+8354
5409,茜,U+831C
5410,茢,U+8322
5411,茦,U+8326
5412,茨,U+8328
5413,茫,U+832B
5414,茭,U+832D
5415,茯,U+832F
5416,茱,U+8331
5417,茲,U+8332
5418,茴,U+8334
5419,茵,U+8335
5420,茶,U+8336
5421,茷,U+8337
5422,茸,U+8338
5423,茹,U+8339
5424,荀,U+8340
5425,荃,U+8343
5426,萄,U+8404
5427,荊,U+834A
5428,荸,U+8378
5429,荇,U+8347
5430,草,U+8349
5431,荍,U+834D
5432,荏,U+834F
5433,荐,U+8350
5434,荑,U+8351
5435,荒,U+8352
5436,茝,U+831D
5437,荄,U+8344
5438,莛,U+839B
5439,荳,U+8373
5440,荷,U+8377
5441,荻,U+837B
5442,荼,U+837C
5443,荽,U+837D
5444,莅,U+8385
5445,莊,U+838A
5446,莎,U+838E
5447,莒,U+8392
5448,莓,U+8393
5449,莖,U+8396
5450,莘,U+8398
5451,莞,U+839E
5452,莠,U+83A0
5453,莢,U+83A2
5454,莧,U+83A7
5455,莆,U+8386
5456,莨,U+83A8
5457,莩,U+83A9
5458,莪,U+83AA
5459,莫,U+83AB
5460,菟,U+83DF
5461,莉,U+8389
5462,莽,U+83BD
5463,菀,U+83C0
5464,菁,U+83C1
5465,菅,U+83C5
5466,菇,U+83C7
5467,菉,U+83C9
5468,菊,U+83CA
5469,菑,U+83D1
5470,菓,U+83D3
5471,菖,U+83D6
5472,菔,U+83D4
5473,菘,U+83D8
5474,菠,U+83E0
5475,菜,U+83DC
5476,菩,U+83E9
5477,堇,U+5807
5478,華,U+83EF
5479,菰,U+83F0
5480,菱,U+83F1
5481,菲,U+83F2
5482,菴,U+83F4
5483,菶,U+83F6
5484,菹,U+83F9
5485,菼,U+83FC
5486,菽,U+83FD
5487,萁,U+8401
5488,萃,U+8403
5489,萆,U+8406
5490,萊,U+840A
5491,萋,U+840B
5492,萌,U+840C
5493,萍,U+840D
5494,萎,U+840E
5495,萑,U+8411
5496,菡,U+83E1
5497,菌,U+83CC
5498,萩,U+8429
5499,萐,U+8410
5500,萇,U+8407
5501 9795,萼,U+843C
5502,萬,U+842C
5503,萱,U+8431
5504,萵,U+8435
5505,萸,U+8438
5506,萹,U+8439
5507,落,U+843D
5508,葆,U+8446
5509,葉,U+8449
5510,葍,U+844D
5511,著,U+8457
5512,葘,U+8458
5513,葚,U+845A
5514,葛,U+845B
5515,葡,U+8461
5516,董,U+8463
5517,葦,U+8466
5518,葩,U+8469
5519,葫,U+846B
5520,葬,U+846C
5521,葭,U+846D
5522,葯,U+846F
5523,葱,U+8471
5524,葳,U+8473
5525,葵,U+8475
5526,葷,U+8477
5527,葸,U+8478
5528,葺,U+847A
5529,葽,U+847D
5530,蒂,U+8482
5531,葑,U+8451
5532,葹,U+8479
5533,蒐,U+8490
5534,葊,U+844A
5535,蒔,U+8494
5536,蒙,U+8499
5537,蒜,U+849C
5538,蒡,U+84A1
5539,蒞,U+849E
5540,蒟,U+849F
5541,蒨,U+84A8
5542,蒭,U+84AD
5543,蒲,U+84B2
5544,蒸,U+84B8
5545,蒹,U+84B9
5546,蒺,U+84BA
5547,蒼,U+84BC
5548,蒿,U+84BF
5549,蓀,U+84C0
5550,蓁,U+84C1
5551,蓂,U+84C2
5552,蓄,U+84C4
5553,蓆,U+84C6
5554,蓉,U+84C9
5555,蓊,U+84CA
5556,蓋,U+84CB
5557,蓌,U+84CC
5558,蓍,U+84CD
5560,蓑,U+84D1
5561,蔀,U+8500
5562,蓐,U+84D0
5563,蓓,U+84D3
5564,蓞,U+84DE
5565,蔌,U+850C
5566,蒯,U+84AF
5567,蒱,U+84B1
5568,蓧,U+84E7
5569,蓫,U+84EB
5570,蓬,U+84EC
5571,蓮,U+84EE
5572,蓰,U+84F0
5573,蒓,U+8493
5574,蓴,U+84F4
5575,蔻,U+853B
5576,蓺,U+84FA
5577,薌,U+858C
5578,蓼,U+84FC
5579,蔆,U+8506
5580,蔇,U+8507
5581,蓿,U+84FF
5582,蔂,U+8502
5583,蔑,U+8511
5584,蔒,U+8512
5585,蔓,U+8513
5586,蔕,U+8515
5587,蔗,U+8517
5588,蔚,U+851A
5589,蔞,U+851E
5590,蔟,U+851F
5591,蔡,U+8521
5592,蔣,U+8523
5593,蔭,U+852D
5594,蔴,U+8534
5595,蔥,U+8525
5596,蔦,U+8526
5597,蔔,U+8514
5598,蓽,U+84FD
5599,蔽,U+853D
5600,蔬,U+852C
5601,蕺,U+857A
5602,蔾,U+853E
5603,蕃,U+8543
5604,蕉,U+8549
5605,蕊,U+854A
5606,蕎,U+854E
5607,蕕,U+8555
5608,蕖,U+8556
5609,蕘,U+8558
5610,蕙,U+8559
5611,蕝,U+855D
5612,蕞,U+855E
5613,蕡,U+8561
5614,蕢,U+8562
5615,蕨,U+8568
5616,蕩,U+8569
5617,蕪,U+856A
5618,蕭,U+856D
5619,薀,U+8580
5620,薯,U+85AF
5621,蕆,U+8546
5622,蕈,U+8548
5623,蕳,U+8573
5624,蕤,U+8564
5625,薁,U+8581
5626,蕷,U+8577
5627,蕸,U+8578
5628,蕾,U+857E
5629,薐,U+8590
5630,薢,U+85A2
5631,薄,U+8584
5632,薅,U+8585
5633,薇,U+8587
5634,薈,U+8588
5635,薉,U+8589
5636,薊,U+858A
5637,薑,U+8591
5638,薔,U+8594
5639,薖,U+8596
5640,薙,U+8599
5641,薛,U+859B
5642,孽,U+5B7D
5643,薜,U+859C
5644,薦,U+85A6
5645,薨,U+85A8
5646,薩,U+85A9
5647,薪,U+85AA
5648,薤,U+85A4
5649,蘖,U+8616
5650,薏,U+858F
5651,薰,U+85B0
5652,薳,U+85B3
5653,薹,U+85B9
5654,薺,U+85BA
5655,薽,U+85BD
5656,薿,U+85BF
5657,藄,U+85C4
5658,藇,U+85C7
5659,藉,U+85C9
5660,藎,U+85CE
5661,藏,U+85CF
5662,藐,U+85D0
5663,藍,U+85CD
5664,藁,U+85C1
5665,藕,U+85D5
5666,蔿,U+853F
5667,藚,U+85DA
5668,藜,U+85DC
5669,藝,U+85DD
5670,藟,U+85DF
5671,藤,U+85E4
5672,藩,U+85E9
5673,藥,U+85E5
5674,藪,U+85EA
5675,藷,U+85F7
5676,藹,U+85F9
5677,藺,U+85FA
5678,蘈,U+8608
5679,藻,U+85FB
5680,藾,U+85FE
5681,藿,U+85FF
5682,蘄,U+8604
5683,蘅,U+8605
5684,蘆,U+8606
5685,蘇,U+8607
5686,藴,U+85F4
5687,蘂,U+8602
5688,虁,U+8641
5689,蘋,U+860B
5690,蘀,U+8600
5691,蘚,U+861A
5692,蘞,U+861E
5693,蘢,U+8622
5694,蘩,U+8629
5695,蘭,U+862D
5696,蘨,U+8628
5697,虀,U+8640
5698,蘧,U+8627
5699,蘸,U+8638
5700,蘿,U+863F
5701,蘼,U+863C
5702,虉,U+8649
5703,虆,U+8646
5704,蘑,U+8611
5705,虍,U+864D
5706,虎,U+864E
5707,虐,U+8650
5708,虓,U+8653
5709,虔,U+8654
5710,處,U+8655
5711,虛,U+865B
5712,虜,U+865C
5713,虞,U+865E
5714,號,U+865F
5715,虡,U+8661
5716,虢,U+8662
5717,虥,U+8665
5718,虣,U+8663
5719,虧,U+8667
5720,虩,U+8669
5722,虫,U+866B
5723,虱,U+8671
5724,虯,U+866F
5725,虹,U+8679
5726,虺,U+867A
5727,蚓,U+8693
5728,蚔,U+8694
5729,𧉕,U+27255
5730,蚊,U+868A
5731,蚋,U+868B
5732,蚌,U+868C
5733,蚣,U+86A3
5734,蚤,U+86A4
5735,蚧,U+86A7
5736,蚩,U+86A9
5737,蚪,U+86AA
5738,蚨,U+86A8
5739,蚯,U+86AF
5740,蚰,U+86B0
5741,蚱,U+86B1
5742,蚳,U+86B3
5743,蚶,U+86B6
5744,蚒,U+8692
5745,蛄,U+86C4
5746,蛀,U+86C0
5747,蛆,U+86C6
5748,蛇,U+86C7
5749,蛉,U+86C9
5750,蛑,U+86D1
5751,蛋,U+86CB
5752,蛙,U+86D9
5753,蛛,U+86DB
5754,蛟,U+86DF
5755,蛣,U+86E3
5756,蛤,U+86E4
5757,蛩,U+86E9
5758,蛺,U+86FA
5759,蛭,U+86ED
5760,蛾,U+86FE
5761,蜹,U+8739
5762,蜂,U+8702
5763,蜃,U+8703
5764,蜇,U+8707
5765,蜈,U+8708
5766,蜋,U+870B
5767,蜓,U+8713
5768,蛸,U+86F8
5769,蛹,U+86F9
5770,蜕,U+8715
5771,蜀,U+8700
5772,蜉,U+8709
5773,蜍,U+870D
5774,蜊,U+870A
5775,蜎,U+870E
5776,蜘,U+8718
5777,蜚,U+871A
5778,蜜,U+871C
5779,蜡,U+8721
5780,蜣,U+8723
5781,蜩,U+8729
5782,蜥,U+8725
5783,蜺,U+873A
5784,蝃,U+8743
5785,蜴,U+8734
5786,蜞,U+871E
5787,蝀,U+8740
5788,螂,U+8782
5789,蜢,U+8722
5790,蜮,U+872E
5791,蝎,U+874E
5792,蝓,U+8753
5793,蝕,U+8755
5794,蝗,U+8757
5795,蝘,U+8758
5796,蝙,U+8759
5797,蝝,U+875D
5798,蝟,U+875F
5799,蝠,U+8760
5800,蝏,U+874F
5801,蝥,U+8765
5802,蝦,U+8766
5803,蝮,U+876E
5804,蝱,U+8771
5805,蝶,U+8776
5806,蜷,U+8737
5807,蟮,U+87EE
5808,蜻,U+873B
5809,蝌,U+874C
5810,蝨,U+8768
5811,蝡,U+8761
5812,蝣,U+8763
5813,蝤,U+8764
5814,蝴,U+8774
5815,蝸,U+8778
5816,融,U+878D
5817,螓,U+8793
5818,螞,U+879E
5819,螘,U+8798
5820,螟,U+879F
5821,螢,U+87A2
5822,螣,U+87A3
5823,螥,U+87A5
5824,螃,U+8783
5825,螄,U+8784
5826,螫,U+87AB
5827,螱,U+87B1
5828,螺,U+87BA
5829,螻,U+87BB
5830,螽,U+87BD
5831,螿,U+87BF
5832,蟄,U+87C4
5833,蟊,U+87CA
5834,螬,U+87AC
5835,螭,U+87AD
5836,螮,U+87AE
5837,螯,U+87AF
5838,螳,U+87B3
5839,蟀,U+87C0
5840,蟆,U+87C6
5841,蟈,U+87C8
5842,蟋,U+87CB
5843,蟣,U+87E3
5844,蟪,U+87EA
5845,蟒,U+87D2
5846,蟚,U+87DA
5847,蟠,U+87E0
5848,蟬,U+87EC
5849,蟲,U+87F2
5850,蟭,U+87ED
5851,蟹,U+87F9
5852,蟻,U+87FB
5853,蟾,U+87FE
5854,蟳,U+87F3
5855,蟶,U+87F6
5856,蠃,U+8803
5857,蟿,U+87FF
5858,蠁,U+8801
5859,蠅,U+8805
5860,蠆,U+8806
5861,蠍,U+880D
5862,蠕,U+8815
5863,蠖,U+8816
5864,蠛,U+881B
5865,蠜,U+881C
5866,蠟,U+881F
5867,蠡,U+8821
5868,蠢,U+8822
5869,蠣,U+8823
5870,蠨,U+8828
5871,蠹,U+8839
5872,蠱,U+8831
5873,蠲,U+8832
5874,蠶,U+8836
5875,蠻,U+883B
5876,虬,U+866C
5877,血,U+8840
5879,衁,U+8841
5880,衄,U+8844
5881,衅,U+8845
5882,衂,U+8842
5883,衆,U+8846
5884,衇,U+8847
5885,衊,U+884A
5887,行,U+884C
5888,衍,U+884D
5889,衎,U+884E
5890,術,U+8853
5891,衒,U+8852
5892,衕,U+8855
5893,衖,U+8856
5894,街,U+8857
5895,衙,U+8859
5896,衚,U+885A
5897,衝,U+885D
5898,衞,U+885E
5899,衡,U+8861
5900,衢,U+8862
5901,衜,U+885C
5902,衣,U+8863
5903,表,U+8868
5904,衫,U+886B
5905,衰,U+8870
5906,衲,U+8872
5907,衷,U+8877
5908,衺,U+887A
5909,衵,U+8875
5910,衽,U+887D
5911,衾,U+887E
5912,衿,U+887F
5913,袁,U+8881
5914,袈,U+8888
5915,袋,U+888B
5916,袍,U+888D
5917,袒,U+8892
5918,袖,U+8896
5919,袗,U+8897
5920,袜,U+889C
5921,袚,U+889A
5922,袞,U+889E
5923,袠,U+88A0
5924,袤,U+88A4
5925,袪,U+88AA
5926,被,U+88AB
5927,衭,U+886D
5928,袴,U+88B4
5929,袵,U+88B5
5930,袷,U+88B7
5931,袱,U+88B1
5932,裁,U+88C1
5933,裂,U+88C2
5934,裊,U+88CA
5935,裎,U+88CE
5936,裀,U+88C0
5937,裏,U+88CF
5938,裒,U+88D2
5939,裔,U+88D4
5940,裕,U+88D5
5941,裘,U+88D8
5942,裙,U+88D9
5943,補,U+88DC
5944,裝,U+88DD
5945,裟,U+88DF
5946,褎,U+890E
5947,裨,U+88E8
5948,裯,U+88EF
5949,裰,U+88F0
5950,裱,U+88F1
5951,裳,U+88F3
5952,裴,U+88F4
5953,裸,U+88F8
5954,裼,U+88FC
5955,裹,U+88F9
5956,製,U+88FD
5957,裾,U+88FE
5958,複,U+8907
5959,褊,U+890A
5960,褌,U+890C
5961,褉,U+8909
5962,褂,U+8902
5963,褪,U+892A
5964,褐,U+8910
5965,褓,U+8913
5966,褘,U+8918
5967,褙,U+8919
5968,褡,U+8921
5969,褚,U+891A
5970,褥,U+8925
5971,褧,U+8927
5972,褫,U+892B
5973,褰,U+8930
5974,褲,U+8932
5975,褦,U+8926
5976,褵,U+8935
5977,褶,U+8936
5978,褻,U+893B
5979,襃,U+8943
5980,襄,U+8944
5981,襋,U+894B
5982,襁,U+8941
5983,𧝞,U+2775E
5984,襖,U+8956
5985,襚,U+895A
5986,襌,U+894C
5987,襜,U+895C
5988,襞,U+895E
5989,襛,U+895B
5990,襝,U+895D
5991,襠,U+8960
5992,襟,U+895F
5993,襦,U+8966
5994,襪,U+896A
5995,襏,U+894F
5996,襤,U+8964
5997,褸,U+8938
5998,襫,U+896B
5999,襭,U+896D
6000,襯,U+896F
6001,襴,U+8974
6002,襲,U+8972
6003,襼,U+897C
6004,襶,U+8976
6005,裌,U+88CC
6006,襾,U+897E
6007,西,U+897F
6008,要,U+8981
6009,覃,U+8983
6010,覆,U+8986
6011,覇,U+8987
6012,覈,U+8988
6013,覊,U+898A
6015,見,U+898B
6016,規,U+898F
6017,覓,U+8993
6018,視,U+8996
6019,覘,U+8998
6020,覜,U+899C
6021,覡,U+89A1
6022,覦,U+89A6
6023,覩,U+89A9
6024,親,U+89AA
6025,覬,U+89AC
6026,覯,U+89AF
6027,覲,U+89B2
6028,覷,U+89B7
6029,𧢈,U+27888
6030,覺,U+89BA
6031,覽,U+89BD
6032,覿,U+89BF
6033,覥,U+89A5
6034,觀,U+89C0
6035,覼,U+89BC
6037,角,U+89D2
6038,觔,U+89D4
6039,觖,U+89D6
6040,觚,U+89DA
6041,觝,U+89DD
6042,觕,U+89D5
6043,解,U+89E3
6044,觥,U+89E5
6045,觩,U+89E9
6046,觫,U+89EB
6047,觭,U+89ED
6048,觱,U+89F1
6049,觳,U+89F3
6050,觴,U+89F4
6051,觸,U+89F8
6052,觶,U+89F6
6053,觼,U+89FC
6054,觿,U+89FF
6056,言,U+8A00
6057,訂,U+8A02
6058,訃,U+8A03
6059,訇,U+8A07
6060,計,U+8A08
6061,訊,U+8A0A
6062,討,U+8A0E
6063,訐,U+8A10
6064,訓,U+8A13
6065,訕,U+8A15
6066,訖,U+8A16
6067,託,U+8A17
6068,記,U+8A18
6069,訌,U+8A0C
6070,訏,U+8A0F
6071,訑,U+8A11
6072,訒,U+8A12
6073,訛,U+8A1B
6074,訝,U+8A1D
6075,訟,U+8A1F
6076,訣,U+8A23
6077,訥,U+8A25
6078,訪,U+8A2A
6079,許,U+8A31
6080,設,U+8A2D
6081,訩,U+8A29
6082,訢,U+8A22
6083,訴,U+8A34
6084,訶,U+8A36
6085,診,U+8A3A
6086,証,U+8A3C
6087,註,U+8A3B
6088,訾,U+8A3E
6089,詁,U+8A41
6090,詆,U+8A46
6091,詈,U+8A48
6092,詋,U+8A4B
6093,詎,U+8A4E
6094,詐,U+8A50
6095,詒,U+8A52
6096,詔,U+8A54
6097,評,U+8A55
6098,詖,U+8A56
6099,詘,U+8A58
6100,詛,U+8A5B
6101,詞,U+8A5E
6102,詠,U+8A60
6103,詡,U+8A61
6104,詢,U+8A62
6105,詣,U+8A63
6106,詤,U+8A64
6107,試,U+8A66
6108,詩,U+8A69
6109,詫,U+8A6B
6110,詬,U+8A6C
6111,詭,U+8A6D
6112,詮,U+8A6E
6113,詰,U+8A70
6114,話,U+8A71
6115,該,U+8A72
6116,詳,U+8A73
6117,詼,U+8A7C
6118,詿,U+8A7F
6119,誆,U+8A86
6120,誄,U+8A84
6121,誅,U+8A85
6122,誇,U+8A87
6123,詵,U+8A75
6124,詹,U+8A79
6125,誌,U+8A8C
6126,認,U+8A8D
6127,誐,U+8A90
6128,誑,U+8A91
6129,誓,U+8A93
6130,誕,U+8A95
6131,誘,U+8A98
6132,誚,U+8A9A
6133,語,U+8A9E
6134,誠,U+8AA0
6135,誡,U+8AA1
6136,誣,U+8AA3
6137,誤,U+8AA4
6138,誥,U+8AA5
6139,誦,U+8AA6
6140,誨,U+8AA8
6141,説,U+8AAC
6142,誰,U+8AB0
6143,課,U+8AB2
6144,誶,U+8AB6
6145,誹,U+8AB9
6146,誼,U+8ABC
6147,誾,U+8ABE
6148,調,U+8ABF
6149,諂,U+8AC2
6150,諄,U+8AC4
6151,談,U+8AC7
6152,諉,U+8AC9
6153,請,U+8ACB
6154,諍,U+8ACD
6155,諏,U+8ACF
6156,諒,U+8AD2
6157,諑,U+8AD1
6158,論,U+8AD6
6159,諗,U+8AD7
6160,諐,U+8AD0
6161,諛,U+8ADB
6162,諝,U+8ADD
6163,諞,U+8ADE
6164,諟,U+8ADF
6165,諠,U+8AE0
6166,諤,U+8AE4
6167,諦,U+8AE6
6168,諧,U+8AE7
6169,諫,U+8AEB
6170,諭,U+8AED
6171,諮,U+8AEE
6172,諱,U+8AF1
6173,諳,U+8AF3
6174,諷,U+8AF7
6175,諸,U+8AF8
6176,諺,U+8AFA
6177,諵,U+8AF5
6178,諼,U+8AFC
6179,諾,U+8AFE
6180,謀,U+8B00
6181,謁,U+8B01
6182,謂,U+8B02
6183,諜,U+8ADC
6184,諡,U+8AE1
6185,諴,U+8AF4
6186,諶,U+8AF6
6187,謄,U+8B04
6188,謅,U+8B05
6189,謆,U+8B06
6190,謇,U+8B07
6191,謌,U+8B0C
6192,謊,U+8B0A
6193,謎,U+8B0E
6194,謐,U+8B10
6195,謔,U+8B14
6196,謗,U+8B17
6197,謙,U+8B19
6198,謚,U+8B1A
6199,講,U+8B1B
6200,謝,U+8B1D
6201,謟,U+8B1F
6202,謡,U+8B21
6203,謏,U+8B0F
6204,謖,U+8B16
6205,謦,U+8B26
6206,謨,U+8B28
6207,謫,U+8B2B
6208,謬,U+8B2C
6209,謳,U+8B33
6210,謹,U+8B39
6211,謾,U+8B3E
6212,譁,U+8B41
6213,謿,U+8B3F
6214,證,U+8B49
6215,譌,U+8B4C
6216,譎,U+8B4E
6217,譏,U+8B4F
6218,譒,U+8B52
6219,譔,U+8B54
6220,譖,U+8B56
6221,識,U+8B58
6222,譙,U+8B59
6223,譚,U+8B5A
6224,譍,U+8B4D
6225,譜,U+8B5C
6226,警,U+8B66
6227,譟,U+8B5F
6228,譫,U+8B6B
6229,譬,U+8B6C
6230,譯,U+8B6F
6231,議,U+8B70
6232,譴,U+8B74
6233,護,U+8B77
6234,譸,U+8B78
6235,譽,U+8B7D
6236,讀,U+8B80
6237,譾,U+8B7E
6238,讁,U+8B81
6239,變,U+8B8A
6240,讌,U+8B8C
6241,讎,U+8B8E
6242,讋,U+8B8B
6243,讒,U+8B92
6244,讖,U+8B96
6245,讓,U+8B93
6246,讙,U+8B99
6247,讚,U+8B9A
6248,讛,U+8B9B
6249,讜,U+8B9C
6250,讞,U+8B9E
6251,讟,U+8B9F
6252,誯,U+8AAF
6253,谷,U+8C37
6254,谿,U+8C3F
6255,豁,U+8C41
6256,豄,U+8C44
6258,豆,U+8C46
6259,豈,U+8C48
6260,豋,U+8C4B
6261,豌,U+8C4C
6262,豉,U+8C49
6263,豇,U+8C47
6264,豎,U+8C4E
6265,豐,U+8C50
6266,豒,U+8C52
6267,豔,U+8C54
6268,豏,U+8C4F
6269,豕,U+8C55
6270,豚,U+8C5A
6271,豝,U+8C5D
6272,象,U+8C61
6273,豢,U+8C62
6274,豨,U+8C68
6275,豪,U+8C6A
6276,豫,U+8C6B
6277,豬,U+8C6C
6278,豭,U+8C6D
6279,豳,U+8C73
6280,豵,U+8C75
6282,豸,U+8C78
6283,豹,U+8C79
6284,豺,U+8C7A
6285,貂,U+8C82
6286,貆,U+8C86
6287,貅,U+8C85
6288,貉,U+8C89
6289,貊,U+8C8A
6290,貌,U+8C8C
6291,貍,U+8C8D
6292,貓,U+8C93
6293,貔,U+8C94
6294,貛,U+8C9B
6296,貝,U+8C9D
6297,貞,U+8C9E
6298,負,U+8CA0
6299,財,U+8CA1
6300,貢,U+8CA2
6301,貤,U+8CA4
6302,貧,U+8CA7
6303,貨,U+8CA8
6304,貪,U+8CAA
6305,販,U+8CA9
6306,貫,U+8CAB
6307,責,U+8CAC
6308,貯,U+8CAF
6309,貲,U+8CB2
6310,貳,U+8CB3
6311,貴,U+8CB4
6312,貶,U+8CB6
6313,貸,U+8CB8
6314,買,U+8CB7
6315,貺,U+8CBA
6316,費,U+8CBB
6317,貼,U+8CBC
6318,貽,U+8CBD
6319,貿,U+8CBF
6320,賀,U+8CC0
6321,賁,U+8CC1
6322,貰,U+8CB0
6323,賂,U+8CC2
6324,賃,U+8CC3
6325,賄,U+8CC4
6326,賅,U+8CC5
6327,資,U+8CC7
6328,賈,U+8CC8
6329,賊,U+8CCA
6330,賉,U+8CC9
6331,賑,U+8CD1
6332,賒,U+8CD2
6333,賓,U+8CD3
6334,賕,U+8CD5
6335,賙,U+8CD9
6336,賚,U+8CDA
6337,賜,U+8CDC
6338,賝,U+8CDD
6339,賞,U+8CDE
6340,賫,U+8CEB
6341,賠,U+8CE0
6342,賡,U+8CE1
6343,賢,U+8CE2
6344,賣,U+8CE3
6345,賤,U+8CE4
6346,賦,U+8CE6
6347,質,U+8CEA
6348,賬,U+8CEC
6349,賟,U+8CDF
6350,賭,U+8CED
6351,賴,U+8CF4
6352,賵,U+8CF5
6353,賮,U+8CEE
6354,賺,U+8CFA
6355,賻,U+8CFB
6356,購,U+8CFC
6357,賽,U+8CFD
6358,賾,U+8CFE
6359,賸,U+8CF8
6360,贄,U+8D04
6361,贅,U+8D05
6362,贈,U+8D08
6363,贊,U+8D0A
6364,贇,U+8D07
6365,贍,U+8D0D
6366,贏,U+8D0F
6367,贐,U+8D10
6368,贓,U+8D13
6369,贔,U+8D14
6370,贖,U+8D16
6371,贑,U+8D11
6372,贗,U+8D17
6373,贛,U+8D1B
6374,贉,U+8D09
6375,赤,U+8D64
6376,赦,U+8D66
6377,赧,U+8D67
6378,赫,U+8D6B
6379,赭,U+8D6D
6380,赬,U+8D6C
6382,走,U+8D70
6383,赳,U+8D73
6384,赴,U+8D74
6385,赶,U+8D76
6386,起,U+8D77
6387,趁,U+8D81
6388,趄,U+8D84
6389,超,U+8D85
6390,越,U+8D8A
6391,趕,U+8D95
6392,趙,U+8D99
6393,趣,U+8DA3
6394,趦,U+8DA6
6395,趨,U+8DA8
6396,趯,U+8DAF
6398,足,U+8DB3
6399,趵,U+8DB5
6400,趾,U+8DBE
6401,跁,U+8DC1
6402,趺,U+8DBA
6403,趹,U+8DB9
6404,跂,U+8DC2
6405,跋,U+8DCB
6406,跅,U+8DC5
6407,跌,U+8DCC
6408,跎,U+8DCE
6409,跏,U+8DCF
6410,跑,U+8DD1
6411,跕,U+8DD5
6412,跖,U+8DD6
6413,跚,U+8DDA
6414,跛,U+8DDB
6415,距,U+8DDD
6416,跗,U+8DD7
6417,跫,U+8DEB
6418,跟,U+8DDF
6419,跡,U+8DE1
6420,跣,U+8DE3
6421,跨,U+8DE8
6422,跪,U+8DEA
6423,跬,U+8DEC
6424,路,U+8DEF
6425,跱,U+8DF1
6426,跳,U+8DF3
6427,跽,U+8DFD
6428,踉,U+8E09
6429,踊,U+8E0A
6430,跼,U+8DFC
6431,踏,U+8E0F
6432,踐,U+8E10
6433,踔,U+8E14
6434,踖,U+8E16
6435,踝,U+8E1D
6436,踞,U+8E1E
6437,踢,U+8E22
6438,踣,U+8E23
6439,踧,U+8E27
6440,踘,U+8E18
6441,踡,U+8E21
6442,踟,U+8E1F
6443,踦,U+8E26
6444,踰,U+8E30
6445,踴,U+8E34
6446,踵,U+8E35
6447,踶,U+8E36
6448,蹆,U+8E46
6449,踽,U+8E3D
6450,蹁,U+8E41
6451,蹂,U+8E42
6452,蹄,U+8E44
6453,踱,U+8E31
6454,蹀,U+8E40
6455,蹐,U+8E50
6456,蹇,U+8E47
6457,蹈,U+8E48
6458,蹉,U+8E49
6459,蹊,U+8E4A
6460,躍,U+8E8D
6461,蹌,U+8E4C
6462,蹕,U+8E55
6463,蹔,U+8E54
6464,蹙,U+8E59
6465,蹟,U+8E5F
6466,蹣,U+8E63
6467,蹤,U+8E64
6468,蹜,U+8E5C
6469,蹝,U+8E5D
6470,蹠,U+8E60
6471,蹯,U+8E6F
6472,蹲,U+8E72
6473,蹴,U+8E74
6474,蹶,U+8E76
6475,蹺,U+8E7A
6476,蹡,U+8E61
6477,蹢,U+8E62
6478,蹬,U+8E6C
6479,蹭,U+8E6D
6480,蹰,U+8E70
6481,躁,U+8E81
6482,躄,U+8E84
6483,躅,U+8E85
6484,躇,U+8E87
6485,躉,U+8E89
6486,躊,U+8E8A
6487,躋,U+8E8B
6488,蹋,U+8E4B
6489,躐,U+8E90
6490,躑,U+8E91
6491,躒,U+8E92
6492,躓,U+8E93
6493,躔,U+8E94
6494,躚,U+8E9A
6495,躡,U+8EA1
6496,躩,U+8EA9
6497,躪,U+8EAA
6498,蹷,U+8E77
6499,蹚,U+8E5A
6500,身,U+8EAB
6501,躬,U+8EAC
6502,躭,U+8EAD
6503,躱,U+8EB1
6504,軀,U+8EC0
6505,躶,U+8EB6
6506,軃,U+8EC3
6507,躺,U+8EBA
6508,車,U+8ECA
6509,軋,U+8ECB
6510,軌,U+8ECC
6511,軍,U+8ECD
6512,軏,U+8ECF
6513,軒,U+8ED2
6514,軔,U+8ED4
6515,軛,U+8EDB
6516,軟,U+8EDF
6517,軨,U+8EE8
6518,軫,U+8EEB
6519,軸,U+8EF8
6520,軹,U+8EF9
6521,軷,U+8EF7
6522,軼,U+8EFC
6523,軺,U+8EFA
6524,軾,U+8EFE
6525,較,U+8F03
6526,輅,U+8F05
6527,輈,U+8F08
6528,載,U+8F09
6529,輀,U+8F00
6530,輇,U+8F07
6531,輊,U+8F0A
6532,輒,U+8F12
6533,輓,U+8F13
6534,輔,U+8F14
6535,輕,U+8F15
6536,輗,U+8F17
6537,輙,U+8F19
6538,輛,U+8F1B
6539,輜,U+8F1C
6540,輝,U+8F1D
6541,輟,U+8F1F
6542,輦,U+8F26
6543,輩,U+8F29
6544,輪,U+8F2A
6545,輞,U+8F1E
6546,輠,U+8F20
6547,輥,U+8F25
6548,輧,U+8F27
6549,輯,U+8F2F
6550,輳,U+8F33
6551,輸,U+8F38
6552,輹,U+8F39
6553,輻,U+8F3B
6554,輭,U+8F2D
6555,輮,U+8F2E
6556,輴,U+8F34
6557,輶,U+8F36
6558,輾,U+8F3E
6559,輿,U+8F3F
6560,轂,U+8F42
6561,轄,U+8F44
6562,轅,U+8F45
6563,轀,U+8F40
6564,轆,U+8F46
6565,轇,U+8F47
6566,轕,U+8F55
6567,轉,U+8F49
6568,轍,U+8F4D
6569,轎,U+8F4E
6570,轏,U+8F4F
6571,轒,U+8F52
6572,轖,U+8F56
6573,轘,U+8F58
6574,轞,U+8F5E
6575,轟,U+8F5F
6576,轡,U+8F61
6577,轢,U+8F62
6578,轤,U+8F64
6579,軕,U+8ED5
6580,辛,U+8F9B
6581,辜,U+8F9C
6582,辟,U+8F9F
6583,辠,U+8FA0
6584,辣,U+8FA3
6585,辥,U+8FA5
6586,辦,U+8FA6
6587,辨,U+8FA8
6588,辭,U+8FAD
6589,辯,U+8FAF
6591,辰,U+8FB0
6592,辱,U+8FB1
6593,農,U+8FB2
6595,辵,U+8FB5
6596,迂,U+8FC2
6597,迄,U+8FC4
6598,迅,U+8FC5
6599,迋,U+8FCB
6600,迍,U+8FCD
6601,迎,U+8FCE
6602,近,U+8FD1
6603,迓,U+8FD3
6604,返,U+8FD4
6605,迕,U+8FD5
6606,迢,U+8FE2
6607,迤,U+8FE4
6608,迥,U+8FE5
6609,迦,U+8FE6
6610,迨,U+8FE8
6611,迪,U+8FEA
6612,迫,U+8FEB
6613,迭,U+8FED
6614,迮,U+8FEE
6615,述,U+8FF0
6616,迴,U+8FF4
6617,迷,U+8FF7
6618,迸,U+8FF8
6619,迹,U+8FF9
6620,追,U+8FFD
6621,迺,U+8FFA
6622,退,U+9000
6623,送,U+9001
6624,适,U+9002
6625,逃,U+9003
6626,逅,U+9005
6627,逆,U+9006
6628,逋,U+900B
6629,逌,U+900C
6630,逍,U+900D
6631,透,U+900F
6632,逐,U+9010
6633,逑,U+9011
6634,途,U+9014
6635,逕,U+9015
6636,逖,U+9016
6637,逗,U+9017
6638,這,U+9019
6639,通,U+901A
6640,逛,U+901B
6641,逝,U+901D
6642,逞,U+901E
6643,速,U+901F
6644,造,U+9020
6645,逡,U+9021
6646,逢,U+9022
6647,連,U+9023
6648,逭,U+902D
6649,逮,U+902E
6650,週,U+9031
6651,進,U+9032
6652,逵,U+9035
6653,逶,U+9036
6654,逸,U+9038
6655,逷,U+9037
6656,逼,U+903C
6657,遇,U+9047
6658,遁,U+9041
6659,遂,U+9042
6660,遄,U+9044
6661,逾,U+903E
6662,遊,U+904A
6663,運,U+904B
6664,遍,U+904D
6665,過,U+904E
6666,遏,U+904F
6667,遐,U+9050
6668,遑,U+9051
6669,遒,U+9052
6670,道,U+9053
6671,達,U+9054
6672,違,U+9055
6673,遘,U+9058
6674,遥,U+9065
6675,遛,U+905B
6676,遜,U+905C
6677,遞,U+905E
6678,遠,U+9060
6679,遡,U+9061
6680,遣,U+9063
6681,遢,U+9062
6682,遝,U+905D
6683,遨,U+9068
6684,適,U+9069
6685,遭,U+906D
6686,遮,U+906E
6687,遯,U+906F
6688,遲,U+9072
6689,遴,U+9074
6690,遵,U+9075
6691,遶,U+9076
6692,遷,U+9077
6693,選,U+9078
6694,遹,U+9079
6695,遺,U+907A
6696,遻,U+907B
6697,遼,U+907C
6698,遽,U+907D
6699,避,U+907F
6700,邀,U+9080
6701,邁,U+9081
6702,邂,U+9082
6703,還,U+9084
6704,邅,U+9085
6705,邇,U+9087
6706,邃,U+9083
6707,邈,U+9088
6708,邊,U+908A
6709,邏,U+908F
6710,邐,U+9090
6711,迻,U+8FFB
6712,邑,U+9091
6713,邛,U+909B
6714,邗,U+9097
6715,邙,U+9099
6716,邕,U+9095
6717,邢,U+90A2
6719,那,U+90A3
6720,邡,U+90A1
6721,邦,U+90A6
6722,邨,U+90A8
6723,邪,U+90AA
6724,邠,U+90A0
6725,邯,U+90AF
6726,邱,U+90B1
6727,邲,U+90B2
6728,邴,U+90B4
6729,邳,U+90B3
6730,邵,U+90B5
6731,邶,U+90B6
6732,邸,U+90B8
6733,邰,U+90B0
6734,邽,U+90BD
6735,郁,U+90C1
6736,郅,U+90C5
6737,郇,U+90C7
6738,郊,U+90CA
6739,邾,U+90BE
6740,郃,U+90C3
6741,郉,U+90C9
6742,郄,U+90C4
6743,郕,U+90D5
6744,郛,U+90DB
6745,郎,U+90CE
6746,郡,U+90E1
6747,郢,U+90E2
6748,郤,U+90E4
6749,郙,U+90D9
6750,郜,U+90DC
6751,郟,U+90DF
6752,部,U+90E8
6753,郭,U+90ED
6754,郴,U+90F4
6755,郵,U+90F5
6756,郯,U+90EF
6757,都,U+90FD
6758,郿,U+90FF
6759,鄂,U+9102
6760,鄒,U+9112
6761,鄄,U+9104
6762,鄔,U+9114
6763,鄉,U+9109
6764,鄗,U+9117
6765,鄖,U+9116
6766,鄙,U+9119
6767,鄘,U+9118
6768,鄢,U+9122
6769,鄞,U+911E
6770,鄠,U+9120
6771,鄜,U+911C
6772,鄧,U+9127
6773,鄫,U+912B
6774,鄭,U+912D
6775,鄰,U+9130
6776,鄱,U+9131
6777,鄴,U+9134
6778,鄶,U+9136
6779,鄲,U+9132
6780,鄹,U+9139
6781,鄿,U+913F
6782,鄺,U+913A
6783,酇,U+9147
6784,酃,U+9143
6785,酆,U+9146
6786,酈,U+9148
6787,郝,U+90DD
6788,酉,U+9149
6789,酊,U+914A
6790,酋,U+914B
6791,酌,U+914C
6792,配,U+914D
6793,酎,U+914E
6794,酒,U+9152
6795,酖,U+9156
6796,酗,U+9157
6797,酢,U+9162
6798,酥,U+9165
6799,酣,U+9163
6800,酤,U+9164
6801,酡,U+9161
6802,酩,U+9169
6803,酪,U+916A
6804,酬,U+916C
6805,酲,U+9172
6806,酵,U+9175
6807,酷,U+9177
6808,酸,U+9178
6809,酴,U+9174
6810,酹,U+9179
6811,酺,U+917A
6812,醃,U+9183
6813,醅,U+9185
6814,醆,U+9186
6815,醇,U+9187
6816,醉,U+9189
6817,醊,U+918A
6818,醋,U+918B
6819,醍,U+918D
6820,醐,U+9190
6821,醒,U+9192
6822,醓,U+9193
6823,醜,U+919C
6824,醞,U+919E
6825,醡,U+91A1
6826,醢,U+91A2
6827,醩,U+91A9
6828,醪,U+91AA
6829,醫,U+91AB
6830,醬,U+91AC
6831,醮,U+91AE
6832,醯,U+91AF
6833,醴,U+91B4
6834,醲,U+91B2
6835,醵,U+91B5
6836,醺,U+91BA
6837,醽,U+91BD
6838,醁,U+9181
6839,醼,U+91BC
6840,釀,U+91C0
6841,釁,U+91C1
6842,釂,U+91C2
6843,釄,U+91C4
6844,醱,U+91B1
6845,釆,U+91C6
6846,采,U+91C7
6847,釋,U+91CB
6848,釉,U+91C9
6849,里,U+91CC
6850,重,U+91CD
6851,野,U+91CE
6852,量,U+91CF
6853,釐,U+91D0
6854,鋅,U+92C5
6855,金,U+91D1
6856,釗,U+91D7
6857,釘,U+91D8
6858,釜,U+91DC
6859,針,U+91DD
6860,釣,U+91E3
6861,釧,U+91E7
6862,釬,U+91EC
6863,釦,U+91E6
6864,釭,U+91ED
6865,釵,U+91F5
6866,鈇,U+9207
6867,鈀,U+9200
6868,鈍,U+920D
6869,鈎,U+920E
6870,鈐,U+9210
6871,鈒,U+9212
6872,鈔,U+9214
6873,鈕,U+9215
6874,鈞,U+921E
6875,鈴,U+9234
6876,鈸,U+9238
6877,鈺,U+923A
6878,鉁,U+9241
6879,鈿,U+923F
6880,鉅,U+9245
6881,鉉,U+9249
6882,鉏,U+924F
6883,鉗,U+9257
6884,鉛,U+925B
6885,鉞,U+925E
6886,鉢,U+9262
6887,鉤,U+9264
6888,鉋,U+924B
6889,鉶,U+9276
6890,鉸,U+9278
6891,鉦,U+9266
6892,銀,U+9280
6893,銃,U+9283
6894,銅,U+9285
6895,銎,U+928E
6896,銍,U+928D
6897,銑,U+9291
6898,銓,U+9293
6899,銖,U+9296
6900,銘,U+9298
6901,銛,U+929B
6902,銜,U+929C
6903,銚,U+929A
6904,鋭,U+92ED
6905,銶,U+92B6
6906,銷,U+92B7
6907,銹,U+92B9
6908,銼,U+92BC
6909,鋈,U+92C8
6910,鋌,U+92CC
6911,鋏,U+92CF
6912,鋒,U+92D2
6913,鋟,U+92DF
6914,鋘,U+92D8
6915,鋤,U+92E4
6916,鋩,U+92E9
6917,鋪,U+92EA
6918,鋙,U+92D9
6919,銲,U+92B2
6920,鋸,U+92F8
6921,鋼,U+92FC
6922,錄,U+9304
6923,錐,U+9310
6924,錕,U+9315
6925,錘,U+9318
6926,錙,U+9319
6927,錚,U+931A
6928,錠,U+9320
6929,錢,U+9322
6930,錦,U+9326
6931,錨,U+9328
6932,錫,U+932B
6933,錮,U+932E
6934,錯,U+932F
6935,錞,U+931E
6936,錡,U+9321
6937,鍊,U+934A
6938,鍋,U+934B
6939,鍛,U+935B
6940,鍪,U+936A
6941,鍫,U+936B
6942,鍬,U+936C
6943,鍵,U+9375
6944,鍼,U+937C
6945,鍾,U+937E
6946,鍇,U+9347
6947,鍍,U+934D
6948,鍔,U+9354
6949,鍠,U+9360
6950,鍤,U+9364
6951,鍥,U+9365
6952,鍭,U+936D
6953,鍰,U+9370
6954,鎔,U+9394
6955,鎉,U+9389
6956,鎖,U+9396
6957,鎗,U+9397
6958,鎚,U+939A
6959,鎛,U+939B
6960,鎞,U+939E
6961,鎡,U+93A1
6962,鎌,U+938C
6963,鎧,U+93A7
6964,鎬,U+93AC
6965,鎰,U+93B0
6966,鎮,U+93AE
6967,鎊,U+938A
6968,鏃,U+93C3
6969,鏈,U+93C8
6970,鏑,U+93D1
6971,鏖,U+93D6
6972,鏗,U+93D7
6973,鏘,U+93D8
6974,鏜,U+93DC
6975,鏡,U+93E1
6976,鏝,U+93DD
6977,鏢,U+93E2
6978,鏞,U+93DE
6979,鏤,U+93E4
6980,鏟,U+93DF
6981,鏐,U+93D0
6982,鏦,U+93E6
6983,鏨,U+93E8
6984,鐃,U+9403
6985,鏵,U+93F5
6986,鐓,U+9413
6987,鏹,U+93F9
6988,鐘,U+9418
6989,鐙,U+9419
6990,鐫,U+942B
6991,鐮,U+942E
6992,鐲,U+9432
6993,鐵,U+9435
6994,鐶,U+9436
6995,鐸,U+9438
6996,鐩,U+9429
6997,鐺,U+943A
6998,鐻,U+943B
6999,鑄,U+9444
7000,鑊,U+944A
7001,鑌,U+944C
7002,鑑,U+9451
7003,鑒,U+9452
7004,鑤,U+9464
7005,鑕,U+9455
7006,鑛,U+945B
7007,鑠,U+9460
7008,鑢,U+9462
7009,鑣,U+9463
7010,鑪,U+946A
7011,鑰,U+9470
7012,鑯,U+946F
7013,鑲,U+9472
7014,鑵,U+9475
7015,鑷,U+9477
7016,鑱,U+9471
7017,鑼,U+947C
7018,鑽,U+947D
7019,鑾,U+947E
7020,鑿,U+947F
7021,錳,U+9333
7022,長,U+9577
7024,門,U+9580
7025,閂,U+9582
7026,閃,U+9583
7027,閆,U+9586
7028,閉,U+9589
7029,閈,U+9588
7030,開,U+958B
7031,閎,U+958E
7032,閏,U+958F
7033,閑,U+9591
7034,閒,U+9592
7035,間,U+9593
7036,閔,U+9594
7037,閘,U+9598
7038,閟,U+959F
7039,閡,U+95A1
7040,閤,U+95A4
7041,閣,U+95A3
7042,閥,U+95A5
7043,閨,U+95A8
7044,閩,U+95A9
7045,閫,U+95AB
7046,閬,U+95AC
7047,閭,U+95AD
7048,閱,U+95B1
7049,閶,U+95B6
7050,閹,U+95B9
7051,閻,U+95BB
7052,閼,U+95BC
7053,閽,U+95BD
7054,閾,U+95BE
7055,闃,U+95C3
7056,闇,U+95C7
7057,闈,U+95C8
7058,闉,U+95C9
7059,闊,U+95CA
7060,闋,U+95CB
7061,闌,U+95CC
7062,闍,U+95CD
7063,闐,U+95D0
7065,闓,U+95D3
7066,闔,U+95D4
7067,闕,U+95D5
7068,闖,U+95D6
7069,闒,U+95D2
7070,關,U+95DC
7071,闚,U+95DA
7072,闠,U+95E0
7073,闡,U+95E1
7074,闞,U+95DE
7075,闢,U+95E2
7076,闤,U+95E4
7077,闥,U+95E5
7078,闆,U+95C6
7079,阜,U+961C
7080,阝,U+961D
7081,阞,U+961E
7082,阡,U+9621
7083,阤,U+9624
7084,阨,U+9628
7085,阬,U+962C
7086,阮,U+962E
7087,阯,U+962F
7088,阱,U+9631
7089,防,U+9632
7090,阪,U+962A
7091,阻,U+963B
7092,阼,U+963C
7093,阿,U+963F
7094,陀,U+9640
7095,陂,U+9642
7096,附,U+9644
7097,陋,U+964B
7098,限,U+9650
7099,陌,U+964C
7100,降,U+964D
7101,陔,U+9654
7102,陘,U+9658
7103,陛,U+965B
7104,陜,U+965C
7105,陞,U+965E
7106,陟,U+965F
7107,陡,U+9661
7108,院,U+9662
7109,陣,U+9663
7110,除,U+9664
7111,陪,U+966A
7112,陬,U+966C
7113,陰,U+9670
7114,陲,U+9672
7115,陳,U+9673
7116,陴,U+9674
7117,陵,U+9675
7118,陶,U+9676
7119,陷,U+9677
7120,陸,U+9678
7121,陼,U+967C
7122,陽,U+967D
7123,陻,U+967B
7124,隍,U+968D
7125,隄,U+9684
7126,隅,U+9685
7127,隆,U+9686
7128,隈,U+9688
7129,隉,U+9689
7130,隊,U+968A
7131,隋,U+968B
7132,階,U+968E
7133,隔,U+9694
7134,隕,U+9695
7135,隖,U+9696
7136,隗,U+9697
7137,隘,U+9698
7138,隙,U+9699
7139,際,U+969B
7140,障,U+969C
7141,隣,U+96A3
7142,隤,U+96A4
7143,隧,U+96A7
7144,隩,U+96A9
7145,險,U+96AA
7146,隮,U+96AE
7147,隰,U+96B0
7148,隱,U+96B1
7149,隳,U+96B3
7150,隴,U+96B4
7151,隨,U+96A8
7152,隶,U+96B6
7153,隸,U+96B8
7155,隹,U+96B9
7156,隻,U+96BB
7157,隼,U+96BC
7158,雀,U+96C0
7159,雁,U+96C1
7160,雄,U+96C4
7161,雅,U+96C5
7162,集,U+96C6
7163,雇,U+96C7
7164,雉,U+96C9
7165,雋,U+96CB
7166,雌,U+96CC
7167,雍,U+96CD
7168,雎,U+96CE
7169,雊,U+96CA
7170,雒,U+96D2
7171,雕,U+96D5
7172,嶲,U+5DB2
7173,雖,U+96D6
7174,雘,U+96D8
7175,雙,U+96D9
7176,雛,U+96DB
7177,雜,U+96DC
7178,雝,U+96DD
7179,雞,U+96DE
7180,離,U+96E2
7181,難,U+96E3
7183,雨,U+96E8
7184,雩,U+96E9
7185,雪,U+96EA
7186,雯,U+96EF
7187,雰,U+96F0
7188,雱,U+96F1
7189,雲,U+96F2
7190,零,U+96F6
7191,雷,U+96F7
7192,雹,U+96F9
7193,電,U+96FB
7194,需,U+9700
7195,𩂯,U+290AF
7196,霅,U+9705
7197,霄,U+9704
7198,霈,U+9708
7199,霉,U+9709
7200,霆,U+9706
7201,震,U+9707
7202,霍,U+970D
7203,霎,U+970E
7204,霏,U+970F
7205,霑,U+9711
7206,霓,U+9713
7207,霖,U+9716
7208,霜,U+971C
7209,霞,U+971E
7210,霢,U+9722
7211,霤,U+9724
7212,霧,U+9727
7213,霰,U+9730
7214,霪,U+972A
7215,霱,U+9731
7216,露,U+9732
7217,霶,U+9736
7218,霸,U+9738
7219,霹,U+9739
7220,霮,U+972E
7221,霽,U+973D
7222,靀,U+9740
7223,霾,U+973E
7224,靄,U+9744
7225,靂,U+9742
7226,靆,U+9746
7227,靈,U+9748
7228,靉,U+9749
7229,霨,U+9728
7230,青,U+9752
7231,靖,U+9756
7232,靚,U+975A
7233,靛,U+975B
7234,靜,U+975C
7236,非,U+975E
7237,靠,U+9760
7238,靡,U+9761
7240,面,U+9762
7241,靦,U+9766
7242,靧,U+9767
7243,靨,U+9768
7245,革,U+9769
7246,靳,U+9773
7247,靴,U+9774
7248,鞅,U+9785
7249,靶,U+9776
7250,靷,U+9777
7251,靸,U+9778
7252,鞀,U+9780
7253,鞉,U+9789
7254,鞍,U+978D
7255,鞏,U+978F
7256,鞋,U+978B
7257,鞗,U+9797
7258,鞘,U+9798
7259,鞙,U+9799
7260,鞞,U+979E
7261,鞚,U+979A
7262,鞟,U+979F
7263,鞠,U+97A0
7264,鞦,U+97A6
7265,鞫,U+97AB
7266,鞬,U+97AC
7267,鞭,U+97AD
7268,鞮,U+97AE
7269,鞱,U+97B1
7270,鞶,U+97B6
7271,鞸,U+97B8
7272,鞹,U+97B9
7273,鞾,U+97BE
7274,韁,U+97C1
7275,韃,U+97C3
7276,韆,U+97C6
7277,韀,U+97C0
7279,韋,U+97CB
7280,韍,U+97CD
7281,韓,U+97D3
7282,韌,U+97CC
7283,韎,U+97CE
7284,韐,U+97D0
7285,韒,U+97D2
7286,韔,U+97D4
7287,韝,U+97DD
7288,韘,U+97D8
7289,韙,U+97D9
7290,韜,U+97DC
7291,韞,U+97DE
7292,韈,U+97C8
7293,韠,U+97E0
7295,韭,U+97ED
7296,韮,U+97EE
7297,韱,U+97F1
7299,音,U+97F3
7300,韶,U+97F6
7301,韻,U+97FB
7302,響,U+97FF
7303,韺,U+97FA
7304,頀,U+9800
7306,頁,U+9801
7307,頂,U+9802
7308,頃,U+9803
7309,項,U+9805
7310,頇,U+9807
7311,順,U+9806
7312,須,U+9808
7313,頌,U+980C
7314,頏,U+980F
7315,預,U+9810
7316,頑,U+9811
7317,頒,U+9812
7318,頷,U+9837
7319,頓,U+9813
7320,頊,U+980A
7321,頍,U+980D
7322,頎,U+980E
7323,頖,U+9816
7324,頗,U+9817
7325,領,U+9818
7326,頞,U+981E
7327,頡,U+9821
7328,頤,U+9824
7330,頲,U+9832
7331,頦,U+9826
7332,頫,U+982B
7333,頭,U+982D
7334,頮,U+982E
7335,頰,U+9830
7336,頴,U+9834
7337,頳,U+9833
7338,頸,U+9838
7339,頽,U+983D
7340,頻,U+983B
7341,顆,U+9846
7342,顇,U+9847
7343,顋,U+984B
7344,題,U+984C
7345,額,U+984D
7346,顏,U+984F
7347,頿,U+983F
7348,顓,U+9853
7349,願,U+9858
7350,顙,U+9859
7351,顛,U+985B
7352,類,U+985E
7353,顜,U+985C
7354,顢,U+9862
7355,顥,U+9865
7356,顦,U+9866
7357,顧,U+9867
7358,顫,U+986B
7359,顯,U+986F
7360,顰,U+9870
7361,顱,U+9871
7362,顴,U+9874
7364,風,U+98A8
7365,颭,U+98AD
7366,颯,U+98AF
7367,颶,U+98B6
7368,颸,U+98B8
7369,颿,U+98BF
7370,颺,U+98BA
7371,颻,U+98BB
7372,颼,U+98BC
7373,飄,U+98C4
7374,飆,U+98C6
7375,飀,U+98C0
7376,颽,U+98BD
7378,飛,U+98DB
7380,食,U+98DF
7381,飡,U+98E1
7382,飢,U+98E2
7383,飣,U+98E3
7384,飦,U+98E6
7385,飧,U+98E7
7386,飩,U+98E9
7387,飪,U+98EA
7388,飫,U+98EB
7389,飭,U+98ED
7390,飲,U+98F2
7391,飯,U+98EF
7392,飴,U+98F4
7393,飼,U+98FC
7394,飽,U+98FD
7395,飾,U+98FE
7396,飶,U+98F6
7397,餂,U+9902
7398,餃,U+9903
7399,餅,U+9905
7400,餈,U+9908
7401,餉,U+9909
7402,飬,U+98EC
7403,餌,U+990C
7404,餐,U+9910
7405,餖,U+9916
7406,餗,U+9917
7407,餒,U+9912
7408,餓,U+9913
7409,餔,U+9914
7410,餕,U+9915
7411,餘,U+9918
7412,餛,U+991B
7413,餚,U+991A
7414,餡,U+9921
7415,餞,U+991E
7416,餤,U+9924
7417,餟,U+991F
7418,餧,U+9927
7419,館,U+9928
7420,餬,U+992C
7421,餮,U+992E
7422,餱,U+9931
7423,餲,U+9932
7424,餳,U+9933
7425,餹,U+9939
7426,餼,U+993C
7427,餽,U+993D
7428,饁,U+9941
7429,饅,U+9945
7430,饈,U+9948
7431,饉,U+9949
7432,饋,U+994B
7433,饌,U+994C
7434,饎,U+994E
7435,饐,U+9950
7436,饑,U+9951
7437,饒,U+9952
7438,饔,U+9954
7439,饕,U+9955
7440,饗,U+9957
7441,饜,U+995C
7442,饟,U+995F
7443,饞,U+995E
7445,首,U+9996
7446,馘,U+9998
7447,馗,U+9997
7449,香,U+9999
7450,馥,U+99A5
7451,馨,U+99A8
7452,馝,U+999D
7453,馡,U+99A1
7454,馣,U+99A3
7456,馬,U+99AC
7457,馭,U+99AD
7458,馮,U+99AE
7459,馳,U+99B3
7460,馴,U+99B4
7461,馱,U+99B1
7462,馹,U+99B9
7463,駁,U+99C1
7464,駃,U+99C3
7465,駐,U+99D0
7466,駑,U+99D1
7467,駒,U+99D2
7468,駕,U+99D5
7469,駘,U+99D8
7470,駙,U+99D9
7471,駛,U+99DB
7472,駋,U+99CB
7473,駜,U+99DC
7474,駝,U+99DD
7475,駟,U+99DF
7476,駪,U+99EA
7477,駉,U+99C9
7478,騈,U+9A08
7479,駬,U+99EC
7480,駭,U+99ED
7481,駮,U+99EE
7482,駱,U+99F1
7483,駵,U+99F5
7484,駰,U+99F0
7485,駸,U+99F8
7486,駿,U+99FF
7487,騌,U+9A0C
7488,騁,U+9A01
7489,騅,U+9A05
7490,騂,U+9A02
7491,騃,U+9A03
7492,隲,U+96B2
7493,騑,U+9A11
7494,騎,U+9A0E
7495,騋,U+9A0B
7496,騏,U+9A0F
7497,騖,U+9A16
7498,騄,U+9A04
7499,騙,U+9A19
7500,驄,U+9A44
7501,騠,U+9A20
7502,騣,U+9A23
7503,騤,U+9A24
7504,騧,U+9A27
7505,騫,U+9A2B
7506,騰,U+9A30
7507,騶,U+9A36
7508,騵,U+9A35
7509,騸,U+9A38
7510,騷,U+9A37
7511,騮,U+9A2E
7512,騾,U+9A3E
7513,驀,U+9A40
7514,驁,U+9A41
7515,驂,U+9A42
7516,驃,U+9A43
7517,驅,U+9A45
7518,驈,U+9A48
7519,騻,U+9A3B
7520,驊,U+9A4A
7521,驔,U+9A54
7522,驍,U+9A4D
7523,驖,U+9A56
7524,驕,U+9A55
7525,驌,U+9A4C
7526,驗,U+9A57
7527,驒,U+9A52
7528,驚,U+9A5A
7529,驘,U+9A58
7530,驙,U+9A59
7531,驛,U+9A5B
7532,驟,U+9A5F
7533,驢,U+9A62
7534,驤,U+9A64
7535,驥,U+9A65
7536,驩,U+9A69
7537,驪,U+9A6A
7538,駗,U+99D7
7539,骨,U+9AA8
7540,骩,U+9AA9
7541,骭,U+9AAD
7542,骯,U+9AAF
7543,骱,U+9AB1
7544,骰,U+9AB0
7545,骷,U+9AB7
7546,骸,U+9AB8
7547,骼,U+9ABC
7548,骽,U+9ABD
7549,髀,U+9AC0
7550,骾,U+9ABE
7551,髏,U+9ACF
7552,髆,U+9AC6
7553,髑,U+9AD1
7554,髒,U+9AD2
7555,體,U+9AD4
7556,髖,U+9AD6
7557,髓,U+9AD3
7559,高,U+9AD8
7561,髟,U+9ADF
7562,髠,U+9AE0
7563,髢,U+9AE2
7564,髣,U+9AE3
7565,髦,U+9AE6
7566,髧,U+9AE7
7567,髫,U+9AEB
7568,髭,U+9AED
7569,髮,U+9AEE
7570,髥,U+9AE5
7571,髳,U+9AF3
7572,髴,U+9AF4
7573,髻,U+9AFB
7574,髹,U+9AF9
7575,鬆,U+9B06
7576,鬈,U+9B08
7577,鬅,U+9B05
7578,鬋,U+9B0B
7579,鬍,U+9B0D
7580,鬐,U+9B10
7581,鬒,U+9B12
7582,鬑,U+9B11
7583,鬘,U+9B18
7584,鬔,U+9B14
7585,鬙,U+9B19
7586,鬚,U+9B1A
7587,鬟,U+9B1F
7588,鬣,U+9B23
7589,鬢,U+9B22
7590,鬎,U+9B0E
7591,鬥,U+9B25
7592,鬨,U+9B28
7593,鬧,U+9B27
7594,鬩,U+9B29
7595,鬭,U+9B2D
7596,鬮,U+9B2E
7598,鬯,U+9B2F
7599,鬱,U+9B31
7601,鬲,U+9B32
7602,鬴,U+9B34
7603,鬵,U+9B35
7604,鬷,U+9B37
7605,鬻,U+9B3B
7607,鬼,U+9B3C
7608,魁,U+9B41
7609,魂,U+9B42
7610,魃,U+9B43
7611,魄,U+9B44
7612,魊,U+9B4A
7613,魅,U+9B45
7614,魏,U+9B4F
7615,魐,U+9B50
7616,魀,U+9B40
7617,魈,U+9B48
7618,魍,U+9B4D
7619,魎,U+9B4E
7620,魑,U+9B51
7621,魔,U+9B54
7622,𩴾,U+29D3E
7623,魘,U+9B58
7625,魚,U+9B5A
7626,魨,U+9B68
7627,魯,U+9B6F
7628,鮀,U+9B80
7629,魴,U+9B74
7630,鮎,U+9B8E
7631,鮒,U+9B92
7632,鮐,U+9B90
7633,鮓,U+9B93
7634,鮞,U+9B9E
7635,鮪,U+9BAA
7636,鮆,U+9B86
7637,鮑,U+9B91
7638,鯗,U+9BD7
7639,鮮,U+9BAE
7640,鮫,U+9BAB
7641,鯀,U+9BC0
7642,鯉,U+9BC9
7643,鯁,U+9BC1
7644,鯊,U+9BCA
7645,鯖,U+9BD6
7646,鯢,U+9BE2
7647,鯧,U+9BE7
7648,鯫,U+9BEB
7649,鯤,U+9BE4
7650,鯨,U+9BE8
7651,鯽,U+9BFD
7652,鰂,U+9C02
7653,鯿,U+9BFF
7654,鰈,U+9C08
7655,鰍,U+9C0D
7656,鰌,U+9C0C
7657,鰕,U+9C15
7658,鰓,U+9C13
7659,鰥,U+9C25
7660,鰜,U+9C1C
7661,鰣,U+9C23
7662,鰭,U+9C2D
7663,鰲,U+9C32
7664,鰷,U+9C37
7665,鰻,U+9C3B
7666,鱄,U+9C44
7667,鱉,U+9C49
7668,鱔,U+9C54
7669,鱘,U+9C58
7670,鱟,U+9C5F
7671,鱠,U+9C60
7672,鱣,U+9C63
7673,鱗,U+9C57
7674,鱎,U+9C4E
7675,鱖,U+9C56
7676,鱨,U+9C68
7677,鱷,U+9C77
7678,鱸,U+9C78
7679,魺,U+9B7A
7680,鳥,U+9CE5
7681,鳦,U+9CE6
7682,鳩,U+9CE9
7683,鳧,U+9CE7
7684,鳲,U+9CF2
7685,鳳,U+9CF3
7686,鳴,U+9CF4
7687,鳶,U+9CF6
7688,鴄,U+9D04
7689,鴟,U+9D1F
7690,鴆,U+9D06
7691,鴇,U+9D07
7692,鴈,U+9D08
7693,鴉,U+9D09
7694,鴃,U+9D03
7695,鳸,U+9CF8
7696,鴛,U+9D1B
7697,鴞,U+9D1E
7698,鴣,U+9D23
7699,鴦,U+9D26
7700,鴨,U+9D28
7701,鴒,U+9D12
7702,鴝,U+9D1D
7703,鴻,U+9D3B
7704,鴿,U+9D3F
7705,鴽,U+9D3D
7706,鵀,U+9D40
7707,鵂,U+9D42
7708,鵜,U+9D5C
7709,鵝,U+9D5D
7710,鵑,U+9D51
7711,鵠,U+9D60
7712,鵓,U+9D53
7713,鵡,U+9D61
7714,鵒,U+9D52
7715,鵪,U+9D6A
7716,鵰,U+9D70
7717,鵲,U+9D72
7718,鶉,U+9D89
7719,鵩,U+9D69
7720,鵬,U+9D6C
7721,鵾,U+9D7E
7722,鶃,U+9D83
7723,鶖,U+9D96
7724,鶘,U+9D98
7725,鶚,U+9D9A
7726,鶩,U+9DA9
7727,鶯,U+9DAF
7728,鶱,U+9DB1
7729,鶴,U+9DB4
7730,鶵,U+9DB5
7731,鶺,U+9DBA
7732,鶿,U+9DBF
7733,鶊,U+9D8A
7734,鷇,U+9DC7
7735,鶬,U+9DAC
7736,鶹,U+9DB9
7737,鶻,U+9DBB
7738,鶼,U+9DBC
7739,鷁,U+9DC1
7740,鷂,U+9DC2
7741,鷄,U+9DC4
7742,鷃,U+9DC3
7743,鷗,U+9DD7
7744,鷓,U+9DD3
7745,鷕,U+9DD5
7746,鷖,U+9DD6
7747,鷙,U+9DD9
7748,鷥,U+9DE5
7749,鷩,U+9DE9
7750,鷲,U+9DF2
7751,鷹,U+9DF9
7752,鷺,U+9DFA
7753,鷦,U+9DE6
7754,鷯,U+9DEF
7755,鷴,U+9DF4
7756,鷸,U+9DF8
7757,鸇,U+9E07
7758,鸑,U+9E11
7759,鷽,U+9DFD
7760,鸕,U+9E15
7761,鸚,U+9E1A
7762,鸞,U+9E1E
7763,鷟,U+9DDF
7764,鸛,U+9E1B
7765,鸝,U+9E1D
7766,鴹,U+9D39
7767,鹵,U+9E75
7768,鹹,U+9E79
7769,鹼,U+9E7C
7770,鹽,U+9E7D
7771,鹺,U+9E7A
7773,鹿,U+9E7F
7774,麂,U+9E82
7776,麀,U+9E80
7777,麃,U+9E83
7778,麇,U+9E87
7779,麈,U+9E88
7780,麋,U+9E8B
7781,麌,U+9E8C
7782,麐,U+9E90
7783,麑,U+9E91
7784,麒,U+9E92
7785,麓,U+9E93
7786,麕,U+9E95
7787,麗,U+9E97
7788,麚,U+9E9A
7789,麛,U+9E9B
7790,麝,U+9E9D
7791,麞,U+9E9E
7792,麟,U+9E9F
7793,麢,U+9EA2
7794,麤,U+9EA4
7796,麥,U+9EA5
7797,麫,U+9EAB
7798,麯,U+9EAF
7799,麰,U+9EB0
7800,麴,U+9EB4
7802,麻,U+9EBB
7803,麽,U+9EBD
7804,麾,U+9EBE
7805,黁,U+9EC1
7806,黃,U+9EC3
7807,黈,U+9EC8
7808,黌,U+9ECC
7810,黍,U+9ECD
7811,黏,U+9ECF
7812,黎,U+9ECE
7813,黐,U+9ED0
7815,黑,U+9ED1
7816,黔,U+9ED4
7817,默,U+9ED8
7818,黛,U+9EDB
7819,黜,U+9EDC
7820,點,U+9EDE
7821,黝,U+9EDD
7822,黠,U+9EE0
7823,黥,U+9EE5
7824,黧,U+9EE7
7825,黨,U+9EE8
7826,黯,U+9EEF
7827,黴,U+9EF4
7828,黮,U+9EEE
7829,黶,U+9EF6
7830,黷,U+9EF7
7832,黹,U+9EF9
7833,黻,U+9EFB
7834,黼,U+9EFC
7836,黽,U+9EFD
7837,黿,U+9EFF
7838,鼃,U+9F03
7839,鼂,U+9F02
7840,鼇,U+9F07
7841,鼈,U+9F08
7842,鼉,U+9F09
7844,鼎,U+9F0E
7845,鼐,U+9F10
7846,鼏,U+9F0F
7847,鼒,U+9F12
7849,鼓,U+9F13
7850,鼕,U+9F15
7851,鼗,U+9F17
7852,鼖,U+9F16
7853,鼙,U+9F19
7854,鼛,U+9F1B
7855,鼚,U+9F1A
7857,鼠,U+9F20
7858,鼢,U+9F22
7859,鼫,U+9F2B
7860,鼬,U+9F2C
7861,鼯,U+9F2F
7862,鼹,U+9F39
7863,鼷,U+9F37
7865,鼻,U+9F3B
7866,鼽,U+9F3D
7867,鼾,U+9F3E
7868,齁,U+9F41
7869,齅,U+9F45
7871,齊,U+9F4A
7872,齋,U+9F4B
7873,齎,U+9F4E
7874,齏,U+9F4F
7876,齒,U+9F52
7877,齔,U+9F54
7878,齕,U+9F55
7879,齗,U+9F57
7880,齟,U+9F5F
7881,齡,U+9F61
7882,齠,U+9F60
7883,齦,U+9F66
7884,齧,U+9F67
7885,齩,U+9F69
7886,齬,U+9F6C
7887,齪,U+9F6A
7888,齮,U+9F6E
7889,齲,U+9F72
7890,齶,U+9F76
7891,齷,U+9F77
7892,齣,U+9F63
7893,龍,U+9F8D
7894,龎,U+9F8E
7895,龔,U+9F94
7896,龕,U+9F95
7898,龜,U+9F9C
7900,龠,U+9FA0
7901,龢,U+9FA2
7902,龥,U+9FA5
8001,万,U+4E07
8002,丌,U+4E0C
8003,丘,U+4E18
8011,丳,U+4E33
8012,与,U+4E0E
8021,体,U+4F53
8022,僣,U+50E3
8026,么,U+4E48
8031,亄,U+4E84
8041,亍,U+4E8D
8042,亓,U+4E93
8043,亘,U+4E98
8044,亝,U+4E9D
8045,偌,U+504C
8046,偭,U+506D
8047,働,U+50CD
8048,儍,U+510D
8049,佣,U+4F63
8050,侢,U+4FA2
8051,仈,U+4EC8
8052,伾,U+4F3E
8053,伀,U+4F00
8054,伃,U+4F03
8055,伈,U+4F08
8056,傢,U+50A2
8057,佂,U+4F42
8058,佇,U+4F47
8059,佉,U+4F49
8060,佌,U+4F4C
8061,佫,U+4F6B
8062,佴,U+4F74
8063,佹,U+4F79
8064,佼,U+4F7C
8065,侀,U+4F80
8066,侁,U+4F81
8067,侐,U+4F90
8068,侘,U+4F98
8069,侚,U+4F9A
8070,侜,U+4F9C
8071,俁,U+4FC1
8072,俜,U+4FDC
8073,俴,U+4FF4
8074,倔,U+5014
8075,倞,U+501E
8076,倢,U+5022
8077,倮,U+502E
8078,偝,U+505D
8079,偩,U+5069
8080,偬,U+506C
8081,偯,U+506F
8082,偷,U+5077
8083,傁,U+5081
8084,傺,U+50BA
8085,儡,U+5121
8086,僤,U+50E4
8087,僬,U+50EC
8088,儦,U+5126
8089,儩,U+5129
8090,儺,U+513A
8091,俌,U+4FCC
8092,俥,U+4FE5
8093,偘,U+5058
8094,𫣲,U+2B8F2
8095,僼,U+50FC
8096,党,U+515A
8097,兙,U+5159
8098,兛,U+515B
8099,兝,U+515D
8100,兞,U+515E
8101,冔,U+5194
8111,冨,U+51A8
8112,冼,U+51BC
8121,刓,U+5213
8122,刜,U+521C
8123,剏,U+524F
8124,剌,U+524C
8125,剚,U+525A
8126,剠,U+5260
8127,劘,U+5298
8128,剷,U+5277
8131,勑,U+52D1
8132,勔,U+52D4
8133,勛,U+52DB
8134,勡,U+52E1
8137,匆,U+5306
8151,卹,U+5379
8152,卼,U+537C
8160,吴,U+5434
8161,厖,U+5396
8162,厪,U+53AA
8166,叐,U+53D0
8167,咼,U+54BC
8168,唔,U+5514
8169,吋,U+540B
8170,呎,U+544E
8171,吰,U+5430
8172,咮,U+54AE
8173,唶,U+5536
8174,啍,U+554D
8175,喌,U+558C
8176,喨,U+55A8
8177,嗀,U+55C0
8178,嗁,U+55C1
8179,嗈,U+55C8
8180,嗊,U+55CA
8181,嘌,U+560C
8182,嘍,U+560D
8183,嘓,U+5613
8184,嘮,U+562E
8185,嘸,U+5638
8186,嘽,U+563D
8187,噀,U+5640
8188,噂,U+5642
8189,噭,U+566D
8190,噳,U+5673
8191,𡃱,U+210F1
8192,嚄,U+5684
8193,嚆,U+5686
8194,嚌,U+568C
8195,嚎,U+568E
8196,嚕,U+5695
8197,嚦,U+56A6
8198,嚭,U+56AD
8199,哪,U+54EA
8200,喴,U+55B4
8201,唇,U+5507
8202,嘜,U+561C
8203,听,U+542C
8204,嘛,U+561B
8205,噠,U+5660
8206,哢,U+54E2
8207,响,U+54CD
8208,啡,U+5561
8209,囝,U+56DD
8210,囡,U+56E1
8211,囥,U+56E5
8212,圊,U+570A
8213,圌,U+570C
8214,圛,U+571B
8215,圞,U+571E
8216,垃,U+5783
8217,堍,U+580D
8218,坯,U+576F
8219,堿,U+583F
8220,埕,U+57D5
8221,圯,U+572F
8222,圾,U+573E
8223,坱,U+5771
8224,坴,U+5774
8225,垌,U+578C
8226,垗,U+5797
8227,垟,U+579F
8228,埆,U+57C6
8229,埌,U+57CC
8230,埽,U+57FD
8231,堀,U+5800
8232,堄,U+5804
8233,堋,U+580B
8234,堳,U+5833
8235,塥,U+5865
8236,塷,U+5877
8237,墻,U+58BB
8238,壒,U+58D2
8239,埇,U+57C7
8240,埝,U+57DD
8241,埧,U+57E7
8242,垕,U+5795
8243,塽,U+587D
8244,堉,U+5809
8245,坿,U+577F
8246,𡋟,U+212DF
8247,堎,U+580E
8248,埔,U+57D4
8249,㘾,U+363E
8250,壋,U+58CB
8251,奜,U+595C
8252,㚟,U+369F
8253,𤳦,U+24CE6
8254,夼,U+593C
8261,妵,U+59B5
8262,姁,U+59C1
8263,姶,U+59F6
8264,妳,U+59B3
8265,姺,U+59FA
8266,姽,U+59FD
8267,娀,U+5A00
8268,娸,U+5A38
8269,娬,U+5A2C
8270,妸,U+59B8
8271,婤,U+5A64
8272,嫈,U+5AC8
8273,婼,U+5A7C
8274,媮,U+5AAE
8275,婿,U+5A7F
8276,嫏,U+5ACF
8277,嫳,U+5AF3
8278,嫽,U+5AFD
8279,嫿,U+5AFF
8280,嬡,U+5B21
8281,姘,U+59D8
8282,她,U+5979
8283,婥,U+5A65
8284,孃,U+5B43
8285,媜,U+5A9C
8286,娒,U+5A12
8287,嫻,U+5AFB
8288,嫵,U+5AF5
8289,孓,U+5B53
8290,孻,U+5B7B
8291,寪,U+5BEA
8301,尀,U+5C00
8310,屇,U+5C47
8311,屄,U+5C44
8312,屜,U+5C5C
8313,屪,U+5C6A
8314,屫,U+5C6B
8315,岙,U+5C99
8316,峇,U+5CC7
8317,岬,U+5CAC
8318,峝,U+5CDD
8319,崤,U+5D24
8320,岞,U+5C9E
8321,屴,U+5C74
8322,崽,U+5D3D
8323,岍,U+5C8D
8324,峪,U+5CEA
8325,峫,U+5CEB
8326,峱,U+5CF1
8327,崆,U+5D06
8328,崟,U+5D1F
8329,崴,U+5D34
8330,嶓,U+5D93
8331,嶥,U+5DA5
8332,嶢,U+5DA2
8333,嶮,U+5DAE
8334,嶰,U+5DB0
8335,巇,U+5DC7
8336,崞,U+5D1E
8337,嵂,U+5D42
8338,岊,U+5C8A
8339,崮,U+5D2E
8340,岧,U+5CA7
8341,帣,U+5E23
8342,幞,U+5E5E
8343,幠,U+5E60
8344,幦,U+5E66
8345,幨,U+5E68
8346,幩,U+5E69
8348,幈,U+5E48
8351,庈,U+5E88
8352,庤,U+5EA4
8353,𢊈,U+22288
8354,廒,U+5ED2
8355,廧,U+5EE7
8356,廍,U+5ECD
8357,廎,U+5ECE
8358,廔,U+5ED4
8361,异,U+5F02
8371,弌,U+5F0C
8372,弎,U+5F0E
8373,虨,U+8668
8381,彴,U+5F74
8382,彽,U+5F7D
8384,悆,U+6086
8390,怀,U+6000
8391,怭,U+602D
8392,怲,U+6032
8393,恓,U+6053
8394,恔,U+6054
8395,惔,U+60D4
8396,惷,U+60F7
8397,惽,U+60FD
8398,愃,U+6103
8399,愓,U+6113
8400,慉,U+6149
8402,懠,U+61E0
8403,懮,U+61EE
8404,懰,U+61F0
8405,戄,U+6204
8406,您,U+60A8
8407,恬,U+606C
8408,憙,U+6199
8409,恵,U+6075
8410,惦,U+60E6
8411,戭,U+622D
8421,戹,U+6239
8422,戺,U+623A
8426,挷,U+6337
8427,撑,U+6491
8428,撶,U+64B6
8429,𢪘,U+22A98
8430,攆,U+6506
8431,扡,U+6261
8432,抿,U+62BF
8433,拶,U+62F6
8434,挐,U+6310
8435,挱,U+6331
8436,捃,U+6343
8437,揑,U+63D1
8438,捘,U+6358
8439,掂,U+6382
8440,掗,U+6397
8441,掙,U+6399
8442,掤,U+63A4
8443,捺,U+637A
8444,揎,U+63CE
8445,揕,U+63D5
8446,摉,U+6449
8447,揥,U+63E5
8449,揶,U+63F6
8450,揵,U+63F5
8451,搧,U+6427
8452,搯,U+642F
8453,搰,U+6430
8454,摔,U+6454
8455,摜,U+645C
8456,摦,U+6466
8457,摲,U+6472
8458,摷,U+6477
8459,摻,U+647B
8460,𢵧,U+22D67
8461,擖,U+64D6
8462,搌,U+640C
8463,攏,U+650F
8464,掮,U+63AE
8465,搤,U+6424
8466,搾,U+643E
8467,搿,U+643F
8468,搡,U+6421
8469,撏,U+648F
8470,撦,U+64A6
8471,敜,U+655C
8472,敳,U+6573
8473,敹,U+6579
8474,敿,U+657F
8475,敫,U+656B
8481,斚,U+659A
8482,斠,U+65A0
8501,旗,U+65D7
8509,昜,U+661C
8510,昬,U+662C
8511,昄,U+6604
8512,旼,U+65FC
8513,昊,U+660A
8514,曆,U+66C6
8515,昰,U+6630
8516,晅,U+6645
8517,晜,U+665C
8518,晟,U+665F
8519,晢,U+6662
8520,晾,U+667E
8521,暋,U+668B
8522,暌,U+668C
8523,暓,U+6693
8524,曖,U+66D6
8526,暔,U+6694
8527,晒,U+6652
8528,曄,U+66C4
8529,暲,U+66B2
8530,昺,U+663A
8531,朌,U+670C
8532,朣,U+6723
8534,椾,U+693E
8535,杈,U+6748
8536,枱,U+67B1
8537,朳,U+6733
8538,椪,U+692A
8539,檨,U+6AA8
8540,欉,U+6B09
8541,机,U+673A
8542,朾,U+673E
8543,杅,U+6745
8544,杙,U+6759
8545,杷,U+6777
8546,杻,U+677B
8547,枬,U+67AC
8548,枒,U+6792
8549,枓,U+6793
8550,柺,U+67FA
8551,柂,U+67C2
8552,柅,U+67C5
8553,柣,U+67E3
8554,柤,U+67E4
8556,柲,U+67F2
8557,柶,U+67F6
8558,栔,U+6814
8559,栝,U+681D
8560,栞,U+681E
8561,栫,U+682B
8562,栭,U+682D
8563,栵,U+6835
8564,桋,U+684B
8565,桬,U+686C
8566,桭,U+686D
8567,梡,U+68A1
8568,梩,U+68A9
8569,梴,U+68B4
8570,棑,U+68D1
8571,棜,U+68DC
8572,棪,U+68EA
8573,棸,U+68F8
8574,椌,U+690C
8575,椏,U+690F
8576,椑,U+6911
8577,楀,U+6940
8578,楂,U+6942
8579,楄,U+6944
8580,楎,U+694E
8581,楬,U+696C
8582,楰,U+6970
8583,樠,U+6A20
8584,樿,U+6A3F
8585,橇,U+6A47
8586,橤,U+6A64
8587,檇,U+6A87
8588,檎,U+6A8E
8589,檑,U+6A91
8590,檴,U+6AB4
8591,橣,U+6A63
8592,檿,U+6ABF
8593,櫌,U+6ACC
8594,欑,U+6B11
8595,欙,U+6B19
8596,槼,U+69FC
8597,橚,U+6A5A
8598,燊,U+71CA
8599,樳,U+6A33
8600,橒,U+6A52
8601,栓,U+6813
8602,櫉,U+6AC9
8603,櫸,U+6AF8
8604,柸,U+67F8
8605,梘,U+6898
8606,栒,U+6812
8607,檙,U+6A99
8608,橌,U+6A4C
8609,栟,U+681F
8611,欼,U+6B3C
8612,歈,U+6B48
8613,歊,U+6B4A
8614,歗,U+6B57
8615,歜,U+6B5C
8616,歁,U+6B41
8620,殭,U+6BAD
8621,歾,U+6B7E
8622,殈,U+6B88
8623,殣,U+6BA3
8624,毈,U+6BC8
8632,毚,U+6BDA
8633,氝,U+6C1D
8634,氧,U+6C27
8635,氥,U+6C25
8636,氦,U+6C26
8637,氫,U+6C2B
8638,𣱢,U+23C62
8639,氮,U+6C2E
8640,氬,U+6C2C
8641,毿,U+6BFF
8642,淳,U+6DF3
8643,浬,U+6D6C
8644,浭,U+6D6D
8645,湟,U+6E5F
8647,湋,U+6E4B
8648,漋,U+6F0B
8649,泒,U+6CD2
8650,浤,U+6D64
8651,汆,U+6C46
8652,氿,U+6C3F
8653,汋,U+6C4B
8654,汍,U+6C4D
8655,汽,U+6C7D
8657,沇,U+6C87
8658,沕,U+6C95
8659,泃,U+6CC3
8660,泜,U+6CDC
8661,洏,U+6D0F
8662,洑,U+6D11
8663,洩,U+6D29
8664,浧,U+6D67
8665,涊,U+6D8A
8666,涁,U+6D81
8667,溨,U+6EA8
8668,洴,U+6D34
8669,淓,U+6DD3
8670,淠,U+6DE0
8671,淢,U+6DE2
8672,淥,U+6DE5
8673,淵,U+6DF5
8674,淶,U+6DF6
8675,淼,U+6DFC
8677,渫,U+6E2B
8678,渮,U+6E2E
8679,渲,U+6E32
8680,渼,U+6E3C
8681,湢,U+6E62
8682,溴,U+6EB4
8683,滉,U+6EC9
8684,滊,U+6ECA
8685,滏,U+6ECF
8686,漷,U+6F37
8687,潚,U+6F5A
8688,澐,U+6F90
8689,瀅,U+7005
8690,瀌,U+700C
8691,瀳,U+7033
8692,溎,U+6E8E
8693,洤,U+6D24
8694,灥,U+7065
8695,澔,U+6F94
8696,焉,U+7109
8697,燨,U+71E8
8698,焱,U+7131
8699,煃,U+7143
8700,燏,U+71CF
8701,炅,U+7085
8702,烙,U+70D9
8703,焄,U+7104
8704,煁,U+7141
8705,煙,U+7159
8706,燉,U+71C9
8707,燋,U+71CB
8708,焻,U+713B
8709,熿,U+71BF
8710,煐,U+7150
8711,𤌚,U+2431A
8712,𤉶,U+24276
8713,烱,U+70F1
8714,烓,U+70D3
8715,熤,U+71A4
8716,烳,U+70F3
8717,煝,U+715D
8718,熉,U+7189
8719,牏,U+724F
8720,牐,U+7250
8721,牼,U+727C
8722,犆,U+7286
8723,犇,U+7287
8724,犔,U+7294
8725,犛,U+729B
8726,犫,U+72AB
8727,牠,U+7260
8731,犵,U+72B5
8732,犺,U+72BA
8733,狅,U+72C5
8734,狉,U+72C9
8735,狘,U+72D8
8736,狨,U+72E8
8737,狫,U+72EB
8738,猆,U+7306
8739,猈,U+7308
8740,猲,U+7332
8741,獀,U+7340
8742,獆,U+7346
8743,獝,U+735D
8744,獢,U+7362
8745,獫,U+736B
8746,獾,U+737E
8747,獼,U+737C
8748,𤢛,U+2489B
8751,玆,U+7386
8759,玞,U+739E
8760,玥,U+73A5
8761,玗,U+7397
8762,琱,U+7431
8763,琿,U+743F
8764,璅,U+7485
8765,璊,U+748A
8766,璚,U+749A
8767,璩,U+74A9
8768,瓌,U+74CC
8769,瓖,U+74D6
8770,珛,U+73DB
8771,瑢,U+7462
8772,瑄,U+7444
8773,珔,U+73D4
8774,琼,U+743C
8775,玶,U+73B6
8776,瓗,U+74D7
8777,瑂,U+7442
8778,琷,U+7437
8779,琰,U+7430
8780,璉,U+7489
8781,甀,U+7500
8782,甏,U+750F
8783,甒,U+7512
8784,甆,U+7506
8786,甤,U+7524
8787,甩,U+7529
8791,畈,U+7548
8792,疃,U+7583
8797,𤺥,U+24EA5
8798,瘃,U+7603
8799,癌,U+764C
8800,癳,U+7673
8801,疘,U+7598
8802,痁,U+75C1
8803,痐,U+75D0
8804,痚,U+75DA
8805,痠,U+75E0
8806,痤,U+75E4
8807,痱,U+75F1
8808,痵,U+75F5
8809,痻,U+75FB
8810,瘈,U+7608
8811,瘌,U+760C
8812,瘭,U+762D
8813,瘯,U+762F
8814,瘶,U+7636
8815,瘸,U+7638
8816,癟,U+765F
8817,癠,U+7660
8818,痧,U+75E7
8819,瘄,U+7604
8820,疶,U+75B6
8821,癿,U+767F
8831,盚,U+76DA
8841,盵,U+76F5
8842,盹,U+76F9
8843,眂,U+7702
8844,眅,U+7705
8845,眎,U+770E
8846,眏,U+770F
8847,眕,U+7715
8848,睅,U+7745
8849,睒,U+7752
8850,睙,U+7759
8851,睬,U+776C
8852,睽,U+777D
8853,瞌,U+778C
8854,瞏,U+778F
8855,瞟,U+779F
8856,瞫,U+77AB
8857,矔,U+77D4
8858,睻,U+777B
8861,矟,U+77DF
8871,矬,U+77EC
8872,矸,U+77F8
8873,碚,U+789A
8874,碉,U+7889
8875,砟,U+781F
8876,矽,U+77FD
8877,硍,U+784D
8878,𥖁,U+25581
8879,礄,U+7904
8880,礞,U+791E
8881,砞,U+781E
8882,碍,U+788D
8883,碏,U+788F
8884,碈,U+7888
8885,碻,U+78BB
8886,磒,U+78D2
8887,磠,U+78E0
8888,磡,U+78E1
8889,砝,U+781D
8890,碘,U+7898
8891,硐,U+7850
8892,祙,U+7959
8893,禚,U+799A
8894,禜,U+799C
8895,禤,U+79A4
8901,稑,U+7A11
8902,稺,U+7A3A
8903,穈,U+7A48
8904,穧,U+7A67
8905,穮,U+7A6E
8906,秴,U+79F4
8911,窔,U+7A94
8912,窌,U+7A8C
8913,窴,U+7AB4
8914,窿,U+7ABF
8921,竢,U+7AE2
8931,竾,U+7AFE
8933,笰,U+7B30
8934,笲,U+7B32
8935,笵,U+7B35
8936,筘,U+7B58
8937,筭,U+7B6D
8938,筳,U+7B73
8939,箄,U+7B84
8940,箙,U+7B99
8941,篜,U+7BDC
8942,篟,U+7BDF
8943,篥,U+7BE5
8944,𥲻,U+25CBB
8945,簉,U+7C09
8946,簹,U+7C39
8947,籝,U+7C5D
8948,籣,U+7C63
8949,籭,U+7C6D
8950,簰,U+7C30
8951,筷,U+7B77
8952,篢,U+7BE2
8957,粎,U+7C8E
8958,粍,U+7C8D
8959,籽,U+7C7D
8960,糅,U+7CC5
8961,籼,U+7C7C
8962,粞,U+7C9E
8963,粮,U+7CAE
8964,粻,U+7CBB
8965,粽,U+7CBD
8966,糔,U+7CD4
8967,糰,U+7CF0
8968,粿,U+7CBF
8969,籸,U+7C78
8970,緱,U+7DF1
8971,紃,U+7D03
8972,紑,U+7D11
8973,紕,U+7D15
8974,絓,U+7D53
8975,絻,U+7D7B
8976,綅,U+7D85
8977,綎,U+7D8E
8978,綖,U+7D96
8979,綪,U+7DAA
8980,緜,U+7DDC
8981,緄,U+7DC4
8982,線,U+7DDA
8983,緰,U+7DF0
8984,緶,U+7DF6
8985,縚,U+7E1A
8986,縮,U+7E2E
8987,繖,U+7E56
8988,繘,U+7E58
8989,繠,U+7E60
8990,縇,U+7E07
8991,緓,U+7DD3
8992,纙,U+7E99
8993,縿,U+7E3F
8994,纕,U+7E95
8995,繃,U+7E43
8996,缽,U+7F3D
8997,罎,U+7F4E
9001,罦,U+7F66
9002,罻,U+7F7B
9003,罾,U+7F7E
9011,羋,U+7F8B
9012,羭,U+7FAD
9013,羱,U+7FB1
9021,羿,U+7FBF
9022,羾,U+7FBE
9023,翃,U+7FC3
9024,翪,U+7FEA
9031,耏,U+800F
9041,聓,U+8053
9042,聝,U+805D
9043,聱,U+8071
9051,肜,U+809C
9053,肵,U+80B5
9054,胆,U+80C6
9055,胺,U+80FA
9056,胰,U+80F0
9057,胹,U+80F9
9058,脄,U+8104
9059,脆,U+8106
9060,脉,U+8109
9061,脖,U+8116
9062,脗,U+8117
9063,脝,U+811D
9064,脡,U+8121
9065,脢,U+8122
9066,脰,U+8130
9067,腂,U+8142
9068,腌,U+814C
9069,腍,U+814D
9070,腒,U+8152
9071,腶,U+8176
9072,膇,U+8187
9073,膘,U+8198
9074,膟,U+819F
9075,膨,U+81A8
9076,膷,U+81B7
9077,臈,U+81C8
9078,臏,U+81CF
9079,臐,U+81D0
9081,臛,U+81DB
9082,肪,U+80AA
9083,腺,U+817A
9084,膆,U+8186
9088,舿,U+823F
9089,舺,U+823A
9090,艌,U+824C
9091,舨,U+8228
9092,艑,U+8251
9093,艣,U+8263
9094,艥,U+8265
9095,艩,U+8269
9096,艬,U+826C
9097,舢,U+8222
9098,艚,U+825A
9099,𦩀,U+26A40
9100,苠,U+82E0
9101,荁,U+8341
9102,荅,U+8345
9103,菆,U+83C6
9104,茾,U+833E
9105,菸,U+83F8
9106,菻,U+83FB
9107,萴,U+8434
9108,葄,U+8444
9109,葓,U+8453
9110,蒢,U+84A2
9111,蓪,U+84EA
9112,蓯,U+84EF
9113,蓷,U+84F7
9114,蓘,U+84D8
9115,蔋,U+850B
9116,蔙,U+8519
9117,蔫,U+852B
9118,薧,U+85A7
9119,薸,U+85B8
9120,薾,U+85BE
9121,藘,U+85D8
9122,藙,U+85D9
9123,蘤,U+8624
9124,蘺,U+863A
9125,𦼖,U+26F16
9126,莦,U+83A6
9127,芘,U+8298
9128,葠,U+8460
9129,茬,U+832C
9130,蘐,U+8610
9131,虒,U+8652
9132,虖,U+8656
9141,蚠,U+86A0
9142,蚡,U+86A1
9143,蛐,U+86D0
9144,蛓,U+86D3
9145,蛔,U+86D4
9146,蜑,U+8711
9147,蜒,U+8712
9148,蜨,U+8728
9149,蜾,U+873E
9150,蜿,U+873F
9151,蝯,U+876F
9152,螉,U+8789
9153,螗,U+8797
9154,螵,U+87B5
9155,蟁,U+87C1
9156,蟜,U+87DC
9157,蟢,U+87E2
9158,蠋,U+880B
9159,蠐,U+8810
9160,蠙,U+8819
9161,蠓,U+8813
9162,蠭,U+882D
9163,蠮,U+882E
9164,蝻,U+877B
9165,蜆,U+8706
9166,蠔,U+8814
9167,蚜,U+869C
9169,蚵,U+86B5
9170,袟,U+889F
9171,衩,U+8869
9172,衮,U+886E
9173,袇,U+8887
9174,袢,U+88A2
9175,袲,U+88B2
9176,袺,U+88BA
9177,袽,U+88BD
9178,袿,U+88BF
9179,裋,U+88CB
9180,裦,U+88E6
9181,褒,U+8912
9182,褕,U+8915
9183,褽,U+893D
9184,襥,U+8965
9185,襍,U+894D
9186,襡,U+8961
9187,襢,U+8962
9188,襮,U+896E
9189,襬,U+896C
9190,裡,U+88E1
9191,襔,U+8954
9192,褳,U+8933
9193,𧞅,U+27785
9201,觜,U+89DC
9202,觡,U+89E1
9203,觷,U+89F7
9206,詑,U+8A51
9208,誖,U+8A96
9210,讅,U+8B85
9211,訆,U+8A06
9212,訧,U+8A27
9213,訽,U+8A3D
9214,詉,U+8A49
9215,詧,U+8A67
9216,詻,U+8A7B
9217,詾,U+8A7E
9218,誃,U+8A83
9219,諆,U+8AC6
9220,諢,U+8AE2
9221,譈,U+8B48
9222,讇,U+8B87
9223,讕,U+8B95
9224,詨,U+8A68
9225,詊,U+8A4A
9226,讑,U+8B91
9227,詷,U+8A77
9228,謷,U+8B37
9229,譅,U+8B45
9230,譆,U+8B46
9231,豀,U+8C40
9241,豗,U+8C57
9242,豣,U+8C63
9243,豶,U+8C76
9244,豷,U+8C77
9252,貜,U+8C9C
9254,貟,U+8C9F
9255,賩,U+8CE9
9256,賛,U+8CDB
9261,趡,U+8DA1
9262,趫,U+8DAB
9263,趟,U+8D9F
9264,趲,U+8DB2
9267,踁,U+8E01
9268,跴,U+8DF4
9269,跤,U+8DE4
9270,踪,U+8E2A
9271,跦,U+8DE6
9272,跲,U+8DF2
9273,踹,U+8E39
9274,蹏,U+8E4F
9275,蹩,U+8E69
9276,蹻,U+8E7B
9278,躗,U+8E97
9279,躞,U+8E9E
9280,躘,U+8E98
9281,跧,U+8DE7
9282,趼,U+8DBC
9283,蹼,U+8E7C
9284,躧,U+8EA7
9291,軘,U+8ED8
9292,軜,U+8EDC
9293,軝,U+8EDD
9294,軥,U+8EE5
9295,轑,U+8F51
9296,轗,U+8F57
9297,轝,U+8F5D
9298,軻,U+8EFB
9299,轊,U+8F4A
9300,轔,U+8F54
9310,逯,U+902F
9311,逄,U+9004
9312,遫,U+906B
9313,邋,U+908B
9314,逴,U+9034
9315,遰,U+9070
9321,邧,U+90A7
9322,邿,U+90BF
9323,郈,U+90C8
9324,郔,U+90D4
9326,郚,U+90DA
9328,郠,U+90E0
9329,郪,U+90EA
9330,郫,U+90EB
9331,郳,U+90F3
9332,鄓,U+9113
9333,鄀,U+9100
9334,鄆,U+9106
9335,鄇,U+9107
9336,鄋,U+910B
9337,鄍,U+910D
9338,鄎,U+910E
9339,鄏,U+910F
9340,鄐,U+9110
9341,鄑,U+9111
9342,鄣,U+9123
9343,鄤,U+9124
9344,鄩,U+9129
9345,鄬,U+912C
9346,鄻,U+913B
9347,鄾,U+913E
9348,酅,U+9145
9349,邘,U+9098
9350,鄯,U+912F
9351,郾,U+90FE
9352,郗,U+90D7
9353,鄈,U+9108
9354,鄚,U+911A
9359,醝,U+919D
9360,釅,U+91C5
9361,酏,U+914F
9362,醎,U+918E
9363,醑,U+9191
9364,醹,U+91B9
9365,醻,U+91BB
9366,釃,U+91C3
9367,鉌,U+924C
9368,鎤,U+93A4
9369,鐄,U+9404
9370,鍏,U+934F
9371,鈹,U+9239
9372,鉀,U+9240
9373,鉑,U+9251
9374,鋂,U+92C2
9375,鉼,U+927C
9376,錩,U+9329
9377,鎩,U+93A9
9378,鏇,U+93C7
9379,鏊,U+93CA
9380,鏚,U+93DA
9381,錪,U+932A
9382,鐐,U+9410
9383,鐏,U+940F
9384,鐔,U+9414
9385,鐧,U+9427
9386,鑅,U+9445
9387,鑫,U+946B
9388,錁,U+9301
9389,鋆,U+92C6
9390,錆,U+9306
9391,鎣,U+93A3
9392,錟,U+931F
9393,鎏,U+938F
9394,釙,U+91D9
9395,鈁,U+9201
9396,鋕,U+92D5
9397,鋐,U+92D0
9398,鈊,U+920A
9399,錂,U+9302
9400,銈,U+9288
9401,閙,U+9599
9402,閧,U+95A7
9403,閿,U+95BF
9411,陑,U+9651
9412,陾,U+967E
9413,隃,U+9683
9414,随,U+968F
9415,隵,U+96B5
9416,阽,U+963D
9417,𨻧,U+28EE7
9421,雂,U+96C2
9422,雃,U+96C3
9431,霙,U+9719
9432,霣,U+9723
9433,靁,U+9741
9434,霂,U+9702
9441,靝,U+975D
9451,靮,U+976E
9452,靺,U+977A
9453,鞃,U+9783
9454,鞌,U+978C
9455,鞛,U+979B
9456,鞨,U+97A8
9457,韅,U+97C5
9458,靼,U+977C
9461,韡,U+97E1
9462,韣,U+97E3
9466,韹,U+97F9
9471,頄,U+9804
9472,頜,U+981C
9473,𬱃,U+2CC43
9474,頠,U+9820
9475,頯,U+982F
9476,顗,U+9857
9477,顎,U+984E
9478,顒,U+9852
9480,颱,U+98B1
9482,颮,U+98AE
9491,飜,U+98DC
9501,飥,U+98E5
9502,養,U+990A
9503,餑,U+9911
9504,餪,U+992A
9505,餫,U+992B
9506,餺,U+993A
9507,餻,U+993B
9508,饘,U+9958
9509,饍,U+994D
9510,𩟝,U+297DD
9511,餿,U+993F
9515,馪,U+99AA
9519,騉,U+9A09
9520,驫,U+9A6B
9521,馵,U+99B5
9522,駓,U+99D3
9523,駔,U+99D4
9524,駴,U+99F4
9525,駽,U+99FD
9526,駾,U+99FE
9527,騢,U+9A22
9528,騯,U+9A2F
9529,驦,U+9A66
9530,騆,U+9A06
9541,髁,U+9AC1
9551,髽,U+9AFD
9552,鬃,U+9B03
9553,鬁,U+9B01
9562,魋,U+9B4B
9563,魗,U+9B57
9571,鮚,U+9B9A
9572,鯈,U+9BC8
9573,鯔,U+9BD4
9574,鰉,U+9C09
9575,鰋,U+9C0B
9576,鰒,U+9C12
9577,鰱,U+9C31
9578,鰾,U+9C3E
9579,鱏,U+9C4F
9580,鱐,U+9C50
9581,鱓,U+9C53
9582,鱧,U+9C67
9583,鱭,U+9C6D
9584,鱮,U+9C6E
9585,鱯,U+9C6F
9586,鱻,U+9C7B
9587,鮭,U+9BAD
9588,鮿,U+9BBF
9589,鰵,U+9C35
9590,鰐,U+9C10
9591,鯛,U+9BDB
9592,魷,U+9B77
9593,鯕,U+9BD5
9601,鳷,U+9CF7
9602,瞗,U+7797
9603,鴥,U+9D25
9604,鵷,U+9D77
9605,鵻,U+9D7B
9606,鷊,U+9DCA
9607,鷫,U+9DEB
9608,鸂,U+9E02
9609,𪆟,U+2A19F
9610,鸘,U+9E18
9611,鴕,U+9D15
9612,鶡,U+9DA1
9621,麩,U+9EA9
9622,麵,U+9EB5
9623,麱,U+9EB1
9631,黟,U+9EDF
9632,黰,U+9EF0
9641,鼪,U+9F2A
9642,鼴,U+9F34
9652,龡,U+9FA1
9653,銒,U+9292
9654,鉍,U+924D
9655,鈷,U+9237
9656,鉻,U+927B
9657,鈉,U+9209
9658,鈣,U+9223
9659,鉥,U+9265
9660,銻,U+92BB
9661,鋁,U+92C1
9662,鋝,U+92DD
9663,鋃,U+92C3
9664,錔,U+9314
9665,鎂,U+9382
9666,鎳,U+93B3
9667,鐳,U+9433
9668,鏛,U+93DB
9669,鎢,U+93A2
9670,鉬,U+926C
9671,錖,U+9316
9672,錏,U+930F
9673,鍚,U+935A
9674,鋰,U+92F0
9675,釩,U+91E9
9676,鎘,U+9398
9677,銾,U+92BE
9678,鈾,U+923E
9679,鍈,U+9348
9680,鏻,U+93FB
9681,鍹,U+9379
9682,鉎,U+924E
9683,鐉,U+9409
9684,鉷,U+9277
9685,鋇,U+92C7
9686,鈄,U+9204
9687,侴,U+4FB4
9688,佰,U+4F70
9689,伕,U+4F15
9690,俤,U+4FE4
9692,乒,U+4E52
9693,乓,U+4E53
9694,砃,U+7803
9695,砅,U+7805
9696,砵,U+7835
9697,砷,U+7837
9698,砳,U+7833
9699,砸,U+7838
9700,砽,U+783D
9701,硅,U+7845
9702,硔,U+7854
9703,碶,U+78B6
9704,碴,U+78B4
9705,碳,U+78B3
9706,硻,U+787B
9707,磹,U+78F9
9708,硋,U+784B
9709,硪,U+786A
9710,巃,U+5DC3
9711,嶴,U+5DB4
9712,嵼,U+5D7C
9713,瑔,U+7454
9714,珺,U+73FA
9715,琺,U+743A
9716,瑭,U+746D
9717,璭,U+74AD
9718,璦,U+74A6
9719,湳,U+6E73
9720,泩,U+6CE9
9721,洺,U+6D3A
9722,淌,U+6DCC
9723,泵,U+6CF5
9724,澬,U+6FAC
9725,濚,U+6FDA
9726,濙,U+6FD9
9727,瀞,U+701E
9728,灄,U+7044
9729,吔,U+5414
9730,吽,U+543D
9731,咪,U+54AA
9732,吱,U+5431
9733,咟,U+549F
9734,吧,U+5427
9735,咖,U+5496
9736,啤,U+5564
9737,坨,U+5768
9738,堌,U+580C
9739,堨,U+5828
9740,堽,U+583D
9741,垻,U+57BB
9742,𡊐,U+21290
9743,垸,U+57B8
9744,埰,U+57F0
9745,壳,U+58F3
9746,塝,U+585D
9747,墘,U+5898
9748,垊,U+578A
9749,埗,U+57D7
9750,壢,U+58E2
9751,煚,U+715A
9752,焴,U+7134
9753,烯,U+70EF
9754,熳,U+71B3
9755,燡,U+71E1
9756,燁,U+71C1
9757,𤆬,U+241AC
9758,煟,U+715F
9759,燫,U+71EB
9760,𡇥,U+211E5
9761,𡆫,U+211AB
9762,焊,U+710A
9763,錶,U+9336
9764,釷,U+91F7
9765,鈦,U+9226
9766,鉄,U+9244
9771,侄,U+4F84
9772,佬,U+4F6C
9773,哖,U+54D6
9774,塭,U+586D
9775,妬,U+59AC
9776,嬿,U+5B3F
9777,屘,U+5C58
9778,崁,U+5D01
9779,嵙,U+5D59
9780,氖,U+6C16
9781,氟,U+6C1F
9782,氨,U+6C28
9783,氰,U+6C30
9784,灯,U+706F
9785,畑,U+7551
9786,烊,U+70CA
9787,琍,U+740D
9788,碖,U+7896
9789,磘,U+78D8
9790,苳,U+82F3
9791,萣,U+8423
9792,菎,U+83CE
9793,莿,U+83BF
9794,蔘,U+8518
9796,鯓,U+9BD3
9797,鰮,U+9C2E
9798,鰹,U+9C39
