code	plaintext	status
"1^"""	<IL>	R1038 transcription
1^CircleWithHorizontalBar	et	R1038 transcription
1^^	negociatie	R1038 transcription
1^_	<IL>	R1038 transcription
1^o	<IL>	R1038 transcription
2	een	contextual inference
2^CircleWithHorizontalBar	kan	R1038 transcription
2^^	<IL>	R1038 transcription
2^_	hier	R1038 transcription
2^o	<IL>	R1038 transcription
3	dat	R1038 transcription
3^CircleWithHorizontalBar	o	R1038 transcription
3^^	n'est	R1038 transcription
3^_	<IL>	R1038 transcription
3^o	stel	contextual inference
4	een	R1038 transcription
4^CircleWithHorizontalBar	t	R1038 transcription
4^^	n'est	R1038 transcription
4^_	<IL>	R1038 transcription
4^o	<IL>	R1038 transcription
5	i	R1038 transcription
5^CircleWithHorizontalBar	a	R1038 transcription
5^^	ng	R1038 transcription
5^_	<IL>	R1038 transcription
5^o	<IL>	R1038 transcription
6	ne	R1038 transcription
6^CircleWithHorizontalBar	den	R1038 transcription
6^^	nuts?	R1038 transcription
6^_	<IL>	R1038 transcription
6^o	<IL>	R1038 transcription
7	te	contextual inference
7^CircleWithHorizontalBar	et	R1038 transcription
7^^	<IL>	R1038 transcription
7^_	<IL>	R1038 transcription
7^o	<IL>	R1038 transcription
8	zal	R1038 transcription
8^CircleWithHorizontalBar	kon	R1038 transcription
8^^	noch	R1038 transcription
8^_	<IL>	R1038 transcription
8^o	subsidie	R1038 transcription
9	dat	R1038 transcription
9^CircleWithHorizontalBar	o	R1038 transcription
9^^	nog	R1038 transcription
9^_	<IL>	R1038 transcription
9^o	suc	R1038 transcription
10	eerd	R1038 transcription
10^CircleWithHorizontalBar	te	R1038 transcription
10^^	nonce	R1038 transcription
10^_	<IL>	R1038 transcription
10^o	<IL>	R1038 transcription
11	ik	R1038 transcription
11^CircleWithHorizontalBar	<IL>	R1038 transcription
11^^	noore?	R1038 transcription
11^_	<IL>	R1038 transcription
11^o	<IL>	R1038 transcription
12	ni	R1038 transcription
12^CircleWithHorizontalBar	<IL>	R1038 transcription
12^^	note	R1038 transcription
12^_	hoor	R1038 transcription
12^o	ce	R1038 transcription
13	tt	R1038 transcription
13^CircleWithHorizontalBar	waaken	R1038 transcription
13^^	notre	R1038 transcription
13^_	hot	R1038 transcription
13^o	cen	R1038 transcription
14	zond?	R1038 transcription
14^CircleWithHorizontalBar	<EMPTY>	R1038 transcription
14^^	<IL>	R1038 transcription
14^_	dit Hot	R1038 transcription
14^o	i	R1038 transcription
15	daadelyk	R1038 transcription
"15^"""	a	R1038 transcription
15^CircleWithHorizontalBar	waar	R1038 transcription
15^^	nul	R1038 transcription
15^_	<IL>	R1038 transcription
15^o	ne	R1038 transcription
16	daar	R1038 transcription
"16^"""	dit	R1038 transcription
16^CircleWithHorizontalBar	waardoor	R1038 transcription
16^^	oi	R1038 transcription
16^_	<IL>	R1038 transcription
16^o	t	R1038 transcription
17	daar on boven?	R1038 transcription
"17^"""	en	R1038 transcription
17^CircleWithHorizontalBar	waarneemen	R1038 transcription
17^^	obligatie	R1038 transcription
17^_	<IL>	R1038 transcription
17^o	z	R1038 transcription
18	daar legen	R1038 transcription
"18^"""	ik	R1038 transcription
18^CircleWithHorizontalBar	waarschÿlÿk	R1038 transcription
18^^	obsi	R1038 transcription
18^_	<IL>	R1038 transcription
18^o	d	R1038 transcription
19	daar Zal	R1038 transcription
"19^"""	o	R1038 transcription
19^CircleWithHorizontalBar	waar van	R1038 transcription
19^^	<IL>	R1038 transcription
19^_	hun	R1038 transcription
19^o	eerd	R1038 transcription
20	dagelÿks	R1038 transcription
"20^"""	se	R1038 transcription
20^CircleWithHorizontalBar	wanorder	R1038 transcription
20^^	<IL>	R1038 transcription
20^_	hÿ	R1038 transcription
20^o	id	R1038 transcription
21	dagt	R1038 transcription
"21^"""	a	R1038 transcription
21^CircleWithHorizontalBar	was	R1038 transcription
21^^	<IL>	R1038 transcription
21^_	<IL>	R1038 transcription
21^o	ni	R1038 transcription
22	dat een	R1038 transcription
"22^"""	du	R1038 transcription
22^CircleWithHorizontalBar	wat	R1038 transcription
22^^	offer	R1038 transcription
22^_	<IL>	R1038 transcription
22^o	la	R1038 transcription
23	dat nun	R1038 transcription
"23^"""	er	R1038 transcription
23^CircleWithHorizontalBar	weber?	R1038 transcription
23^^	<IL>	R1038 transcription
23^o	zal	R1038 transcription
24	dato	R1038 transcription
"24^"""	il	R1038 transcription
24^CircleWithHorizontalBar	weenen	R1038 transcription
24^^	<IL>	R1038 transcription
24^o	restitutie F	R1038 transcription
25	de	R1038 transcription
"25^"""	oo	R1038 transcription
25^CircleWithHorizontalBar	<IL>	R1038 transcription
25^^	om	R1038 transcription
25^_	ie	contextual inference
25^o	restitutie F	R1038 transcription
26	de	R1038 transcription
"26^"""	t	R1038 transcription
26^CircleWithHorizontalBar	wel	R1038 transcription
26^^	om de	R1038 transcription
26^_	<IL>	R1038 transcription
26^o	retireeren F	R1038 transcription
27	<IL>	R1038 transcription
"27^"""	A	R1038 transcription
27^CircleWithHorizontalBar	wen	R1038 transcription
27^^	<IL>	R1038 transcription
27^_	ig	contextual inference
27^o	retroca?	R1038 transcription
28	declin	R1038 transcription
"28^"""	aan	R1038 transcription
28^CircleWithHorizontalBar	werde	R1038 transcription
28^^	on	R1038 transcription
28^o	revo	R1038 transcription
29	<IL>	R1038 transcription
"29^"""	aan den'	R1038 transcription
29^CircleWithHorizontalBar	<IL>	R1038 transcription
29^^	<IL>	R1038 transcription
29^_	ik	R1038 transcription
29^o	<IL>	R1038 transcription
30	defaut	R1038 transcription
"30^"""	aan dit Hof	R1038 transcription
30^CircleWithHorizontalBar	wezen	R1038 transcription
30^^	c	R1038 transcription
30^_	<IL>	R1038 transcription
30^o	riet	R1038 transcription
31	<IL>	R1038 transcription
"31^"""	aange	R1038 transcription
31^CircleWithHorizontalBar	wie	R1038 transcription
31^^	e	R1038 transcription
31^_	<IL>	R1038 transcription
31^o	Rivier F	R1038 transcription
32	deliber	R1038 transcription
"32^"""	aan haer Majestet? F	R1038 transcription
32^CircleWithHorizontalBar	wierd	R1038 transcription
32^^	heid	R1038 transcription
32^_	<IL>	R1038 transcription
32^o	<IL>	R1038 transcription
33	demain	R1038 transcription
"33^"""	<IL>	R1038 transcription
33^CircleWithHorizontalBar	willen	R1038 transcription
33^^	m	R1038 transcription
33^_	<IL>	R1038 transcription
33^o	roient	R1038 transcription
34	den	R1038 transcription
"34^"""	aan her?	R1038 transcription
34^CircleWithHorizontalBar	wis	R1038 transcription
34^^	r	R1038 transcription
34^_	<IL>	R1038 transcription
34^o	roov?	R1038 transcription
35	depeche	R1038 transcription
"35^"""	aan ll Ho Ed	R1038 transcription
35^CircleWithHorizontalBar	wender	R1038 transcription
35^^	voor	R1038 transcription
35^_	<IL>	R1038 transcription
35^o	Raiterÿe	R1038 transcription
36	deput	R1038 transcription
"36^"""	aan ? ? ? ?	R1038 transcription
36^CircleWithHorizontalBar	word	R1038 transcription
36^^	c	R1038 transcription
36^_	<IL>	R1038 transcription
36^o	<IL>	R1038 transcription
37	dertien? ?	R1038 transcription
"37^"""	aan ? Ed: ?	R1038 transcription
37^CircleWithHorizontalBar	worde	R1038 transcription
37^^	e	R1038 transcription
37^_	<IL>	R1038 transcription
37^o	sae	R1038 transcription
38	desir	R1038 transcription
"38^"""	aan wien	R1038 transcription
38^CircleWithHorizontalBar	worde	R1038 transcription
38^^	hem	R1038 transcription
38^_	<IL>	R1038 transcription
38^o	salut	R1038 transcription
39	hun	contextual inference
"39^"""	aan Zyn Ed:	R1038 transcription
39^CircleWithHorizontalBar	wÿ	R1038 transcription
39^^	men	R1038 transcription
39^_	<IL>	R1038 transcription
39^o	Sa Majeste D	R1038 transcription
40	dev	R1038 transcription
"40^"""	aan ?	R1038 transcription
40^CircleWithHorizontalBar	wÿze	R1038 transcription
40^^	ra	R1038 transcription
40^_	<IL>	R1038 transcription
40^o	Sa Maj: Imperiale D	R1038 transcription
41	<IL>	R1038 transcription
"41^"""	aan ? ? ?	R1038 transcription
41^CircleWithHorizontalBar	ÿver	R1038 transcription
41^^	u	R1038 transcription
41^_	<IL>	R1038 transcription
41^o	<IL>	R1038 transcription
42	<IL>	R1038 transcription
"42^"""	aar	R1038 transcription
42^CircleWithHorizontalBar	zaak	R1038 transcription
42^^	onderdaan	R1038 transcription
42^_	<IL>	R1038 transcription
42^o	satisfactie	R1038 transcription
43	<IL>	R1038 transcription
"43^"""	abel	R1038 transcription
43^CircleWithHorizontalBar	zal	R1038 transcription
43^^	on est	R1038 transcription
43^_	<IL>	R1038 transcription
43^o	<IL>	R1038 transcription
44	di zen	R1038 transcription
"44^"""	absolu	R1038 transcription
44^CircleWithHorizontalBar	zee	R1038 transcription
44^^	<IL>	R1038 transcription
44^_	a	R1038 transcription
44^o	<IL>	R1038 transcription
45	dier	R1038 transcription
"45^"""	accommod	R1038 transcription
45^CircleWithHorizontalBar	zeer	R1038 transcription
45^^	<IL>	R1038 transcription
45^_	der	R1038 transcription
45^o	scherp	R1038 transcription
46	dif	R1038 transcription
"46^"""	accusatic	R1038 transcription
46^CircleWithHorizontalBar	zeker?	R1038 transcription
46^^	onstandvastig	R1038 transcription
46^_	es	R1038 transcription
46^o	<IL>	R1038 transcription
47	difficultit	R1038 transcription
"47^"""	ad	R1038 transcription
47^CircleWithHorizontalBar	zeg	R1038 transcription
47^^	<IL>	R1038 transcription
47^_	l	R1038 transcription
47^o	schrift	R1038 transcription
48	ding	R1038 transcription
"48^"""	advertissement	R1038 transcription
48^CircleWithHorizontalBar	zeggen	R1038 transcription
48^^	<IL>	R1038 transcription
48^_	om	R1038 transcription
48^o	<IL>	R1038 transcription
49	direct	R1038 transcription
"49^"""	africa	R1038 transcription
49^CircleWithHorizontalBar	zeile?	R1038 transcription
49^^	<IL>	R1038 transcription
49^_	tt	R1038 transcription
49^o	<IL>	R1038 transcription
50	disgratie	R1038 transcription
"50^"""	age	R1038 transcription
50^CircleWithHorizontalBar	zelf	R1038 transcription
50^^	ontfangen	R1038 transcription
50^_	a	R1038 transcription
50^o	second	R1038 transcription
51	dissip?	R1038 transcription
"51^"""	agter	R1038 transcription
51^CircleWithHorizontalBar	zelfs	R1038 transcription
51^^	ontgaan?	R1038 transcription
51^_	die	R1038 transcription
51^o	secrat	R1038 transcription
52	dit	R1038 transcription
"52^"""	ait	R1038 transcription
52^CircleWithHorizontalBar	zen	R1038 transcription
52^^	ontrent	R1038 transcription
52^_	et	R1038 transcription
52^o	<IL>	R1038 transcription
53	dit Hof	R1038 transcription
"53^"""	alhier?	R1038 transcription
53^CircleWithHorizontalBar	zenden	R1038 transcription
53^^	<IL>	R1038 transcription
53^_	l	R1038 transcription
53^o	sembst	R1038 transcription
54	dit Zal	R1038 transcription
"54^"""	<IL>	R1038 transcription
54^CircleWithHorizontalBar	zestig, ?	R1038 transcription
54^^	<IL>	R1038 transcription
54^_	on	R1038 transcription
54^o	sentiatie	R1038 transcription
55	doch	R1038 transcription
"55^"""	alle	R1038 transcription
55^CircleWithHorizontalBar	zien	R1038 transcription
55^^	<IL>	R1038 transcription
55^_	v	R1038 transcription
55^o	separieren	R1038 transcription
56	<IL>	R1038 transcription
"56^"""	aller	R1038 transcription
56^CircleWithHorizontalBar	zigt	R1038 transcription
56^^	onvor	R1038 transcription
56^_	<IL>	R1038 transcription
56^o	serions	R1038 transcription
57	volgen	contextual inference
"57^"""	allientie	R1038 transcription
57^CircleWithHorizontalBar	zo	R1038 transcription
57^^	onze	R1038 transcription
57^_	<IL>	R1038 transcription
57^o	seus	R1038 transcription
58	<IL>	R1038 transcription
"58^"""	allierte ?	R1038 transcription
58^CircleWithHorizontalBar	zo als	R1038 transcription
58^^	onzer	R1038 transcription
58^_	haast?	R1038 transcription
58^o	si	R1038 transcription
59	donn?	R1038 transcription
"59^"""	als	R1038 transcription
59^CircleWithHorizontalBar	zo even	R1038 transcription
59^^	oog	R1038 transcription
59^_	had	R1038 transcription
59^o	s'il	R1038 transcription
60	door	R1038 transcription
"60^"""	als ?	R1038 transcription
60^CircleWithHorizontalBar	zo zoude?	R1038 transcription
60^^	ock	R1038 transcription
60^_	half	R1038 transcription
60^o	slag	R1038 transcription
61	<IL>	R1038 transcription
"61^"""	als nog	R1038 transcription
61^CircleWithHorizontalBar	zonder	R1038 transcription
61^^	oorlogsdeclaratie	R1038 transcription
61^_	<IL>	R1038 transcription
61^o	so	R1038 transcription
62	<IL>	R1038 transcription
"62^"""	<IL>	R1038 transcription
62^CircleWithHorizontalBar	<IL>	R1038 transcription
62^^	oost	R1038 transcription
62^_	haven	R1038 transcription
62^o	soldaat F	R1038 transcription
63	<IL>	R1038 transcription
"63^"""	allÿd	R1038 transcription
63^CircleWithHorizontalBar	<IL>	R1038 transcription
63^^	op dat	R1038 transcription
63^_	hazard	R1038 transcription
63^o	somme	R1038 transcription
64	<IL>	R1038 transcription
"64^"""	ambassadeur F	R1038 transcription
64^CircleWithHorizontalBar	<IL>	R1038 transcription
64^^	ophes?	R1038 transcription
64^_	hebbe	R1038 transcription
64^o	son	R1038 transcription
65	<IL>	R1038 transcription
"65^"""	amis	R1038 transcription
65^CircleWithHorizontalBar	<IL>	R1038 transcription
65^^	oppos	R1038 transcription
65^_	hebt	R1038 transcription
65^o	<IL>	R1038 transcription
66	<EMPTY>	R1038 transcription
"66^"""	ander	R1038 transcription
66^CircleWithHorizontalBar	zuid	R1038 transcription
66^^	opstaan	R1038 transcription
66^_	heden	R1038 transcription
66^o	-  - Sin Excellence D	R1038 transcription
67	<IL>	R1038 transcription
"67^"""	anders	R1038 transcription
67^CircleWithHorizontalBar	zulks	R1038 transcription
67^^	<IL>	R1038 transcription
67^_	heeft	R1038 transcription
67^o	<EMPTY>	R1038 transcription
68	<IL>	R1038 transcription
"68^"""	annu	R1038 transcription
68^CircleWithHorizontalBar	zunjgen?	R1038 transcription
68^^	ord	R1038 transcription
68^_	heer	R1038 transcription
68^o	sont	R1038 transcription
69	<IL>	R1038 transcription
"69^"""	<EMPTY>	R1038 transcription
69^CircleWithHorizontalBar	zÿn	R1038 transcription
69^^	ordonn	R1038 transcription
69^_	de Heer de	R1038 transcription
69^o	<IL>	R1038 transcription
70	<IL>	R1038 transcription
"70^"""	ao	R1038 transcription
70^CircleWithHorizontalBar	zyne	R1038 transcription
70^^	ordre	R1038 transcription
70^_	die Heer	R1038 transcription
70^o	<IL>	R1038 transcription
71	<IL>	R1038 transcription
"71^"""	<IL>	R1038 transcription
71^CircleWithHorizontalBar	<IL>	R1038 transcription
71^^	ostentatie	R1038 transcription
71^_	heid	R1038 transcription
71^o	specie	R1038 transcription
72	<IL>	R1038 transcription
"72^"""	<IL>	R1038 transcription
72^CircleWithHorizontalBar	<IL>	R1038 transcription
72^^	ous	R1038 transcription
72^_	heid	R1038 transcription
72^o	speculatie	R1038 transcription
73	<IL>	R1038 transcription
"73^"""	armee	R1038 transcription
73^CircleWithHorizontalBar	<IL>	R1038 transcription
73^^	over	R1038 transcription
73^_	hem	R1038 transcription
73^o	spruck?	R1038 transcription
74	<IL>	R1038 transcription
"74^"""	artillerie	R1038 transcription
74^CircleWithHorizontalBar	zÿn Majesties? F	R1038 transcription
74^^	overge	R1038 transcription
74^_	hen	R1038 transcription
74^o	<IL>	R1038 transcription
75	<IL>	R1038 transcription
"75^"""	assez?	R1038 transcription
75^CircleWithHorizontalBar	a	R1038 transcription
75^^	overkomst?	R1038 transcription
75^_	<IL>	R1038 transcription
75^o	staat	R1038 transcription
76	<IL>	R1038 transcription
"76^"""	<IL>	R1038 transcription
76^CircleWithHorizontalBar	der	R1038 transcription
76^^	<IL>	R1038 transcription
76^_	het	R1038 transcription
76^o	<IL>	R1038 transcription
77	een	contextual inference
"77^"""	attaqu?	R1038 transcription
77^CircleWithHorizontalBar	f	R1038 transcription
77^^	<IL>	R1038 transcription
77^_	hi	R1038 transcription
77^o	stana	R1038 transcription
78	<IL>	R1038 transcription
"78^"""	<IL>	R1038 transcription
78^CircleWithHorizontalBar	kunnen	R1038 transcription
78^^	paal	R1038 transcription
78^_	hier	R1038 transcription
78^o	<IL>	R1038 transcription
79	de	R1038 transcription
"79^"""	<IL>	R1038 transcription
79^CircleWithHorizontalBar	o	R1038 transcription
79^^	pacificatie	R1038 transcription
79^_	<IL>	R1038 transcription
79^o	<IL>	R1038 transcription
80	eeron	R1038 transcription
"80^"""	<IL>	R1038 transcription
80^CircleWithHorizontalBar	te	R1038 transcription
80^^	<EMPTY>	R1038 transcription
80^_	<IL>	R1038 transcription
80^o	<IL>	R1038 transcription
81	ion	R1038 transcription
"81^"""	<IL>	R1038 transcription
81^CircleWithHorizontalBar	aan	R1038 transcription
81^^	pais	R1038 transcription
81^_	<IL>	R1038 transcription
81^o	<IL>	R1038 transcription
82	o	R1038 transcription
"82^"""	<IL>	R1038 transcription
82^CircleWithHorizontalBar	des	R1038 transcription
82^^	par	R1038 transcription
82^_	<IL>	R1038 transcription
82^o	<IL>	R1038 transcription
83	s	R1038 transcription
"83^"""	<IL>	R1038 transcription
83^CircleWithHorizontalBar	g	R1038 transcription
83^^	part	R1038 transcription
83^_	<IL>	R1038 transcription
83^o	<IL>	R1038 transcription
84	zullen	R1038 transcription
"84^"""	bataille	R1038 transcription
84^CircleWithHorizontalBar	l	R1038 transcription
84^^	parris	R1038 transcription
84^_	<IL>	R1038 transcription
84^o	<IL>	R1038 transcription
85	de	R1038 transcription
"85^"""	be	R1038 transcription
85^CircleWithHorizontalBar	of	R1038 transcription
85^^	<IL>	R1038 transcription
85^_	<IL>	R1038 transcription
85^o	<IL>	R1038 transcription
86	en	R1038 transcription
"86^"""	<IL>	R1038 transcription
86^CircleWithHorizontalBar	tt	R1038 transcription
86^^	particulier	R1038 transcription
86^_	<IL>	R1038 transcription
86^o	<IL>	R1038 transcription
87	is	R1038 transcription
"87^"""	<IL>	R1038 transcription
87^CircleWithHorizontalBar	<IL>	R1038 transcription
87^^	pas	R1038 transcription
87^_	hoop	R1038 transcription
87^o	suis	R1038 transcription
88	o	R1038 transcription
"88^"""	<IL>	R1038 transcription
88^CircleWithHorizontalBar	<IL>	R1038 transcription
88^^	passion	R1038 transcription
88^_	X. hoor	R1038 transcription
88^o	d	R1038 transcription
89	s	R1038 transcription
"89^"""	bek	R1038 transcription
89^CircleWithHorizontalBar	waakend Oog?	R1038 transcription
89^^	pe	R1038 transcription
89^_	hot	R1038 transcription
89^o	eeren	R1038 transcription
90	zÿn	R1038 transcription
"90^"""	belast?	R1038 transcription
90^CircleWithHorizontalBar	<EMPTY>	R1038 transcription
90^^	pendant	R1038 transcription
90^_	dit Hot	R1038 transcription
90^o	in	R1038 transcription
91	in der dand	R1038 transcription
"91^"""	aa	R1038 transcription
91^CircleWithHorizontalBar	waar	R1038 transcription
91^^	pension?	R1038 transcription
91^_	<IL>	R1038 transcription
91^o	o	R1038 transcription
92	daar aan	R1038 transcription
"92^"""	e	R1038 transcription
92^CircleWithHorizontalBar	waarheid	R1038 transcription
92^^	<IL>	R1038 transcription
92^_	haaden	R1038 transcription
92^o	te	R1038 transcription
93	daar heenen	R1038 transcription
"93^"""	es	R1038 transcription
93^CircleWithHorizontalBar	waarschÿn ?	R1038 transcription
93^^	personnel?	R1038 transcription
93^_	<IL>	R1038 transcription
93^o	zien	R1038 transcription
94	daar ?	R1038 transcription
"94^"""	en	R1038 transcription
94^CircleWithHorizontalBar	waar uit?	R1038 transcription
94^^	<IL>	R1038 transcription
94^_	hun	R1038 transcription
94^o	dat	R1038 transcription
95	daar Zonde	R1038 transcription
"95^"""	p	R1038 transcription
95^CircleWithHorizontalBar	want	R1038 transcription
95^^	<IL>	R1038 transcription
95^_	huur?	R1038 transcription
95^o	en	R1038 transcription
96	dagen	R1038 transcription
"96^"""	te	R1038 transcription
96^CircleWithHorizontalBar	was	R1038 transcription
96^^	<IL>	R1038 transcription
96^_	hÿ	R1038 transcription
96^o	is	R1038 transcription
97	dat	R1038 transcription
"97^"""	b	R1038 transcription
97^CircleWithHorizontalBar	wat ?	R1038 transcription
97^^	<IL>	R1038 transcription
97^_	jaar	R1038 transcription
97^o	o	R1038 transcription
98	dat gan?	R1038 transcription
"98^"""	e	R1038 transcription
98^CircleWithHorizontalBar	weder	R1038 transcription
98^^	pla	R1038 transcription
98^_	<IL>	R1038 transcription
98^o	te	R1038 transcription
99	dat Zal	R1038 transcription
"99^"""	et	R1038 transcription
99^CircleWithHorizontalBar	weer	R1038 transcription
99^^	ple	R1038 transcription
99^_	<IL>	R1038 transcription
99^o	zÿn	R1038 transcription
100	in dato	R1038 transcription
"100^"""	K	R1038 transcription
100^CircleWithHorizontalBar	weeten	R1038 transcription
100^^	<IL>	R1038 transcription
100^_	januar?	R1038 transcription
100^o	restrictie	R1038 transcription
"101^"""	qu	R1038 transcription
101^CircleWithHorizontalBar	wel	R1038 transcription
101^^	pluraliteis?	R1038 transcription
101^_	je	R1038 transcription
101^o	<IL>	R1038 transcription
102	de	R1038 transcription
"102^"""	v	R1038 transcription
102^CircleWithHorizontalBar	wensoh?	R1038 transcription
102^^	point	R1038 transcription
102^_	jeer	R1038 transcription
102^o	<IL>	R1038 transcription
103	de	R1038 transcription
"103^"""	aa	R1038 transcription
103^CircleWithHorizontalBar	- werden	R1038 transcription
103^^	<IL>	R1038 transcription
103^_	<IL>	R1038 transcription
103^o	<IL>	R1038 transcription
104	declar	R1038 transcription
"104^"""	aan	R1038 transcription
104^CircleWithHorizontalBar	west	R1038 transcription
104^^	portie?	R1038 transcription
104^_	ig	contextual inference
104^o	revocatie F	R1038 transcription
105	<IL>	R1038 transcription
"105^"""	aan deze	R1038 transcription
105^CircleWithHorizontalBar	wezen	R1038 transcription
105^^	possessie?	R1038 transcription
105^_	ik	R1038 transcription
105^o	reussite	R1038 transcription
106	dedue?	R1038 transcription
"106^"""	aan dit Ministrie	R1038 transcription
106^CircleWithHorizontalBar	wie	R1038 transcription
106^^	d	R1038 transcription
106^_	<IL>	R1038 transcription
106^o	rigueur	R1038 transcription
107	defeet	R1038 transcription
"107^"""	aange	R1038 transcription
107^CircleWithHorizontalBar	wil	R1038 transcription
107^^	e	R1038 transcription
107^_	<IL>	R1038 transcription
107^o	ro	R1038 transcription
108	<IL>	R1038 transcription
"108^"""	aan haar Majesteit?	R1038 transcription
108^CircleWithHorizontalBar	willen	R1038 transcription
108^^	hen	R1038 transcription
108^_	<IL>	R1038 transcription
108^o	le Roi D	R1038 transcription
109	deliberatie	R1038 transcription
"109^"""	l	R1038 transcription
109^CircleWithHorizontalBar	wissel	R1038 transcription
109^^	met	R1038 transcription
109^_	<IL>	R1038 transcription
109^o	rois	R1038 transcription
110	demand	R1038 transcription
"110^"""	aan ?	R1038 transcription
110^CircleWithHorizontalBar	woon	R1038 transcription
110^^	ro	R1038 transcription
110^_	<IL>	R1038 transcription
110^o	ris	R1038 transcription
111	<IL>	R1038 transcription
"111^"""	aan ? ? Ed:	R1038 transcription
111^CircleWithHorizontalBar	word	R1038 transcription
111^^	uit	R1038 transcription
111^_	<IL>	R1038 transcription
111^o	rust?	R1038 transcription
112	depeche	R1038 transcription
"112^"""	aan K: Ho: Ed: ?	R1038 transcription
112^CircleWithHorizontalBar	worden	R1038 transcription
112^^	d	R1038 transcription
112^_	<IL>	R1038 transcription
112^o	<IL>	R1038 transcription
113	der	R1038 transcription
"113^"""	aan K: ? Ed: ?	R1038 transcription
113^CircleWithHorizontalBar	wordende	R1038 transcription
113^^	ee	R1038 transcription
113^_	<IL>	R1038 transcription
113^o	sage	R1038 transcription
114	Dertag? ?	R1038 transcription
"114^"""	aan Zien?	R1038 transcription
114^CircleWithHorizontalBar	wÿders?	R1038 transcription
114^^	het	R1038 transcription
114^_	ing[en]	contextual inference
114^o	sa majeste D	R1038 transcription
115	desist	R1038 transcription
"115^"""	aan Zyn Excett: F'	R1038 transcription
115^CircleWithHorizontalBar	Y	R1038 transcription
115^^	mÿ	R1038 transcription
115^_	<IL>	R1038 transcription
115^o	Sa Maj: Imperiale D	R1038 transcription
116	<IL>	R1038 transcription
"116^"""	aan ? ?	R1038 transcription
116^CircleWithHorizontalBar	ÿvor	R1038 transcription
116^^	rr	R1038 transcription
116^_	<IL>	R1038 transcription
116^o	<IL>	R1038 transcription
117	devant	R1038 transcription
"117^"""	aan ? ? Majest: F	R1038 transcription
117^CircleWithHorizontalBar	zaal	R1038 transcription
117^^	w	R1038 transcription
117^_	<IL>	R1038 transcription
117^o	sans	R1038 transcription
118	<IL>	R1038 transcription
"118^"""	? Bishop	R1038 transcription
118^CircleWithHorizontalBar	zal	R1038 transcription
118^^	missive	contextual inference
118^_	<IL>	R1038 transcription
118^o	<IL>	R1038 transcription
119	<IL>	R1038 transcription
"119^"""	<IL>	R1038 transcription
119^CircleWithHorizontalBar	zee ?	R1038 transcription
119^^	onge	R1038 transcription
119^_	<IL>	R1038 transcription
119^o	<IL>	R1038 transcription
120	<IL>	R1038 transcription
"120^"""	<IL>	R1038 transcription
120^CircleWithHorizontalBar	zeer	R1038 transcription
120^^	on ne	R1038 transcription
120^_	aa	R1038 transcription
120^o	schade	R1038 transcription
121	dic	R1038 transcription
"121^"""	accompagn	R1038 transcription
121^CircleWithHorizontalBar	zekerheid	R1038 transcription
121^^	ons	R1038 transcription
121^_	dit	R1038 transcription
121^o	schok?	R1038 transcription
122	<IL>	R1038 transcription
"122^"""	<IL>	R1038 transcription
122^CircleWithHorizontalBar	zegd	R1038 transcription
122^^	ont	R1038 transcription
122^_	f	R1038 transcription
122^o	oorlog schip	R1038 transcription
123	differren?	R1038 transcription
"123^"""	adel	R1038 transcription
123^CircleWithHorizontalBar	zeggen	R1038 transcription
123^^	<IL>	R1038 transcription
123^_	l	R1038 transcription
123^o	<IL>	R1038 transcription
124	dig	R1038 transcription
"124^"""	<IL>	R1038 transcription
124^CircleWithHorizontalBar	zil	R1038 transcription
124^^	<IL>	R1038 transcription
124^_	oo	R1038 transcription
124^o	schrÿen	R1038 transcription
125	dingstag	R1038 transcription
"125^"""	<IL>	R1038 transcription
125^CircleWithHorizontalBar	zelf	R1038 transcription
125^^	<IL>	R1038 transcription
125^_	van	R1038 transcription
125^o	schulden	R1038 transcription
126	dirige	R1038 transcription
"126^"""	agn	R1038 transcription
126^CircleWithHorizontalBar	zelve	R1038 transcription
126^^	ontfangen	R1038 transcription
126^_	aan	R1038 transcription
126^o	secondeeren	R1038 transcription
127	disgratier	R1038 transcription
"127^"""	ai	R1038 transcription
127^CircleWithHorizontalBar	zen	R1038 transcription
127^^	<IL>	R1038 transcription
127^_	e	R1038 transcription
127^o	<IL>	R1038 transcription
128	<IL>	R1038 transcription
"128^"""	al'	R1038 transcription
128^CircleWithHorizontalBar	zenden	R1038 transcription
128^^	ontrent	R1038 transcription
128^_	ff	R1038 transcription
128^o	<IL>	R1038 transcription
129	dit	R1038 transcription
"129^"""	alhier?	R1038 transcription
129^CircleWithHorizontalBar	zeven, Sept	R1038 transcription
129^^	onsteld	R1038 transcription
129^_	la	R1038 transcription
129^o	son	R1038 transcription
130	dit Hof	R1038 transcription
"130^"""	alle	R1038 transcription
130^CircleWithHorizontalBar	zien	R1038 transcription
130^^	ontwerp	R1038 transcription
130^_	ook	R1038 transcription
130^o	sentiment	R1038 transcription
131	<IL>	R1038 transcription
"131^"""	allein?	R1038 transcription
131^CircleWithHorizontalBar	<IL>	R1038 transcription
131^^	ontzag	R1038 transcription
131^_	van	R1038 transcription
131^o	ser	R1038 transcription
132	doch	R1038 transcription
"132^"""	alles	R1038 transcription
132^CircleWithHorizontalBar	zo	R1038 transcription
132^^	<IL>	R1038 transcription
132^_	<IL>	R1038 transcription
132^o	sesoi?	R1038 transcription
133	<IL>	R1038 transcription
"133^"""	allientie	R1038 transcription
133^CircleWithHorizontalBar	zodanig	R1038 transcription
133^^	onze	R1038 transcription
133^_	haar Majest *	R1038 transcription
133^o	seulement	R1038 transcription
134	<IL>	R1038 transcription
"134^"""	<IL>	R1038 transcription
134^CircleWithHorizontalBar	zo ras	R1038 transcription
134^^	onzer	R1038 transcription
134^_	haast?	R1038 transcription
134^o	si	R1038 transcription
135	dom	R1038 transcription
"135^"""	als dan	R1038 transcription
135^CircleWithHorizontalBar	zock	R1038 transcription
135^^	oogenschÿnlÿk	R1038 transcription
135^_	had	R1038 transcription
135^o	s'il	R1038 transcription
136	dont?	R1038 transcription
"136^"""	als dit	R1038 transcription
136^CircleWithHorizontalBar	zonder	R1038 transcription
136^^	oor	R1038 transcription
136^_	halve	R1038 transcription
136^o	<IL>	R1038 transcription
137	<IL>	R1038 transcription
"137^"""	als nog	R1038 transcription
137^CircleWithHorizontalBar	zonder het	R1038 transcription
137^^	<IL>	R1038 transcription
137^_	handel	R1038 transcription
137^o	soi	R1038 transcription
138	doon dit	R1038 transcription
"138^"""	<IL>	R1038 transcription
138^CircleWithHorizontalBar	zonder zÿn	R1038 transcription
138^^	op	R1038 transcription
138^_	haven	R1038 transcription
138^o	solde D	R1038 transcription
139	doon het?	R1038 transcription
"139^"""	<IL>	R1038 transcription
139^CircleWithHorizontalBar	zorgelÿk	R1038 transcription
139^^	op de	R1038 transcription
139^_	hazardeeren	R1038 transcription
139^o	sommege	R1038 transcription
140	dra	R1038 transcription
"140^"""	Ambassadeur ?	R1038 transcription
140^CircleWithHorizontalBar	<IL>	R1038 transcription
140^^	op het	R1038 transcription
140^_	hebbe	R1038 transcription
140^o	<IL>	R1038 transcription
141	dre	R1038 transcription
"141^"""	amiral?	R1038 transcription
141^CircleWithHorizontalBar	zulk	R1038 transcription
141^^	<IL>	R1038 transcription
141^o	<IL>	R1038 transcription
142	<IL>	R1038 transcription
"142^"""	ander	R1038 transcription
142^CircleWithHorizontalBar	zulks	R1038 transcription
142^^	<IL>	R1038 transcription
142^_	heden	R1038 transcription
142^o	-  - Sin Excellence D	R1038 transcription
143	<EMPTY>	R1038 transcription
"143^"""	andersints?	R1038 transcription
143^CircleWithHorizontalBar	zÿn	R1038 transcription
143^^	<IL>	R1038 transcription
143^_	heeft	R1038 transcription
143^o	<EMPTY>	R1038 transcription
144	<IL>	R1038 transcription
"144^"""	ant	R1038 transcription
144^CircleWithHorizontalBar	zÿnde?	R1038 transcription
144^^	orden	R1038 transcription
144^_	de Hur	R1038 transcription
144^o	sont	R1038 transcription
145	drent	R1038 transcription
"145^"""	<EMPTY>	R1038 transcription
145^CircleWithHorizontalBar	<IL>	R1038 transcription
145^^	<IL>	R1038 transcription
145^_	de Hur de	R1038 transcription
145^o	sous?	R1038 transcription
146	<IL>	R1038 transcription
"146^"""	apparentu	R1038 transcription
146^CircleWithHorizontalBar	zÿn D ?	R1038 transcription
146^^	ordre	R1038 transcription
146^_	<IL>	R1038 transcription
146^o	souverain	R1038 transcription
147	<IL>	R1038 transcription
"147^"""	<IL>	R1038 transcription
147^CircleWithHorizontalBar	zÿn Excellentie	R1038 transcription
147^^	ou	R1038 transcription
147^_	heid	R1038 transcription
147^o	specifi	R1038 transcription
148	<IL>	R1038 transcription
"148^"""	argent	R1038 transcription
148^CircleWithHorizontalBar	<IL>	R1038 transcription
148^^	outre	R1038 transcription
148^_	heil	R1038 transcription
148^o	<IL>	R1038 transcription
149	<IL>	R1038 transcription
"149^"""	armee	R1038 transcription
149^CircleWithHorizontalBar	zÿn Majesties? F	R1038 transcription
149^^	over	R1038 transcription
149^_	hem	R1038 transcription
149^o	sprucken?	R1038 transcription
150	<IL>	R1038 transcription
"150^"""	as?	R1038 transcription
150^CircleWithHorizontalBar	af	R1038 transcription
150^^	<IL>	R1038 transcription
150^_	hen	R1038 transcription
150^o	st	R1038 transcription
151	<IL>	R1038 transcription
"151^"""	assies?	R1038 transcription
151^CircleWithHorizontalBar	die	R1038 transcription
151^^	overlang	R1038 transcription
151^_	het	R1038 transcription
151^o	de Staat	R1038 transcription
152	<IL>	R1038 transcription
"152^"""	<IL>	R1038 transcription
152^CircleWithHorizontalBar	ge	R1038 transcription
152^^	<IL>	R1038 transcription
152^_	het geene?	R1038 transcription
152^o	<IL>	R1038 transcription
153	<IL>	R1038 transcription
"153^"""	<IL>	R1038 transcription
153^CircleWithHorizontalBar	l	R1038 transcription
153^_	hier	R1038 transcription
153^o	<IL>	R1038 transcription
154	<IL>	R1038 transcription
"154^"""	avec	R1038 transcription
154^CircleWithHorizontalBar	om	R1038 transcription
154^^	paar	R1038 transcription
154^_	hinder	R1038 transcription
154^o	<IL>	R1038 transcription
155	<IL>	R1038 transcription
"155^"""	anz?	R1038 transcription
155^CircleWithHorizontalBar	u	R1038 transcription
155^^	pacificeren	R1038 transcription
155^_	<IL>	R1038 transcription
155^o	<IL>	R1038 transcription
156	a	R1038 transcription
"156^"""	<IL>	R1038 transcription
156^CircleWithHorizontalBar	al	R1038 transcription
156^^	<EMPTY>	R1038 transcription
156^_	<IL>	R1038 transcription
156^o	<IL>	R1038 transcription
157	den	R1038 transcription
"157^"""	<IL>	R1038 transcription
157^CircleWithHorizontalBar	dit	R1038 transcription
157^^	paix	R1038 transcription
157^_	<IL>	R1038 transcription
157^o	<IL>	R1038 transcription
158	en	R1038 transcription
"158^"""	<IL>	R1038 transcription
158^CircleWithHorizontalBar	ge	R1038 transcription
158^^	par	R1038 transcription
158^_	<IL>	R1038 transcription
158^o	<IL>	R1038 transcription
159	is	R1038 transcription
"159^"""	Baron	R1038 transcription
159^CircleWithHorizontalBar	la	R1038 transcription
159^^	part	R1038 transcription
159^_	<IL>	R1038 transcription
159^o	suspect	R1038 transcription
160	o	R1038 transcription
"160^"""	batailler?	R1038 transcription
160^CircleWithHorizontalBar	on	R1038 transcription
160^^	parrit	R1038 transcription
160^_	<IL>	R1038 transcription
160^o	<IL>	R1038 transcription
161	ta	R1038 transcription
"161^"""	<IL>	R1038 transcription
161^CircleWithHorizontalBar	u	R1038 transcription
161^^	parti	R1038 transcription
161^_	<IL>	R1038 transcription
161^o	<IL>	R1038 transcription
162	a	R1038 transcription
"162^"""	<IL>	R1038 transcription
162^CircleWithHorizontalBar	<IL>	R1038 transcription
162^^	partÿ	R1038 transcription
162^_	<IL>	R1038 transcription
162^o	<IL>	R1038 transcription
163	den	R1038 transcription
"163^"""	begin	R1038 transcription
163^CircleWithHorizontalBar	W	R1038 transcription
163^^	pas	R1038 transcription
163^_	hoop	R1038 transcription
163^o	<IL>	R1038 transcription
164	en	R1038 transcription
"164^"""	<IL>	R1038 transcription
164^CircleWithHorizontalBar	waagen	R1038 transcription
164^^	patent	R1038 transcription
164^_	<IL>	R1038 transcription
164^o	a	R1038 transcription
165	k	R1038 transcription
"165^"""	<IL>	R1038 transcription
165^CircleWithHorizontalBar	<EMPTY>	R1038 transcription
165^^	pe	R1038 transcription
165^_	dit Hot	R1038 transcription
165^o	den	R1038 transcription
166	of	R1038 transcription
"166^"""	c	R1038 transcription
166^CircleWithHorizontalBar	waar aan	R1038 transcription
166^^	<IL>	R1038 transcription
166^_	dit Hot	R1038 transcription
166^o	er	R1038 transcription
167	te	R1038 transcription
"167^"""	e	R1038 transcription
167^CircleWithHorizontalBar	waarlÿk	R1038 transcription
167^^	per	R1038 transcription
167^_	Zÿn Hot	R1038 transcription
167^o	k	R1038 transcription
168	eener?	R1038 transcription
"168^"""	f	R1038 transcription
168^CircleWithHorizontalBar	Waarnemende de Laaden van	R1038 transcription
168^^	<IL>	R1038 transcription
168^_	haaden	R1038 transcription
168^o	na	R1038 transcription
169	<IL>	R1038 transcription
"169^"""	l	R1038 transcription
169^CircleWithHorizontalBar	<IL>	R1038 transcription
169^^	persuad	R1038 transcription
169^_	<IL>	R1038 transcription
169^o	ss	R1038 transcription
170	eens	R1038 transcription
"170^"""	ques	R1038 transcription
170^CircleWithHorizontalBar	wagt	R1038 transcription
170^^	porsecutie?	R1038 transcription
170^_	hun	R1038 transcription
170^o	a	R1038 transcription
171	eer	R1038 transcription
"171^"""	van	R1038 transcription
171^CircleWithHorizontalBar	want	R1038 transcription
171^^	<IL>	R1038 transcription
171^_	hÿ	R1038 transcription
171^o	der	R1038 transcription
172	<IL>	R1038 transcription
"172^"""	d	R1038 transcription
172^CircleWithHorizontalBar	was	R1038 transcription
172^^	point	R1038 transcription
172^_	hÿ	R1038 transcription
172^o	es	R1038 transcription
173	<IL>	R1038 transcription
"173^"""	e	R1038 transcription
173^CircleWithHorizontalBar	wat aangaat	R1038 transcription
173^^	<IL>	R1038 transcription
173^_	jaar	R1038 transcription
173^o	kan	R1038 transcription
174	eerd	R1038 transcription
"174^"""	g	R1038 transcription
174^CircleWithHorizontalBar	wederem?	R1038 transcription
174^^	<IL>	R1038 transcription
174^_	<IL>	R1038 transcription
174^o	ne	R1038 transcription
175	<IL>	R1038 transcription
"175^"""	la	R1038 transcription
175^CircleWithHorizontalBar	weet	R1038 transcription
175^^	<IL>	R1038 transcription
175^_	<IL>	R1038 transcription
175^o	t	R1038 transcription
176	eeren	R1038 transcription
"176^"""	r	R1038 transcription
176^CircleWithHorizontalBar	weeten	R1038 transcription
176^^	mpli	contextual inference
176^_	<IL>	R1038 transcription
176^o	suis	R1038 transcription
177	<IL>	R1038 transcription
"177^"""	w	R1038 transcription
177^CircleWithHorizontalBar	welk	R1038 transcription
177^^	<IL>	R1038 transcription
177^_	je	R1038 transcription
177^o	superioritus	R1038 transcription
178	<IL>	R1038 transcription
"178^"""	aan	R1038 transcription
178^CircleWithHorizontalBar	werd	R1038 transcription
178^^	<IL>	R1038 transcription
178^_	<IL>	R1038 transcription
178^o	sus	R1038 transcription
179	eff	R1038 transcription
"179^"""	aan	R1038 transcription
179^CircleWithHorizontalBar	- werden	R1038 transcription
179^^	<IL>	R1038 transcription
179^_	<IL>	R1038 transcription
179^o	T	R1038 transcription
180	egal?	R1038 transcription
"180^"""	aan dit?	R1038 transcription
180^CircleWithHorizontalBar	wet	R1038 transcription
180^^	pos	R1038 transcription
180^_	ig	R1038 transcription
180^o	tant	R1038 transcription
181	einde?	R1038 transcription
"181^"""	aan dit: Ministerir	R1038 transcription
181^CircleWithHorizontalBar	wezen	R1038 transcription
181^^	possible	R1038 transcription
181^_	ik	R1038 transcription
181^o	te	R1038 transcription
182	electi*	R1038 transcription
"182^"""	aangen nam?	R1038 transcription
182^CircleWithHorizontalBar	wien	R1038 transcription
182^^	daar	R1038 transcription
182^_	<IL>	R1038 transcription
182^o	te lang	R1038 transcription
183	elk	R1038 transcription
"183^"""	aan hoar Majesteit? F.	R1038 transcription
183^CircleWithHorizontalBar	wil	R1038 transcription
183^^	een	R1038 transcription
183^_	<IL>	R1038 transcription
183^o	<IL>	R1038 transcription
184	elÿk	R1038 transcription
"184^"""	aan hoar ? Maj F.	R1038 transcription
184^CircleWithHorizontalBar	willen	R1038 transcription
184^^	hun	R1038 transcription
184^_	<IL>	R1038 transcription
184^o	tegen	R1038 transcription
185	em	R1038 transcription
"185^"""	aan ? ? F	R1038 transcription
185^CircleWithHorizontalBar	wissel Brief	R1038 transcription
185^^	mÿn	R1038 transcription
185^_	<IL>	R1038 transcription
185^o	tegen het	R1038 transcription
186	ement	R1038 transcription
"186^"""	aan ? ? ?	R1038 transcription
186^CircleWithHorizontalBar	woord	R1038 transcription
186^^	s	R1038 transcription
186^_	<IL>	R1038 transcription
186^o	tem	R1038 transcription
187	emport	R1038 transcription
"187^"""	aan U Ho: id: ?	R1038 transcription
187^CircleWithHorizontalBar	word	R1038 transcription
187^^	ÿ	R1038 transcription
187^_	<IL>	R1038 transcription
187^o	tem	R1038 transcription
188	en	R1038 transcription
"188^"""	aan ? ??	R1038 transcription
188^CircleWithHorizontalBar	worden	R1038 transcription
188^^	dat	R1038 transcription
188^_	<IL>	R1038 transcription
188^o	ten	R1038 transcription
189	ence?	R1038 transcription
"189^"""	aan Zyn?	R1038 transcription
189^CircleWithHorizontalBar	worden zal	R1038 transcription
189^^	een	R1038 transcription
189^_	<IL>	R1038 transcription
189^o	ten langster	R1038 transcription
190	engagemen	R1038 transcription
"190^"""	aan Zÿn Excell: F	R1038 transcription
190^CircleWithHorizontalBar	wÿl	R1038 transcription
190^^	hÿ	R1038 transcription
190^_	<IL>	R1038 transcription
190^o	tent	R1038 transcription
191	ens	R1038 transcription
"191^"""	aan Zon ?	R1038 transcription
191^CircleWithHorizontalBar	ÿder	R1038 transcription
191^^	mut/moot?	R1038 transcription
191^_	<IL>	R1038 transcription
191^o	termÿn	R1038 transcription
192	<IL>	R1038 transcription
"192^"""	aan Zÿn Majesteit F	R1038 transcription
192^CircleWithHorizontalBar	Z	R1038 transcription
192^^	s	R1038 transcription
192^_	<IL>	R1038 transcription
192^o	teur	R1038 transcription
193	<IL>	R1038 transcription
"193^"""	<IL>	R1038 transcription
193^CircleWithHorizontalBar	zaaon?	R1038 transcription
193^^	z	R1038 transcription
193^_	<IL>	R1038 transcription
193^o	tien	R1038 transcription
194	<EMPTY>	R1038 transcription
"194^"""	able	R1038 transcription
194^CircleWithHorizontalBar	zal	R1038 transcription
194^^	oneeuigheid	R1038 transcription
194^_	<IL>	R1038 transcription
194^o	<IL>	R1038 transcription
195	<IL>	R1038 transcription
"195^"""	ac	R1038 transcription
195^CircleWithHorizontalBar	noord Zee	R1038 transcription
195^^	ongeacht	R1038 transcription
195^_	<IL>	R1038 transcription
195^o	tis	R1038 transcription
196	er	R1038 transcription
"196^"""	accord	R1038 transcription
196^CircleWithHorizontalBar	zeer	R1038 transcription
196^^	<IL	R1038 transcription
196^_	af	R1038 transcription
196^o	tregang	R1038 transcription
197	erent	R1038 transcription
"197^"""	act	R1038 transcription
197^CircleWithHorizontalBar	zekerlÿk	R1038 transcription
197^^	ons	R1038 transcription
197^_	e	R1038 transcription
197^o	toi	R1038 transcription
198	erg?	R1038 transcription
"198^"""	<IL>	R1038 transcription
198^CircleWithHorizontalBar	zegd	R1038 transcription
198^^	ont	R1038 transcription
198^_	g	R1038 transcription
198^o	tot	R1038 transcription
199	es	R1038 transcription
"199^"""	af	R1038 transcription
199^CircleWithHorizontalBar	zeggen	R1038 transcription
199^^	ontbied	R1038 transcription
199^_	le	R1038 transcription
199^o	tot hier toe?	R1038 transcription
200	esse	R1038 transcription
"200^"""	<IL>	R1038 transcription
200^CircleWithHorizontalBar	zelde	R1038 transcription
200^^	ontdek	R1038 transcription
200^_	p	R1038 transcription
200^o	<IL>	R1038 transcription
201	est	R1038 transcription
"201^"""	agressive?	R1038 transcription
201^CircleWithHorizontalBar	zelfde	R1038 transcription
201^^	onter?	R1038 transcription
201^_	re	R1038 transcription
201^o	Tractaat	R1038 transcription
202	et	R1038 transcription
"202^"""	ailleurs	R1038 transcription
202^CircleWithHorizontalBar	zelve	R1038 transcription
202^^	ontfangen	R1038 transcription
202^_	al	R1038 transcription
202^o	<IL>	R1038 transcription
203	etable	R1038 transcription
203^CircleWithHorizontalBar	zend	R1038 transcription
203^^	<IL>	R1038 transcription
203^_	e	R1038 transcription
203^o	tragtem	R1038 transcription
204	<IL>	R1038 transcription
"204^"""	alhier?	R1038 transcription
204^CircleWithHorizontalBar	zenden	R1038 transcription
204^^	<IL>	R1038 transcription
204^_	ga	R1038 transcription
204^o	Traite d' Alliance D	R1038 transcription
205	ete	R1038 transcription
"205^"""	alle	R1038 transcription
205^CircleWithHorizontalBar	zeventien, dia Sept.	R1038 transcription
205^^	<IL>	R1038 transcription
205^_	m	R1038 transcription
205^o	Traite de Paix	R1038 transcription
206	etre	R1038 transcription
"206^"""	allein?	R1038 transcription
206^CircleWithHorizontalBar	zig	R1038 transcription
206^^	ontwerp	R1038 transcription
206^_	pa	R1038 transcription
206^o	Traite de Petersbourg D	R1038 transcription
207	<IL>	R1038 transcription
"207^"""	allesints?	R1038 transcription
207^CircleWithHorizontalBar	vooor ?	R1038 transcription
207^^	ook	R1038 transcription
207^_	ver	R1038 transcription
207^o	translaat	R1038 transcription
208	evit	R1038 transcription
"208^"""	<IL>	R1038 transcription
208^CircleWithHorizontalBar	zo	R1038 transcription
208^^	<IL>	R1038 transcription
208^_	<IL>	R1038 transcription
208^o	trek	R1038 transcription
209	<IL>	R1038 transcription
"209^"""	<IL>	R1038 transcription
209^CircleWithHorizontalBar	zodat	R1038 transcription
209^^	on zen	R1038 transcription
209^_	haar Majest *	R1038 transcription
209^o	tri	R1038 transcription
210	<IL>	R1038 transcription
"210^"""	als? det	R1038 transcription
210^CircleWithHorizontalBar	zo voorts	R1038 transcription
210^^	on zes	R1038 transcription
210^_	haat	R1038 transcription
210^o	<IL>	R1038 transcription
211	<IL>	R1038 transcription
"211^"""	<IL>	R1038 transcription
211^CircleWithHorizontalBar	zocken	R1038 transcription
211^^	orit	R1038 transcription
211^_	hadde	R1038 transcription
211^o	trouv	R1038 transcription
212	M. Excellentie	R1038 transcription
"212^"""	<IL>	R1038 transcription
212^CircleWithHorizontalBar	zonder	R1038 transcription
212^^	oor	R1038 transcription
212^_	hadde	R1038 transcription
212^o	tui	R1038 transcription
213	<IL>	R1038 transcription
"213^"""	<IL>	R1038 transcription
213^CircleWithHorizontalBar	zondering	R1038 transcription
213^^	oorlogschip	R1038 transcription
213^_	<IL>	R1038 transcription
213^o	<IL>	R1038 transcription
214	<IL>	R1038 transcription
"214^"""	am	R1038 transcription
214^CircleWithHorizontalBar	zorg	R1038 transcription
214^^	op	R1038 transcription
214^_	haven	R1038 transcription
214^o	<IL>	R1038 transcription
215	<IL>	R1038 transcription
"215^"""	ambassadeur F	R1038 transcription
215^CircleWithHorizontalBar	zorgen	R1038 transcription
215^^	op dit	R1038 transcription
215^_	he	R1038 transcription
215^o	vai	R1038 transcription
216	<IL>	R1038 transcription
"216^"""	ampl	R1038 transcription
216^CircleWithHorizontalBar	<IL>	R1038 transcription
216^^	opin	R1038 transcription
216^_	hetten	R1038 transcription
216^o	Vaisseau Marchand	R1038 transcription
217	<IL>	R1038 transcription
"217^"""	andere	R1038 transcription
217^CircleWithHorizontalBar	zulk	R1038 transcription
217^^	oppositie	R1038 transcription
217^o	van	R1038 transcription
218	<IL>	R1038 transcription
"218^"""	anker	R1038 transcription
218^CircleWithHorizontalBar	<IL>	R1038 transcription
218^^	opstand	R1038 transcription
218^_	heden	R1038 transcription
218^o	<IL>	R1038 transcription
219	<IL>	R1038 transcription
"219^"""	ant	R1038 transcription
219^CircleWithHorizontalBar	zÿn	R1038 transcription
219^^	op zigt	R1038 transcription
219^_	heeft	R1038 transcription
219^o	van het	R1038 transcription
220	<IL>	R1038 transcription
"220^"""	<EMPTY>	R1038 transcription
220^CircleWithHorizontalBar	zÿnde?	R1038 transcription
220^^	ordinair	R1038 transcription
220^_	de Hur	R1038 transcription
220^o	van zÿn	R1038 transcription
221	<IL>	R1038 transcription
"221^"""	<IL>	R1038 transcription
221^CircleWithHorizontalBar	<IL>	R1038 transcription
221^^	ordre	R1038 transcription
221^_	de Hur van	R1038 transcription
221^o	van Zÿn Hof	R1038 transcription
222	<IL>	R1038 transcription
"222^"""	après	R1038 transcription
222^CircleWithHorizontalBar	zÿn Ed ?	R1038 transcription
222^^	origin	R1038 transcription
222^_	? Hur	R1038 transcription
222^o	vat	R1038 transcription
223	<IL>	R1038 transcription
"223^"""	<IL>	R1038 transcription
223^CircleWithHorizontalBar	zÿn Excell F	R1038 transcription
223^^	ou	R1038 transcription
223^_	heid	R1038 transcription
223^o	beele	R1038 transcription
224	<IL>	R1038 transcription
"224^"""	armee	R1038 transcription
224^CircleWithHorizontalBar	<IL>	R1038 transcription
224^^	over	R1038 transcription
224^_	<IL>	R1038 transcription
224^o	<IL>	R1038 transcription
225	<IL>	R1038 transcription
"225^"""	Asia	R1038 transcription
225^CircleWithHorizontalBar	zÿn Majesties? F	R1038 transcription
225^^	overal	R1038 transcription
225^_	hem	R1038 transcription
225^o	veld?	R1038 transcription
226	<IL>	R1038 transcription
"226^"""	<IL>	R1038 transcription
226^CircleWithHorizontalBar	b	R1038 transcription
226^^	overig	R1038 transcription
226^_	<IL>	R1038 transcription
226^o	<IL>	R1038 transcription
227	<IL>	R1038 transcription
"227^"""	atic?	R1038 transcription
227^CircleWithHorizontalBar	e	R1038 transcription
227^^	overleg	R1038 transcription
227^_	het	R1038 transcription
227^o	ver	R1038 transcription
228	<IL>	R1038 transcription
"228^"""	attena	R1038 transcription
228^CircleWithHorizontalBar	h	R1038 transcription
228^^	<IL>	R1038 transcription
228^_	<IL>	R1038 transcription
228^o	<IL>	R1038 transcription
229	a	R1038 transcription
"229^"""	avec	R1038 transcription
229^CircleWithHorizontalBar	le	R1038 transcription
229^^	<IL>	R1038 transcription
229^_	hier	R1038 transcription
229^o	<IL>	R1038 transcription
230	der	R1038 transcription
"230^"""	<IL>	R1038 transcription
230^CircleWithHorizontalBar	oo	R1038 transcription
230^^	paard	R1038 transcription
230^_	ho	R1038 transcription
230^o	<IL>	R1038 transcription
231	er	R1038 transcription
"231^"""	<IL>	R1038 transcription
231^CircleWithHorizontalBar	v	R1038 transcription
231^^	<IL>	R1038 transcription
231^_	<IL>	R1038 transcription
231^o	<IL>	R1038 transcription
232	kan	R1038 transcription
"232^"""	<IL>	R1038 transcription
232^CircleWithHorizontalBar	be	R1038 transcription
232^^	<EMPTY>	R1038 transcription
232^_	<IL>	R1038 transcription
232^o	<IL>	R1038 transcription
233	om	R1038 transcription
"233^"""	<IL>	R1038 transcription
233^CircleWithHorizontalBar	e	R1038 transcription
233^^	paix	R1038 transcription
233^_	<IL>	R1038 transcription
233^o	<IL>	R1038 transcription
234	te	R1038 transcription
"234^"""	<IL>	R1038 transcription
234^CircleWithHorizontalBar	had	R1038 transcription
234^_	<IL>	R1038 transcription
234^o	<EMPTY>	R1038 transcription
235	a	R1038 transcription
"235^"""	be	R1038 transcription
235^CircleWithHorizontalBar	ll	R1038 transcription
235^^	<IL>	R1038 transcription
235^_	<IL>	R1038 transcription
235^o	<IL>	R1038 transcription
236	des	R1038 transcription
"236^"""	<IL>	R1038 transcription
236^CircleWithHorizontalBar	ook	R1038 transcription
236^^	<IL>	R1038 transcription
236^_	zich	contextual inference
236^o	<IL>	R1038 transcription
237	es	R1038 transcription
"237^"""	<IL>	R1038 transcription
237^CircleWithHorizontalBar	v	R1038 transcription
237^^	particip	R1038 transcription
237^_	<IL>	R1038 transcription
237^o	<IL>	R1038 transcription
238	ken	R1038 transcription
"238^"""	<IL>	R1038 transcription
238^CircleWithHorizontalBar	<IL>	R1038 transcription
238^^	partÿ	R1038 transcription
238^_	<IL>	R1038 transcription
238^o	<IL>	R1038 transcription
239	on	R1038 transcription
"239^"""	<IL>	R1038 transcription
239^^	passage	R1038 transcription
239^_	hoor?	R1038 transcription
239^o	<IL>	R1038 transcription
240	test?	R1038 transcription
"240^"""	<IL>	R1038 transcription
240^CircleWithHorizontalBar	wa	R1038 transcription
240^^	patientie	R1038 transcription
240^_	Men hoor	R1038 transcription
240^o	a	R1038 transcription
241	eenes	R1038 transcription
"241^"""	<IL>	R1038 transcription
241^CircleWithHorizontalBar	waapenen	R1038 transcription
241^^	peine	R1038 transcription
241^_	dit Hot	R1038 transcription
241^o	des	R1038 transcription
242	een of ander?	R1038 transcription
"242^"""	daar	R1038 transcription
242^CircleWithHorizontalBar	<EMPTY>	R1038 transcription
242^^	penetrieren	R1038 transcription
242^_	van	contextual inference
242^o	et	R1038 transcription
243	eendeels	R1038 transcription
"243^"""	ce	R1038 transcription
243^CircleWithHorizontalBar	waar bÿ	R1038 transcription
243^^	per	R1038 transcription
243^_	<IL>	R1038 transcription
243^o	kon	R1038 transcription
244	eer	R1038 transcription
"244^"""	h	R1038 transcription
244^CircleWithHorizontalBar	waar mede	R1038 transcription
244^^	<IL>	R1038 transcription
244^_	haaden	R1038 transcription
244^o	ni	R1038 transcription
245	<IL>	R1038 transcription
"245^"""	le	R1038 transcription
245^CircleWithHorizontalBar	weerom	R1038 transcription
245^^	persuaderen?	R1038 transcription
245^_	<IL>	R1038 transcription
245^o	t	R1038 transcription
246	<IL>	R1038 transcription
"246^"""	ra	R1038 transcription
246^CircleWithHorizontalBar	waarlegen	R1038 transcription
246^^	<IL>	R1038 transcription
246^_	hun	R1038 transcription
246^o	a	R1038 transcription
247	eerd	R1038 transcription
"247^"""	y	R1038 transcription
247^CircleWithHorizontalBar	wagten	R1038 transcription
247^^	<IL>	R1038 transcription
247^_	hÿ	R1038 transcription
247^o	die	R1038 transcription
248	eeren	R1038 transcription
"248^"""	dat	R1038 transcription
248^CircleWithHorizontalBar	want	R1038 transcription
248^^	piller	R1038 transcription
248^_	hejser?	R1038 transcription
248^o	ez	R1038 transcription
249	eeren	R1038 transcription
"249^"""	cen	R1038 transcription
249^CircleWithHorizontalBar	wat	R1038 transcription
249^^	pis	R1038 transcription
249^_	jaar	R1038 transcription
249^o	kun	R1038 transcription
250	<IL>	R1038 transcription
"250^"""	had	R1038 transcription
250^CircleWithHorizontalBar	wat betreft	R1038 transcription
250^^	<IL>	R1038 transcription
250^_	<IL>	R1038 transcription
250^o	o	R1038 transcription
251	eerst	R1038 transcription
"251^"""	m	R1038 transcription
251^CircleWithHorizontalBar	week?	R1038 transcription
251^^	plein	R1038 transcription
251^_	<IL>	R1038 transcription
251^o	te	R1038 transcription
252	effect	R1038 transcription
"252^"""	re	R1038 transcription
252^CircleWithHorizontalBar	weet	R1038 transcription
252^^	pligt	R1038 transcription
252^_	<IL>	R1038 transcription
252^o	suit	R1038 transcription
253	egler?	R1038 transcription
"253^"""	z	R1038 transcription
253^CircleWithHorizontalBar	weg	R1038 transcription
253^^	plus	R1038 transcription
253^_	je	R1038 transcription
253^o	sur	R1038 transcription
254	eindelÿk	R1038 transcription
"254^"""	aan	R1038 transcription
254^CircleWithHorizontalBar	welke	R1038 transcription
254^^	par	R1038 transcription
254^_	<IL>	R1038 transcription
254^o	suspeck	R1038 transcription
255	elend	R1038 transcription
"255^"""	aan	R1038 transcription
255^CircleWithHorizontalBar	werd	R1038 transcription
255^^	port	R1038 transcription
255^_	<IL>	R1038 transcription
255^o	ta	R1038 transcription
256	elk een?	R1038 transcription
"256^"""	aan dit hof	R1038 transcription
256^CircleWithHorizontalBar	werk	R1038 transcription
256^^	positis?	R1038 transcription
256^_	ige	R1038 transcription
256^o	te	R1038 transcription
257	eloign?	R1038 transcription
"257^"""	aangaan	R1038 transcription
257^CircleWithHorizontalBar	wettig	R1038 transcription
257^^	post	R1038 transcription
257^_	ik	R1038 transcription
257^o	ture	R1038 transcription
258	emtar	R1038 transcription
"258^"""	aan haar ? ?	R1038 transcription
258^CircleWithHorizontalBar	wezen	R1038 transcription
258^^	dat	R1038 transcription
258^_	<IL>	R1038 transcription
258^o	te raade	R1038 transcription
259	empech	R1038 transcription
"259^"""	aan ? ?	R1038 transcription
259^CircleWithHorizontalBar	wien	R1038 transcription
259^^	eerd	R1038 transcription
259^_	<IL>	R1038 transcription
259^o	te vel	R1038 transcription
260	en	R1038 transcription
"260^"""	aan haar ? Maj F	R1038 transcription
260^CircleWithHorizontalBar	wil	R1038 transcription
260^^	i	R1038 transcription
260^_	<IL>	R1038 transcription
260^o	tegen	R1038 transcription
261	en	R1038 transcription
"261^"""	aan ? ? F	R1038 transcription
261^CircleWithHorizontalBar	win	R1038 transcription
261^^	n	R1038 transcription
261^_	<IL>	R1038 transcription
261^o	tegen mÿ	R1038 transcription
262	encore	R1038 transcription
"262^"""	aan ? ?	R1038 transcription
262^CircleWithHorizontalBar	woensdag F	R1038 transcription
262^^	ss	R1038 transcription
262^_	<IL>	R1038 transcription
262^o	teit	R1038 transcription
263	engagement	R1038 transcription
"263^"""	aan ? ?	R1038 transcription
263^CircleWithHorizontalBar	woord	R1038 transcription
263^^	zal	R1038 transcription
263^_	<IL>	R1038 transcription
263^o	temporiteeren? F	R1038 transcription
264	ent	R1038 transcription
"264^"""	aan ? Ed: ?	R1038 transcription
264^CircleWithHorizontalBar	word	R1038 transcription
264^^	de	R1038 transcription
264^_	<IL>	R1038 transcription
264^o	ten allen tÿde	R1038 transcription
265	enver	R1038 transcription
"265^"""	aan Zÿn ?	R1038 transcription
265^CircleWithHorizontalBar	worden	R1038 transcription
265^^	eeren	R1038 transcription
265^_	<IL>	R1038 transcription
265^o	ten minste	R1038 transcription
266	<IL>	R1038 transcription
"266^"""	aan Zÿn Excell F	R1038 transcription
266^CircleWithHorizontalBar	wÿ	R1038 transcription
266^^	i	R1038 transcription
266^_	<IL>	R1038 transcription
266^o	tenteeren	R1038 transcription
267	<EMPTY>	R1038 transcription
"267^"""	aan ? ? d' F	R1038 transcription
267^CircleWithHorizontalBar	wÿlen	R1038 transcription
267^^	n	R1038 transcription
267^_	<IL>	R1038 transcription
267^o	termineeren F	R1038 transcription
268	<IL>	R1038 transcription
"268^"""	aan ? Maj ? F	R1038 transcription
268^CircleWithHorizontalBar	ÿder cen	R1038 transcription
268^^	l	R1038 transcription
268^_	<IL>	R1038 transcription
268^o	ti	R1038 transcription
269	er	R1038 transcription
"269^"""	ab	R1038 transcription
269^CircleWithHorizontalBar	za	R1038 transcription
269^^	zou	R1038 transcription
269^_	<IL>	R1038 transcription
269^o	tÿd	R1038 transcription
270	erf	R1038 transcription
"270^"""	able	R1038 transcription
270^CircleWithHorizontalBar	zacht	R1038 transcription
270^^	<IL>	R1038 transcription
270^_	<IL>	R1038 transcription
270^o	tÿld? F	R1038 transcription
271	ernst	R1038 transcription
"271^"""	<IL>	R1038 transcription
271^CircleWithHorizontalBar	zaturdag F	R1038 transcription
271^^	ongelÿk	R1038 transcription
271^_	<IL>	R1038 transcription
271^o	tit	R1038 transcription
272	es	R1038 transcription
"272^"""	<IL>	R1038 transcription
272^CircleWithHorizontalBar	oost zee	R1038 transcription
272^^	onophondelÿk	R1038 transcription
272^_	b	R1038 transcription
272^o	toin	R1038 transcription
273	essentient?	R1038 transcription
"273^"""	<IL>	R1038 transcription
273^CircleWithHorizontalBar	zeker?	R1038 transcription
273^^	ons	R1038 transcription
273^_	e	R1038 transcription
273^o	ton	R1038 transcription
274	estasette?	R1038 transcription
"274^"""	advert	R1038 transcription
274^CircleWithHorizontalBar	zekerste	R1038 transcription
274^^	ont	R1038 transcription
274^_	ge	R1038 transcription
274^o	tot	R1038 transcription
275	et	R1038 transcription
"275^"""	abreuk?	R1038 transcription
275^CircleWithHorizontalBar	men zegd	R1038 transcription
275^^	ontbieden	R1038 transcription
275^_	m	R1038 transcription
275^o	tot nog toe	R1038 transcription
276	etant	R1038 transcription
"276^"""	af Zÿn	R1038 transcription
276^CircleWithHorizontalBar	zeggen	R1038 transcription
276^^	ontdekken	R1038 transcription
276^_	pe	R1038 transcription
276^o	touis	R1038 transcription
277	ete	R1038 transcription
"277^"""	agt ?	R1038 transcription
277^CircleWithHorizontalBar	zeldsaam	R1038 transcription
277^^	ontfang	R1038 transcription
277^_	vre	R1038 transcription
277^o	Tractaat ven	R1038 transcription
278	<IL>	R1038 transcription
"278^"""	<IL>	R1038 transcription
278^CircleWithHorizontalBar	zelfde	R1038 transcription
278^^	ontfangst	R1038 transcription
278^_	be	R1038 transcription
278^o	<IL>	R1038 transcription
279	<IL>	R1038 transcription
279^CircleWithHorizontalBar	zelfste	R1038 transcription
279^^	<IL>	R1038 transcription
279^_	e	R1038 transcription
279^o	train	R1038 transcription
280	<IL>	R1038 transcription
"280^"""	alhier?	R1038 transcription
280^CircleWithHorizontalBar	zende	R1038 transcription
280^^	<IL>	R1038 transcription
280^_	h	R1038 transcription
280^o	Traite de ?	R1038 transcription
281	eu	R1038 transcription
"281^"""	alle	R1038 transcription
281^CircleWithHorizontalBar	zes, six	R1038 transcription
281^^	<IL>	R1038 transcription
281^_	maar	R1038 transcription
281^o	Traite de Versailles D	R1038 transcription
282	eus	R1038 transcription
"282^"""	<IL>	R1038 transcription
282^CircleWithHorizontalBar	zeventig, septante	R1038 transcription
282^^	ontwerpen	R1038 transcription
282^_	qu	R1038 transcription
282^o	transport	R1038 transcription
283	ex	R1038 transcription
"283^"""	<IL>	R1038 transcription
283^CircleWithHorizontalBar	zig	R1038 transcription
283^^	ontzien	R1038 transcription
283^_	u	R1038 transcription
283^o	tres	R1038 transcription
284	<IL>	R1038 transcription
"284^"""	<IL>	R1038 transcription
284^CircleWithHorizontalBar	zigtighend	R1038 transcription
284^^	onze	R1038 transcription
284^_	<IL>	R1038 transcription
284^o	tribunaal?	R1038 transcription
285	U. Excellentie F	R1038 transcription
"285^"""	als	R1038 transcription
285^CircleWithHorizontalBar	zo	R1038 transcription
285^^	on zen	R1038 transcription
285^_	<IL>	R1038 transcription
285^o	troupes	R1038 transcription
286	<IL>	R1038 transcription
"286^"""	als de	R1038 transcription
286^CircleWithHorizontalBar	zo doonde?	R1038 transcription
286^^	on zes	R1038 transcription
286^_	join	R1038 transcription
286^o	<IL>	R1038 transcription
287	<IL>	R1038 transcription
"287^"""	als het	R1038 transcription
287^CircleWithHorizontalBar	zo te zeggen	R1038 transcription
287^^	ook	R1038 transcription
287^_	<IL>	R1038 transcription
287^o	turc?	R1038 transcription
288	<IL>	R1038 transcription
"288^"""	als zÿnde	R1038 transcription
288^CircleWithHorizontalBar	zomer	R1038 transcription
288^^	oorlog	R1038 transcription
288^_	is	R1038 transcription
288^o	<IL>	R1038 transcription
289	<IL>	R1038 transcription
"289^"""	<IL>	R1038 transcription
289^CircleWithHorizontalBar	zonderdat	R1038 transcription
289^^	<IL>	R1038 transcription
289^_	ise	R1038 transcription
289^o	V	R1038 transcription
290	explicatio?	R1038 transcription
"290^"""	Ambassades	R1038 transcription
290^CircleWithHorizontalBar	zonderling	R1038 transcription
290^^	op	R1038 transcription
290^_	ition	R1038 transcription
290^o	vaisseau	R1038 transcription
291	<IL>	R1038 transcription
"291^"""	<IL>	R1038 transcription
291^CircleWithHorizontalBar	zorges	R1038 transcription
291^^	opeen	R1038 transcription
291^_	<IL>	R1038 transcription
291^o	val	R1038 transcription
292	<IL>	R1038 transcription
"292^"""	<IL>	R1038 transcription
292^CircleWithHorizontalBar	zorgen	R1038 transcription
292^^	opiniatre	R1038 transcription
292^_	kan	R1038 transcription
292^o	van	R1038 transcription
293	<IL>	R1038 transcription
"293^"""	andere	R1038 transcription
293^CircleWithHorizontalBar	zoude?	R1038 transcription
293^^	<IL>	R1038 transcription
293^_	ke	R1038 transcription
293^o	van ?	R1038 transcription
294	fa	R1038 transcription
"294^"""	annce	R1038 transcription
294^CircleWithHorizontalBar	zulke	R1038 transcription
294^^	<IL>	R1038 transcription
294^_	<IL>	R1038 transcription
294^o	van het Hof	R1038 transcription
295	<IL>	R1038 transcription
"295^"""	antwoort	R1038 transcription
295^CircleWithHorizontalBar	<IL>	R1038 transcription
295^^	<IL>	R1038 transcription
295^_	kind	R1038 transcription
295^o	van zÿn	R1038 transcription
296	fait	R1038 transcription
"296^"""	<EMPTY>	R1038 transcription
296^CircleWithHorizontalBar	zÿn	R1038 transcription
296^^	ordinair	R1038 transcription
296^_	<IL>	R1038 transcription
296^o	<IL>	R1038 transcription
297	<IL>	R1038 transcription
"297^"""	apprens?	R1038 transcription
297^CircleWithHorizontalBar	zÿndes?	R1038 transcription
297^^	ordre	R1038 transcription
297^_	kom	R1038 transcription
297^o	ve	R1038 transcription
298	fau?	R1038 transcription
"298^"""	apris	R1038 transcription
298^CircleWithHorizontalBar	zÿn Ed	R1038 transcription
298^^	os	R1038 transcription
298^_	komende	R1038 transcription
298^o	veelmaals	R1038 transcription
299	<IL>	R1038 transcription
"299^"""	arm?	R1038 transcription
299^CircleWithHorizontalBar	zÿn hoog Ed	R1038 transcription
299^^	ou	R1038 transcription
299^_	konde	R1038 transcription
299^o	<IL>	R1038 transcription
300	<IL>	R1038 transcription
"300^"""	<IL>	R1038 transcription
300^CircleWithHorizontalBar	zÿn Excell F	R1038 transcription
300^^	over	R1038 transcription
300^_	konnende	R1038 transcription
300^o	<IL>	R1038 transcription
301	<IL>	R1038 transcription
"301^"""	assembl	R1038 transcription
301^CircleWithHorizontalBar	<IL>	R1038 transcription
301^^	over de	R1038 transcription
301^_	de Koning von F	R1038 transcription
301^o	vent	R1038 transcription
302	a	R1038 transcription
"302^"""	<IL>	R1038 transcription
302^CircleWithHorizontalBar	zÿn Majesties? F	R1038 transcription
302^^	? overige	R1038 transcription
302^_	de Koningin von F	R1038 transcription
302^o	ver	R1038 transcription
303	die	R1038 transcription
"303^"""	atien?	R1038 transcription
303^CircleWithHorizontalBar	c	R1038 transcription
303^^	overleggen	R1038 transcription
303^_	koop	R1038 transcription
303^o	verandering	R1038 transcription
304	et	R1038 transcription
"304^"""	au	R1038 transcription
304^CircleWithHorizontalBar	e	R1038 transcription
304^^	<IL>	R1038 transcription
304^_	krÿgen?	R1038 transcription
304^o	<IL>	R1038 transcription
305	l	R1038 transcription
"305^"""	aver?	R1038 transcription
305^CircleWithHorizontalBar	heb	R1038 transcription
305^^	P	R1038 transcription
305^_	kunnen?	R1038 transcription
305^o	<IL>	R1038 transcription
306	oo	R1038 transcription
"306^"""	aviens	R1038 transcription
306^CircleWithHorizontalBar	m	R1038 transcription
306^^	pac	R1038 transcription
306^_	L	R1038 transcription
306^o	<IL>	R1038 transcription
307	v	R1038 transcription
"307^"""	<IL>	R1038 transcription
307^CircleWithHorizontalBar	op	R1038 transcription
307^^	<IL>	R1038 transcription
307^_	laak	R1038 transcription
307^o	<IL>	R1038 transcription
308	aa	R1038 transcription
"308^"""	<IL>	R1038 transcription
308^CircleWithHorizontalBar	van	R1038 transcription
308^^	<EMPTY>	R1038 transcription
308^_	laast Leeder?	R1038 transcription
308^o	<IL>	R1038 transcription
309	dit	R1038 transcription
"309^"""	<EMPTY>	R1038 transcription
309^CircleWithHorizontalBar	c	R1038 transcription
309^^	Traite des Paix?	R1038 transcription
309^_	laaten	R1038 transcription
309^o	<EMPTY>	R1038 transcription
310	ez	R1038 transcription
"310^"""	bas	R1038 transcription
310^CircleWithHorizontalBar	e	R1038 transcription
310^^	<IL>	R1038 transcription
310^_	<EMPTY>	R1038 transcription
310^o	<IL>	R1038 transcription
311	l	R1038 transcription
"311^"""	be	R1038 transcription
311^CircleWithHorizontalBar	heef	R1038 transcription
311^^	<IL>	R1038 transcription
311^_	land	contextual inference
311^o	<IL>	R1038 transcription
312	oak/ook?	R1038 transcription
"312^"""	bed	R1038 transcription
312^CircleWithHorizontalBar	m	R1038 transcription
312^^	part?	R1038 transcription
312^_	<IL>	R1038 transcription
312^o	<IL>	R1038 transcription
313	v	R1038 transcription
"313^"""	beg	R1038 transcription
313^CircleWithHorizontalBar	p	R1038 transcription
313^^	participaren	R1038 transcription
313^_	le	R1038 transcription
313^o	<IL>	R1038 transcription
314	eenig	R1038 transcription
"314^"""	<IL>	R1038 transcription
314^CircleWithHorizontalBar	ve	R1038 transcription
314^^	partÿdig	R1038 transcription
314^_	leeben	R1038 transcription
314^o	<IL>	R1038 transcription
315	eenpaarig	R1038 transcription
"315^"""	beid	R1038 transcription
315^CircleWithHorizontalBar	<IL>	R1038 transcription
315^^	<IL>	R1038 transcription
315^_	leger	R1038 transcription
315^o	a	R1038 transcription
316	<IL>	R1038 transcription
"316^"""	become?	R1038 transcription
316^CircleWithHorizontalBar	de keizerin	R1038 transcription
316^^	patroon	R1038 transcription
316^_	len	R1038 transcription
316^o	dit	R1038 transcription
317	<IL>	R1038 transcription
"317^"""	bess?	R1038 transcription
317^CircleWithHorizontalBar	de Keizerin van Rusland	R1038 transcription
317^^	pen	R1038 transcription
317^_	les	R1038 transcription
317^o	f	R1038 transcription
318	<IL>	R1038 transcription
"318^"""	de	R1038 transcription
318^CircleWithHorizontalBar	zÿn Rus Keiz: Maj:t	R1038 transcription
318^^	penning	R1038 transcription
318^_	lettre	R1038 transcription
318^o	kunnen	R1038 transcription
319	<IL>	R1038 transcription
"319^"""	cerd	R1038 transcription
319^CircleWithHorizontalBar	de Koning van	R1038 transcription
319^^	perfect	R1038 transcription
319^_	<IL>	R1038 transcription
319^o	o	R1038 transcription
320	eerd	R1038 transcription
"320^"""	heid	R1038 transcription
320^CircleWithHorizontalBar	de Konigin van	R1038 transcription
320^^	<IL>	R1038 transcription
320^_	<IL>	R1038 transcription
320^o	te	R1038 transcription
321	eeren	R1038 transcription
"321^"""	men	R1038 transcription
321^CircleWithHorizontalBar	haar Majesteit	R1038 transcription
321^^	<IL>	R1038 transcription
321^_	liqur?	R1038 transcription
321^o	aa	R1038 transcription
322	eeren	R1038 transcription
"322^"""	s	R1038 transcription
322^CircleWithHorizontalBar	de ? Konig	R1038 transcription
322^^	<IL>	R1038 transcription
322^_	lir	R1038 transcription
322^o	e	R1038 transcription
323	<IL>	R1038 transcription
"323^"""	zal	R1038 transcription
323^CircleWithHorizontalBar	de grook Vorst	R1038 transcription
323^^	pi	R1038 transcription
323^_	lo	R1038 transcription
323^o	g	R1038 transcription
324	eerstelÿk	R1038 transcription
"324^"""	den	R1038 transcription
324^CircleWithHorizontalBar	<IL>	R1038 transcription
324^^	<IL>	R1038 transcription
324^_	<IL>	R1038 transcription
324^o	l	R1038 transcription
325	efficat?	R1038 transcription
"325^"""	ceren?	R1038 transcription
325^CircleWithHorizontalBar	<IL>	R1038 transcription
325^^	<IL>	R1038 transcription
325^_	<IL>	R1038 transcription
325^o	of	R1038 transcription
326	eid	R1038 transcription
"326^"""	i	R1038 transcription
326^CircleWithHorizontalBar	<IL>	R1038 transcription
326^^	plaign	R1038 transcription
326^_	lu	R1038 transcription
326^o	tut	R1038 transcription
327	ei	R1038 transcription
"327^"""	n	R1038 transcription
327^CircleWithHorizontalBar	<IL>	R1038 transcription
327^^	Plenipotentiaris	R1038 transcription
327^_	luk?	R1038 transcription
327^o	suiv	R1038 transcription
328	elf	R1038 transcription
"328^"""	sa	R1038 transcription
328^CircleWithHorizontalBar	de Hertog van	R1038 transcription
328^^	plus	R1038 transcription
328^_	? mediens	R1038 transcription
328^o	sur	R1038 transcription
329	elle	R1038 transcription
"329^"""	ÿ	R1038 transcription
329^CircleWithHorizontalBar	de Landgraavin van	R1038 transcription
329^^	plus	R1038 transcription
329^_	<IL>	R1038 transcription
329^o	suspeck	R1038 transcription
330	elus	R1038 transcription
"330^"""	aan	R1038 transcription
330^CircleWithHorizontalBar	de graavin van	R1038 transcription
330^^	<IL>	R1038 transcription
330^_	maaden	R1038 transcription
330^o	taat	R1038 transcription
331	embarasseeren	R1038 transcription
"331^"""	aan de	R1038 transcription
331^CircleWithHorizontalBar	<IL>	R1038 transcription
331^^	port	R1038 transcription
331^_	maar	R1038 transcription
331^o	te	R1038 transcription
332	<IL>	R1038 transcription
"332^"""	aan dit hof	R1038 transcription
332^CircleWithHorizontalBar	het Hof te	R1038 transcription
332^^	possed?	R1038 transcription
332^_	<IL>	R1038 transcription
332^o	te gaan	R1038 transcription
333	en	R1038 transcription
"333^"""	aangeende	R1038 transcription
333^CircleWithHorizontalBar	het Hof van	R1038 transcription
333^^	post	R1038 transcription
333^_	majesteit?	R1038 transcription
333^o	te val	R1038 transcription
334	en	R1038 transcription
"334^"""	aan haar ? F	R1038 transcription
334^CircleWithHorizontalBar	Minister	R1038 transcription
334^^	de	R1038 transcription
334^_	<IL>	R1038 transcription
334^o	te zÿn	R1038 transcription
335	ende	R1038 transcription
"335^"""	<IL>	R1038 transcription
335^CircleWithHorizontalBar	het Ministerie	R1038 transcription
335^^	en	R1038 transcription
335^_	<IL>	R1038 transcription
335^o	tegen de	R1038 transcription
336	enfin	R1038 transcription
"336^"""	aan hem	R1038 transcription
336^CircleWithHorizontalBar	<IL>	R1038 transcription
336^^	i	R1038 transcription
336^_	<IL>	R1038 transcription
336^o	tegen os	R1038 transcription
337	entem	R1038 transcription
"337^"""	aan ? Excell F	R1038 transcription
337^CircleWithHorizontalBar	<IL>	R1038 transcription
337^^	naar	R1038 transcription
337^_	<IL>	R1038 transcription
337^o	teit	R1038 transcription
338	envois	R1038 transcription
"338^"""	aan ? ? Ed ?	R1038 transcription
338^CircleWithHorizontalBar	de Resident van	R1038 transcription
338^^	l	R1038 transcription
338^_	<IL>	R1038 transcription
338^o	tems	R1038 transcription
339	eoi?	R1038 transcription
"339^"""	aan ? Ho: Ed: ?	R1038 transcription
339^CircleWithHorizontalBar	de legations Secretaris van	R1038 transcription
339^^	zullen	R1038 transcription
339^_	<IL>	R1038 transcription
339^o	ten deele	R1038 transcription
340	<EMPTY>	R1038 transcription
"340^"""	aan ? Wel Ed:?	R1038 transcription
340^CircleWithHorizontalBar	<EMPTY>	R1038 transcription
340^^	de	R1038 transcription
340^_	mar	contextual inference
340^o	ten ivaare?	R1038 transcription
341	<IL>	R1038 transcription
"341^"""	aan Zÿn Ed	R1038 transcription
341^CircleWithHorizontalBar	<EMPTY>	R1038 transcription
341^^	en	R1038 transcription
341^_	<IL>	R1038 transcription
341^o	ter	R1038 transcription
342	er	R1038 transcription
"342^"""	aan Zÿn Excell F	R1038 transcription
342^CircleWithHorizontalBar	de Republicq	R1038 transcription
342^^	ik	R1038 transcription
342^_	<IL>	R1038 transcription
342^o	terribel	R1038 transcription
343	erg	R1038 transcription
"343^"""	aan Zÿn ? Majt F	R1038 transcription
343^CircleWithHorizontalBar	de Staat	R1038 transcription
343^^	nn	R1038 transcription
343^_	<IL>	R1038 transcription
343^o	tu	R1038 transcription
344	ert	R1038 transcription
"344^"""	aan Zÿn Majest F	R1038 transcription
344^CircleWithHorizontalBar	haar Ho Mo	R1038 transcription
344^^	le	R1038 transcription
344^_	<IL>	R1038 transcription
344^o	tÿd	R1038 transcription
345	esienti?	R1038 transcription
"345^"""	abandonn	R1038 transcription
345^CircleWithHorizontalBar	haar Ho Mo	R1038 transcription
345^^	zÿn	R1038 transcription
345^_	<IL>	R1038 transcription
345^o	tÿld? F	R1038 transcription
346	est	R1038 transcription
"346^"""	abond	R1038 transcription
346^CircleWithHorizontalBar	haar Ho Mo	R1038 transcription
346^^	<IL>	R1038 transcription
346^_	<IL>	R1038 transcription
346^o	to	R1038 transcription
347	et	R1038 transcription
"347^"""	accessie?	R1038 transcription
347^CircleWithHorizontalBar	de Staalin? van	R1038 transcription
347^^	<IL>	R1038 transcription
347^_	<IL>	R1038 transcription
347^o	<IL>	R1038 transcription
348	et	R1038 transcription
"348^"""	accus	R1038 transcription
348^CircleWithHorizontalBar	<IL>	R1038 transcription
348^^	<IL>	R1038 transcription
348^_	bÿ	R1038 transcription
348^o	toon	R1038 transcription
349	etat	R1038 transcription
"349^"""	actueel	R1038 transcription
349^CircleWithHorizontalBar	<IL>	R1038 transcription
349^^	ons	R1038 transcription
349^_	e	R1038 transcription
349^o	tot dat	R1038 transcription
350	ete	R1038 transcription
"350^"""	adverturen	R1038 transcription
350^CircleWithHorizontalBar	de Heer van Rhien?	R1038 transcription
350^^	ontaard	R1038 transcription
350^_	had	R1038 transcription
350^o	tot nu toe	R1038 transcription
351	etoi?	R1038 transcription
"351^"""	afge	R1038 transcription
351^CircleWithHorizontalBar	<IL>	R1038 transcription
351^^	<IL>	R1038 transcription
351^_	maid	R1038 transcription
351^o	tout	R1038 transcription
352	<IL>	R1038 transcription
"352^"""	afzender	R1038 transcription
352^CircleWithHorizontalBar	<IL>	R1038 transcription
352^^	<IL>	R1038 transcription
352^_	r	R1038 transcription
352^o	Tractaat von Alliante? F	R1038 transcription
353	<IL>	R1038 transcription
"353^"""	agten	R1038 transcription
353^CircleWithHorizontalBar	<IL>	R1038 transcription
353^^	ontfangen	R1038 transcription
353^_	uet/uit?	R1038 transcription
353^o	<IL>	R1038 transcription
354	eu	R1038 transcription
"354^"""	aÿent	R1038 transcription
354^CircleWithHorizontalBar	<IL>	R1038 transcription
354^^	ontfing	R1038 transcription
354^_	c	R1038 transcription
354^o	trait	R1038 transcription
355	euse	R1038 transcription
"355^"""	aldus	R1038 transcription
355^CircleWithHorizontalBar	Secretaris?	R1038 transcription
355^^	<IL>	R1038 transcription
355^_	e	R1038 transcription
355^o	<IL>	R1038 transcription
356	exa	R1038 transcription
"356^"""	alhier?	R1038 transcription
356^CircleWithHorizontalBar	haar Ho: Mo Minister	R1038 transcription
356^^	<IL>	R1038 transcription
356^_	hib	R1038 transcription
356^o	Traite de ? ? d' amitie D	R1038 transcription
357	excell	R1038 transcription
"357^"""	alle	R1038 transcription
357^CircleWithHorizontalBar	<IL>	R1038 transcription
357^^	<IL>	R1038 transcription
357^_	men	R1038 transcription
357^o	Traite de Vienne D	R1038 transcription
358	U. Excellentie F	R1038 transcription
"358^"""	allen	R1038 transcription
358^CircleWithHorizontalBar	<IL>	R1038 transcription
358^^	ontwierp	R1038 transcription
358^_	r	R1038 transcription
358^o	travers	R1038 transcription
359	Zÿn Excell	R1038 transcription
"359^"""	alliantie	R1038 transcription
359^CircleWithHorizontalBar	<IL>	R1038 transcription
359^^	onver	R1038 transcription
359^_	w	R1038 transcription
359^o	tredor	R1038 transcription
360	<IL>	R1038 transcription
"360^"""	hooge ?	R1038 transcription
360^CircleWithHorizontalBar	<IL>	R1038 transcription
360^^	onze	R1038 transcription
360^_	interpret	R1038 transcription
360^o	tro	R1038 transcription
361	exist	R1038 transcription
"361^"""	als	R1038 transcription
361^CircleWithHorizontalBar	<EMPTY>	R1038 transcription
361^^	on zen	R1038 transcription
361^_	<IL>	R1038 transcription
361^o	troupes	R1038 transcription
362	<IL>	R1038 transcription
"362^"""	als dees	R1038 transcription
362^CircleWithHorizontalBar	<EMPTY>	R1038 transcription
362^^	onzÿdig	R1038 transcription
362^_	jong	R1038 transcription
362^o	tu?	R1038 transcription
363	<IL>	R1038 transcription
"363^"""	als men	R1038 transcription
363^CircleWithHorizontalBar	<EMPTY>	R1038 transcription
363^^	ook	R1038 transcription
363^_	<IL>	R1038 transcription
363^o	tusschen	contextual inference
364	extra	R1038 transcription
"364^"""	? altesse	R1038 transcription
364^CircleWithHorizontalBar	<IL>	R1038 transcription
364^^	oorlog	R1038 transcription
364^_	is	R1038 transcription
364^o	<IL>	R1038 transcription
365	Extr ?	R1038 transcription
"365^"""	althand?	R1038 transcription
365^CircleWithHorizontalBar	Haar Majesteit	R1038 transcription
365^^	oorzaak	R1038 transcription
365^_	it	R1038 transcription
365^o	va	R1038 transcription
366	extremitist	R1038 transcription
"366^"""	ambassadeur	R1038 transcription
366^CircleWithHorizontalBar	haar Keiz Majesteit	R1038 transcription
366^^	op	R1038 transcription
366^_	ire	R1038 transcription
366^o	vaisseau	R1038 transcription
367	<IL>	R1038 transcription
"367^"""	America	R1038 transcription
367^CircleWithHorizontalBar	het? Hof	R1038 transcription
367^^	open	R1038 transcription
367^_	<IL>	R1038 transcription
367^o	vallen	R1038 transcription
368	<IL>	R1038 transcription
"368^"""	an	R1038 transcription
368^CircleWithHorizontalBar	ce	R1038 transcription
368^^	opinie	R1038 transcription
368^_	kan	R1038 transcription
368^o	van	R1038 transcription
369	fait	R1038 transcription
"369^"""	anderen	R1038 transcription
369^CircleWithHorizontalBar	e	R1038 transcription
369^^	oprechtigheid	R1038 transcription
369^_	keer?	R1038 transcription
369^o	van dit Hof	R1038 transcription
370	<IL>	R1038 transcription
"370^"""	armee	R1038 transcription
370^CircleWithHorizontalBar	hek	R1038 transcription
370^^	<IL>	R1038 transcription
370^_	oorlogend	contextual inference
370^o	van het Ministerie	R1038 transcription
371	<IL>	R1038 transcription
"371^"""	antwoort	R1038 transcription
371^CircleWithHorizontalBar	men	R1038 transcription
371^^	or	R1038 transcription
371^_	kenne?	R1038 transcription
371^o	van Zÿn Hof	R1038 transcription
372	<IL>	R1038 transcription
"372^"""	<EMPTY>	R1038 transcription
372^CircleWithHorizontalBar	pe	R1038 transcription
372^^	ordinair	R1038 transcription
372^_	klaag	R1038 transcription
372^o	van Zÿn Maister	R1038 transcription
373	<IL>	R1038 transcription
"373^"""	appris	R1038 transcription
373^CircleWithHorizontalBar	ver	R1038 transcription
373^^	ordinair	R1038 transcription
373^_	komen	R1038 transcription
373^o	ve	R1038 transcription
374	fem?	R1038 transcription
"374^"""	ar	R1038 transcription
374^CircleWithHorizontalBar	d	R1038 transcription
374^^	ose	R1038 transcription
374^_	komt	R1038 transcription
374^o	<IL>	R1038 transcription
375	aan	R1038 transcription
"375^"""	armature	R1038 transcription
375^CircleWithHorizontalBar	e	R1038 transcription
375^^	ous	R1038 transcription
375^_	konde	R1038 transcription
375^o	<IL>	R1038 transcription
376	du	R1038 transcription
"376^"""	armement	R1038 transcription
376^CircleWithHorizontalBar	i	R1038 transcription
376^^	over	R1038 transcription
376^_	koning	R1038 transcription
376^o	<IL>	R1038 transcription
377	f	R1038 transcription
"377^"""	<IL>	R1038 transcription
377^CircleWithHorizontalBar	met	R1038 transcription
377^^	<IL>	R1038 transcription
377^_	de Koning von F	R1038 transcription
377^o	ver	R1038 transcription
378	la	R1038 transcription
"378^"""	<IL>	R1038 transcription
378^CircleWithHorizontalBar	qa	R1038 transcription
378^^	overkomen	R1038 transcription
378^_	de Koningin von F	R1038 transcription
378^o	<IL>	R1038 transcription
379	op	R1038 transcription
"379^"""	<IL>	R1038 transcription
379^CircleWithHorizontalBar	w	R1038 transcription
379^^	overmorgen	R1038 transcription
379^_	<IL>	R1038 transcription
379^o	<IL>	R1038 transcription
380	van	R1038 transcription
"380^"""	Augusta	R1038 transcription
380^CircleWithHorizontalBar	de Keizer	R1038 transcription
380^^	<IL>	R1038 transcription
380^_	krÿgen?	R1038 transcription
380^o	<IL>	R1038 transcription
381	b	R1038 transcription
"381^"""	<IL>	R1038 transcription
381^CircleWithHorizontalBar	de keizerin	R1038 transcription
381^^	pa	R1038 transcription
381^_	kunnen?	R1038 transcription
381^o	<IL>	R1038 transcription
382	e	R1038 transcription
"382^"""	<IL>	R1038 transcription
382^CircleWithHorizontalBar	zÿn Keiz Maj.t	R1038 transcription
382^^	pacifi	R1038 transcription
382^_	la	R1038 transcription
382^o	<IL>	R1038 transcription
383	g	R1038 transcription
"383^"""	<IL>	R1038 transcription
383^CircleWithHorizontalBar	haar Rus Keiz Maj.t	R1038 transcription
383^^	ook	R1038 transcription
383^_	laast?	R1038 transcription
383^o	<IL>	R1038 transcription
384	le	R1038 transcription
"384^"""	autans?	R1038 transcription
384^CircleWithHorizontalBar	de Koning van	R1038 transcription
384^^	<EMPTY>	R1038 transcription
384^_	laast Leeder?	R1038 transcription
384^o	<IL>	R1038 transcription
385	p	R1038 transcription
"385^"""	ba	R1038 transcription
385^CircleWithHorizontalBar	de Konigin van	R1038 transcription
385^^	<IL>	R1038 transcription
385^_	laaten	R1038 transcription
385^o	<EMPTY>	R1038 transcription
386	van	R1038 transcription
"386^"""	bar	R1038 transcription
386^CircleWithHorizontalBar	haar Majesteit	R1038 transcription
386^^	<IL>	R1038 transcription
386^_	<EMPTY>	R1038 transcription
386^o	<IL>	R1038 transcription
387	eenige	R1038 transcription
"387^"""	be	R1038 transcription
387^CircleWithHorizontalBar	de ? Konig	R1038 transcription
387^^	<IL>	R1038 transcription
387^_	lane?	R1038 transcription
387^o	<IL>	R1038 transcription
388	eer	R1038 transcription
"388^"""	bedaat?	R1038 transcription
388^CircleWithHorizontalBar	de Infant?	R1038 transcription
388^^	partiqe	R1038 transcription
388^o	<IL>	R1038 transcription
389	eere	R1038 transcription
"389^"""	begaan	R1038 transcription
389^CircleWithHorizontalBar	<IL>	R1038 transcription
389^^	particulariteit	R1038 transcription
389^_	le	R1038 transcription
389^o	<IL>	R1038 transcription
390	<IL>	R1038 transcription
"390^"""	behe?	R1038 transcription
390^CircleWithHorizontalBar	<IL>	R1038 transcription
390^^	pas	R1038 transcription
390^_	<IL>	R1038 transcription
390^o	<IL>	R1038 transcription
391	eerde	R1038 transcription
"391^"""	<IL>	R1038 transcription
391^CircleWithHorizontalBar	<IL>	R1038 transcription
391^^	passeport	R1038 transcription
391^_	leggen	R1038 transcription
391^o	aan	R1038 transcription
392	eeren	R1038 transcription
"392^"""	? von	R1038 transcription
392^CircleWithHorizontalBar	<IL>	R1038 transcription
392^^	pe	R1038 transcription
392^_	ler?	R1038 transcription
392^o	e	R1038 transcription
393	eeren	R1038 transcription
"393^"""	bessett	R1038 transcription
393^CircleWithHorizontalBar	de Herzogin van	R1038 transcription
393^^	pen	R1038 transcription
393^_	les	R1038 transcription
393^o	ge	R1038 transcription
394	<IL>	R1038 transcription
"394^"""	a	R1038 transcription
394^CircleWithHorizontalBar	<IL>	R1038 transcription
394^^	pens	R1038 transcription
394^_	lettre	R1038 transcription
394^o	l	R1038 transcription
395	eerse Minister	R1038 transcription
"395^"""	de	R1038 transcription
395^CircleWithHorizontalBar	de Baron van	R1038 transcription
395^^	permet/permit?	R1038 transcription
395^_	lii	R1038 transcription
395^o	om	R1038 transcription
396	effort	R1038 transcription
"396^"""	en'	R1038 transcription
396^CircleWithHorizontalBar	het Hof	R1038 transcription
396^^	persoon	R1038 transcription
396^_	lee	R1038 transcription
396^o	u	R1038 transcription
397	eigen	R1038 transcription
"397^"""	K	R1038 transcription
397^CircleWithHorizontalBar	het Hof te	R1038 transcription
397^^	persecut	R1038 transcription
397^_	<IL>	R1038 transcription
397^o	b	R1038 transcription
398	elders	R1038 transcription
"398^"""	om'	R1038 transcription
398^CircleWithHorizontalBar	het Hof van	R1038 transcription
398^^	<IL>	R1038 transcription
398^_	lis	R1038 transcription
398^o	e	R1038 transcription
399	elf	R1038 transcription
"399^"""	van	R1038 transcription
399^CircleWithHorizontalBar	Minister	R1038 transcription
399^^	piere	R1038 transcription
399^_	loi?	R1038 transcription
399^o	ge	R1038 transcription
400	elles?	R1038 transcription
"400^"""	a	R1038 transcription
400^CircleWithHorizontalBar	het Ministerie ?	R1038 transcription
400^^	<IL>	R1038 transcription
400^_	<IL>	R1038 transcription
400^o	la	R1038 transcription
401	elucidate	R1038 transcription
"401^"""	den	R1038 transcription
401^CircleWithHorizontalBar	<IL	R1038 transcription
401^^	pil/pit?	R1038 transcription
401^_	<IL>	R1038 transcription
401^o	on	R1038 transcription
402	ement	R1038 transcription
"402^"""	er	R1038 transcription
402^CircleWithHorizontalBar	de Envoye van	R1038 transcription
402^^	plainte	R1038 transcription
402^_	luc?	R1038 transcription
402^o	v	R1038 transcription
403	empechement	R1038 transcription
"403^"""	kan	R1038 transcription
403^CircleWithHorizontalBar	Resident	R1038 transcription
403^^	<IL>	R1038 transcription
403^_	lust	R1038 transcription
403^o	suivant	R1038 transcription
404	en	R1038 transcription
"404^"""	on	R1038 transcription
404^CircleWithHorizontalBar	de Agent van	R1038 transcription
404^^	pluralitat	R1038 transcription
404^_	lijk	contextual inference
404^o	surpris	R1038 transcription
405	en	R1038 transcription
"405^"""	van?	R1038 transcription
405^CircleWithHorizontalBar	<EMPTY>	R1038 transcription
405^^	po	R1038 transcription
405^_	ma	R1038 transcription
405^o	suspen	R1038 transcription
406	ende	R1038 transcription
"406^"""	beliesen?	R1038 transcription
406^CircleWithHorizontalBar	<EMPTY>	R1038 transcription
406^^	politique	R1038 transcription
406^_	man?	R1038 transcription
406^o	tamelÿk	R1038 transcription
407	enis	R1038 transcription
"407^"""	ben	R1038 transcription
407^CircleWithHorizontalBar	de Republicq	R1038 transcription
407^^	portes	R1038 transcription
407^_	<IL>	R1038 transcription
407^o	te	R1038 transcription
408	ente	R1038 transcription
"408^"""	ber	R1038 transcription
408^CircleWithHorizontalBar	de Staat	R1038 transcription
408^^	<IL>	R1038 transcription
408^_	mag	R1038 transcription
408^o	te geeven	R1038 transcription
409	Envoye ? ?	R1038 transcription
"409^"""	betein?	R1038 transcription
409^CircleWithHorizontalBar	haar Ho Mo	R1038 transcription
409^^	<IL>	R1038 transcription
409^_	haar Majesteit f	R1038 transcription
409^o	<IL>	R1038 transcription
410	<IL>	R1038 transcription
"410^"""	bet	R1038 transcription
410^CircleWithHorizontalBar	haar Ho Mo	R1038 transcription
410^^	a	R1038 transcription
410^_	zij	contextual inference
410^o	teer	R1038 transcription
411	<EMPTY>	R1038 transcription
"411^"""	<IL>	R1038 transcription
411^CircleWithHorizontalBar	haar Ho Mo	R1038 transcription
411^^	dat	R1038 transcription
411^_	<IL>	R1038 transcription
411^o	tegendeel	R1038 transcription
412	er	R1038 transcription
"412^"""	<IL>	R1038 transcription
412^CircleWithHorizontalBar	<IL>	R1038 transcription
412^^	ca	R1038 transcription
412^_	<IL>	R1038 transcription
412^o	tegen Partÿe	R1038 transcription
413	ere	R1038 transcription
"413^"""	<IL>	R1038 transcription
413^CircleWithHorizontalBar	<IL>	R1038 transcription
413^^	k	R1038 transcription
413^_	<IL>	R1038 transcription
413^o	teken	R1038 transcription
414	ergens	R1038 transcription
"414^"""	blam	R1038 transcription
414^CircleWithHorizontalBar	<IL>	R1038 transcription
414^^	om	R1038 transcription
414^_	<IL>	R1038 transcription
414^o	ten	R1038 transcription
415	<IL>	R1038 transcription
"415^"""	blyst?	R1038 transcription
415^CircleWithHorizontalBar	<IL>	R1038 transcription
415^^	tt	R1038 transcription
415^_	<IL>	R1038 transcription
415^o	ten eerste	R1038 transcription
416	esper	R1038 transcription
"416^"""	<IL>	R1038 transcription
416^CircleWithHorizontalBar	<IL>	R1038 transcription
416^^	a	R1038 transcription
416^_	<IL>	R1038 transcription
416^o	ten zÿ	R1038 transcription
417	est	R1038 transcription
"417^"""	bon	R1038 transcription
417^CircleWithHorizontalBar	<IL>	R1038 transcription
417^^	de	R1038 transcription
417^_	<IL>	R1038 transcription
417^o	ter	R1038 transcription
418	et	R1038 transcription
"418^"""	<IL>	R1038 transcription
418^CircleWithHorizontalBar	<IL>	R1038 transcription
418^^	er	R1038 transcription
418^_	<IL>	R1038 transcription
418^o	tes	R1038 transcription
419	et	R1038 transcription
"419^"""	brief?	R1038 transcription
419^CircleWithHorizontalBar	<IL>	R1038 transcription
419^^	kan	R1038 transcription
419^_	<IL>	R1038 transcription
419^o	tieer?	R1038 transcription
420	l' Etat	R1038 transcription
"420^"""	<IL>	R1038 transcription
420^CircleWithHorizontalBar	? Ambassadeur	R1038 transcription
420^^	on	R1038 transcription
420^_	<IL>	R1038 transcription
420^o	tÿding	R1038 transcription
421	ete	R1038 transcription
"421^"""	<IL>	R1038 transcription
421^CircleWithHorizontalBar	Minister	R1038 transcription
421^^	v	R1038 transcription
421^_	<IL>	R1038 transcription
421^o	tion	R1038 transcription
422	<IL>	R1038 transcription
"422^"""	by	R1038 transcription
422^CircleWithHorizontalBar	haar Ho: Mo Minister ?	R1038 transcription
422^^	post dag	R1038 transcription
422^_	<IL>	R1038 transcription
422^o	toc/toe?	R1038 transcription
423	Eveche?	R1038 transcription
"423^"""	by de	R1038 transcription
423^CircleWithHorizontalBar	haar Ho Mo Resident	R1038 transcription
423^^	pour?	R1038 transcription
423^_	<IL>	R1038 transcription
423^o	toestand	R1038 transcription
424	Eveque	R1038 transcription
"424^"""	by het?	R1038 transcription
424^CircleWithHorizontalBar	<IL>	R1038 transcription
424^^	<IL>	R1038 transcription
424^_	c	R1038 transcription
424^o	toonen	R1038 transcription
425	eur	R1038 transcription
"425^"""	<IL>	R1038 transcription
425^CircleWithHorizontalBar	<IL>	R1038 transcription
425^^	pre	R1038 transcription
425^_	e	R1038 transcription
425^o	tot de	R1038 transcription
426	eusse	R1038 transcription
"426^"""	cabinet	R1038 transcription
426^CircleWithHorizontalBar	<IL>	R1038 transcription
426^^	precipitatie	R1038 transcription
426^_	heeft/heest?	R1038 transcription
426^o	tot stand	R1038 transcription
427	exact	R1038 transcription
"427^"""	<IL>	R1038 transcription
427^CircleWithHorizontalBar	<IL>	R1038 transcription
427^^	prefirieren	R1038 transcription
427^_	mÿ	R1038 transcription
427^o	toute	R1038 transcription
428	Excellente?	R1038 transcription
"428^"""	<IL>	R1038 transcription
428^CircleWithHorizontalBar	<IL>	R1038 transcription
428^^	prend	R1038 transcription
428^_	ra	R1038 transcription
428^o	Tractaat van Commercie F	R1038 transcription
429	Zÿn Excess	R1038 transcription
"429^"""	<IL>	R1038 transcription
429^CircleWithHorizontalBar	<EMPTY>	R1038 transcription
429^^	predent	R1038 transcription
429^_	ÿ	R1038 transcription
429^o	Tractaat van vreede F	R1038 transcription
430	exces?	R1038 transcription
"430^"""	<IL>	R1038 transcription
430^CircleWithHorizontalBar	<EMPTY>	R1038 transcription
430^^	pressuren	R1038 transcription
430^_	cc	R1038 transcription
430^o	Traite D	R1038 transcription
431	<IL>	R1038 transcription
"431^"""	cause?	R1038 transcription
431^CircleWithHorizontalBar	<EMPTY>	R1038 transcription
431^^	pretenduren	R1038 transcription
431^_	ee	R1038 transcription
431^o	Traite Offensif D	R1038 transcription
432	exp	R1038 transcription
"432^"""	ce	R1038 transcription
432^CircleWithHorizontalBar	de keizerin	R1038 transcription
432^^	pri	R1038 transcription
432^_	heid	R1038 transcription
432^o	Traite de ?	R1038 transcription
433	expeditie	R1038 transcription
"433^"""	<IL>	R1038 transcription
433^CircleWithHorizontalBar	Haar Majesteit	R1038 transcription
433^^	prins	R1038 transcription
433^_	mm?	R1038 transcription
433^o	tranquil	R1038 transcription
434	expres	R1038 transcription
"434^"""	<IL>	R1038 transcription
434^CircleWithHorizontalBar	haar Keiz Majesteit	R1038 transcription
434^^	prison	R1038 transcription
434^_	re	R1038 transcription
434^o	tre	R1038 transcription
435	<IL>	R1038 transcription
"435^"""	<IL>	R1038 transcription
435^CircleWithHorizontalBar	haar Majesteit de Keizerin van ? Rusland	R1038 transcription
435^^	probabiliteet	R1038 transcription
435^_	z	R1038 transcription
435^o	tresorerie	R1038 transcription
436	<IL>	R1038 transcription
"436^"""	cess	R1038 transcription
436^CircleWithHorizontalBar	<IL>	R1038 transcription
436^^	<EMPTY>	R1038 transcription
436^_	interpretation *	R1038 transcription
436^o	trop	R1038 transcription
437	<IL>	R1038 transcription
"437^"""	<IL>	R1038 transcription
437^CircleWithHorizontalBar	dit Hof	R1038 transcription
437^^	proche	R1038 transcription
437^_	<IL>	R1038 transcription
437^o	irreguliere Troupes F	R1038 transcription
438	<IL>	R1038 transcription
"438^"""	charo	R1038 transcription
438^CircleWithHorizontalBar	d	R1038 transcription
438^^	project	R1038 transcription
438^_	jongst	R1038 transcription
438^o	tuc?	R1038 transcription
439	<IL>	R1038 transcription
"439^"""	<IL>	R1038 transcription
439^CircleWithHorizontalBar	e	R1038 transcription
439^^	<IL>	R1038 transcription
439^_	ir	R1038 transcription
439^o	<IL>	R1038 transcription
440	<IL>	R1038 transcription
"440^"""	<EMPTY>	R1038 transcription
440^CircleWithHorizontalBar	i	R1038 transcription
440^^	propos	R1038 transcription
440^_	is	R1038 transcription
440^o	<IL>	R1038 transcription
441	<IL>	R1038 transcription
"441^"""	che	R1038 transcription
441^CircleWithHorizontalBar	mÿ	R1038 transcription
441^^	protectu? F	R1038 transcription
441^_	ite	R1038 transcription
441^o	vaardig	R1038 transcription
442	<IL>	R1038 transcription
"442^"""	ci	R1038 transcription
442^CircleWithHorizontalBar	r	R1038 transcription
442^^	<IL>	R1038 transcription
442^_	juge?	R1038 transcription
442^o	Vaisseau de querre	R1038 transcription
443	<IL>	R1038 transcription
"443^"""	ce?	R1038 transcription
443^CircleWithHorizontalBar	wel	R1038 transcription
443^^	<IL>	R1038 transcription
443^_	<IL>	R1038 transcription
443^o	valt	R1038 transcription
444	fan?	R1038 transcription
"444^"""	command	R1038 transcription
444^CircleWithHorizontalBar	daar	R1038 transcription
444^^	public	R1038 transcription
444^_	kan	R1038 transcription
444^o	van	R1038 transcription
445	fem?	R1038 transcription
"445^"""	<IL>	R1038 transcription
445^CircleWithHorizontalBar	een	R1038 transcription
445^^	puis	R1038 transcription
445^_	Keizer	contextual inference
445^o	van dit Hof	R1038 transcription
446	be	R1038 transcription
"446^"""	cemp	R1038 transcription
446^CircleWithHorizontalBar	i	R1038 transcription
446^^	<IL>	R1038 transcription
446^_	<IL>	R1038 transcription
446^o	van hier	R1038 transcription
447	e	R1038 transcription
"447^"""	<IL>	R1038 transcription
447^CircleWithHorizontalBar	mÿn	R1038 transcription
447^^	Q	R1038 transcription
447^_	kennen	R1038 transcription
447^o	van Zyn Hof	R1038 transcription
448	ge	R1038 transcription
"448^"""	cen	R1038 transcription
448^CircleWithHorizontalBar	r	R1038 transcription
448^^	<IL>	R1038 transcription
448^_	klaagen	R1038 transcription
448^o	van Zÿn Maister	R1038 transcription
449	ll	R1038 transcription
"449^"""	conclu	R1038 transcription
449^CircleWithHorizontalBar	wÿ	R1038 transcription
449^^	<IL>	R1038 transcription
449^_	komen	R1038 transcription
449^o	ve	R1038 transcription
450	p	R1038 transcription
"450^"""	contem	R1038 transcription
450^CircleWithHorizontalBar	de Keizer	R1038 transcription
450^^	que	R1038 transcription
450^_	komt	R1038 transcription
450^o	<IL>	R1038 transcription
451	van de	R1038 transcription
"451^"""	conduc	R1038 transcription
451^CircleWithHorizontalBar	de keizerin	R1038 transcription
451^^	qu'il	R1038 transcription
451^_	konnen	R1038 transcription
451^o	veins	R1038 transcription
452	bÿ	R1038 transcription
"452^"""	conferenta?	R1038 transcription
452^CircleWithHorizontalBar	zÿn Keiz Maj.t	R1038 transcription
452^^	quoique	R1038 transcription
452^_	de Koning F	R1038 transcription
452^o	venir	R1038 transcription
453	e	R1038 transcription
"453^"""	<IL>	R1038 transcription
453^CircleWithHorizontalBar	de Koning	R1038 transcription
453^^	R	R1038 transcription
453^_	de Koning von F	R1038 transcription
453^o	ver	R1038 transcription
454	h	R1038 transcription
"454^"""	<IL>	R1038 transcription
454^CircleWithHorizontalBar	de Koning van	R1038 transcription
454^^	<IL>	R1038 transcription
454^_	<IL>	R1038 transcription
454^o	verander?	R1038 transcription
455	m	R1038 transcription
"455^"""	<IL>	R1038 transcription
455^CircleWithHorizontalBar	zÿn Majesteit	R1038 transcription
455^^	<IL>	R1038 transcription
455^_	<IL>	R1038 transcription
455^o	<IL>	R1038 transcription
456	pe	R1038 transcription
"456^"""	<IL>	R1038 transcription
456^CircleWithHorizontalBar	haar Majesteit	R1038 transcription
456^^	rapport	R1038 transcription
456^_	krÿgen?	R1038 transcription
456^o	<IL>	R1038 transcription
457	ve	R1038 transcription
"457^"""	<IL>	R1038 transcription
457^CircleWithHorizontalBar	de Dauphin	R1038 transcription
457^^	ratificaren F	R1038 transcription
457^_	kunnen?	R1038 transcription
457^o	<IL>	R1038 transcription
458	eenige	R1038 transcription
"458^"""	<IL>	R1038 transcription
458^CircleWithHorizontalBar	de kroon Prins	R1038 transcription
458^^	<IL>	R1038 transcription
458^_	la	R1038 transcription
458^o	<IL>	R1038 transcription
459	<IL>	R1038 transcription
"459^"""	<IL>	R1038 transcription
459^CircleWithHorizontalBar	e	R1038 transcription
459^^	receptie F	R1038 transcription
459^_	laast?	R1038 transcription
459^o	<IL>	R1038 transcription
460	eer	R1038 transcription
"460^"""	<IL>	R1038 transcription
460^CircleWithHorizontalBar	haar kon Horgheid	R1038 transcription
460^^	reci	R1038 transcription
460^_	laat?	R1038 transcription
460^o	<IL>	R1038 transcription
461	eere	R1038 transcription
"461^"""	<IL>	R1038 transcription
461^CircleWithHorizontalBar	<IL>	R1038 transcription
461^^	reconcile	R1038 transcription
461^_	laaten	R1038 transcription
461^o	<EMPTY>	R1038 transcription
462	<IL>	R1038 transcription
"462^"""	acte	contextual inference
462^CircleWithHorizontalBar	de Prins van	R1038 transcription
462^^	recruteeren	R1038 transcription
462^_	<EMPTY>	R1038 transcription
462^o	<IL>	R1038 transcription
463	<IL>	R1038 transcription
"463^"""	<IL>	R1038 transcription
463^CircleWithHorizontalBar	de Vorst van	R1038 transcription
463^^	reden	R1038 transcription
463^_	Land Graaf	R1038 transcription
463^o	<IL>	R1038 transcription
464	<IL>	R1038 transcription
"464^"""	<IL>	R1038 transcription
464^CircleWithHorizontalBar	de Mackgraaf van	R1038 transcription
464^^	reeten?	R1038 transcription
464^_	last	R1038 transcription
464^o	<IL>	R1038 transcription
465	eerde	R1038 transcription
"465^"""	<IL>	R1038 transcription
465^CircleWithHorizontalBar	de Rid der	R1038 transcription
465^^	referrer?	R1038 transcription
465^_	le	R1038 transcription
465^o	<IL>	R1038 transcription
466	eeren	R1038 transcription
"466^"""	<IL>	R1038 transcription
466^CircleWithHorizontalBar	het Hof	R1038 transcription
466^^	<IL>	R1038 transcription
466^_	leen	R1038 transcription
466^o	<IL>	R1038 transcription
467	eeren	R1038 transcription
"467^"""	<IL>	R1038 transcription
467^CircleWithHorizontalBar	het Hof te	R1038 transcription
467^^	Reguring	R1038 transcription
467^_	lei	R1038 transcription
467^o	be	R1038 transcription
468	<IL>	R1038 transcription
"468^"""	<IL>	R1038 transcription
468^CircleWithHorizontalBar	het Hof van	R1038 transcription
468^^	Regiment	R1038 transcription
468^_	les	R1038 transcription
468^o	e	R1038 transcription
469	ef	R1038 transcription
"469^"""	<IL>	R1038 transcription
469^CircleWithHorizontalBar	eerste Minister	R1038 transcription
469^^	<IL>	R1038 transcription
469^_	les quelles?	R1038 transcription
469^o	h	R1038 transcription
470	eg	R1038 transcription
"470^"""	a	R1038 transcription
470^CircleWithHorizontalBar	het Ministerie ?	R1038 transcription
470^^	<IL>	R1038 transcription
470^_	<IL>	R1038 transcription
470^o	le	R1038 transcription
471	eigentlÿk	R1038 transcription
"471^"""	den'	R1038 transcription
471^CircleWithHorizontalBar	<IL>	R1038 transcription
471^^	<IL>	R1038 transcription
471^_	liberte	R1038 transcription
471^o	oo	R1038 transcription
472	electie	R1038 transcription
"472^"""	es?	R1038 transcription
472^CircleWithHorizontalBar	de Minister Plenip.s van	R1038 transcription
472^^	<IL>	R1038 transcription
472^_	<IL>	R1038 transcription
472^o	van	R1038 transcription
473	elk	R1038 transcription
"473^"""	l	R1038 transcription
473^CircleWithHorizontalBar	Envoÿe	R1038 transcription
473^^	<IL>	R1038 transcription
473^_	limit	R1038 transcription
473^o	bÿ	R1038 transcription
474	eli	R1038 transcription
"474^"""	oo	R1038 transcription
474^CircleWithHorizontalBar	de Charge Affaire van	R1038 transcription
474^^	<IL>	R1038 transcription
474^_	list	R1038 transcription
474^o	e	R1038 transcription
475	eludeeren	R1038 transcription
"475^"""	van? de	R1038 transcription
475^CircleWithHorizontalBar	<EMPTY>	R1038 transcription
475^^	<IL>	R1038 transcription
475^_	loin	R1038 transcription
475^o	had	R1038 transcription
476	emerit?	R1038 transcription
"476^"""	a	R1038 transcription
476^CircleWithHorizontalBar	<EMPTY>	R1038 transcription
476^^	<IL>	R1038 transcription
476^_	long	R1038 transcription
476^o	ll	R1038 transcription
477	emploÿ	R1038 transcription
"477^"""	der	R1038 transcription
477^CircleWithHorizontalBar	de Republicq	R1038 transcription
477^^	<IL>	R1038 transcription
477^_	<IL>	R1038 transcription
477^o	ook	R1038 transcription
478	en	R1038 transcription
"478^"""	et	R1038 transcription
478^CircleWithHorizontalBar	de Staat	R1038 transcription
478^^	<IL>	R1038 transcription
478^_	<IL>	R1038 transcription
478^o	ver	R1038 transcription
479	en	R1038 transcription
"479^"""	l	R1038 transcription
479^CircleWithHorizontalBar	haar Ho Mo	R1038 transcription
479^^	<IL>	R1038 transcription
479^_	l'ÿ?	R1038 transcription
479^o	superieur	R1038 transcription
480	ende	R1038 transcription
"480^"""	op	R1038 transcription
480^CircleWithHorizontalBar	haar Ho Mo	R1038 transcription
480^^	<IL>	R1038 transcription
480^_	lÿt?	R1038 transcription
480^o	surtout	R1038 transcription
481	ennemi	R1038 transcription
"481^"""	ve	R1038 transcription
481^CircleWithHorizontalBar	<IL>	R1038 transcription
481^^	<IL>	R1038 transcription
481^_	maak?	R1038 transcription
481^o	suspicie	R1038 transcription
482	entie	R1038 transcription
"482^"""	<IL>	R1038 transcription
482^CircleWithHorizontalBar	Holland	R1038 transcription
482^^	<IL>	R1038 transcription
482^_	<IL>	R1038 transcription
482^o	tachtig ?	R1038 transcription
483	de Envoÿ	R1038 transcription
"483^"""	ben	R1038 transcription
483^CircleWithHorizontalBar	Groningen	R1038 transcription
483^^	a	R1038 transcription
483^_	<IL>	R1038 transcription
483^o	te	R1038 transcription
484	equi	R1038 transcription
"484^"""	bereid	R1038 transcription
484^CircleWithHorizontalBar	<IL>	R1038 transcription
484^^	de	R1038 transcription
484^_	mag	R1038 transcription
484^o	<IL>	R1038 transcription
485	<EMPTY>	R1038 transcription
"485^"""	best	R1038 transcription
485^CircleWithHorizontalBar	<IL>	R1038 transcription
485^^	es	R1038 transcription
485^_	haar Majesteit f	R1038 transcription
485^o	te vooren	R1038 transcription
486	er	R1038 transcription
"486^"""	betaalen	R1038 transcription
486^CircleWithHorizontalBar	Rhoon	R1038 transcription
486^^	l	R1038 transcription
486^_	<IL>	R1038 transcription
486^o	teffens	R1038 transcription
487	eren	R1038 transcription
"487^"""	bew	R1038 transcription
487^CircleWithHorizontalBar	de Haar ?	R1038 transcription
487^^	oo	R1038 transcription
487^_	<IL>	R1038 transcription
487^o	tegen hem	R1038 transcription
488	<IL>	R1038 transcription
"488^"""	bezeit?	R1038 transcription
488^CircleWithHorizontalBar	Resident	R1038 transcription
488^^	vaa	R1038 transcription
488^_	<IL>	R1038 transcription
488^o	tegenvoordig	R1038 transcription
489	<IL>	R1038 transcription
"489^"""	<IL>	R1038 transcription
489^CircleWithHorizontalBar	haar Ho Mo Ambassadeur	R1038 transcription
489^^	a	R1038 transcription
489^_	<IL>	R1038 transcription
489^o	tet	R1038 transcription
490	Esques?	R1038 transcription
"490^"""	ble	R1038 transcription
490^CircleWithHorizontalBar	haar Ho Mo Envoÿe	R1038 transcription
490^^	den	R1038 transcription
490^_	<IL>	R1038 transcription
490^o	ten	R1038 transcription
491	est	R1038 transcription
"491^"""	blyern?	R1038 transcription
491^CircleWithHorizontalBar	<EMPTY>	R1038 transcription
491^^	et	R1038 transcription
491^_	<IL>	R1038 transcription
491^o	ten laaste	R1038 transcription
492	et	R1038 transcription
"492^"""	bem	R1038 transcription
492^CircleWithHorizontalBar	de Heer Baron van Burmania	R1038 transcription
492^^	l	R1038 transcription
492^_	<IL>	R1038 transcription
492^o	tend	R1038 transcription
493	et	R1038 transcription
"493^"""	boven?	R1038 transcription
493^CircleWithHorizontalBar	<IL>	R1038 transcription
493^^	op	R1038 transcription
493^_	<IL>	R1038 transcription
493^o	tera	R1038 transcription
494	<IL>	R1038 transcription
"494^"""	brecken?	R1038 transcription
494^CircleWithHorizontalBar	<IL>	R1038 transcription
494^^	van	R1038 transcription
494^_	<IL>	R1038 transcription
494^o	tellemant	R1038 transcription
495	ete	R1038 transcription
"495^"""	<IL>	R1038 transcription
495^CircleWithHorizontalBar	<EMPTY>	R1038 transcription
495^^	posteerrn	R1038 transcription
495^_	<IL>	R1038 transcription
495^o	tien	R1038 transcription
496	etre	R1038 transcription
"496^"""	<IL>	R1038 transcription
496^CircleWithHorizontalBar	<IL>	R1038 transcription
496^^	<IL>	R1038 transcription
496^_	<IL>	R1038 transcription
496^o	tÿding	R1038 transcription
497	even	R1038 transcription
"497^"""	<IL>	R1038 transcription
497^CircleWithHorizontalBar	de Haar? de Swart	R1038 transcription
497^^	pouvrir	R1038 transcription
497^_	<IL>	R1038 transcription
497^o	tir	R1038 transcription
498	evident	R1038 transcription
"498^"""	by	R1038 transcription
498^CircleWithHorizontalBar	<EMPTY>	R1038 transcription
498^^	prealable	R1038 transcription
498^_	<IL>	R1038 transcription
498^o	toedoen	R1038 transcription
499	Europa	R1038 transcription
"499^"""	by ?	R1038 transcription
499^CircleWithHorizontalBar	<EMPTY>	R1038 transcription
499^^	precipitieren	R1038 transcription
499^_	<IL>	R1038 transcription
499^o	toestand van Zaaken	R1038 transcription
500	eut	R1038 transcription
"500^"""	by mu?	R1038 transcription
500^CircleWithHorizontalBar	<EMPTY>	R1038 transcription
500^^	prejudic	R1038 transcription
500^_	d	R1038 transcription
500^o	tort	R1038 transcription
501	exager?	R1038 transcription
"501^"""	<IL>	R1038 transcription
501^CircleWithHorizontalBar	de keizerin	R1038 transcription
501^^	prendre	R1038 transcription
501^_	een	R1038 transcription
501^o	tot cen?	R1038 transcription
502	<IL>	R1038 transcription
"502^"""	<IL>	R1038 transcription
502^CircleWithHorizontalBar	Haar Majesteit	R1038 transcription
502^^	predenteeren	R1038 transcription
502^_	hem	R1038 transcription
502^o	tou	R1038 transcription
503	Zÿn Excell.	R1038 transcription
"503^"""	canceler	R1038 transcription
503^CircleWithHorizontalBar	<IL>	R1038 transcription
503^^	presum	R1038 transcription
503^_	n	R1038 transcription
503^o	tra	R1038 transcription
504	excus?	R1038 transcription
"504^"""	<IL>	R1038 transcription
504^CircleWithHorizontalBar	<IL>	R1038 transcription
504^^	<IL>	R1038 transcription
504^_	s	R1038 transcription
504^o	<IL>	R1038 transcription
505	exemplair	R1038 transcription
"505^"""	<IL>	R1038 transcription
505^CircleWithHorizontalBar	<IL>	R1038 transcription
505^^	prie	R1038 transcription
505^_	z	R1038 transcription
505^o	tragt?	R1038 transcription
506	<IL>	R1038 transcription
"506^"""	<IL>	R1038 transcription
506^CircleWithHorizontalBar	dit Hof	R1038 transcription
506^^	de Prins F	R1038 transcription
506^_	d	R1038 transcription
506^o	Traite de D	R1038 transcription
507	<IL>	R1038 transcription
"507^"""	<IL>	R1038 transcription
507^CircleWithHorizontalBar	dat	R1038 transcription
507^^	priv	R1038 transcription
507^_	eer	R1038 transcription
507^o	<IL>	R1038 transcription
508	<IL>	R1038 transcription
"508^"""	<IL>	R1038 transcription
508^CircleWithHorizontalBar	eerd	R1038 transcription
508^^	prochain	R1038 transcription
508^_	hen	R1038 transcription
508^o	Traite de Londres	R1038 transcription
509	<IL>	R1038 transcription
"509^"""	<IL>	R1038 transcription
509^CircleWithHorizontalBar	ik	R1038 transcription
509^^	<EMPTY>	R1038 transcription
509^_	n	R1038 transcription
509^o	trans	R1038 transcription
510	<IL>	R1038 transcription
"510^"""	<IL>	R1038 transcription
510^CircleWithHorizontalBar	n	R1038 transcription
510^^	<IL>	R1038 transcription
510^_	s	R1038 transcription
510^o	treden	R1038 transcription
511	<IL>	R1038 transcription
"511^"""	<IL>	R1038 transcription
511^CircleWithHorizontalBar	re	R1038 transcription
511^^	project	R1038 transcription
511^_	zal	R1038 transcription
511^o	Tresorie	R1038 transcription
512	<IL>	R1038 transcription
"512^"""	<IL>	R1038 transcription
512^CircleWithHorizontalBar	wil	R1038 transcription
512^^	promptitude	R1038 transcription
512^_	interpreteeren F	R1038 transcription
512^o	troubl	R1038 transcription
513	<IL>	R1038 transcription
"513^"""	<IL>	R1038 transcription
513^CircleWithHorizontalBar	dat	R1038 transcription
513^^	propos	R1038 transcription
513^_	intent?	R1038 transcription
513^o	reguliere Trupes	R1038 transcription
514	<IL>	R1038 transcription
"514^"""	chi	R1038 transcription
514^CircleWithHorizontalBar	eeren	R1038 transcription
514^^	protectu? F	R1038 transcription
514^_	ingleteeren?	R1038 transcription
514^o	tuer	R1038 transcription
515	<IL>	R1038 transcription
"515^"""	<IL>	R1038 transcription
515^CircleWithHorizontalBar	il	R1038 transcription
515^^	protestatie	R1038 transcription
515^_	irregilier	R1038 transcription
515^o	<IL>	R1038 transcription
516	<IL>	R1038 transcription
"516^"""	<EMPTY>	R1038 transcription
516^CircleWithHorizontalBar	n	R1038 transcription
516^^	bÿ providie	R1038 transcription
516^_	is	R1038 transcription
516^o	<IL>	R1038 transcription
517	<IL>	R1038 transcription
"517^"""	<IL>	R1038 transcription
517^CircleWithHorizontalBar	rr	R1038 transcription
517^^	public	R1038 transcription
517^_	iteet/ideet?	R1038 transcription
517^o	vader	R1038 transcription
518	<IL>	R1038 transcription
"518^"""	<IL>	R1038 transcription
518^CircleWithHorizontalBar	ÿ	R1038 transcription
518^^	puis	R1038 transcription
518^_	julÿ	R1038 transcription
518^o	Vaisseau de Ligne	R1038 transcription
519	<IL>	R1038 transcription
"519^"""	<IL>	R1038 transcription
519^CircleWithHorizontalBar	de Keizer	R1038 transcription
519^^	<IL>	R1038 transcription
519^_	K	R1038 transcription
519^o	van	R1038 transcription
520	<IL>	R1038 transcription
"520^"""	<IL>	R1038 transcription
520^CircleWithHorizontalBar	de keizerin	R1038 transcription
520^^	qu	R1038 transcription
520^_	kan	R1038 transcription
520^o	<IL>	R1038 transcription
521	<IL>	R1038 transcription
"521^"""	<IL>	R1038 transcription
521^CircleWithHorizontalBar	haar keiz Maj.t	R1038 transcription
521^^	quant	R1038 transcription
521^_	Keizerin	contextual inference
521^o	van dit Ministerie	R1038 transcription
522	c	R1038 transcription
"522^"""	<IL>	R1038 transcription
522^CircleWithHorizontalBar	de Koning	R1038 transcription
522^^	<IL>	R1038 transcription
522^_	<IL>	R1038 transcription
522^o	vanteer	R1038 transcription
523	e	R1038 transcription
"523^"""	<IL>	R1038 transcription
523^CircleWithHorizontalBar	de Koningin	R1038 transcription
523^^	question	R1038 transcription
523^_	ker	R1038 transcription
523^o	van Zÿn Hof	R1038 transcription
524	heb	R1038 transcription
"524^"""	<IL>	R1038 transcription
524^CircleWithHorizontalBar	zÿn Majesteit	R1038 transcription
524^^	qu'il	R1038 transcription
524^_	klagt	R1038 transcription
524^o	vast?	R1038 transcription
525	maar	R1038 transcription
"525^"""	<IL>	R1038 transcription
525^CircleWithHorizontalBar	haar Majesteit	R1038 transcription
525^^	qu'on	R1038 transcription
525^_	komen	R1038 transcription
525^o	veel	R1038 transcription
526	pu/qu?	R1038 transcription
"526^"""	<IL>	R1038 transcription
526^CircleWithHorizontalBar	de groot Vorst	R1038 transcription
526^^	ra	R1038 transcription
526^_	kon	R1038 transcription
526^o	veer	R1038 transcription
527	ver	R1038 transcription
"527^"""	<IL>	R1038 transcription
527^CircleWithHorizontalBar	d' Aarts hartog?	R1038 transcription
527^^	<IL>	R1038 transcription
527^_	konnen	R1038 transcription
527^o	vel	R1038 transcription
528	e	R1038 transcription
"528^"""	<IL>	R1038 transcription
528^CircleWithHorizontalBar	<IL>	R1038 transcription
528^^	rang	R1038 transcription
528^_	de Koning F	R1038 transcription
528^o	venn	R1038 transcription
"529^"""	<IL>	R1038 transcription
529^CircleWithHorizontalBar	<IL>	R1038 transcription
529^^	rapport	R1038 transcription
529^_	de Koningin F	R1038 transcription
529^o	ver	R1038 transcription
530	heed	R1038 transcription
"530^"""	<IL>	R1038 transcription
530^CircleWithHorizontalBar	zÿn Hoogheld	R1038 transcription
530^^	re	R1038 transcription
530^_	<IL>	R1038 transcription
530^o	veranderen	R1038 transcription
531	men	R1038 transcription
"531^"""	<IL>	R1038 transcription
531^CircleWithHorizontalBar	de Prins van	R1038 transcription
531^^	realiteit	R1038 transcription
531^_	kort?	R1038 transcription
531^o	verbins	R1038 transcription
532	r	R1038 transcription
"532^"""	<IL>	R1038 transcription
532^CircleWithHorizontalBar	de Vorstin van	R1038 transcription
532^^	<IL>	R1038 transcription
532^_	kun	R1038 transcription
532^o	verbreeken	R1038 transcription
533	u	R1038 transcription
"533^"""	<IL>	R1038 transcription
533^CircleWithHorizontalBar	de Mackgraafin van	R1038 transcription
533^^	<IL>	R1038 transcription
533^_	kunnen de	R1038 transcription
533^o	verder	R1038 transcription
534	ferris?	R1038 transcription
"534^"""	<IL>	R1038 transcription
534^CircleWithHorizontalBar	de Heer	R1038 transcription
534^^	<IL>	R1038 transcription
534^_	laaden	R1038 transcription
534^o	<IL>	R1038 transcription
535	festin?	R1038 transcription
"535^"""	<IL>	R1038 transcription
535^CircleWithHorizontalBar	het Hof	R1038 transcription
535^^	<IL>	R1038 transcription
535^_	laast ?	R1038 transcription
535^o	<IL>	R1038 transcription
536	<IL>	R1038 transcription
"536^"""	<IL>	R1038 transcription
536^CircleWithHorizontalBar	het Hof te	R1038 transcription
536^^	reden	R1038 transcription
536^_	laat?	R1038 transcription
536^o	<IL>	R1038 transcription
537	finaatie?	R1038 transcription
"537^"""	<IL>	R1038 transcription
537^CircleWithHorizontalBar	het Hof van	R1038 transcription
537^^	reedo	R1038 transcription
537^_	laist	R1038 transcription
537^o	<EMPTY>	R1038 transcription
538	flotte	R1038 transcription
"538^"""	<IL>	R1038 transcription
538^CircleWithHorizontalBar	<IL>	R1038 transcription
538^^	reflio?	R1038 transcription
538^_	<EMPTY>	R1038 transcription
538^o	<IL>	R1038 transcription
539	font	R1038 transcription
"539^"""	<IL>	R1038 transcription
539^CircleWithHorizontalBar	het Ministrie te	R1038 transcription
539^^	reg	R1038 transcription
539^_	lang	R1038 transcription
539^o	<IL>	R1038 transcription
540	<IL>	R1038 transcription
"540^"""	<IL>	R1038 transcription
540^CircleWithHorizontalBar	l' Ambassadeur van	R1038 transcription
540^^	Reguring	R1038 transcription
540^_	le	R1038 transcription
540^o	<IL>	R1038 transcription
541	<IL>	R1038 transcription
"541^"""	<IL>	R1038 transcription
541^CircleWithHorizontalBar	Minister ?	R1038 transcription
541^^	<IL>	R1038 transcription
541^_	lecture?	R1038 transcription
541^o	verlang	R1038 transcription
542	<IL>	R1038 transcription
"542^"""	<IL>	R1038 transcription
542^CircleWithHorizontalBar	de Minister van	R1038 transcription
542^^	<IL>	R1038 transcription
542^_	leer	R1038 transcription
542^o	<IL>	R1038 transcription
543	<IL>	R1038 transcription
"543^"""	<IL>	R1038 transcription
543^CircleWithHorizontalBar	de Secretaris van	R1038 transcription
543^^	relatif	R1038 transcription
543^_	leid	R1038 transcription
543^o	c	R1038 transcription
544	<IL>	R1038 transcription
"544^"""	<IL>	R1038 transcription
544^CircleWithHorizontalBar	<EMPTY>	R1038 transcription
544^^	rempl	R1038 transcription
544^_	les	R1038 transcription
544^o	e	R1038 transcription
545	ful?	R1038 transcription
"545^"""	cyffer	R1038 transcription
545^CircleWithHorizontalBar	<EMPTY>	R1038 transcription
545^^	<IL>	R1038 transcription
545^_	<IL>	R1038 transcription
545^o	heb	R1038 transcription
546	gaan	R1038 transcription
"546^"""	a	R1038 transcription
546^CircleWithHorizontalBar	de Republicq	R1038 transcription
546^^	<IL>	R1038 transcription
546^_	leven?	R1038 transcription
546^o	m	R1038 transcription
547	galeÿ	R1038 transcription
"547^"""	des	R1038 transcription
547^CircleWithHorizontalBar	de Staat	R1038 transcription
547^^	<IL>	R1038 transcription
547^_	libre	R1038 transcription
547^o	op	R1038 transcription
548	gard	R1038 transcription
"548^"""	f	R1038 transcription
548^CircleWithHorizontalBar	de Staat der ? Nederladen	R1038 transcription
548^^	<IL>	R1038 transcription
548^_	<IL>	R1038 transcription
548^o	w	R1038 transcription
549	ge	R1038 transcription
"549^"""	la	R1038 transcription
549^CircleWithHorizontalBar	haar Ho Mo	R1038 transcription
549^^	representieren	R1038 transcription
549^_	<IL>	R1038 transcription
549^o	c	R1038 transcription
550	ge	R1038 transcription
"550^"""	p	R1038 transcription
550^CircleWithHorizontalBar	haar Ho Mo	R1038 transcription
550^^	res	R1038 transcription
550^_	liv?	R1038 transcription
550^o	e	R1038 transcription
551	geallicare?	R1038 transcription
"551^"""	ver	R1038 transcription
551^CircleWithHorizontalBar	haar Ed Meg?	R1038 transcription
551^^	<IL>	R1038 transcription
551^_	lost	R1038 transcription
551^o	hem	R1038 transcription
552	<IL>	R1038 transcription
"552^"""	ao	R1038 transcription
552^CircleWithHorizontalBar	Zeeland	R1038 transcription
552^^	<IL>	R1038 transcription
552^_	<IL>	R1038 transcription
552^o	m	R1038 transcription
553	<IL>	R1038 transcription
"553^"""	die'	R1038 transcription
553^CircleWithHorizontalBar	<IL>	R1038 transcription
553^^	resolutte	R1038 transcription
553^_	loos	R1038 transcription
553^o	p	R1038 transcription
554	gee	R1038 transcription
"554^"""	g	R1038 transcription
554^CircleWithHorizontalBar	<IL>	R1038 transcription
554^^	<IL>	R1038 transcription
554^_	lui?	R1038 transcription
554^o	wel	R1038 transcription
555	geeft?	R1038 transcription
"555^"""	le	R1038 transcription
555^CircleWithHorizontalBar	<IL>	R1038 transcription
555^^	<IL>	R1038 transcription
555^_	lÿ	R1038 transcription
555^o	verlos	R1038 transcription
556	geen	R1038 transcription
"556^"""	pe	R1038 transcription
556^CircleWithHorizontalBar	<IL>	R1038 transcription
556^^	<IL>	R1038 transcription
556^_	lÿst	R1038 transcription
556^o	verneem	R1038 transcription
557	<IL>	R1038 transcription
"557^"""	ver	R1038 transcription
557^CircleWithHorizontalBar	<IL>	R1038 transcription
557^^	respect	R1038 transcription
557^_	maak?	R1038 transcription
557^o	vernietigen	R1038 transcription
558	<IL>	R1038 transcription
"558^"""	benracy?	R1038 transcription
558^CircleWithHorizontalBar	Minister Plenipotentiers	R1038 transcription
558^^	respensabel	R1038 transcription
558^_	maand	R1038 transcription
558^o	verpligt	R1038 transcription
559	gehas	R1038 transcription
"559^"""	ben	R1038 transcription
559^CircleWithHorizontalBar	Agent	R1038 transcription
559^^	a	R1038 transcription
559^_	<IL>	R1038 transcription
559^o	vers	R1038 transcription
560	<IL>	R1038 transcription
"560^"""	bergen	R1038 transcription
560^CircleWithHorizontalBar	<IL>	R1038 transcription
560^^	dit	R1038 transcription
560^_	magazÿn	R1038 transcription
560^o	verspreid	R1038 transcription
561	gek	R1038 transcription
"561^"""	bestain	R1038 transcription
561^CircleWithHorizontalBar	de Hr Galliers	R1038 transcription
561^^	f	R1038 transcription
561^_	haar Majesteit f	R1038 transcription
561^o	vertaaling	R1038 transcription
562	geld	R1038 transcription
"562^"""	betaaling	R1038 transcription
562^CircleWithHorizontalBar	<IL>	R1038 transcription
562^^	la	R1038 transcription
562^_	<IL>	R1038 transcription
562^o	<IL>	R1038 transcription
563	gelieren	R1038 transcription
"563^"""	beweeg	R1038 transcription
563^CircleWithHorizontalBar	de Secretariet Swart	R1038 transcription
563^^	p	R1038 transcription
563^_	<IL>	R1038 transcription
563^o	vervolg	R1038 transcription
564	<IL>	R1038 transcription
"564^"""	<IL>	R1038 transcription
564^CircleWithHorizontalBar	<EMPTY>	R1038 transcription
564^^	ve	R1038 transcription
564^_	<IL>	R1038 transcription
564^o	verzenden	R1038 transcription
565	<IL>	R1038 transcription
"565^"""	bin	R1038 transcription
565^CircleWithHorizontalBar	<EMPTY>	R1038 transcription
565^^	aa	R1038 transcription
565^_	<IL>	R1038 transcription
565^o	vos	R1038 transcription
566	<IL>	R1038 transcription
"566^"""	bleid	R1038 transcription
566^CircleWithHorizontalBar	<EMPTY>	R1038 transcription
566^^	e	R1038 transcription
566^_	<IL>	R1038 transcription
566^o	veut	R1038 transcription
567	<IL>	R1038 transcription
"567^"""	<IL>	R1038 transcription
567^CircleWithHorizontalBar	de keizerin	R1038 transcription
567^^	g	R1038 transcription
567^_	<IL>	R1038 transcription
567^o	victorie	R1038 transcription
568	<IL>	R1038 transcription
"568^"""	bombardieren F	R1038 transcription
568^CircleWithHorizontalBar	Haar Majesteit	R1038 transcription
568^^	le	R1038 transcription
568^_	<IL>	R1038 transcription
568^o	vig	R1038 transcription
569	gen	R1038 transcription
"569^"""	boven die*	R1038 transcription
569^CircleWithHorizontalBar	<IL>	R1038 transcription
569^^	pa	R1038 transcription
569^_	<IL>	R1038 transcription
569^o	vÿandelÿk	R1038 transcription
570	geneig	R1038 transcription
"570^"""	breug?	R1038 transcription
570^CircleWithHorizontalBar	de Groot Vorst	R1038 transcription
570^^	ver	R1038 transcription
570^_	maxime?	R1038 transcription
570^o	vinde	R1038 transcription
571	geneeg	R1038 transcription
"571^"""	brief ? der	R1038 transcription
571^CircleWithHorizontalBar	het Hof	R1038 transcription
571^^	post scriptum	R1038 transcription
571^_	mediateur	R1038 transcription
571^o	viol	R1038 transcription
572	<IL>	R1038 transcription
"572^"""	<IL>	R1038 transcription
572^CircleWithHorizontalBar	dit Hof	R1038 transcription
572^^	pourr	R1038 transcription
572^_	meer	R1038 transcription
572^o	vit	R1038 transcription
573	<IL>	R1038 transcription
"573^"""	<IL>	R1038 transcription
573^CircleWithHorizontalBar	de	R1038 transcription
573^^	pract	R1038 transcription
573^_	<IL>	R1038 transcription
573^o	neutraale Vlag	R1038 transcription
574	<IL>	R1038 transcription
"574^"""	by	R1038 transcription
574^CircleWithHorizontalBar	en	R1038 transcription
574^^	<IL>	R1038 transcription
574^_	<IL>	R1038 transcription
574^o	<IL>	R1038 transcription
575	gernan?	R1038 transcription
"575^"""	by den	R1038 transcription
575^CircleWithHorizontalBar	im	R1038 transcription
575^^	precis	R1038 transcription
575^_	<IL>	R1038 transcription
575^o	voe	R1038 transcription
576	<IL>	R1038 transcription
"576^"""	by na?	R1038 transcription
576^CircleWithHorizontalBar	na	R1038 transcription
576^^	prejudiciabel	R1038 transcription
576^_	dat	R1038 transcription
576^o	voer	R1038 transcription
577	<IL>	R1038 transcription
"577^"""	C	R1038 transcription
577^CircleWithHorizontalBar	s	R1038 transcription
577^^	prepar	R1038 transcription
577^_	<IL>	R1038 transcription
577^o	voÿage	R1038 transcription
578	<IL>	R1038 transcription
"578^"""	<IL>	R1038 transcription
578^CircleWithHorizontalBar	z	R1038 transcription
578^^	president	R1038 transcription
578^_	hÿ	R1038 transcription
578^o	volbrengn	R1038 transcription
579	<IL>	R1038 transcription
"579^"""	cancelier	R1038 transcription
579^CircleWithHorizontalBar	de	R1038 transcription
579^^	presumeren	R1038 transcription
579^_	na	R1038 transcription
579^o	volhard	R1038 transcription
580	<IL>	R1038 transcription
"580^"""	<IL>	R1038 transcription
580^CircleWithHorizontalBar	en	R1038 transcription
580^^	<IL>	R1038 transcription
580^_	ss	R1038 transcription
580^o	vonnis	R1038 transcription
581	<EMPTY>	R1038 transcription
"581^"""	<IL>	R1038 transcription
581^CircleWithHorizontalBar	in	R1038 transcription
581^^	principaal	R1038 transcription
581^_	zond	R1038 transcription
581^o	voor	R1038 transcription
582	<IL>	R1038 transcription
"582^"""	<IL>	R1038 transcription
582^CircleWithHorizontalBar	naar	R1038 transcription
582^^	de Prins F	R1038 transcription
582^_	dat	R1038 transcription
582^o	voordagt	R1038 transcription
583	<IL>	R1038 transcription
"583^"""	ce	R1038 transcription
583^CircleWithHorizontalBar	s	R1038 transcription
583^^	<IL>	R1038 transcription
583^_	eerch?	R1038 transcription
583^o	voor eerst	R1038 transcription
584	<IL>	R1038 transcription
"584^"""	<IL>	R1038 transcription
584^CircleWithHorizontalBar	zÿn	R1038 transcription
584^^	procid	R1038 transcription
584^_	i	R1038 transcription
584^o	voorgemeld	R1038 transcription
585	<IL>	R1038 transcription
"585^"""	<IL>	R1038 transcription
585^CircleWithHorizontalBar	de keizerin	R1038 transcription
585^^	<EMPTY>	R1038 transcription
585^_	o	R1038 transcription
585^o	voormiddag	R1038 transcription
586	<IL>	R1038 transcription
"586^"""	cer	R1038 transcription
586^CircleWithHorizontalBar	de Keizerin Koningin	R1038 transcription
586^^	<IL>	R1038 transcription
586^_	t	R1038 transcription
586^o	voorraad	R1038 transcription
587	<IL>	R1038 transcription
"587^"""	ces	R1038 transcription
587^CircleWithHorizontalBar	haar keiz Maj.t	R1038 transcription
587^^	projectieren	R1038 transcription
587^_	zÿnde	R1038 transcription
587^o	voortgang	R1038 transcription
588	<IL>	R1038 transcription
"588^"""	cet	R1038 transcription
588^CircleWithHorizontalBar	de Koning	R1038 transcription
588^^	propon	R1038 transcription
588^_	interru?	R1038 transcription
588^o	voorvallen	R1038 transcription
589	<IL>	R1038 transcription
"589^"""	cha	R1038 transcription
589^CircleWithHorizontalBar	de Koningin	R1038 transcription
589^^	<IL>	R1038 transcription
589^_	jo	R1038 transcription
589^o	voorzien	R1038 transcription
590	<IL>	R1038 transcription
"590^"""	cher	R1038 transcription
590^CircleWithHorizontalBar	zÿn Majesteit	R1038 transcription
590^^	<IL>	R1038 transcription
590^_	<IL>	R1038 transcription
590^o	vorders	R1038 transcription
591	<IL>	R1038 transcription
"591^"""	chi?	R1038 transcription
591^CircleWithHorizontalBar	haar Majesteit	R1038 transcription
591^^	protesteeren	R1038 transcription
591^_	<IL>	R1038 transcription
591^o	die Verstinne	R1038 transcription
592	<IL>	R1038 transcription
"592^"""	<EMPTY>	R1038 transcription
592^CircleWithHorizontalBar	de Groot Vorst	R1038 transcription
592^^	provisionnal	R1038 transcription
592^_	is	R1038 transcription
592^o	vos	R1038 transcription
593	<IL>	R1038 transcription
"593^"""	<IL>	R1038 transcription
593^CircleWithHorizontalBar	zÿn Keizer* Hoogheid	R1038 transcription
593^^	publicatie	R1038 transcription
593^_	idee?	R1038 transcription
593^o	votre Excell' D	R1038 transcription
594	<IL>	R1038 transcription
"594^"""	cla	R1038 transcription
594^CircleWithHorizontalBar	zÿn ? ? Hoogheid	R1038 transcription
594^^	puis	R1038 transcription
594^_	juny	R1038 transcription
594^o	<IL>	R1038 transcription
595	d	R1038 transcription
"595^"""	<IL>	R1038 transcription
595^CircleWithHorizontalBar	zÿn ? Hoogheid	R1038 transcription
595^^	puissance ?	R1038 transcription
595^_	kan	R1038 transcription
595^o	vous	R1038 transcription
596	e	R1038 transcription
"596^"""	<IL>	R1038 transcription
596^CircleWithHorizontalBar	haar Hogheid	R1038 transcription
596^^	qua	R1038 transcription
596^_	kant	R1038 transcription
596^o	vraisemblable	R1038 transcription
597	het	R1038 transcription
"597^"""	<IL>	R1038 transcription
597^CircleWithHorizontalBar	de Prins van	R1038 transcription
597^^	quantileit?	R1038 transcription
597^_	keiserin konigin	R1038 transcription
597^o	<IL>	R1038 transcription
598	mÿ	R1038 transcription
"598^"""	<IL>	R1038 transcription
598^CircleWithHorizontalBar	de Republicq	R1038 transcription
598^^	que	R1038 transcription
598^_	ken	R1038 transcription
598^o	vreez	R1038 transcription
599	ra	R1038 transcription
"599^"""	<IL>	R1038 transcription
599^CircleWithHorizontalBar	de Graaf van	R1038 transcription
599^^	qui	R1038 transcription
599^_	<IL>	R1038 transcription
599^o	vriend	R1038 transcription
600	uit	R1038 transcription
"600^"""	<IL>	R1038 transcription
600^CircleWithHorizontalBar	de Heer	R1038 transcription
600^^	<IL>	R1038 transcription
600^_	ko	R1038 transcription
600^o	<IL>	R1038 transcription
601	d	R1038 transcription
"601^"""	<IL>	R1038 transcription
601^CircleWithHorizontalBar	het Hof	R1038 transcription
601^^	qu'on	R1038 transcription
601^_	komen	R1038 transcription
601^o	<IL>	R1038 transcription
602	e	R1038 transcription
"602^"""	<IL>	R1038 transcription
602^CircleWithHorizontalBar	het Hof te	R1038 transcription
602^^	raad	R1038 transcription
602^_	kon	R1038 transcription
602^o	vue	R1038 transcription
603	hÿ	R1038 transcription
"603^"""	confer	R1038 transcription
603^CircleWithHorizontalBar	het Hof van	R1038 transcription
603^^	raadsaam	R1038 transcription
603^_	konnen	R1038 transcription
603^o	<EMPTY>	R1038 transcription
604	mÿa	R1038 transcription
"604^"""	<IL>	R1038 transcription
604^CircleWithHorizontalBar	dit Ministerie	R1038 transcription
604^^	rappel	R1038 transcription
604^_	de Koning F	R1038 transcription
604^o	<IL>	R1038 transcription
605	re	R1038 transcription
"605^"""	<IL>	R1038 transcription
605^CircleWithHorizontalBar	het Ministerie van	R1038 transcription
605^^	rapporteeren	R1038 transcription
605^_	kon	R1038 transcription
605^o	<IL>	R1038 transcription
606	<IL>	R1038 transcription
"606^"""	<IL>	R1038 transcription
606^CircleWithHorizontalBar	s' Ambass. ? van	R1038 transcription
606^^	realiteit	R1038 transcription
606^_	konig: Maj.e F	R1038 transcription
606^o	<IL>	R1038 transcription
607	ferrit	R1038 transcription
"607^"""	<IL>	R1038 transcription
607^CircleWithHorizontalBar	d' ? Envoÿe van	R1038 transcription
607^^	rebel	R1038 transcription
607^_	<IL>	R1038 transcription
607^o	<IL>	R1038 transcription
608	feu	R1038 transcription
"608^"""	<IL>	R1038 transcription
608^CircleWithHorizontalBar	Minister	R1038 transcription
608^^	<IL>	R1038 transcription
608^_	kunnen	R1038 transcription
608^o	<IL>	R1038 transcription
609	fidel	R1038 transcription
"609^"""	<IL>	R1038 transcription
609^CircleWithHorizontalBar	de Secretaris d' Ambassad van	R1038 transcription
609^^	recom	R1038 transcription
609^_	kust?	R1038 transcription
609^o	uit	R1038 transcription
610	finette	R1038 transcription
"610^"""	<IL>	R1038 transcription
610^CircleWithHorizontalBar	<EMPTY>	R1038 transcription
610^^	reconcilieeren	R1038 transcription
610^_	laag	R1038 transcription
610^o	uit cen	R1038 transcription
611	foible	R1038 transcription
"611^"""	<IL>	R1038 transcription
611^CircleWithHorizontalBar	<EMPTY>	R1038 transcription
611^^	<IL>	R1038 transcription
611^_	<IL>	R1038 transcription
611^o	<IL>	R1038 transcription
612	forca	R1038 transcription
"612^"""	<IL>	R1038 transcription
612^CircleWithHorizontalBar	de Republicq	R1038 transcription
612^^	redout	R1038 transcription
612^_	laate	R1038 transcription
612^o	<IL>	R1038 transcription
613	formalitus	R1038 transcription
"613^"""	<IL>	R1038 transcription
613^CircleWithHorizontalBar	de Staat	R1038 transcription
613^^	reeds?	R1038 transcription
613^_	lan	R1038 transcription
613^o	un	R1038 transcription
614	four	R1038 transcription
"614^"""	<IL>	R1038 transcription
614^CircleWithHorizontalBar	<IL>	R1038 transcription
614^^	reflectie	R1038 transcription
614^_	<EMPTY>	R1038 transcription
614^o	<IL>	R1038 transcription
615	<IL>	R1038 transcription
"615^"""	<IL>	R1038 transcription
615^CircleWithHorizontalBar	haar Ho Mo	R1038 transcription
615^^	regard	R1038 transcription
615^_	lang	R1038 transcription
615^o	ur	R1038 transcription
616	fri	R1038 transcription
"616^"""	<IL>	R1038 transcription
616^CircleWithHorizontalBar	haar Ho Mo	R1038 transcription
616^^	regel	R1038 transcription
616^_	le	R1038 transcription
616^o	<IL>	R1038 transcription
617	Frontier	R1038 transcription
"617^"""	<IL>	R1038 transcription
617^CircleWithHorizontalBar	de Raad van Staten	R1038 transcription
617^^	la Reine de	R1038 transcription
617^_	lee	R1038 transcription
617^o	<IL>	R1038 transcription
618	fuk	R1038 transcription
"618^"""	<IL>	R1038 transcription
618^CircleWithHorizontalBar	Utriche	R1038 transcription
618^^	relat	R1038 transcription
618^_	leg	R1038 transcription
618^o	d	R1038 transcription
619	gaan	R1038 transcription
"619^"""	<IL>	R1038 transcription
619^CircleWithHorizontalBar	de ? Provincien	R1038 transcription
619^^	Religie	R1038 transcription
619^_	<IL>	R1038 transcription
619^o	ee	R1038 transcription
620	gang	R1038 transcription
"620^"""	<IL>	R1038 transcription
620^CircleWithHorizontalBar	zÿn ? Hoogheid	R1038 transcription
620^^	ren	R1038 transcription
620^_	les	R1038 transcription
620^o	het	R1038 transcription
621	garnibeen?	R1038 transcription
"621^"""	<IL>	R1038 transcription
621^CircleWithHorizontalBar	<IL>	R1038 transcription
621^^	rend	R1038 transcription
621^_	let	R1038 transcription
621^o	maar	R1038 transcription
622	ge	R1038 transcription
"622^"""	aen	R1038 transcription
622^CircleWithHorizontalBar	<IL>	R1038 transcription
622^^	rent	R1038 transcription
622^_	lever?	R1038 transcription
622^o	pe	R1038 transcription
623	ge	R1038 transcription
"623^"""	dit	R1038 transcription
623^CircleWithHorizontalBar	<IL>	R1038 transcription
623^^	<IL>	R1038 transcription
623^_	<IL>	R1038 transcription
623^o	wÿ	R1038 transcription
624	<IL>	R1038 transcription
"624^"""	ge	R1038 transcription
624^CircleWithHorizontalBar	<IL>	R1038 transcription
624^^	repetid	R1038 transcription
624^_	<IL>	R1038 transcription
624^o	d	R1038 transcription
625	ged	R1038 transcription
"625^"""	ll	R1038 transcription
625^CircleWithHorizontalBar	de Heer Greffier	R1038 transcription
625^^	Republicq	R1038 transcription
625^_	liquid	R1038 transcription
625^o	cen	R1038 transcription
626	<IL>	R1038 transcription
"626^"""	qu	R1038 transcription
626^CircleWithHorizontalBar	<EMPTY>	R1038 transcription
626^^	res	R1038 transcription
626^_	livre?	R1038 transcription
626^o	i	R1038 transcription
627	<IL>	R1038 transcription
"627^"""	ves	R1038 transcription
627^CircleWithHorizontalBar	Envoÿe	R1038 transcription
627^^	resid	R1038 transcription
627^_	lol?	R1038 transcription
627^o	man/men?	R1038 transcription
628	geen	R1038 transcription
"628^"""	au	R1038 transcription
628^CircleWithHorizontalBar	Consul	R1038 transcription
628^^	resistentie	R1038 transcription
628^_	<IL>	R1038 transcription
628^o	q	R1038 transcription
629	geene	R1038 transcription
"629^"""	du	R1038 transcription
629^CircleWithHorizontalBar	haar Ho Mo ? Ambassadeur	R1038 transcription
629^^	resolutte	R1038 transcription
629^_	<IL>	R1038 transcription
629^o	wil	R1038 transcription
630	geest	R1038 transcription
"630^"""	h	R1038 transcription
630^CircleWithHorizontalBar	haar Ho Mo ? Envoÿe	R1038 transcription
630^^	<IL>	R1038 transcription
630^_	lui?	R1038 transcription
630^o	<IL>	R1038 transcription
631	<IL>	R1038 transcription
"631^"""	m	R1038 transcription
631^CircleWithHorizontalBar	<IL>	R1038 transcription
631^^	ressort	R1038 transcription
631^_	lÿ	R1038 transcription
631^o	verneemen	R1038 transcription
632	<IL>	R1038 transcription
"632^"""	quo	R1038 transcription
632^CircleWithHorizontalBar	<IL>	R1038 transcription
632^^	respodeeren	R1038 transcription
632^_	lÿst	R1038 transcription
632^o	<IL>	R1038 transcription
633	<IL>	R1038 transcription
"633^"""	vons	R1038 transcription
633^CircleWithHorizontalBar	de Heer graaf van ?	R1038 transcription
633^^	rest	R1038 transcription
633^_	maaken	R1038 transcription
633^o	verre	R1038 transcription
634	gel	R1038 transcription
"634^"""	ben	R1038 transcription
634^CircleWithHorizontalBar	<IL>	R1038 transcription
634^^	aaa	R1038 transcription
634^_	Maandag? F	R1038 transcription
634^o	verscheel	R1038 transcription
635	gele	R1038 transcription
"635^"""	bencemen?	R1038 transcription
635^CircleWithHorizontalBar	<IL>	R1038 transcription
635^^	e	R1038 transcription
635^_	<IL>	R1038 transcription
635^o	verspreid	R1038 transcription
636	<IL>	R1038 transcription
"636^"""	berigt	R1038 transcription
636^CircleWithHorizontalBar	<IL>	R1038 transcription
636^^	ge	R1038 transcription
636^_	<IL>	R1038 transcription
636^o	vertoog	R1038 transcription
637	<IL>	R1038 transcription
"637^"""	bestand	R1038 transcription
637^CircleWithHorizontalBar	<EMPTY>	R1038 transcription
637^^	ll	R1038 transcription
637^_	haar Majesteit f	R1038 transcription
637^o	vortrokken	R1038 transcription
638	<IL>	R1038 transcription
"638^"""	bew?	R1038 transcription
638^CircleWithHorizontalBar	<EMPTY>	R1038 transcription
638^^	pe	R1038 transcription
638^_	<IL>	R1038 transcription
638^o	<IL>	R1038 transcription
639	<IL>	R1038 transcription
"639^"""	bewerten	R1038 transcription
639^CircleWithHorizontalBar	<EMPTY>	R1038 transcription
639^^	ves	R1038 transcription
639^_	<IL>	R1038 transcription
639^o	<IL>	R1038 transcription
640	<IL>	R1038 transcription
"640^"""	bid	R1038 transcription
640^CircleWithHorizontalBar	<IL>	R1038 transcription
640^^	af	R1038 transcription
640^_	<IL>	R1038 transcription
640^o	vos	R1038 transcription
641	<IL>	R1038 transcription
"641^"""	bind	R1038 transcription
641^CircleWithHorizontalBar	Haar Majesteit	R1038 transcription
641^^	e	R1038 transcription
641^_	mais?	R1038 transcription
641^o	veut	R1038 transcription
642	<IL>	R1038 transcription
"642^"""	bles	R1038 transcription
642^CircleWithHorizontalBar	haar Keiz Majesteit	R1038 transcription
642^^	h	R1038 transcription
642^_	mal	R1038 transcription
642^o	vie	R1038 transcription
643	<IL>	R1038 transcription
"643^"""	blywen?	R1038 transcription
643^CircleWithHorizontalBar	haar Rus Keiz Maj.t	R1038 transcription
643^^	m	R1038 transcription
643^_	manga?	R1038 transcription
643^o	vigoureus	R1038 transcription
644	<IL>	R1038 transcription
"644^"""	bond	R1038 transcription
644^CircleWithHorizontalBar	de Groot Vorst	R1038 transcription
644^^	qa	R1038 transcription
644^_	<IL>	R1038 transcription
644^o	<IL>	R1038 transcription
645	<IL>	R1038 transcription
"645^"""	be	R1038 transcription
645^CircleWithHorizontalBar	het Hof	R1038 transcription
645^^	vorte	R1038 transcription
645^_	<IL>	R1038 transcription
645^o	vinden	R1038 transcription
646	general	R1038 transcription
"646^"""	brief	R1038 transcription
646^CircleWithHorizontalBar	het Hof van Rusland	R1038 transcription
646^^	Potentaat	R1038 transcription
646^_	me	R1038 transcription
646^o	violette	R1038 transcription
647	<IL>	R1038 transcription
"647^"""	brief von den	R1038 transcription
647^CircleWithHorizontalBar	a	R1038 transcription
647^^	pourtant	R1038 transcription
647^_	mediator	R1038 transcription
647^o	viv	R1038 transcription
648	gering	R1038 transcription
"648^"""	<IL>	R1038 transcription
648^CircleWithHorizontalBar	dit	R1038 transcription
648^^	<IL>	R1038 transcription
648^_	<IL>	R1038 transcription
648^o	vlam?	R1038 transcription
649	<IL>	R1038 transcription
"649^"""	burger?	R1038 transcription
649^CircleWithHorizontalBar	en	R1038 transcription
649^^	precaution	R1038 transcription
649^_	<IL>	R1038 transcription
649^o	vlood	R1038 transcription
650	<IL>	R1038 transcription
"650^"""	by	R1038 transcription
650^CircleWithHorizontalBar	ik	R1038 transcription
650^^	prefer	R1038 transcription
650^_	<IL>	R1038 transcription
650^o	voeg	R1038 transcription
651	<IL>	R1038 transcription
"651^"""	by det	R1038 transcription
651^CircleWithHorizontalBar	o	R1038 transcription
651^^	prejudicieren F	R1038 transcription
651^_	<IL>	R1038 transcription
651^o	voet	R1038 transcription
652	<IL>	R1038 transcription
"652^"""	by ?	R1038 transcription
652^CircleWithHorizontalBar	se	R1038 transcription
652^^	preparatis	R1038 transcription
652^_	a	R1038 transcription
652^o	voir	R1038 transcription
653	<IL>	R1038 transcription
"653^"""	ca	R1038 transcription
653^CircleWithHorizontalBar	a	R1038 transcription
653^^	pressa	R1038 transcription
653^_	den	R1038 transcription
653^o	voldeen?	R1038 transcription
654	<IL>	R1038 transcription
"654^"""	camp	R1038 transcription
654^CircleWithHorizontalBar	du	R1038 transcription
654^^	preten	R1038 transcription
654^_	en	R1038 transcription
654^o	volk	R1038 transcription
655	<IL>	R1038 transcription
"655^"""	canon?	R1038 transcription
655^CircleWithHorizontalBar	er	R1038 transcription
655^^	prevenieren?	R1038 transcription
655^_	il	R1038 transcription
655^o	voogd	R1038 transcription
656	<IL>	R1038 transcription
"656^"""	<IL>	R1038 transcription
656^CircleWithHorizontalBar	il	R1038 transcription
656^^	principe	R1038 transcription
656^_	o	R1038 transcription
656^o	voor	R1038 transcription
657	<EMPTY>	R1038 transcription
"657^"""	cas	R1038 transcription
657^CircleWithHorizontalBar	oo	R1038 transcription
657^^	de Prinssesse	R1038 transcription
657^_	te	R1038 transcription
657^o	voor dat	R1038 transcription
658	<IL>	R1038 transcription
"658^"""	<IL>	R1038 transcription
658^CircleWithHorizontalBar	t	R1038 transcription
658^^	pro	R1038 transcription
658^_	a	R1038 transcription
658^o	voorgaan	R1038 transcription
659	<IL>	R1038 transcription
"659^"""	ce	R1038 transcription
659^CircleWithHorizontalBar	het Hof van Rusland	R1038 transcription
659^^	procedeeren	R1038 transcription
659^_	den	R1038 transcription
659^o	voor hat	R1038 transcription
660	<IL>	R1038 transcription
"660^"""	<IL>	R1038 transcription
660^CircleWithHorizontalBar	dit Ministerie	R1038 transcription
660^^	<EMPTY>	R1038 transcription
660^_	er	R1038 transcription
660^o	voornaam	R1038 transcription
661	<IL>	R1038 transcription
"661^"""	<IL>	R1038 transcription
661^CircleWithHorizontalBar	het Ministerie	R1038 transcription
661^^	profet	R1038 transcription
661^_	im	R1038 transcription
661^o	<IL>	R1038 transcription
662	<IL>	R1038 transcription
"662^"""	certain	R1038 transcription
662^CircleWithHorizontalBar	de Senaat	R1038 transcription
662^^	prolong	R1038 transcription
662^_	o	R1038 transcription
662^o	<IL>	R1038 transcription
663	<IL>	R1038 transcription
"663^"""	<IL>	R1038 transcription
663^CircleWithHorizontalBar	de Geheime Raad	R1038 transcription
663^^	<IL>	R1038 transcription
663^_	tt	R1038 transcription
663^o	voorwaarde	R1038 transcription
664	<IL>	R1038 transcription
"664^"""	cello	R1038 transcription
664^CircleWithHorizontalBar	Minister	R1038 transcription
664^^	propositie F	R1038 transcription
664^_	Meergemelde	R1038 transcription
664^o	vorzeitig	R1038 transcription
665	<IL>	R1038 transcription
"665^"""	chameir?	R1038 transcription
665^CircleWithHorizontalBar	de Cancelarÿe	R1038 transcription
665^^	protest	R1038 transcription
665^_	Memoria F	R1038 transcription
665^o	vorst	R1038 transcription
666	<IL>	R1038 transcription
"666^"""	chershe	R1038 transcription
666^CircleWithHorizontalBar	de K? Groot Cancelier	R1038 transcription
666^^	Provincie F	R1038 transcription
666^_	men	R1038 transcription
666^o	<IL>	R1038 transcription
667	<IL>	R1038 transcription
"667^"""	chiffer	R1038 transcription
667^CircleWithHorizontalBar	de K? Vice Cancelier	R1038 transcription
667^^	<IL>	R1038 transcription
667^_	menage	R1038 transcription
667^o	vos	R1038 transcription
668	<IL>	R1038 transcription
"668^"""	<EMPTY>	R1038 transcription
668^CircleWithHorizontalBar	de Graaf van Bastuchen?	R1038 transcription
668^^	<IL>	R1038 transcription
668^_	ment	R1038 transcription
668^o	votre Excell' D	R1038 transcription
669	<IL>	R1038 transcription
"669^"""	<IL>	R1038 transcription
669^CircleWithHorizontalBar	de Heer Panin	R1038 transcription
669^^	puissance	R1038 transcription
669^_	<IL>	R1038 transcription
669^o	vous	R1038 transcription
670	<IL>	R1038 transcription
"670^"""	clair	R1038 transcription
670^CircleWithHorizontalBar	de Prins ?	R1038 transcription
670^^	pus	R1038 transcription
670^_	mes	R1038 transcription
670^o	vraag	R1038 transcription
671	daar	R1038 transcription
"671^"""	cem/cen?	R1038 transcription
671^CircleWithHorizontalBar	<EMPTY>	R1038 transcription
671^^	qqualit?	R1038 transcription
671^_	met dit	R1038 transcription
671^o	<IL>	R1038 transcription
672	ee	R1038 transcription
"672^"""	commerce	R1038 transcription
672^CircleWithHorizontalBar	Keizer Yvan	R1038 transcription
672^^	quart	R1038 transcription
672^_	middel	R1038 transcription
672^o	? Negociatie F	R1038 transcription
673	i	R1038 transcription
"673^"""	propositie	contextual inference
673^CircleWithHorizontalBar	de Princes Elizabeth	R1038 transcription
673^^	que	R1038 transcription
673^_	mÿ	R1038 transcription
673^o	vreez	R1038 transcription
674	n	R1038 transcription
"674^"""	mÿne	R1038 transcription
674^^	qui	R1038 transcription
674^_	mÿne	R1038 transcription
674^o	<IL>	R1038 transcription
675	s	R1038 transcription
"675^"""	con	R1038 transcription
675^CircleWithHorizontalBar	de Russische Troupes	R1038 transcription
675^^	qu'on	R1038 transcription
675^_	minder	R1038 transcription
675^o	<IL>	R1038 transcription
676	w	R1038 transcription
"676^"""	<IL>	R1038 transcription
676^CircleWithHorizontalBar	<IL>	R1038 transcription
676^^	quoi	R1038 transcription
676^_	? Minister	R1038 transcription
676^o	vrugt	R1038 transcription
677	dak?	R1038 transcription
"677^"""	<IL>	R1038 transcription
677^CircleWithHorizontalBar	het Russisch	R1038 transcription
677^^	raad	R1038 transcription
677^_	<IL>	R1038 transcription
677^o	vullen	R1038 transcription
678	cen	R1038 transcription
"678^"""	<IL>	R1038 transcription
678^CircleWithHorizontalBar	<IL>	R1038 transcription
678^^	raak	R1038 transcription
678^_	<IL>	R1038 transcription
678^o	<EMPTY>	R1038 transcription
679	i	R1038 transcription
"679^"""	<IL>	R1038 transcription
679^CircleWithHorizontalBar	de General Romanzon?	R1038 transcription
679^^	rappel	R1038 transcription
679^_	moderatie	R1038 transcription
679^o	<IL>	R1038 transcription
680	n	R1038 transcription
"680^"""	confirm	R1038 transcription
680^CircleWithHorizontalBar	een Ruiter	R1038 transcription
680^^	ratifi	R1038 transcription
680^_	meet	R1038 transcription
680^o	<IL>	R1038 transcription
681	s	R1038 transcription
"681^"""	conge?	R1038 transcription
681^CircleWithHorizontalBar	<EMPTY>	R1038 transcription
681^^	re	R1038 transcription
681^_	mogendheden	contextual inference
681^o	<IL>	R1038 transcription
682	x	R1038 transcription
"682^"""	<IL>	R1038 transcription
682^CircleWithHorizontalBar	Favorit	R1038 transcription
682^^	rec	R1038 transcription
682^_	<EMMPTY>	R1038 transcription
682^o	<IL>	R1038 transcription
683	feront	R1038 transcription
"683^"""	<IL>	R1038 transcription
683^CircleWithHorizontalBar	<EMPTY>	R1038 transcription
683^^	recevoir	R1038 transcription
683^_	moi	R1038 transcription
683^o	<IL>	R1038 transcription
684	fi	R1038 transcription
"684^"""	<IL>	R1038 transcription
684^CircleWithHorizontalBar	het Zomer Paleis	R1038 transcription
684^^	recommend	R1038 transcription
684^_	moit	R1038 transcription
684^o	uit	R1038 transcription
685	fie	R1038 transcription
"685^"""	<IL>	R1038 transcription
685^CircleWithHorizontalBar	Peterhof	R1038 transcription
685^^	reconn	R1038 transcription
685^_	monseigneur	R1038 transcription
685^o	<IL>	R1038 transcription
686	flatt	R1038 transcription
"686^"""	<IL>	R1038 transcription
686^CircleWithHorizontalBar	flot/slot?	R1038 transcription
686^^	rede	R1038 transcription
686^_	Monsieur D	R1038 transcription
686^o	<IL>	R1038 transcription
687	fois?	R1038 transcription
"687^"""	<IL>	R1038 transcription
687^CircleWithHorizontalBar	<IL>	R1038 transcription
687^^	redres?	R1038 transcription
687^_	mort	R1038 transcription
687^o	<IL>	R1038 transcription
688	forceeren?	R1038 transcription
"688^"""	<IL>	R1038 transcription
688^CircleWithHorizontalBar	Riga	R1038 transcription
688^^	<IL>	R1038 transcription
688^_	<IL>	R1038 transcription
688^o	un	R1038 transcription
689	formeean?	R1038 transcription
"689^"""	conven	contextual inference
689^CircleWithHorizontalBar	<IL>	R1038 transcription
689^^	refirm	R1038 transcription
689^_	<IL>	R1038 transcription
689^o	<IL>	R1038 transcription
690	feuragie	R1038 transcription
"690^"""	<IL>	R1038 transcription
690^CircleWithHorizontalBar	de Rivier	R1038 transcription
690^^	regeer	R1038 transcription
690^_	<IL>	R1038 transcription
690^o	uns?	R1038 transcription
691	<IL>	R1038 transcription
"691^"""	<IL>	R1038 transcription
691^CircleWithHorizontalBar	<IL>	R1038 transcription
691^^	Regence	R1038 transcription
691^_	<IL>	R1038 transcription
691^o	us	R1038 transcription
692	fro	R1038 transcription
"692^"""	<IL>	R1038 transcription
692^CircleWithHorizontalBar	<EMPTY>	R1038 transcription
692^^	reis	R1038 transcription
692^_	na de	R1038 transcription
692^o	ut	R1038 transcription
693	fru	R1038 transcription
"693^"""	<IL>	R1038 transcription
693^CircleWithHorizontalBar	Courland	R1038 transcription
693^^	relateeren?	R1038 transcription
693^_	nat	R1038 transcription
693^o	<IL>	R1038 transcription
694	fut	R1038 transcription
"694^"""	<IL>	R1038 transcription
694^CircleWithHorizontalBar	Mittau	R1038 transcription
694^^	rem	R1038 transcription
694^_	navas?	R1038 transcription
694^o	dat	R1038 transcription
695	gaan de	R1038 transcription
"695^"""	<IL>	R1038 transcription
695^CircleWithHorizontalBar	<EMPTY>	R1038 transcription
695^^	ren	R1038 transcription
695^_	<IL>	R1038 transcription
695^o	cen	R1038 transcription
696	garanderen	R1038 transcription
"696^"""	<IL>	R1038 transcription
696^CircleWithHorizontalBar	Ambassadeur	R1038 transcription
696^^	rendi	R1038 transcription
696^_	nef?	R1038 transcription
696^o	i	R1038 transcription
697	garrisch	R1038 transcription
"697^"""	<EMPTY>	R1038 transcription
697^CircleWithHorizontalBar	Minister van dit Hof	R1038 transcription
697^^	rent	R1038 transcription
697^_	neg	R1038 transcription
697^o	ment?	R1038 transcription
698	ge	R1038 transcription
"698^"""	b	R1038 transcription
698^CircleWithHorizontalBar	<IL>	R1038 transcription
698^^	repar	R1038 transcription
698^_	neglig	R1038 transcription
698^o	qu	R1038 transcription
699	ge	R1038 transcription
"699^"""	e	R1038 transcription
699^CircleWithHorizontalBar	<EMPTY>	R1038 transcription
699^^	reponse	R1038 transcription
699^_	negociatti	R1038 transcription
699^o	x	R1038 transcription
700	<IL>	R1038 transcription
"700^"""	had	R1038 transcription
700^CircleWithHorizontalBar	vreemd Minister	R1038 transcription
700^^	? Republica	R1038 transcription
700^_	nem	R1038 transcription
700^o	dat	R1038 transcription
701	gedaan	R1038 transcription
"701^"""	maar	R1038 transcription
701^CircleWithHorizontalBar	de Prins van Lobkowicz	R1038 transcription
701^^	<IL>	R1038 transcription
701^_	<IL>	R1038 transcription
701^o	eer	R1038 transcription
702	<IL>	R1038 transcription
"702^"""	r	R1038 transcription
702^CircleWithHorizontalBar	de Marquis de ?	R1038 transcription
702^^	resideeren	R1038 transcription
702^_	nict?	R1038 transcription
702^o	ik	R1038 transcription
703	<IL>	R1038 transcription
"703^"""	u	R1038 transcription
703^CircleWithHorizontalBar	<EMPTY>	R1038 transcription
703^^	<IL>	R1038 transcription
703^_	nict als	R1038 transcription
703^o	met?	R1038 transcription
704	geen	R1038 transcription
"704^"""	be	R1038 transcription
704^CircleWithHorizontalBar	<EMPTY>	R1038 transcription
704^^	resolutie	R1038 transcription
704^_	nicts?	R1038 transcription
704^o	r	R1038 transcription
705	geene	R1038 transcription
"705^"""	e	R1038 transcription
705^CircleWithHorizontalBar	<EMPTY>	R1038 transcription
705^^	<IL>	R1038 transcription
705^_	<IL>	R1038 transcription
705^o	ÿ	R1038 transcription
706	ges	R1038 transcription
"706^"""	het?	R1038 transcription
706^CircleWithHorizontalBar	Jaar	R1038 transcription
706^^	<IL>	R1038 transcription
706^_	noch	R1038 transcription
706^o	vormits	R1038 transcription
707	geven?	R1038 transcription
"707^"""	man	R1038 transcription
707^CircleWithHorizontalBar	1763	R1038 transcription
707^^	reste	R1038 transcription
707^_	<IL>	R1038 transcription
707^o	verneemen	R1038 transcription
708	<IL>	R1038 transcription
"708^"""	re	R1038 transcription
708^CircleWithHorizontalBar	1768	R1038 transcription
708^^	al	R1038 transcription
708^_	<IL>	R1038 transcription
708^o	veroorzaak	R1038 transcription
709	had gehar	R1038 transcription
"709^"""	uie?	R1038 transcription
709^CircleWithHorizontalBar	1773	R1038 transcription
709^^	e	R1038 transcription
709^_	<IL>	R1038 transcription
709^o	verrigt?	R1038 transcription
710	gela?	R1038 transcription
"710^"""	ben	R1038 transcription
710^^	had	R1038 transcription
710^_	<IL>	R1038 transcription
710^o	verscheite	R1038 transcription
711	<IL>	R1038 transcription
"711^"""	<IL>	R1038 transcription
711^CircleWithHorizontalBar	April	R1038 transcription
711^^	maar	R1038 transcription
711^_	<IL>	R1038 transcription
711^o	vertaal	R1038 transcription
712	gelÿk	R1038 transcription
"712^"""	berigt	R1038 transcription
712^CircleWithHorizontalBar	September	R1038 transcription
712^^	que	R1038 transcription
712^_	<IL>	R1038 transcription
712^o	vertoon	R1038 transcription
713	<IL>	R1038 transcription
"713^"""	bestieren?	R1038 transcription
713^CircleWithHorizontalBar	Najaar	R1038 transcription
713^^	vous	R1038 transcription
713^_	<IL>	R1038 transcription
713^o	<IL>	R1038 transcription
714	<IL>	R1038 transcription
"714^"""	bereiden	R1038 transcription
714^CircleWithHorizontalBar	Week	R1038 transcription
714^^	au	R1038 transcription
714^_	<IL>	R1038 transcription
714^o	<IL>	R1038 transcription
715	beid	contextual inference
"715^"""	bez	R1038 transcription
715^CircleWithHorizontalBar	dag	R1038 transcription
715^^	e	R1038 transcription
715^_	<IL>	R1038 transcription
715^o	verzocken	R1038 transcription
716	<IL>	R1038 transcription
"716^"""	bies	R1038 transcription
716^CircleWithHorizontalBar	aanstaande	R1038 transcription
716^^	heb	R1038 transcription
716^_	<IL>	R1038 transcription
716^o	veu	R1038 transcription
717	<IL>	R1038 transcription
"717^"""	binnen?	R1038 transcription
717^CircleWithHorizontalBar	vrÿdag	R1038 transcription
717^^	mais	R1038 transcription
717^_	<IL>	R1038 transcription
717^o	vez	R1038 transcription
718	<IL>	R1038 transcription
"718^"""	blesh?	R1038 transcription
718^CircleWithHorizontalBar	vÿftig	R1038 transcription
718^^	quis	R1038 transcription
718^_	<IL>	R1038 transcription
718^o	vien	R1038 transcription
719	ger	R1038 transcription
"719^"""	bo	R1038 transcription
719^CircleWithHorizontalBar	? duizend	R1038 transcription
719^^	u	R1038 transcription
719^_	<IL>	R1038 transcription
719^o	vigueur	R1038 transcription
720	gerugi?	R1038 transcription
"720^"""	borg	R1038 transcription
720^CircleWithHorizontalBar	aa|qu	R1038 transcription
720^^	pour	R1038 transcription
720^_	<IL>	R1038 transcription
720^o	<IL>	R1038 transcription
721	<IL>	R1038 transcription
"721^"""	bre	R1038 transcription
721^CircleWithHorizontalBar	e	R1038 transcription
721^^	pouv	R1038 transcription
721^_	<IL>	R1038 transcription
721^o	vindon	R1038 transcription
722	<IL>	R1038 transcription
"722^"""	brief	R1038 transcription
722^CircleWithHorizontalBar	es|het Russische Hot	R1038 transcription
722^^	<IL>	R1038 transcription
722^_	<IL>	R1038 transcription
722^o	violent	R1038 transcription
723	<IL>	R1038 transcription
"723^"""	breeder?	R1038 transcription
723^CircleWithHorizontalBar	in|dit Ministerie	R1038 transcription
723^^	precipit	R1038 transcription
723^_	<IL>	R1038 transcription
723^o	vivaciteit?	R1038 transcription
724	welgeval	contextual inference
"724^"""	<IL>	R1038 transcription
724^CircleWithHorizontalBar	het Ministerie	R1038 transcription
724^^	preferabel F	R1038 transcription
724^_	<IL>	R1038 transcription
724^o	vle	R1038 transcription
725	<IL>	R1038 transcription
"725^"""	but	R1038 transcription
725^CircleWithHorizontalBar	te|het Ricts Collegie	R1038 transcription
725^^	pren	R1038 transcription
725^_	<IL>	R1038 transcription
725^o	vloot	R1038 transcription
726	<IL>	R1038 transcription
"726^"""	by	R1038 transcription
726^CircleWithHorizontalBar	de Geheime Raad	R1038 transcription
726^^	pres	R1038 transcription
726^_	<IL>	R1038 transcription
726^o	voegen	R1038 transcription
727	<IL>	R1038 transcription
"727^"""	by hem	R1038 transcription
727^CircleWithHorizontalBar	e	R1038 transcription
727^^	presant	R1038 transcription
727^_	a	R1038 transcription
727^o	voetvolk	R1038 transcription
728	<IL>	R1038 transcription
"728^"""	by zonder	R1038 transcription
728^CircleWithHorizontalBar	et|de Groot Cancelier	R1038 transcription
728^^	pretend	R1038 transcription
728^_	der	R1038 transcription
728^o	vois	R1038 transcription
729	<EMPTY>	R1038 transcription
"729^"""	cabale	R1038 transcription
729^CircleWithHorizontalBar	de K? Groot Cancelier	R1038 transcription
729^^	preventie F	R1038 transcription
729^_	es	R1038 transcription
729^o	volgen	R1038 transcription
730	<IL>	R1038 transcription
"730^"""	campagne	R1038 transcription
730^CircleWithHorizontalBar	de K? Vice Cancelier	R1038 transcription
730^^	Prins F	R1038 transcription
730^_	in	R1038 transcription
730^o	volonte	R1038 transcription
731	<IL>	R1038 transcription
"731^"""	capasel?	R1038 transcription
731^CircleWithHorizontalBar	de H? Vice Cancelier Prins Galitzien	R1038 transcription
731^^	<IL>	R1038 transcription
731^_	o	R1038 transcription
731^o	voor	R1038 transcription
732	<IL>	R1038 transcription
"732^"""	caprie?	R1038 transcription
732^CircleWithHorizontalBar	de Graaf van Bastuchen?	R1038 transcription
732^^	probabel F	R1038 transcription
732^_	v	R1038 transcription
732^o	voor af	R1038 transcription
733	<IL>	R1038 transcription
"733^"""	cas?	R1038 transcription
733^CircleWithHorizontalBar	de Heer Panin	R1038 transcription
733^^	proced	R1038 transcription
733^_	a	R1038 transcription
733^o	voor de	R1038 transcription
734	<IL>	R1038 transcription
"734^"""	cation	R1038 transcription
734^CircleWithHorizontalBar	<IL>	R1038 transcription
734^^	<EMPTY>	R1038 transcription
734^_	des	R1038 transcription
734^o	voorge	R1038 transcription
735	<IL>	R1038 transcription
"735^"""	ce'	R1038 transcription
735^CircleWithHorizontalBar	<EMPTY>	R1038 transcription
735^^	profiteeren F	R1038 transcription
735^_	et	R1038 transcription
735^o	voorjaar	R1038 transcription
736	<IL>	R1038 transcription
"736^"""	<IL>	R1038 transcription
736^CircleWithHorizontalBar	de Keizer Yvan	R1038 transcription
736^^	prompt	R1038 transcription
736^_	is	R1038 transcription
736^o	<IL>	R1038 transcription
737	<IL>	R1038 transcription
"737^"""	cen	R1038 transcription
737^CircleWithHorizontalBar	de Prins	R1038 transcription
737^^	proportie F	R1038 transcription
737^_	of	R1038 transcription
737^o	bewuste	contextual inference
738	<IL>	R1038 transcription
"738^"""	certain	R1038 transcription
738^CircleWithHorizontalBar	den Kaizer Yvan	R1038 transcription
738^^	propositie F	R1038 transcription
738^_	v	R1038 transcription
738^o	<IL>	R1038 transcription
739	<IL>	R1038 transcription
"739^"""	c'est	R1038 transcription
739^CircleWithHorizontalBar	de Russische Troupes	R1038 transcription
739^^	protestant	R1038 transcription
739^_	voorgemelde	R1038 transcription
739^o	<IL>	R1038 transcription
740	<EMPTY>	R1038 transcription
"740^"""	cesse/cette?	R1038 transcription
740^CircleWithHorizontalBar	het Corps Russen	R1038 transcription
740^^	<IL>	R1038 transcription
740^_	Memoria F	R1038 transcription
740^o	<IL>	R1038 transcription
741	haar	contextual inference
"741^"""	chang	R1038 transcription
741^CircleWithHorizontalBar	de Russise Artillerÿe	R1038 transcription
741^^	pu	R1038 transcription
741^_	men	R1038 transcription
741^o	de Vorst van	R1038 transcription
742	<IL>	R1038 transcription
"742^"""	chesalier?	R1038 transcription
742^CircleWithHorizontalBar	<EMPTY>	R1038 transcription
742^^	public?	R1038 transcription
742^_	menageeren	R1038 transcription
742^o	de groot vorst	R1038 transcription
743	dak?	R1038 transcription
"743^"""	chiffer	R1038 transcription
743^CircleWithHorizontalBar	de Generaal ? Wolkonski	R1038 transcription
743^^	<IL>	R1038 transcription
743^_	mentie	R1038 transcription
743^o	votre	R1038 transcription
744	cen	R1038 transcription
"744^"""	<EMPTY>	R1038 transcription
744^CircleWithHorizontalBar	de Generaal ?	R1038 transcription
744^^	put?	R1038 transcription
744^_	<IL>	R1038 transcription
744^o	votre Excell' D	R1038 transcription
745	i	R1038 transcription
"745^"""	ci	R1038 transcription
745^CircleWithHorizontalBar	een Regiment	R1038 transcription
745^^	quand	R1038 transcription
745^_	mesures	R1038 transcription
745^o	vous	R1038 transcription
746	na	R1038 transcription
"746^"""	clause?	R1038 transcription
746^CircleWithHorizontalBar	<EMPTY>	R1038 transcription
746^^	quatre ?	R1038 transcription
746^_	met hem	R1038 transcription
746^o	vraagen	R1038 transcription
747	sa	R1038 transcription
"747^"""	comtien?	R1038 transcription
747^CircleWithHorizontalBar	Favorit van haar Maj	R1038 transcription
747^^	que	R1038 transcription
747^_	<IL>	R1038 transcription
747^o	<IL>	R1038 transcription
748	ÿ	R1038 transcription
"748^"""	<IL>	R1038 transcription
748^CircleWithHorizontalBar	<EMPTY>	R1038 transcription
748^^	qui	R1038 transcription
748^_	mÿ	R1038 transcription
748^o	<IL>	R1038 transcription
749	de	R1038 transcription
"749^"""	<IL>	R1038 transcription
749^CircleWithHorizontalBar	het Winter Paleis	R1038 transcription
749^^	quoi	R1038 transcription
749^_	mÿne	R1038 transcription
749^o	<IL>	R1038 transcription
750	cerd	R1038 transcription
"750^"""	<IL>	R1038 transcription
750^CircleWithHorizontalBar	<IL>	R1038 transcription
750^^	quote part	R1038 transcription
750^_	Minister F	R1038 transcription
750^o	vrien ?	R1038 transcription
751	ik	R1038 transcription
"751^"""	con	R1038 transcription
751^CircleWithHorizontalBar	<IL>	R1038 transcription
751^^	<IL>	R1038 transcription
751^_	dit Ministerie F	R1038 transcription
751^o	vrywillig	R1038 transcription
752	ne	R1038 transcription
"752^"""	<IL>	R1038 transcription
752^CircleWithHorizontalBar	<IL>	R1038 transcription
752^^	raison?	R1038 transcription
752^_	mis	R1038 transcription
752^o	<IL>	R1038 transcription
753	si	R1038 transcription
"753^"""	<IL>	R1038 transcription
753^CircleWithHorizontalBar	Croonstad	R1038 transcription
753^^	rappelleeren F	R1038 transcription
753^_	<IL>	R1038 transcription
753^o	U	R1038 transcription
754	zo	R1038 transcription
"754^"""	<IL>	R1038 transcription
754^CircleWithHorizontalBar	<IL>	R1038 transcription
754^^	ratificatie F	R1038 transcription
754^_	<IL>	R1038 transcription
754^o	<EMPTY>	R1038 transcription
755	fort	R1038 transcription
"755^"""	conferentie	R1038 transcription
755^CircleWithHorizontalBar	de Tanais	R1038 transcription
755^^	re	R1038 transcription
755^_	meet	R1038 transcription
755^o	<IL>	R1038 transcription
756	ficatie	R1038 transcription
"756^"""	conferiantie?	R1038 transcription
756^CircleWithHorizontalBar	<EMPTY>	R1038 transcription
756^^	rece	R1038 transcription
756^_	Protestantie ?	R1038 transcription
756^o	<IL>	R1038 transcription
757	figuur?	R1038 transcription
"757^"""	<IL>	R1038 transcription
757^CircleWithHorizontalBar	<EMPTY>	R1038 transcription
757^^	recht	R1038 transcription
757^_	<EMMPTY>	R1038 transcription
757^o	<IL>	R1038 transcription
758	<IL>	R1038 transcription
"758^"""	<IL>	R1038 transcription
758^CircleWithHorizontalBar	<IL>	R1038 transcription
758^^	recompens	R1038 transcription
758^_	<IL>	R1038 transcription
758^o	<IL>	R1038 transcription
759	fond	R1038 transcription
"759^"""	consent?	R1038 transcription
759^CircleWithHorizontalBar	<EMPTY>	R1038 transcription
759^^	<IL>	R1038 transcription
759^_	mon	R1038 transcription
759^o	<IL>	R1038 transcription
760	form	R1038 transcription
"760^"""	<IL>	R1038 transcription
760^CircleWithHorizontalBar	Ambass van dit Hof	R1038 transcription
760^^	rede lÿk	R1038 transcription
760^_	Monsieur D	R1038 transcription
760^o	uit de	R1038 transcription
761	fork	R1038 transcription
"761^"""	<IL>	R1038 transcription
761^CircleWithHorizontalBar	Resident van dit Hif	R1038 transcription
761^^	<IL>	R1038 transcription
761^_	Monsieur de	R1038 transcription
761^o	<IL>	R1038 transcription
762	fra	R1038 transcription
"762^"""	contest	R1038 transcription
762^CircleWithHorizontalBar	<IL>	R1038 transcription
762^^	refer	R1038 transcription
762^_	mortificatie	R1038 transcription
762^o	<IL>	R1038 transcription
763	fre	R1038 transcription
"763^"""	<IL>	R1038 transcription
763^CircleWithHorizontalBar	<EMPTY>	R1038 transcription
763^^	refus	R1038 transcription
763^_	<IL>	R1038 transcription
763^o	<IL>	R1038 transcription
764	froid	R1038 transcription
"764^"""	<IL>	R1038 transcription
764^CircleWithHorizontalBar	<IL>	R1038 transcription
764^^	regeeren? F	R1038 transcription
764^_	N	R1038 transcription
764^o	un	R1038 transcription
765	fum	R1038 transcription
"765^"""	<IL>	R1038 transcription
765^CircleWithHorizontalBar	<EMPTY>	R1038 transcription
765^^	Regence	R1038 transcription
765^_	<IL>	R1038 transcription
765^o	une	R1038 transcription
766	<IL>	R1038 transcription
"766^"""	<IL>	R1038 transcription
766^CircleWithHorizontalBar	<EMPTY>	R1038 transcription
766^^	reis	R1038 transcription
766^_	<IL>	R1038 transcription
766^o	union	R1038 transcription
767	gaf	R1038 transcription
"767^"""	<IL>	R1038 transcription
767^CircleWithHorizontalBar	<EMPTY>	R1038 transcription
767^^	relatie	R1038 transcription
767^_	<IL>	R1038 transcription
767^o	us	R1038 transcription
768	garandeur?	R1038 transcription
"768^"""	<IL>	R1038 transcription
768^CircleWithHorizontalBar	<EMPTY>	R1038 transcription
768^^	<IL>	R1038 transcription
768^_	<IL>	R1038 transcription
768^o	utie?	R1038 transcription
769	gazette	R1038 transcription
"769^"""	<IL>	R1038 transcription
769^CircleWithHorizontalBar	Jaar	R1038 transcription
769^^	ren	R1038 transcription
769^_	<IL>	R1038 transcription
769^o	<IL>	R1038 transcription
770	ge	R1038 transcription
"770^"""	<IL>	R1038 transcription
770^CircleWithHorizontalBar	1764	R1038 transcription
770^^	render?	R1038 transcription
770^_	<IL>	R1038 transcription
770^o	de	R1038 transcription
771	ge	R1038 transcription
"771^"""	<IL>	R1038 transcription
771^CircleWithHorizontalBar	1769	R1038 transcription
771^^	rentie	R1038 transcription
771^_	<IL>	R1038 transcription
771^o	cerd	R1038 transcription
772	gebr	R1038 transcription
"772^"""	<IL>	R1038 transcription
772^CircleWithHorizontalBar	1774	R1038 transcription
772^^	reparatio F	R1038 transcription
772^_	negen	R1038 transcription
772^o	il	R1038 transcription
773	gedaan	R1038 transcription
"773^"""	<EMPTY>	R1038 transcription
773^^	represent	R1038 transcription
773^_	negligeeren?	R1038 transcription
773^o	mÿ	R1038 transcription
774	<IL>	R1038 transcription
"774^"""	by	R1038 transcription
774^CircleWithHorizontalBar	May	R1038 transcription
774^^	requi	R1038 transcription
774^_	<IL>	R1038 transcription
774^o	r	R1038 transcription
775	hoog ?	R1038 transcription
"775^"""	e	R1038 transcription
775^CircleWithHorizontalBar	October	R1038 transcription
775^^	<IL>	R1038 transcription
775^_	ner	R1038 transcription
775^o	z?	R1038 transcription
776	<IL>	R1038 transcription
"776^"""	heeft	R1038 transcription
776^CircleWithHorizontalBar	<IL>	R1038 transcription
776^^	resident	R1038 transcription
776^_	neutraal	R1038 transcription
776^o	de	R1038 transcription
777	<IL>	R1038 transcription
"777^"""	men	R1038 transcription
777^CircleWithHorizontalBar	Week	R1038 transcription
777^^	<IL>	R1038 transcription
777^_	nict?	R1038 transcription
777^o	ceren?	R1038 transcription
778	<IL>	R1038 transcription
"778^"""	rr	R1038 transcription
778^CircleWithHorizontalBar	? Post dag	R1038 transcription
778^^	<IL>	R1038 transcription
778^_	<IL>	R1038 transcription
778^o	im	R1038 transcription
779	<IL>	R1038 transcription
"779^"""	uu	R1038 transcription
779^CircleWithHorizontalBar	Maandag	R1038 transcription
779^^	<IL>	R1038 transcription
779^_	<IL>	R1038 transcription
779^o	mÿn	R1038 transcription
780	<IL>	R1038 transcription
"780^"""	c	R1038 transcription
780^CircleWithHorizontalBar	Zaturdag	R1038 transcription
780^^	<IL>	R1038 transcription
780^_	<IL>	R1038 transcription
780^o	re	R1038 transcription
781	<IL>	R1038 transcription
"781^"""	e	R1038 transcription
781^CircleWithHorizontalBar	honderd	R1038 transcription
781^^	<IL>	R1038 transcription
781^_	<IL>	R1038 transcription
781^o	zal	R1038 transcription
782	geld	R1038 transcription
"782^"""	hem	R1038 transcription
782^CircleWithHorizontalBar	Millioon	R1038 transcription
782^^	<IL>	R1038 transcription
782^_	noglens?	R1038 transcription
782^o	vormits	R1038 transcription
783	gelegenheid	R1038 transcription
"783^"""	mot	R1038 transcription
783^CircleWithHorizontalBar	c	R1038 transcription
783^^	<IL>	R1038 transcription
783^_	<IL>	R1038 transcription
783^o	<IL>	R1038 transcription
784	gelÿk	R1038 transcription
"784^"""	S	R1038 transcription
784^CircleWithHorizontalBar	e	R1038 transcription
784^^	b	R1038 transcription
784^_	<IL>	R1038 transcription
784^o	veroorzaaken	R1038 transcription
785	<IL>	R1038 transcription
"785^"""	W	R1038 transcription
785^CircleWithHorizontalBar	f	R1038 transcription
785^^	e	R1038 transcription
785^_	<IL>	R1038 transcription
785^o	verrigt?	R1038 transcription
786	<IL>	R1038 transcription
"786^"""	<EMPTY>	R1038 transcription
786^CircleWithHorizontalBar	l	R1038 transcription
786^^	heeft	R1038 transcription
786^_	nons	R1038 transcription
786^o	verschil	R1038 transcription
787	<IL>	R1038 transcription
"787^"""	daaden	R1038 transcription
787^CircleWithHorizontalBar	que	R1038 transcription
787^^	mon	R1038 transcription
787^_	nu	R1038 transcription
787^o	vertaalen	R1038 transcription
788	<IL>	R1038 transcription
"788^"""	daar af	R1038 transcription
788^CircleWithHorizontalBar	van	R1038 transcription
788^^	r	R1038 transcription
788^_	nul?	R1038 transcription
788^o	vertrek	R1038 transcription
789	genegen	R1038 transcription
"789^"""	daar ha	R1038 transcription
789^CircleWithHorizontalBar	d	R1038 transcription
789^^	vat	R1038 transcription
789^_	object	R1038 transcription
789^o	vertrouwen	R1038 transcription
790	<IL>	R1038 transcription
"790^"""	daar van	R1038 transcription
790^CircleWithHorizontalBar	e	R1038 transcription
790^^	b	R1038 transcription
790^_	<IL>	R1038 transcription
790^o	verzocken	R1038 transcription
791	gerechtig	R1038 transcription
"791^"""	daar Zahlen	R1038 transcription
791^CircleWithHorizontalBar	g	R1038 transcription
791^^	e	R1038 transcription
791^_	obten?	R1038 transcription
791^o	vorzocken?	R1038 transcription
792	<IL>	R1038 transcription
"792^"""	dagen	R1038 transcription
792^CircleWithHorizontalBar	la	R1038 transcription
792^^	hem	R1038 transcription
792^_	<IL>	R1038 transcription
792^o	veuille	R1038 transcription
793	<IL>	R1038 transcription
"793^"""	dat	R1038 transcription
793^CircleWithHorizontalBar	r	R1038 transcription
793^^	mot?	R1038 transcription
793^_	<IL>	R1038 transcription
793^o	vi	R1038 transcription
794	gern	R1038 transcription
"794^"""	dat hÿ	R1038 transcription
794^CircleWithHorizontalBar	w	R1038 transcription
794^^	rr	R1038 transcription
794^_	<IL>	R1038 transcription
794^o	vier quatre	R1038 transcription
795	<IL>	R1038 transcription
"795^"""	dat Zoude	R1038 transcription
795^CircleWithHorizontalBar	het Hof van Petersburg	R1038 transcription
795^^	uu	R1038 transcription
795^_	<IL>	R1038 transcription
795^o	vÿand	R1038 transcription
796	<IL>	R1038 transcription
"796^"""	in dito?	R1038 transcription
796^CircleWithHorizontalBar	dit Ministerie	R1038 transcription
796^^	restita	R1038 transcription
796^_	<IL>	R1038 transcription
796^o	<IL>	R1038 transcription
797	<IL>	R1038 transcription
"797^"""	de	R1038 transcription
797^CircleWithHorizontalBar	het Ministerie alhier?	R1038 transcription
797^^	result	R1038 transcription
797^_	<IL>	R1038 transcription
797^o	village	R1038 transcription
798	<IL>	R1038 transcription
"798^"""	December	R1038 transcription
798^CircleWithHorizontalBar	het Ricts Collegie	R1038 transcription
798^^	<IL>	R1038 transcription
798^_	<IL>	R1038 transcription
798^o	visit	R1038 transcription
799	<IL>	R1038 transcription
"799^"""	declantie	R1038 transcription
799^CircleWithHorizontalBar	het Commereis? Collegie	R1038 transcription
799^^	returnuren?	R1038 transcription
799^_	<IL>	R1038 transcription
799^o	vlag	R1038 transcription
800	<IL>	R1038 transcription
"800^"""	deconcert	R1038 transcription
800^CircleWithHorizontalBar	groot Cancelier	R1038 transcription
800^^	reven	R1038 transcription
800^_	<IL>	R1038 transcription
800^o	vleid	R1038 transcription
801	<EMPTY>	R1038 transcription
"801^"""	dut	R1038 transcription
801^CircleWithHorizontalBar	de K? Groot Cancelier	R1038 transcription
801^^	<IL>	R1038 transcription
801^_	<IL>	R1038 transcription
801^o	vloot	R1038 transcription
802	<IL>	R1038 transcription
"802^"""	defen	R1038 transcription
802^CircleWithHorizontalBar	de K? Vice Cancelier	R1038 transcription
802^^	ri	R1038 transcription
802^_	a	R1038 transcription
802^o	voel	R1038 transcription
803	gi	R1038 transcription
"803^"""	deja?	R1038 transcription
803^CircleWithHorizontalBar	de Graaf van Bastuchen?	R1038 transcription
803^^	risqa?	R1038 transcription
803^_	die	R1038 transcription
803^o	voi	R1038 transcription
804	<IL>	R1038 transcription
"804^"""	deliberum?	R1038 transcription
804^CircleWithHorizontalBar	de Senaat	R1038 transcription
804^^	<IL>	R1038 transcription
804^_	f	R1038 transcription
804^o	voit	R1038 transcription
805	<IL>	R1038 transcription
"805^"""	demarche	R1038 transcription
805^CircleWithHorizontalBar	<EMPTY>	R1038 transcription
805^^	le Roi de	R1038 transcription
805^_	it	R1038 transcription
805^o	volgens	R1038 transcription
806	<IL>	R1038 transcription
"806^"""	denk	R1038 transcription
806^CircleWithHorizontalBar	de Keizer Yvan	R1038 transcription
806^^	<IL>	R1038 transcription
806^_	om	R1038 transcription
806^o	volstrekt	R1038 transcription
807	<IL>	R1038 transcription
"807^"""	<IL>	R1038 transcription
807^CircleWithHorizontalBar	<IL>	R1038 transcription
807^^	<IL>	R1038 transcription
807^_	van	R1038 transcription
807^o	voor	R1038 transcription
808	graf	R1038 transcription
"808^"""	der	R1038 transcription
808^^	<IL>	R1038 transcription
808^_	aa	R1038 transcription
808^o	vooral	R1038 transcription
809	<IL>	R1038 transcription
"809^"""	<IL>	R1038 transcription
809^CircleWithHorizontalBar	de Russische Troupes	R1038 transcription
809^^	S	R1038 transcription
809^_	dit	R1038 transcription
809^o	voor dien	R1038 transcription
810	Groot	contextual inference
"810^"""	dessein	R1038 transcription
810^CircleWithHorizontalBar	de Russise ?	R1038 transcription
810^^	sai	R1038 transcription
810^_	g	R1038 transcription
810^o	voorgeven?	R1038 transcription
811	<IL>	R1038 transcription
"811^"""	<IL>	R1038 transcription
811^CircleWithHorizontalBar	de Russise Infanterie?	R1038 transcription
811^^	Sa Majeste D	R1038 transcription
811^_	k	R1038 transcription
811^o	voorleede	R1038 transcription
812	ha	R1038 transcription
"812^"""	deveir/devcir?	R1038 transcription
812^CircleWithHorizontalBar	<IL>	R1038 transcription
812^^	Sa Maj: Imperiale D	R1038 transcription
812^_	on	R1038 transcription
812^o	voornocond?	R1038 transcription
813	<IL>	R1038 transcription
"813^"""	<IL>	R1038 transcription
813^CircleWithHorizontalBar	de Hettman	R1038 transcription
813^^	<IL>	R1038 transcription
813^_	van	R1038 transcription
813^o	voort	R1038 transcription
814	<IL>	R1038 transcription
"814^"""	deze	R1038 transcription
814^CircleWithHorizontalBar	de General	R1038 transcription
814^^	<IL>	R1038 transcription
814^_	voorgemelde	R1038 transcription
814^o	voortzetten	R1038 transcription
815	de	R1038 transcription
"815^"""	dezolve	R1038 transcription
815^CircleWithHorizontalBar	het Regiment	R1038 transcription
815^^	<IL>	R1038 transcription
815^_	Memoria F	R1038 transcription
815^o	voorziker?	R1038 transcription
816	eerem?	R1038 transcription
"816^"""	die	R1038 transcription
816^CircleWithHorizontalBar	<EMPTY>	R1038 transcription
816^^	<IL>	R1038 transcription
816^_	men	R1038 transcription
816^o	voorzorg	R1038 transcription
817	il	R1038 transcription
"817^"""	<IL>	R1038 transcription
817^CircleWithHorizontalBar	Orloff	R1038 transcription
817^^	schande	R1038 transcription
817^_	menagement	R1038 transcription
817^o	<IL>	R1038 transcription
818	ni	R1038 transcription
"818^"""	different	R1038 transcription
818^CircleWithHorizontalBar	<EMPTY>	R1038 transcription
818^^	schid?	R1038 transcription
818^_	mention D	R1038 transcription
818^o	<IL>	R1038 transcription
819	ss	R1038 transcription
"819^"""	dig	R1038 transcription
819^CircleWithHorizontalBar	het Paleis	R1038 transcription
819^^	<IL>	R1038 transcription
819^_	<IL>	R1038 transcription
819^o	votre	R1038 transcription
820	zol/zal?	R1038 transcription
"820^"""	die	R1038 transcription
820^CircleWithHorizontalBar	Catharina hof	R1038 transcription
820^^	<IL>	R1038 transcription
820^_	mer	R1038 transcription
820^o	votre Excell' D	R1038 transcription
821	de	R1038 transcription
"821^"""	dirigum?	R1038 transcription
821^CircleWithHorizontalBar	Haven	R1038 transcription
821^^	<IL>	R1038 transcription
821^_	met	R1038 transcription
821^o	vous	R1038 transcription
822	en	R1038 transcription
"822^"""	dispos	R1038 transcription
822^CircleWithHorizontalBar	Archangel	R1038 transcription
822^^	se	R1038 transcription
822^_	met mÿ	R1038 transcription
822^o	vraagen	R1038 transcription
823	in	R1038 transcription
"823^"""	distin?	R1038 transcription
823^CircleWithHorizontalBar	Sleutelbrug	R1038 transcription
823^^	<IL>	R1038 transcription
823^_	mÿ	R1038 transcription
823^o	<IL>	R1038 transcription
824	o	R1038 transcription
"824^"""	dit	R1038 transcription
824^CircleWithHorizontalBar	<IL>	R1038 transcription
824^^	secretarie	R1038 transcription
824^_	mÿn	R1038 transcription
824^o	<IL>	R1038 transcription
825	l	R1038 transcription
"825^"""	<IL>	R1038 transcription
825^CircleWithHorizontalBar	de Witte Zee	R1038 transcription
825^^	<IL>	R1038 transcription
825^_	mÿsterie	R1038 transcription
825^o	vreugde	R1038 transcription
826	zÿn	R1038 transcription
"826^"""	<IL>	R1038 transcription
826^CircleWithHorizontalBar	Tartarÿen	R1038 transcription
826^^	<IL>	R1038 transcription
826^_	Minister F	R1038 transcription
826^o	vrÿ	R1038 transcription
827	fortificatio	R1038 transcription
"827^"""	<IL>	R1038 transcription
827^CircleWithHorizontalBar	<EMPTY>	R1038 transcription
827^^	sentir	R1038 transcription
827^_	dit Ministerie F	R1038 transcription
827^o	vro	R1038 transcription
828	<IL>	R1038 transcription
"828^"""	<IL>	R1038 transcription
828^CircleWithHorizontalBar	het Herlong dem? Courland	R1038 transcription
828^^	sera	R1038 transcription
828^_	misbruck	R1038 transcription
828^o	vu	R1038 transcription
829	fir	R1038 transcription
"829^"""	<IL>	R1038 transcription
829^CircleWithHorizontalBar	<IL>	R1038 transcription
829^^	seron?	R1038 transcription
829^_	<IL>	R1038 transcription
829^o	ul	R1038 transcription
830	<IL>	R1038 transcription
"830^"""	denc?	R1038 transcription
830^CircleWithHorizontalBar	<EMPTY>	R1038 transcription
830^^	<IL>	R1038 transcription
830^_	<IL>	R1038 transcription
830^o	<EMPTY>	R1038 transcription
831	fond	R1038 transcription
"831^"""	<IL>	R1038 transcription
831^CircleWithHorizontalBar	<IL>	R1038 transcription
831^^	<IL>	R1038 transcription
831^_	meet	R1038 transcription
831^o	<IL>	R1038 transcription
832	forma	R1038 transcription
"832^"""	<IL>	R1038 transcription
832^CircleWithHorizontalBar	<IL>	R1038 transcription
832^^	<IL>	R1038 transcription
832^_	<IL>	R1038 transcription
832^o	<IL>	R1038 transcription
833	fortifi	R1038 transcription
"833^"""	<IL>	R1038 transcription
833^CircleWithHorizontalBar	<EMPTY>	R1038 transcription
833^^	[ge]sloten	contextual inference
833^_	<EMMPTY>	R1038 transcription
833^o	<IL>	R1038 transcription
834	fransek	R1038 transcription
"834^"""	<IL>	R1038 transcription
834^CircleWithHorizontalBar	<IL>	R1038 transcription
834^^	<IL>	R1038 transcription
834^_	moin	R1038 transcription
834^o	<IL>	R1038 transcription
835	fregat	R1038 transcription
"835^"""	dre	R1038 transcription
835^CircleWithHorizontalBar	<IL>	R1038 transcription
835^^	<IL>	R1038 transcription
835^_	mon	R1038 transcription
835^o	<IL>	R1038 transcription
836	froideur	R1038 transcription
"836^"""	<EMPTY>	R1038 transcription
836^CircleWithHorizontalBar	<EMPTY>	R1038 transcription
836^^	<IL>	R1038 transcription
836^_	Monsieur D	R1038 transcription
836^o	<IL>	R1038 transcription
837	functie	R1038 transcription
"837^"""	<IL>	R1038 transcription
837^CircleWithHorizontalBar	<EMPTY>	R1038 transcription
837^^	<IL>	R1038 transcription
837^_	Monsieur de	R1038 transcription
837^o	<IL>	R1038 transcription
838	ga	R1038 transcription
"838^"""	<IL>	R1038 transcription
838^CircleWithHorizontalBar	<EMPTY>	R1038 transcription
838^^	-  - Sin Excellence D	R1038 transcription
838^_	mortificaren?	R1038 transcription
838^o	<IL>	R1038 transcription
839	gage	R1038 transcription
"839^"""	<IL>	R1038 transcription
839^CircleWithHorizontalBar	<EMPTY>	R1038 transcription
839^^	<EMPTY>	R1038 transcription
839^_	<IL>	R1038 transcription
839^o	<IL>	R1038 transcription
840	garant	R1038 transcription
"840^"""	<IL>	R1038 transcription
840^CircleWithHorizontalBar	1760	R1038 transcription
840^^	<IL>	R1038 transcription
840^_	na	R1038 transcription
840^o	un	R1038 transcription
841	ge	R1038 transcription
"841^"""	<IL>	R1038 transcription
841^CircleWithHorizontalBar	1765	R1038 transcription
841^^	<IL>	R1038 transcription
841^_	naar?	R1038 transcription
841^o	une	R1038 transcription
842	ge	R1038 transcription
"842^"""	<IL>	R1038 transcription
842^CircleWithHorizontalBar	1770	R1038 transcription
842^^	<IL>	R1038 transcription
842^_	<IL>	R1038 transcription
842^o	unique	R1038 transcription
843	ge	R1038 transcription
"843^"""	<EMPTY>	R1038 transcription
843^CircleWithHorizontalBar	1775	R1038 transcription
843^^	<IL>	R1038 transcription
843^_	naat	R1038 transcription
843^o	usage	R1038 transcription
844	getrek	R1038 transcription
"844^"""	<IL>	R1038 transcription
844^CircleWithHorizontalBar	January	R1038 transcription
844^^	specificatie	R1038 transcription
844^_	nation	R1038 transcription
844^o	<IL>	R1038 transcription
845	gedackt	R1038 transcription
"845^"""	<IL>	R1038 transcription
845^CircleWithHorizontalBar	Junÿ	R1038 transcription
845^^	<IL>	R1038 transcription
845^_	navigatie	R1038 transcription
845^o	<IL>	R1038 transcription
846	<IL>	R1038 transcription
"846^"""	<IL>	R1038 transcription
846^CircleWithHorizontalBar	November	R1038 transcription
846^^	<IL>	R1038 transcription
846^_	ne	R1038 transcription
846^o	de	R1038 transcription
847	<IL>	R1038 transcription
"847^"""	<IL>	R1038 transcription
847^CircleWithHorizontalBar	Zomer	R1038 transcription
847^^	ste	R1038 transcription
847^_	neen	R1038 transcription
847^o	en	R1038 transcription
848	geen	R1038 transcription
"848^"""	<IL>	R1038 transcription
848^CircleWithHorizontalBar	voorleed Week	R1038 transcription
848^^	de Staat	R1038 transcription
848^_	negen	R1038 transcription
848^o	in	R1038 transcription
849	<IL>	R1038 transcription
"849^"""	<IL>	R1038 transcription
849^CircleWithHorizontalBar	aanstaande Post dag	R1038 transcription
849^^	<IL>	R1038 transcription
849^_	<IL>	R1038 transcription
849^o	n	R1038 transcription
850	<IL>	R1038 transcription
"850^"""	c	R1038 transcription
850^CircleWithHorizontalBar	dingstag	R1038 transcription
850^^	ste?	R1038 transcription
850^_	<IL>	R1038 transcription
850^o	s	R1038 transcription
851	<IL>	R1038 transcription
"851^"""	e	R1038 transcription
851^CircleWithHorizontalBar	Zondag	R1038 transcription
851^^	steld	R1038 transcription
851^_	nergons	R1038 transcription
851^o	zoud?	R1038 transcription
852	<IL>	R1038 transcription
"852^"""	het	R1038 transcription
852^CircleWithHorizontalBar	dui zend	R1038 transcription
852^^	<IL>	R1038 transcription
852^_	neutraalitus	R1038 transcription
852^o	den	R1038 transcription
853	<IL>	R1038 transcription
"853^"""	mÿ	R1038 transcription
853^CircleWithHorizontalBar	Reebells	R1038 transcription
853^^	<IL>	R1038 transcription
853^_	nict?	R1038 transcription
853^o	en	R1038 transcription
854	geld	R1038 transcription
"854^"""	S	R1038 transcription
854^CircleWithHorizontalBar	daar	R1038 transcription
854^^	<IL>	R1038 transcription
854^_	<IL>	R1038 transcription
854^o	is	R1038 transcription
855	geli	R1038 transcription
"855^"""	wÿ	R1038 transcription
855^CircleWithHorizontalBar	ee	R1038 transcription
855^^	<IL>	R1038 transcription
855^_	<IL>	R1038 transcription
855^o	n	R1038 transcription
856	geluk	R1038 transcription
"856^"""	d	R1038 transcription
856^CircleWithHorizontalBar	h	R1038 transcription
856^^	<IL>	R1038 transcription
856^_	no	R1038 transcription
856^o	s	R1038 transcription
857	<IL>	R1038 transcription
"857^"""	e	R1038 transcription
857^CircleWithHorizontalBar	le	R1038 transcription
857^^	<IL>	R1038 transcription
857^_	nog	R1038 transcription
857^o	zÿn	R1038 transcription
858	<IL>	R1038 transcription
"858^"""	hÿ	R1038 transcription
858^CircleWithHorizontalBar	ra	R1038 transcription
858^^	<IL>	R1038 transcription
858^_	nom	R1038 transcription
858^o	vermogen	R1038 transcription
859	<IL>	R1038 transcription
"859^"""	n	R1038 transcription
859^CircleWithHorizontalBar	ÿ	R1038 transcription
859^^	<IL>	R1038 transcription
859^_	<IL>	R1038 transcription
859^o	vernutig	R1038 transcription
860	<IL>	R1038 transcription
"860^"""	ss	R1038 transcription
860^CircleWithHorizontalBar	dat	R1038 transcription
860^^	be	R1038 transcription
860^_	nota	R1038 transcription
860^o	verpligt	R1038 transcription
861	<IL>	R1038 transcription
"861^"""	x	R1038 transcription
861^CircleWithHorizontalBar	een	R1038 transcription
861^^	e	R1038 transcription
861^_	notre	R1038 transcription
861^o	verrover?	R1038 transcription
862	<IL>	R1038 transcription
"862^"""	da	R1038 transcription
862^CircleWithHorizontalBar	had	R1038 transcription
862^^	hek?	R1038 transcription
862^_	nons	R1038 transcription
862^o	verslag	R1038 transcription
863	<IL>	R1038 transcription
"863^"""	daan	R1038 transcription
863^CircleWithHorizontalBar	m	R1038 transcription
863^^	moÿ	R1038 transcription
863^_	nu	R1038 transcription
863^o	vertabling	R1038 transcription
864	<IL>	R1038 transcription
"864^"""	daar lÿ	R1038 transcription
864^CircleWithHorizontalBar	re	R1038 transcription
864^^	s	R1038 transcription
864^_	nullig	R1038 transcription
864^o	vertrek	R1038 transcription
865	<IL>	R1038 transcription
"865^"""	daarom	R1038 transcription
865^CircleWithHorizontalBar	z	R1038 transcription
865^^	w	R1038 transcription
865^_	object	R1038 transcription
865^o	vervel?	R1038 transcription
866	<IL>	R1038 transcription
"866^"""	daar voor	R1038 transcription
866^CircleWithHorizontalBar	het Hof alhier	R1038 transcription
866^^	c	R1038 transcription
866^_	<IL>	R1038 transcription
866^o	verzend	R1038 transcription
867	<IL>	R1038 transcription
"867^"""	daar Zÿn	R1038 transcription
867^CircleWithHorizontalBar	het Ministerie	R1038 transcription
867^^	e	R1038 transcription
867^_	obtein	R1038 transcription
867^o	verzuim	R1038 transcription
868	<IL>	R1038 transcription
"868^"""	dagen	R1038 transcription
868^CircleWithHorizontalBar	het Ministerie alhier?	R1038 transcription
868^^	hÿ	R1038 transcription
868^_	<IL>	R1038 transcription
868^o	veulent	R1038 transcription
869	getal	R1038 transcription
"869^"""	dat	R1038 transcription
869^CircleWithHorizontalBar	de Staats Raad	R1038 transcription
869^^	n	R1038 transcription
869^_	<IL>	R1038 transcription
869^o	vice	R1038 transcription
870	<IL>	R1038 transcription
"870^"""	dat ik?	R1038 transcription
870^CircleWithHorizontalBar	<IL>	R1038 transcription
870^^	s	R1038 transcription
870^_	<IL>	R1038 transcription
870^o	vienn	R1038 transcription
871	<IL>	R1038 transcription
"871^"""	dat Zÿn	R1038 transcription
871^CircleWithHorizontalBar	Vice Cancelier	R1038 transcription
871^^	wÿ	R1038 transcription
871^_	<IL>	R1038 transcription
871^o	vÿand	R1038 transcription
872	<IL>	R1038 transcription
"872^"""	de	R1038 transcription
872^CircleWithHorizontalBar	de K? Groot Cancelier	R1038 transcription
872^^	<IL>	R1038 transcription
872^_	<IL>	R1038 transcription
872^o	vin?	R1038 transcription
873	<IL>	R1038 transcription
"873^"""	de	R1038 transcription
873^CircleWithHorizontalBar	de ? groot Cancelier Graaf van Woronzow	R1038 transcription
873^^	resultaat	R1038 transcription
873^_	ol	R1038 transcription
873^o	ville	R1038 transcription
874	<IL>	R1038 transcription
"874^"""	decid	R1038 transcription
874^CircleWithHorizontalBar	de K? Vice Cancelier	R1038 transcription
874^^	retardement	R1038 transcription
874^_	<IL>	R1038 transcription
874^o	visite	R1038 transcription
875	<IL>	R1038 transcription
"875^"""	<IL>	R1038 transcription
875^CircleWithHorizontalBar	de Graaf van Bastuchen?	R1038 transcription
875^^	<IL>	R1038 transcription
875^_	<IL>	R1038 transcription
875^o	vlag	R1038 transcription
876	<IL>	R1038 transcription
"876^"""	<IL>	R1038 transcription
876^CircleWithHorizontalBar	de Heer Panin	R1038 transcription
876^^	<IL>	R1038 transcription
876^_	<IL>	R1038 transcription
876^o	vleÿm	R1038 transcription
877	<EMPTY>	R1038 transcription
"877^"""	<IL>	R1038 transcription
877^CircleWithHorizontalBar	Panin	R1038 transcription
877^^	revolutie	R1038 transcription
877^_	<IL>	R1038 transcription
877^o	vlugt	R1038 transcription
878	<IL>	R1038 transcription
"878^"""	<IL>	R1038 transcription
878^CircleWithHorizontalBar	de geheime Raad	R1038 transcription
878^^	<IL>	R1038 transcription
878^_	aan	R1038 transcription
878^o	voelen	R1038 transcription
879	gift	R1038 transcription
"879^"""	dehers	R1038 transcription
879^CircleWithHorizontalBar	<EMPTY>	R1038 transcription
879^^	<IL>	R1038 transcription
879^_	du	R1038 transcription
879^o	voient	R1038 transcription
880	<IL>	R1038 transcription
"880^"""	<IL>	R1038 transcription
880^CircleWithHorizontalBar	de Hertog Anthoni van ? Cador? van den ? Kaizer Yvan	R1038 transcription
880^^	<IL>	R1038 transcription
880^_	ge	R1038 transcription
880^o	vol	R1038 transcription
881	nje	contextual inference
"881^"""	den	R1038 transcription
881^^	le Roi de	R1038 transcription
881^_	l	R1038 transcription
881^o	volgens	R1038 transcription
882	<IL>	R1038 transcription
"882^"""	denden	R1038 transcription
882^CircleWithHorizontalBar	<IL>	R1038 transcription
882^^	rens	R1038 transcription
882^_	oo	R1038 transcription
882^o	von	R1038 transcription
883	govern	R1038 transcription
"883^"""	<IL>	R1038 transcription
883^CircleWithHorizontalBar	de Russische Armée	R1038 transcription
883^^	rug	R1038 transcription
883^_	van de	R1038 transcription
883^o	voor	R1038 transcription
884	<IL>	R1038 transcription
"884^"""	derde	R1038 transcription
884^CircleWithHorizontalBar	de Russise ?	R1038 transcription
884^^	rÿk	R1038 transcription
884^_	b	R1038 transcription
884^o	voorbeeld	R1038 transcription
885	<IL>	R1038 transcription
"885^"""	des	R1038 transcription
885^CircleWithHorizontalBar	de Russise Cavaerÿe	R1038 transcription
885^^	sa	R1038 transcription
885^_	e	R1038 transcription
885^o	voor eea?	R1038 transcription
886	grrot?	R1038 transcription
"886^"""	<IL>	R1038 transcription
886^CircleWithHorizontalBar	een Officier	R1038 transcription
886^^	s	R1038 transcription
886^_	h	R1038 transcription
886^o	<IL>	R1038 transcription
887	<IL>	R1038 transcription
"887^"""	<IL>	R1038 transcription
887^CircleWithHorizontalBar	een Compagnie	R1038 transcription
887^^	Sa Majeste D	R1038 transcription
887^_	l	R1038 transcription
887^o	voorleede	R1038 transcription
888	<IL>	R1038 transcription
"888^"""	<IL>	R1038 transcription
888^CircleWithHorizontalBar	<EMPTY>	R1038 transcription
888^^	Sa Maj: Imperiale D	R1038 transcription
888^_	ook	R1038 transcription
888^o	vooroordeel	R1038 transcription
889	<IL>	R1038 transcription
"889^"""	<IL>	R1038 transcription
889^CircleWithHorizontalBar	de graaf Orloff	R1038 transcription
889^^	<IL>	R1038 transcription
889^_	van den	R1038 transcription
889^o	voorteen	R1038 transcription
890	<IL>	R1038 transcription
"890^"""	deze?	R1038 transcription
890^CircleWithHorizontalBar	<EMPTY>	R1038 transcription
890^^	satisfa	R1038 transcription
890^_	membre	R1038 transcription
890^o	voorval	R1038 transcription
891	a	R1038 transcription
"891^"""	dezelem?	R1038 transcription
891^CircleWithHorizontalBar	het ?	R1038 transcription
891^^	<IL>	R1038 transcription
891^_	<IL>	R1038 transcription
891^o	voorzien	R1038 transcription
892	de	R1038 transcription
"892^"""	dien	R1038 transcription
892^CircleWithHorizontalBar	Provincie	R1038 transcription
892^^	<IL>	R1038 transcription
892^_	men	R1038 transcription
892^o	vorders	R1038 transcription
893	en	R1038 transcription
"893^"""	<IL>	R1038 transcription
893^CircleWithHorizontalBar	St Petersburg	R1038 transcription
893^^	schap	R1038 transcription
893^_	menig	R1038 transcription
893^o	die Vorst	R1038 transcription
894	i	R1038 transcription
"894^"""	differentie	R1038 transcription
894^CircleWithHorizontalBar	Nerva?	R1038 transcription
894^^	schin	R1038 transcription
894^_	mention D	R1038 transcription
894^o	vorstendom	R1038 transcription
895	o	R1038 transcription
"895^"""	digniteis	R1038 transcription
895^CircleWithHorizontalBar	Ukrainen	R1038 transcription
895^^	schem	R1038 transcription
895^_	merit	R1038 transcription
895^o	Votre Excellence D	R1038 transcription
896	t	R1038 transcription
"896^"""	dera	R1038 transcription
896^CircleWithHorizontalBar	<IL>	R1038 transcription
896^^	<IL>	R1038 transcription
896^_	met	R1038 transcription
896^o	vou	R1038 transcription
897	a	R1038 transcription
"897^"""	dis	R1038 transcription
897^CircleWithHorizontalBar	de Dnieper	R1038 transcription
897^^	<IL>	R1038 transcription
897^_	Meÿ	R1038 transcription
897^o	vous	R1038 transcription
898	de	R1038 transcription
"898^"""	dispotetis	R1038 transcription
898^CircleWithHorizontalBar	de Tartaren	R1038 transcription
898^^	se	R1038 transcription
898^_	mÿ	R1038 transcription
898^o	vrai	R1038 transcription
899	en	R1038 transcription
"899^"""	<IL>	R1038 transcription
899^CircleWithHorizontalBar	<EMPTY>	R1038 transcription
899^^	<IL>	R1038 transcription
899^_	mÿn	R1038 transcription
899^o	vreede handeling	R1038 transcription
900	i	R1038 transcription
"900^"""	dit	R1038 transcription
900^CircleWithHorizontalBar	de Hertog van Biron	R1038 transcription
900^^	<IL>	R1038 transcription
900^_	mili	R1038 transcription
900^o	vreimd	R1038 transcription
901	o	R1038 transcription
"901^"""	dit son	R1038 transcription
901^CircleWithHorizontalBar	<IL>	R1038 transcription
901^^	<IL>	R1038 transcription
901^_	Minister von F	R1038 transcription
901^o	vri	R1038 transcription
902	te	R1038 transcription
"902^"""	doch	R1038 transcription
902^CircleWithHorizontalBar	<EMPTY>	R1038 transcription
902^^	senaat	R1038 transcription
902^_	dit Ministerie F	R1038 transcription
902^o	vrÿdag	R1038 transcription
903	<IL>	R1038 transcription
"903^"""	<IL>	R1038 transcription
903^CircleWithHorizontalBar	Minister Plenipotentiare van dit Hof	R1038 transcription
903^^	separ	R1038 transcription
903^_	miseriabel	R1038 transcription
903^o	vroog	R1038 transcription
904	<IL>	R1038 transcription
"904^"""	<IL>	R1038 transcription
904^CircleWithHorizontalBar	de Baron Le Gross	R1038 transcription
904^^	senz?	R1038 transcription
904^_	mo	R1038 transcription
904^o	vu	R1038 transcription
905	<IL>	R1038 transcription
"905^"""	<IL>	R1038 transcription
905^CircleWithHorizontalBar	de Prins Repnia	R1038 transcription
905^^	ses	R1038 transcription
905^_	<IL>	R1038 transcription
905^o	Uldele	R1038 transcription
906	had	R1038 transcription
"906^"""	<IL>	R1038 transcription
906^CircleWithHorizontalBar	<EMPTY>	R1038 transcription
906^^	<IL>	R1038 transcription
906^_	mog	R1038 transcription
906^o	<EMPTY>	R1038 transcription
907	hadde	R1038 transcription
"907^"""	dron?	R1038 transcription
907^CircleWithHorizontalBar	de Gr: Duben	R1038 transcription
907^^	le sicur?	R1038 transcription
907^_	<IL>	R1038 transcription
907^o	<IL>	R1038 transcription
908	han	R1038 transcription
"908^"""	<IL<IL>>	R1038 transcription
908^CircleWithHorizontalBar	<EMPTY>	R1038 transcription
908^^	sÿstema	R1038 transcription
908^_	<EMMPTY>	R1038 transcription
908^o	<IL>	R1038 transcription
909	<IL>	R1038 transcription
"909^"""	<IL>	R1038 transcription
909^CircleWithHorizontalBar	<EMPTY>	R1038 transcription
909^^	<IL>	R1038 transcription
909^_	mois	R1038 transcription
909^o	<IL>	R1038 transcription
910	haut?	R1038 transcription
"910^"""	<IL>	R1038 transcription
910^CircleWithHorizontalBar	<EMPTY>	R1038 transcription
910^^	<IL>	R1038 transcription
910^_	mon	R1038 transcription
910^o	<IL>	R1038 transcription
911	heb	R1038 transcription
"911^"""	<IL>	R1038 transcription
911^CircleWithHorizontalBar	<EMPTY>	R1038 transcription
911^^	som	R1038 transcription
911^_	Monsieur D	R1038 transcription
911^o	<IL>	R1038 transcription
912	<IL>	R1038 transcription
"912^"""	<IL>	R1038 transcription
912^CircleWithHorizontalBar	1761	R1038 transcription
912^^	<IL>	R1038 transcription
912^_	Monsieur de	R1038 transcription
912^o	<IL>	R1038 transcription
913	heden	R1038 transcription
"913^"""	<EMPTY>	R1038 transcription
913^CircleWithHorizontalBar	1766	R1038 transcription
913^^	<IL>	R1038 transcription
913^_	mot	R1038 transcription
913^o	<IL>	R1038 transcription
914	heeft	R1038 transcription
"914^"""	<IL>	R1038 transcription
914^CircleWithHorizontalBar	1771	R1038 transcription
914^^	-  - Sin Excellence D	R1038 transcription
914^_	munitie?	R1038 transcription
914^o	<IL>	R1038 transcription
915	heel?	R1038 transcription
"915^"""	<IL>	R1038 transcription
915^CircleWithHorizontalBar	1776	R1038 transcription
915^^	<EMPTY>	R1038 transcription
915^_	na	R1038 transcription
915^o	un	R1038 transcription
916	<IL>	R1038 transcription
"916^"""	<IL>	R1038 transcription
916^CircleWithHorizontalBar	February	R1038 transcription
916^^	sons	R1038 transcription
916^_	naar?	R1038 transcription
916^o	unanem	R1038 transcription
917	<IL>	R1038 transcription
"917^"""	<IL>	R1038 transcription
917^CircleWithHorizontalBar	Julÿ	R1038 transcription
917^^	<IL>	R1038 transcription
917^_	na by	R1038 transcription
917^o	une	R1038 transcription
918	<IL>	R1038 transcription
"918^"""	<IL>	R1038 transcription
918^CircleWithHorizontalBar	December	R1038 transcription
918^^	<IL>	R1038 transcription
918^_	n' ai	R1038 transcription
918^o	ur	R1038 transcription
919	heid	R1038 transcription
"919^"""	<IL>	R1038 transcription
919^CircleWithHorizontalBar	herfst	R1038 transcription
919^^	spa	R1038 transcription
919^_	<IL>	R1038 transcription
919^o	usite	R1038 transcription
920	helpen	R1038 transcription
"920^"""	<IL>	R1038 transcription
920^CircleWithHorizontalBar	aanstaande Week	R1038 transcription
920^^	specific uren?	R1038 transcription
920^_	Navigatie en ?	R1038 transcription
920^o	uur?	R1038 transcription
921	hem	R1038 transcription
"921^"""	<IL>	R1038 transcription
921^CircleWithHorizontalBar	aanstaande Pst	R1038 transcription
921^^	<IL>	R1038 transcription
921^_	ne	R1038 transcription
921^o	<IL>	R1038 transcription
922	<IL>	R1038 transcription
"922^"""	<IL>	R1038 transcription
922^CircleWithHorizontalBar	Woensdag	R1038 transcription
922^^	<IL>	R1038 transcription
922^_	nurd?	R1038 transcription
922^o	a	R1038 transcription
923	het	R1038 transcription
"923^"""	<IL>	R1038 transcription
923^CircleWithHorizontalBar	gelat?	R1038 transcription
923^^	staan	R1038 transcription
923^_	<IL>	R1038 transcription
923^o	de	R1038 transcription
924	het	contextual inference
"924^"""	<IL>	R1038 transcription
924^CircleWithHorizontalBar	tien dui zend	R1038 transcription
924^^	de Staat	R1038 transcription
924^_	negociant	R1038 transcription
924^o	er	R1038 transcription
925	hier	R1038 transcription
"925^"""	<IL>	R1038 transcription
925^CircleWithHorizontalBar	Rijksdaaldors	R1038 transcription
925^^	stad?	R1038 transcription
925^_	<IL>	R1038 transcription
925^o	is	R1038 transcription
926	<IL>	R1038 transcription
"926^"""	d	R1038 transcription
926^CircleWithHorizontalBar	de	R1038 transcription
926^^	<IL>	R1038 transcription
926^_	n'est	R1038 transcription
926^o	ne	R1038 transcription
927	<IL>	R1038 transcription
"927^"""	ee	R1038 transcription
927^CircleWithHorizontalBar	eerd	R1038 transcription
927^^	<IL>	R1038 transcription
927^_	nevens	R1038 transcription
927^o	ss	R1038 transcription
928	<IL>	R1038 transcription
"928^"""	i	R1038 transcription
928^CircleWithHorizontalBar	heid	R1038 transcription
928^^	<IL>	R1038 transcription
928^_	nict?	R1038 transcription
928^o	a	R1038 transcription
929	honneur	R1038 transcription
"929^"""	n	R1038 transcription
929^CircleWithHorizontalBar	men	R1038 transcription
929^^	<IL>	R1038 transcription
929^_	nuts?	R1038 transcription
929^o	de	R1038 transcription
930	<IL>	R1038 transcription
"930^"""	t	R1038 transcription
930^CircleWithHorizontalBar	s	R1038 transcription
930^^	<IL>	R1038 transcription
930^_	<IL>	R1038 transcription
930^o	es	R1038 transcription
931	<IL>	R1038 transcription
"931^"""	ÿ	R1038 transcription
931^CircleWithHorizontalBar	zal	R1038 transcription
931^^	<IL>	R1038 transcription
931^_	noblesse	R1038 transcription
931^o	k	R1038 transcription
932	<IL>	R1038 transcription
"932^"""	daar	R1038 transcription
932^CircleWithHorizontalBar	den	R1038 transcription
932^^	subsidie	R1038 transcription
932^_	nog	R1038 transcription
932^o	ni	R1038 transcription
933	<IL>	R1038 transcription
"933^"""	een	R1038 transcription
933^CircleWithHorizontalBar	eeren	R1038 transcription
933^^	<IL>	R1038 transcription
933^_	nombre	R1038 transcription
933^o	t	R1038 transcription
934	<IL>	R1038 transcription
"934^"""	i	R1038 transcription
934^CircleWithHorizontalBar	i	R1038 transcription
934^^	succons	R1038 transcription
934^_	<IL>	R1038 transcription
934^o	<IL>	R1038 transcription
935	hoor	R1038 transcription
"935^"""	na	R1038 transcription
935^CircleWithHorizontalBar	n	R1038 transcription
935^^	<IL>	R1038 transcription
935^_	nota ?	R1038 transcription
935^o	<IL>	R1038 transcription
936	<IL>	R1038 transcription
"936^"""	te	R1038 transcription
936^CircleWithHorizontalBar	sa	R1038 transcription
936^^	c	R1038 transcription
936^_	notre	R1038 transcription
936^o	waak	R1038 transcription
937	dit Hot	R1038 transcription
"937^"""	z	R1038 transcription
937^CircleWithHorizontalBar	zÿn	R1038 transcription
937^^	ee	R1038 transcription
937^_	<IL>	R1038 transcription
937^o	<EMPTY>	R1038 transcription
938	<IL>	R1038 transcription
"938^"""	daad	R1038 transcription
938^CircleWithHorizontalBar	het Hof alhier	R1038 transcription
938^^	i	R1038 transcription
938^_	<IL>	R1038 transcription
938^o	waar	R1038 transcription
939	<IL>	R1038 transcription
"939^"""	daar	R1038 transcription
939^CircleWithHorizontalBar	het Ministerie	R1038 transcription
939^^	n	R1038 transcription
939^_	O	R1038 transcription
939^o	waarde	R1038 transcription
940	<IL>	R1038 transcription
"940^"""	daar door?	R1038 transcription
940^CircleWithHorizontalBar	de Sonaat	R1038 transcription
940^^	ss	R1038 transcription
940^_	oblig	R1038 transcription
940^o	waar na	R1038 transcription
941	<IL>	R1038 transcription
"941^"""	daaromtrent	R1038 transcription
941^CircleWithHorizontalBar	de Staats Raad	R1038 transcription
941^^	x	R1038 transcription
941^_	<IL>	R1038 transcription
941^o	waar op	R1038 transcription
942	hun	R1038 transcription
"942^"""	daar uit	R1038 transcription
942^CircleWithHorizontalBar	Minister	R1038 transcription
942^^	ce	R1038 transcription
942^_	<IL>	R1038 transcription
942^o	waar tve?	R1038 transcription
943	hÿ	R1038 transcription
"943^"""	dag	R1038 transcription
943^CircleWithHorizontalBar	Vice Cancelier	R1038 transcription
943^^	cen	R1038 transcription
943^_	occasion	R1038 transcription
943^o	wannur	R1038 transcription
944	<IL>	R1038 transcription
"944^"""	dagen	R1038 transcription
944^CircleWithHorizontalBar	de K? Groot Cancelier	R1038 transcription
944^^	i	R1038 transcription
944^_	<IL>	R1038 transcription
944^o	waren	R1038 transcription
945	<IL>	R1038 transcription
"945^"""	dat de	R1038 transcription
945^CircleWithHorizontalBar	de Vice Cancelier	R1038 transcription
945^^	na	R1038 transcription
945^_	<IL>	R1038 transcription
945^o	wat	R1038 transcription
946	<IL>	R1038 transcription
"946^"""	dat is	R1038 transcription
946^CircleWithHorizontalBar	de K? Vice Cancelier	R1038 transcription
946^^	t	R1038 transcription
946^_	<IL>	R1038 transcription
946^o	we	R1038 transcription
947	<IL>	R1038 transcription
"947^"""	<IL>	R1038 transcription
947^CircleWithHorizontalBar	de Graaf van Bastuchen?	R1038 transcription
947^^	ÿ	R1038 transcription
947^_	<IL>	R1038 transcription
947^o	week?	R1038 transcription
948	<IL>	R1038 transcription
"948^"""	de	R1038 transcription
948^CircleWithHorizontalBar	de Heer Panin	R1038 transcription
948^^	restitutie F	R1038 transcription
948^_	om	R1038 transcription
948^o	<IL>	R1038 transcription
949	<IL>	R1038 transcription
"949^"""	de	R1038 transcription
949^CircleWithHorizontalBar	de Prins ?	R1038 transcription
949^^	<IL>	R1038 transcription
949^_	om dat	R1038 transcription
949^o	wek	R1038 transcription
950	<IL>	R1038 transcription
"950^"""	<IL>	R1038 transcription
950^CircleWithHorizontalBar	de Senatuur	R1038 transcription
950^^	retir	R1038 transcription
950^_	<IL>	R1038 transcription
950^o	welke	R1038 transcription
951	<IL>	R1038 transcription
"951^"""	<IL>	R1038 transcription
951^CircleWithHorizontalBar	<EMPTY>	R1038 transcription
951^^	<IL>	R1038 transcription
951^_	<IL>	R1038 transcription
951^o	werde	R1038 transcription
952	<IL>	R1038 transcription
"952^"""	<IL>	R1038 transcription
952^CircleWithHorizontalBar	de Hertog Anthoni van Brunswÿk	R1038 transcription
952^^	reven	R1038 transcription
952^_	onder	contextual inference
952^o	worp	R1038 transcription
953	<IL>	R1038 transcription
"953^"""	<IL>	R1038 transcription
953^CircleWithHorizontalBar	de Princes Catherine	R1038 transcription
953^^	reus	R1038 transcription
953^_	be	R1038 transcription
953^o	welligheid	R1038 transcription
954	<IL>	R1038 transcription
"954^"""	defensie	R1038 transcription
954^CircleWithHorizontalBar	? den Keizer Yvan	R1038 transcription
954^^	<IL>	R1038 transcription
954^_	e	R1038 transcription
954^o	wezen	R1038 transcription
955	<IL>	R1038 transcription
"955^"""	dek	R1038 transcription
955^CircleWithHorizontalBar	<EMPTY>	R1038 transcription
955^^	<IL>	R1038 transcription
955^_	had	R1038 transcription
955^o	wier	R1038 transcription
956	<IL>	R1038 transcription
"956^"""	dem	R1038 transcription
956^CircleWithHorizontalBar	de Russische Armée	R1038 transcription
956^^	<IL>	R1038 transcription
956^_	le	R1038 transcription
956^o	wilde	R1038 transcription
957	<IL>	R1038 transcription
"957^"""	den	R1038 transcription
957^CircleWithHorizontalBar	het Russisch Cascader?	R1038 transcription
957^^	<IL>	R1038 transcription
957^_	op	R1038 transcription
957^o	winter	R1038 transcription
958	<IL>	R1038 transcription
"958^"""	depech	R1038 transcription
958^CircleWithHorizontalBar	de Cosakken	R1038 transcription
958^^	<IL>	R1038 transcription
958^_	ve	R1038 transcription
958^o	woest	R1038 transcription
959	<IL>	R1038 transcription
"959^"""	<IL>	R1038 transcription
959^CircleWithHorizontalBar	de general Veld? Maanschaft?	R1038 transcription
959^^	<IL>	R1038 transcription
959^_	bÿ	R1038 transcription
959^o	word	R1038 transcription
960	<IL>	R1038 transcription
"960^"""	<IL>	R1038 transcription
960^CircleWithHorizontalBar	<IL>	R1038 transcription
960^^	<IL>	R1038 transcription
960^_	e	R1038 transcription
960^o	worde	R1038 transcription
961	<IL>	R1038 transcription
"961^"""	disavantage	R1038 transcription
961^CircleWithHorizontalBar	een Soldaat	R1038 transcription
961^^	sa	R1038 transcription
961^_	heb	R1038 transcription
961^o	worden	R1038 transcription
962	<IL>	R1038 transcription
"962^"""	<IL>	R1038 transcription
962^CircleWithHorizontalBar	<IL>	R1038 transcription
962^^	sal	R1038 transcription
962^_	ll	R1038 transcription
962^o	wÿ	R1038 transcription
963	<IL>	R1038 transcription
"963^"""	<IL>	R1038 transcription
963^CircleWithHorizontalBar	<EMPTY>	R1038 transcription
963^^	Sa Majeste D	R1038 transcription
963^_	qu	R1038 transcription
963^o	wÿs	R1038 transcription
964	<IL>	R1038 transcription
"964^"""	<IL>	R1038 transcription
964^CircleWithHorizontalBar	de Broeders? Orloff	R1038 transcription
964^^	Sa Maj: Imperiale D	R1038 transcription
964^_	ver	R1038 transcription
964^o	ÿs	R1038 transcription
965	<IL>	R1038 transcription
"965^"""	<IL>	R1038 transcription
965^CircleWithHorizontalBar	<EMPTY>	R1038 transcription
965^^	<IL>	R1038 transcription
965^_	meme	R1038 transcription
965^o	zaa	R1038 transcription
966	<IL>	R1038 transcription
"966^"""	<IL>	R1038 transcription
966^CircleWithHorizontalBar	Oranjeboum	R1038 transcription
966^^	satisfactie	R1038 transcription
966^_	men	R1038 transcription
966^o	zal	R1038 transcription
967	a	R1038 transcription
"967^"""	<IL>	R1038 transcription
967^CircleWithHorizontalBar	Stad/Staat?	R1038 transcription
967^^	<IL>	R1038 transcription
967^_	menaca?	R1038 transcription
967^o	ze	R1038 transcription
968	de	R1038 transcription
"968^"""	dien	R1038 transcription
968^CircleWithHorizontalBar	St Petersburg	R1038 transcription
968^^	scha?	R1038 transcription
968^_	mensch	R1038 transcription
968^o	zeer	R1038 transcription
969	en	R1038 transcription
"969^"""	<IL>	R1038 transcription
969^CircleWithHorizontalBar	Reval	R1038 transcription
969^^	scherd	R1038 transcription
969^_	<IL>	R1038 transcription
969^o	zeker?	R1038 transcription
970	in	R1038 transcription
"970^"""	diffense?	R1038 transcription
970^CircleWithHorizontalBar	<IL>	R1038 transcription
970^^	<IL>	R1038 transcription
970^_	<IL>	R1038 transcription
970^o	<IL>	R1038 transcription
971	o	R1038 transcription
"971^"""	<IL>	R1038 transcription
971^CircleWithHorizontalBar	Liberien	R1038 transcription
971^^	<IL>	R1038 transcription
971^_	merk/mert?	R1038 transcription
971^o	Men Zegd	R1038 transcription
972	te	R1038 transcription
"972^"""	<IL>	R1038 transcription
972^CircleWithHorizontalBar	de Volga	R1038 transcription
972^^	schrÿren?	R1038 transcription
972^_	met de	R1038 transcription
972^o	zeile?	R1038 transcription
973	a	R1038 transcription
"973^"""	diserus?	R1038 transcription
973^CircleWithHorizontalBar	de Tartaren	R1038 transcription
973^^	<IL>	R1038 transcription
973^_	mi	R1038 transcription
973^o	zele	R1038 transcription
974	den	R1038 transcription
"974^"""	disput	R1038 transcription
974^CircleWithHorizontalBar	de Tartaaren	R1038 transcription
974^^	se	R1038 transcription
974^_	mÿ	R1038 transcription
974^o	<IL>	R1038 transcription
975	er	R1038 transcription
"975^"""	dit	R1038 transcription
975^CircleWithHorizontalBar	<EMPTY>	R1038 transcription
975^^	<IL>	R1038 transcription
975^_	mÿn	R1038 transcription
975^o	zelver	R1038 transcription
976	is	R1038 transcription
"976^"""	dit huss	R1038 transcription
976^CircleWithHorizontalBar	<IL>	R1038 transcription
976^^	sedert?	R1038 transcription
976^_	min	R1038 transcription
976^o	zende	R1038 transcription
977	of	R1038 transcription
"977^"""	dit meci?	R1038 transcription
977^CircleWithHorizontalBar	<EMPTY>	R1038 transcription
977^^	selon	R1038 transcription
977^_	de Minister von F	R1038 transcription
977^o	<IL>	R1038 transcription
978	teit	R1038 transcription
"978^"""	doch	R1038 transcription
978^CircleWithHorizontalBar	Envoÿe van dit Hof	R1038 transcription
978^^	<IL>	R1038 transcription
978^_	minst	R1038 transcription
978^o	zie	R1038 transcription
979	<IL>	R1038 transcription
"979^"""	<IL>	R1038 transcription
979^CircleWithHorizontalBar	de Prins Galletzin	R1038 transcription
979^^	<IL>	R1038 transcription
979^_	<IL>	R1038 transcription
979^o	zig	R1038 transcription
980	<IL>	R1038 transcription
"980^"""	<IL>	R1038 transcription
980^CircleWithHorizontalBar	de gr: van Woronzow	R1038 transcription
980^^	<IL>	R1038 transcription
980^_	moder	R1038 transcription
980^o	zigtiglÿk	R1038 transcription
981	haar Majest F	R1038 transcription
"981^"""	<IL>	R1038 transcription
981^CircleWithHorizontalBar	<EMPTY>	R1038 transcription
981^^	ses	R1038 transcription
981^_	<IL>	R1038 transcription
981^o	zo	R1038 transcription
982	had	R1038 transcription
"982^"""	donn?	R1038 transcription
982^CircleWithHorizontalBar	<IL>	R1038 transcription
982^^	si	R1038 transcription
982^_	moge	R1038 transcription
982^o	zo cen?	R1038 transcription
983	half	R1038 transcription
"983^"""	<IL>	R1038 transcription
983^CircleWithHorizontalBar	de H van Costen	R1038 transcription
983^^	sig	R1038 transcription
983^_	mogle	R1038 transcription
983^o	zo zal	R1038 transcription
984	hand	R1038 transcription
"984^"""	<IL>	R1038 transcription
984^CircleWithHorizontalBar	<EMPTY>	R1038 transcription
984^^	sitte?	R1038 transcription
984^_	<EMMPTY>	R1038 transcription
984^o	zondag	R1038 transcription
985	<IL>	R1038 transcription
"985^"""	<IL>	R1038 transcription
985^CircleWithHorizontalBar	<EMPTY>	R1038 transcription
985^^	<IL>	R1038 transcription
985^_	mois	R1038 transcription
985^o	<IL>	R1038 transcription
986	hauteur	R1038 transcription
"986^"""	<IL>	R1038 transcription
986^CircleWithHorizontalBar	<EMPTY>	R1038 transcription
986^^	soil/soit?	R1038 transcription
986^_	mon	R1038 transcription
986^o	zonderlÿk	R1038 transcription
987	heb	R1038 transcription
"987^"""	dres?	R1038 transcription
987^CircleWithHorizontalBar	<EMPTY>	R1038 transcription
987^^	<IL>	R1038 transcription
987^_	Monsieur D	R1038 transcription
987^o	zorge fraagen?	R1038 transcription
988	hebt	R1038 transcription
"988^"""	<IL>	R1038 transcription
988^CircleWithHorizontalBar	1762	R1038 transcription
988^^	son	R1038 transcription
988^_	Monsieur de	R1038 transcription
988^o	zou?	R1038 transcription
989	heden	R1038 transcription
"989^"""	<EMPTY>	R1038 transcription
989^CircleWithHorizontalBar	1767	R1038 transcription
989^^	<IL>	R1038 transcription
989^_	<IL>	R1038 transcription
989^o	<IL>	R1038 transcription
990	heeft	R1038 transcription
"990^"""	<IL>	R1038 transcription
990^CircleWithHorizontalBar	1772	R1038 transcription
990^^	-  - Sin Excellence D	R1038 transcription
990^_	<IL>	R1038 transcription
990^o	<IL>	R1038 transcription
991	heen?	R1038 transcription
"991^"""	<IL>	R1038 transcription
991^CircleWithHorizontalBar	1777	R1038 transcription
991^^	<EMPTY>	R1038 transcription
991^_	naam	R1038 transcription
991^o	<IL>	R1038 transcription
992	<IL>	R1038 transcription
"992^"""	<IL>	R1038 transcription
992^CircleWithHorizontalBar	Maart	R1038 transcription
992^^	sont	R1038 transcription
992^_	naar?	R1038 transcription
992^o	<IL>	R1038 transcription
993	<IL>	R1038 transcription
"993^"""	<IL>	R1038 transcription
993^CircleWithHorizontalBar	Augustÿ	R1038 transcription
993^^	<IL>	R1038 transcription
993^_	na dal	R1038 transcription
993^o	<IL>	R1038 transcription
994	heid	R1038 transcription
"994^"""	<IL>	R1038 transcription
994^CircleWithHorizontalBar	Voorjaar	R1038 transcription
994^^	<IL>	R1038 transcription
994^_	nalaat	R1038 transcription
994^o	<IL>	R1038 transcription
995	heid	R1038 transcription
"995^"""	<IL>	R1038 transcription
995^CircleWithHorizontalBar	Winter	R1038 transcription
995^^	spe	R1038 transcription
995^_	naturlÿk	R1038 transcription
995^o	<IL>	R1038 transcription
996	hem	R1038 transcription
"996^"""	<IL>	R1038 transcription
996^CircleWithHorizontalBar	dag	R1038 transcription
996^^	spect?	R1038 transcription
996^_	navigueerd	R1038 transcription
996^o	<IL>	R1038 transcription
997	hen	R1038 transcription
"997^"""	<IL>	R1038 transcription
997^CircleWithHorizontalBar	Voorleede	R1038 transcription
997^^	sprak	R1038 transcription
997^_	ne	R1038 transcription
997^o	zÿn Majesties? F	R1038 transcription
998	<IL>	R1038 transcription
"998^"""	<IL>	R1038 transcription
998^CircleWithHorizontalBar	donderdag	R1038 transcription
998^^	son	R1038 transcription
998^_	<IL>	R1038 transcription
998^o	a	R1038 transcription
999	het	R1038 transcription
"999^"""	<IL>	R1038 transcription
999^CircleWithHorizontalBar	tien	R1038 transcription
999^^	staat	R1038 transcription
999^_	<IL>	R1038 transcription
999^o	den	R1038 transcription
