index	code	transcribed_group	plaintext
1	52	5 2	dit
2	"132^"""	1^'' 3 2	alles
3	550	5 5 0	ge
4	381^^	3 8^^ 1	pa
5	"374^"""	3 7^'' 4	ar
6	109^^	1 0^^ 9	met
7	223^o	2^o 2 3	beele
8	"217^"""	2^'' 1 7	andere
9	800^_	8^_ 0^_ 0^_	
10	"784^"""	^_ 7^'' 8 4	S
11	"780^"""	7^'' 8 0	c
12	"858^"""	8^'' 5 8	hÿ
13	"929^"""	9^'' 2 9	n
14	86	8 6	en
15	"59^"""	5^'' 9	als
16	34^_	3^_ 4^_	
17	18^o	1^o 8	d
18	5	5	i
19	36^^	3^^ 6	c
20	25^_	2^_ 5^_	ie
21	674	6 7 4	n
22	181^o	1 8^o 1	te
23	90	9 0	zÿn
24	254^CircleWithHorizontalBar	2^+ 5 4	welke
25	26	2 6	de
26	153^_	1 5^_ 3^_	hier
27	731^o	7^o 3 1	voor
28	550	5 5 0	ge
29	26	2 6	de
30	22^o	2^o 2	la
31	108^_	1^_ 0^_ 8^_	
32	311	3 1 1	l
33	391	3 9 1	eerde
34	917^^	9 1^^ 7	
35	253^CircleWithHorizontalBar	^_ 2 5^+ 3	weg
36	191	1 9 1	ens
37	2	2	een
38	252	2 5 2	effect
39	25^_	2^_ 5^_	ie
40	377	3 7 7	f
41	132^CircleWithHorizontalBar	1 3^+ 2	zo
42	777^_	7 7^_ 7	nict?
43	613^^	6 1^^ 3	reeds?
44	833^^	8^^ 3 3	[ge]sloten
45	414^o	4 1^o 4	ten
46	978^_	9 7^_ 8^_	minst
47	86	8 6	en
48	366^^	3 6^^ 6	op
49	151^_	1 5^_ 1^_	het
50	22^o	2^o 2	la
51	450	4 5 0	p
52	748	7 4 8	ÿ
53	16^o	1 6^o	t
54	144^CircleWithHorizontalBar	1 4^+ 4	zÿnde?
55	"57^"""	5^'' 7	allientie
56	363^o	3 6^o 3	tusschen
57	25	2 5	de
58	370^_	3^_ 7^_ 0	oorlogend
59	37^^	3^^ 7	e
60	13^_	1^_ 3^_	hot
61	86^_	^_ 8 6	
62	289^o	2 8^o 9	V
63	526^^	5^^ 2 6	ra
64	869^^	8^^ 6 9	n
65	413^^	4^^ 1 3	k
66	884^^	8^^ 8 4	rÿk
67	45^CircleWithHorizontalBar	4^+ 5	zeer
68	18^CircleWithHorizontalBar	1^+ 8	waarschÿlÿk
69	330^_	3^_ 3^_ 0	maaden
70	29^_	2^_ 9^_	ik
71	"407^"""	4^'' 0 7	ben
72	60^^	6^^ 0	ock
73	34^_	3 4^_	
74	151^_	1^_ 5^_ 1^_	het
75	46^CircleWithHorizontalBar	4^+ 6	zeker?
76	37^^	3^^ 7	e
77	38^_	3^_ 8^_	
78	743^_	^_ 7 4 3	mentie
79	26	2 6	de
80	750^_	7^_ 5^_ 0^_	Minister F
81	380	3 8 0	van
82	563^^	5^^ 6 3	p
83	788^^	7^^ 8 8	r
84	719^^	7^^ 1 9	u
85	748	7 4 8	ÿ
86	940^^	9^^ 4 0	ss
87	"514^"""	5 1^'' 4	chi
88	"929^"""	9^'' 2 9	n
89	132^CircleWithHorizontalBar	1 3^+ 2	zo
90	26^CircleWithHorizontalBar	2^+ 6	wel
91	"59^"""	5^'' 9	als
92	474^CircleWithHorizontalBar	4^+ 7 4	de Charge Affaire van
93	333	3 3 3	en
94	448	4 4 8	ge
95	311^_	3^_ 1^_ 1^_	land
96	366^^	3^^ 6 6	op
97	26	2 6	de
98	488^o	4 8^o 8	tegenvoordig
99	37^^	3^^ 7	e
100	137^_	1 3^_ 7^_	handel
101	114^_	1^_ 1^_ 4	ing[en]
102	"53^"""	5^'' 3	alhier?
103	380	3 8 0	van
104	62^^	6^^ 2	oost
105	341^^	3^^ 4 1	en
106	884^^	8^^ 8 4	rÿk
107	86	8 6	en
108	289^o	2 8^o 9	V
109	526^^	5 2^^ 6	ra
110	869^^	8^^ 6 9	n
111	413^^	4^^ 1 3	k
112	884^^	8 8^^ 4	rÿk
113	2	2	een
114	"728^"""	7 2^'' 8	by zonder
115	37^^	3^^ 7	e
116	366^^	3 6^^ 6	op
117	621^_	6^_ 2^_ 1	let
118	190^o	1^o 9 0	tent
119	71^_	7^_ 1^_	heid
120	216^_	2^_ 1^_ 6	hetten
121	550	5 5 0	ge
122	89	8 9	s
123	417	4 1 7	est
124	28^_	2^_ 8^_	
125	161	1 6 1	ta
126	158	1 5 8	en
127	132^CircleWithHorizontalBar	1 3^+ 2	zo
128	"59^"""	5^'' 9	als
129	29^_	2 9^_	ik
130	889^_	8 8^_ 9	van den
131	68^_	6^_ 8^_	heer
132	563^^	5^^ 6 3	p
133	788^^	7^^ 8 8	r
134	719^^	7 1^^ 9	u
135	748	7 4 8	ÿ
136	940^^	9^^ 4 0	ss
137	"514^"""	5^'' 1 4	chi
138	"929^"""	9^'' 2 9	n
139	618^_	6^_ 1^_ 8^_	leg
140	"152^"""	1 5^'' 2	
141	5	5	i
142	121^^	1 2^^ 1	ons
143	677^^	6^^ 7 7	raad
144	280^_	2^_ 8^_ 0	h
145	692^o	6^o 9 2	ut
146	161	1 6 1	ta
147	327	3 2 7	ei
148	26^CircleWithHorizontalBar	2^+ 6	wel
149	33^^	3^^ 3	m
150	2	2	een
151	227^o	2^o 2 7	ver
152	923^^	9^^ 2 3	staan
153	181^o	1 8^o 1	te
154	216^_	2^_ 1^_ 6	hetten
155	132^CircleWithHorizontalBar	1^_ 3^+ 2^_	zo
156	831^_	8^_ 3^_ 1^_	meet
157	178	1 7 8	
158	715	7 1 5	beid
159	37^^	3^^ 7	e
160	750^_	7^_ 5^_ 0^_	Minister F
161	497	4 9 7	even
162	731^o	7 3^o 1	voor
163	21^^	2^^ 1	
164	414^o	4^o 1 4	ten
165	344^o	3^o 4 4	tÿd
166	883^_	8^_ 8^_ 3	van de
167	153^_	1^_ 5^_ 3^_	hier
168	584^o	5 8^o 4	voorgemeld
169	37^^	3^^ 7	e
170	"617^"""	6^'' 1 7	
171	380^_	^_ 3 8 0	krÿgen?
172	117^^	1 1^^ 7	w
173	78	7 8	
174	486^o	4 8^o 6	teffens
175	613^^	6^^ 1 3	reeds?
176	265^_	2^_ 6^_ 5	
177	380^_	^_ 3 8 0	krÿgen?
178	90	9 0	zÿn
179	13^_	1^_ 3^_	hot
180	216^_	2 1^_ 6	hetten
181	"311^"""	3^'' 1 1	be
182	373^_	3 7^_ 3	komen
183	254^CircleWithHorizontalBar	2 5^+ 4^_	welke
184	149^_	1^_ 4^_ 9^_	hem
185	387	3 8 7	eenige
186	"274^"""	2^'' 7 4	advert
187	482	4 8 2	entie
188	216^_	2 1^_ 6	hetten
189	695^_	6^_ 9^_ 5^_	
190	550	5 5 0	ge
191	"801^"""	8^'' 0 1	dut
192	161	1 6 1	ta
193	380	3 8 0	van
194	34^_	3 4^_	
195	18^o	1^o 8	d
196	5	5	i
197	36^^	3^^ 6	c
198	25^_	2^_ 5^_	ie
199	674	6 7 4	n
200	86	8 6	en
201	952^_	9^_ 5^_ 2	onder
202	30^o	3^o 0	riet
203	114^_	1^_ 1^_ 4^_	ing[en]
204	254^CircleWithHorizontalBar	^_ 2 5^+ 4	welke
205	39^^	3^^ 9	men
206	7	7	te
207	381	3 8 1	b
208	196	1 9 6	er
209	311	3 1 1	l
210	748	7 4 8	ÿ
211	674	6 7 4	n
212	380	3 8 0	van
213	117^^	1 1^^ 7	w
214	78	7 8	
215	381^_	3 8^_ 1^_	kunnen?
216	216^_	2^_ 1^_ 6	hetten
217	851	8 5 1	
218	743	7 4 3	dak?
219	196	1 9 6	er
220	5^^	5^^	ng
221	27^_	2 7^_	ig
222	"574^"""	5^'' 7 4	by
223	151^_	1^_ 5^_ 1^_	het
224	535^_	5^_ 3^_ 5	laast ?
225	13^_	1^_ 3^_	hot
226	253^CircleWithHorizontalBar	2 5^+ 3	weg
227	191	1 9 1	ens
228	26	2 6	de
229	812^o	8^o 1 2	voornocond?
230	37^^	3^^ 7	e
231	"57^"""	5^'' 7	allientie
232	109^^	1 0^^ 9	met
233	289^o	2 8^o 9	V
234	526^^	5 2^^ 6	ra
235	869^^	8^^ 6 9	n
236	413^^	4^^ 1 3	k
237	884^^	8^^ 8 4	rÿk
238	34^_	3 4^_	
239	161	1 6 1	ta
240	108^_	1^_ 0^_ 8^_	
241	96^CircleWithHorizontalBar	9^+ 6	was
242	86	8 6	en
243	26^CircleWithHorizontalBar	2^+ 6	wel
244	690^_	6^_ 9^_ 0^_	
245	743	7 4 3	dak?
246	26	2 6	de
247	665^o	6^o 6 5	vorst
248	36^^	3^^ 6	c
249	"368^"""	3^'' 6 8	an
250	"583^"""	5^'' 8 3	ce
251	311	3 1 1	l
252	25^_	2 5^_	ie
253	34^^	3^^ 4	r
254	47^_	4^_ 7^_	l
255	156	1 5 6	a
256	41^^	4^^ 1	u
257	674	6 7 4	n
258	365^_	3 6^_ 5^_	it
259	186^^	1 8^^ 6	s
260	"969^"""	9^'' 6 9	
261	4	4	een
262	450	4 5 0	p
263	311	3 1 1	l
264	"368^"""	3^'' 6 8	an
265	21^^	2^^ 1	
266	511^^	5^^ 1 1	project
267	952^_	9 5^_ 2^_	onder
268	984	9 8 4	hand
269	158^_	^_ 1 5 8	
270	34^_	3 4^_	
271	114^^	1 1^^ 4	het
272	256^CircleWithHorizontalBar	2 5^+ 6	werk
273	211^_	2 1^_ 1^_	hadde
274	25^^	2^^ 5	om
275	"104^"""	1^'' 0 4	aan
276	130	1 3 0	dit Hof
277	86	8 6	en
278	"104^"""	1^'' 0 4	aan
279	289^o	2^o 8 9	V
280	526^^	5^^ 2 6	ra
281	869^^	8^^ 6 9	n
282	413^^	4^^ 1 3	k
283	884^^	8^^ 8 4	rÿk
284	550	5 5 0	ge
285	588^^	5^^ 8 8	propon
286	750	7 5 0	cerd
287	7	7	te
288	112^CircleWithHorizontalBar	1 1^+ 2	worden
289	331^_	3 3^_ 1^_	maar
290	743	7 4 3	dak?
291	26	2 6	de
292	"617^"""	6^'' 1 7	
293	51^CircleWithHorizontalBar	^_ 5 1^+	zelfs
294	109^^	1 0^^ 9	met
295	26	2 6	de
296	783^_	7^_ 8^_ 3^_	
297	37^^	3^^ 7	e
298	42^_	4^_ 2^_	
299	"968^"""	^_ 9^'' 6 8	dien
300	"333^"""	3^'' 3 3	aangeende
301	"104^"""	1 0^'' 4	aan
302	26	2 6	de
303	62^^	6^^ 2	oost
304	341^^	3 4^^ 1	en
305	884^^	8^^ 8 4	rÿk
306	974^^	9^^ 7 4	se
307	"366^"""	3^'' 6 6	ambassadeur
308	"53^"""	5^'' 3	alhier?
309	158	1 5 8	en
310	7	7	te
311	158^^	1 5^^ 8	par
312	748	7 4 8	ÿ
313	186^^	1^^ 8 6	s
314	"199^"""	1^'' 9 9	af
315	204^CircleWithHorizontalBar	2^+ 0 4	zenden
316	150^o	1 5^o 0	st
317	877^_	8 7^_ 7	ond
318	86	8 6	en
319	7	7	te
320	112^CircleWithHorizontalBar	1 1 2^+	worden
321	29^_	2 9^_	ik
322	175^CircleWithHorizontalBar	1 7^+ 5^_	weet
323	60^^	6^^ 0	ock
324	743	7 4 3	dak?
325	474^CircleWithHorizontalBar	4^+ 7 4	de Charge Affaire van
326	333	3 3 3	en
327	448	4 4 8	ge
328	311^_	3^_ 1^_ 1^_	land
329	366^^	3^^ 6 6	op
330	34	3 4	den
331	772^_	7 7^_ 2	negen
332	26	2 6	de
333	"814^"""	8^'' 1 4	deze
334	34^^	3^^ 4	r
335	4	4	een
336	"617^"""	6^'' 1 7	
337	380	3 8 0	van
338	153^_	1 5^_ 3^_	hier
339	300^^	3^^ 0 0	over
340	381	3 8 1	b
341	196	1 9 6	er
342	311	3 1 1	l
343	748	7 4 8	ÿ
344	674	6 7 4	n
345	746	7 4 6	na
346	311	3 1 1	l
347	877^_	8^_ 7^_ 7	ond
348	86	8 6	en
349	7	7	te
350	883^^	8^^ 8 3	rug
351	204^CircleWithHorizontalBar	2 0^+ 4^_	zenden
352	25	2 5	de
353	26^CircleWithHorizontalBar	2^+ 6	wel
354	715	7 1 5	beid
355	37^^	3^^ 7	e
356	68^_	6^_ 8^_	heer
357	563^^	5^^ 6 3	p
358	788^^	7 8^^ 8	r
359	719^^	7^^ 1 9	u
360	748	7 4 8	ÿ
361	940^^	9^^ 4 0	ss
362	"514^"""	5^'' 1 4	chi
363	"929^"""	9^'' 2 9	n
364	16	1 6	daar
365	495^_	4^_ 9^_ 5	
366	112	1 1 2	depeche
367	143^_	^_ 1^_ 4^_ 3^_	heeft
368	"199^"""	1^'' 9 9	af
369	204^CircleWithHorizontalBar	2^+ 0^_ 4	zenden
370	581^^	^_ 5^^ 8 1	principaal
371	114^^	1^^ 1 4	het
372	737^o	7 3^o 7	bewuste
373	159^o	1 5^o 9	suspect
374	"600^"""	6^'' 0 0	
375	80	8 0	eeron
376	26	2 6	de
377	243^CircleWithHorizontalBar	2 4^+ 3	waar bÿ
378	862^o	8^o 6 2	verslag
379	86	8 6	en
380	456^^	4^^ 5 6	rapport
381	773	7 7 3	gedaan
382	143^_	1^_ 4^_ 3^_	heeft
383	883^_	8 8^_ 3^_	van de
384	"104^"""	1^'' 0 4	aan
385	297^_	2^_ 9^_ 7	kom
386	150^o	1 5^o 0	st
387	883^_	8 8^_ 3^_	van de
388	584^o	5 8^o 4	voorgemeld
389	37^^	3^^ 7	e
390	62^^	6^^ 2	oost
391	341	3 4 1	
392	884^^	8^^ 8 4	rÿk
393	974^^	9^^ 7 4	se
394	"617^"""	6^'' 1 7	
395	86^_	^_ 8 6	
396	114^^	1^^ 1 4	het
397	705	7 0 5	geene
398	149^_	1^_ 4^_ 9	hem
399	36^^	3^^ 6 ?	c
400	366^^	3^^ 6 6	op
401	114^^	1^^ 1 4	het
402	159^o	1 5^o 9	suspect
403	883^_	8^_ 8^_ 3	van de
404	773	7 7 3	gedaan
405	37^^	3^^ 7	e
406	738^^	7^^ 3 8	propositie F
407	86^_	^_ 8 6	
408	"898^"""	8^'' 9 8	dispotetis
409	91^CircleWithHorizontalBar	^_ 9^+ 1^_	waar
410	34^_	3 4^_	
411	39^^	3^^ 9	men
412	"53^"""	5^'' 3	alhier?
413	969	9 6 9	en
414	87	8 7	is
415	731^o	7^o 3 1	voor
416	373^_	3 7^_ 3^_	komen
417	96^CircleWithHorizontalBar	^_ 9^+ 6	was
418	26	2 6	de
419	"419^"""	4^'' 1 9	brief?
420	254^CircleWithHorizontalBar	^_ 2 5^+ 4	welke
421	474^CircleWithHorizontalBar	4^+ 7 4	de Charge Affaire van
422	333	3 3 3	en
423	448	4 4 8	ge
424	311^_	3 1^_ 1	land
425	109^^	1 0^^ 9	met
426	34	3 4	den
427	279^CircleWithHorizontalBar	2 7^+ 9	zelfste
428	90	9 0	zÿn
429	"617^"""	6^'' 1 7	
430	746	7 4 6	na
431	90	9 0	zÿn
432	13^_	1^_ 3^_	hot
433	"199^"""	1^'' 9 9	af
434	204^CircleWithHorizontalBar	2 0^+ 4	zenden
435	143^_	^_ 1 4^_ 3^_	heeft
436	34^^	3^^ 4	r
437	147^^	1 4^^ 7	ou
438	311	3 1 1	l
439	80	8 0	eeron
440	234^_	2^_ 3^_ 4	
441	42^CircleWithHorizontalBar	4^+ 2^_	zaak
442	37^^	3^^ 7	e
443	404^_	4^_ 0^_ 4	lijk
444	60^^	6^^ 0	ock
445	300^^	3^^ 0 0	over
446	26	2 6	de
447	737^o	7 3^o 7	bewuste
448	645^_	6^_ 4^_ 5^_	
449	86	8 6	en
450	"315^"""	3^'' 1 5	beid
451	132^CircleWithHorizontalBar	1 3^+ 2	zo
452	26^CircleWithHorizontalBar	2^+ 6	wel
453	"818^"""	8^'' 1 8	different
454	"59^"""	5^'' 9	als
455	26	2 6	de
456	750^_	7^_ 5^_ 0	Minister F
457	380	3 8 0	van
458	563^^	5^^ 6 3	p
459	788^^	7^^ 8 8	r
460	719^^	7^^ 1 9	u
461	748	7 4 8	ÿ
462	940^^	9^^ 4 0	ss
463	"514^"""	5^'' 1 4	chi
464	"929^"""	9^'' 2 9	n
465	293^CircleWithHorizontalBar	2^+ 9 3	zoude?
466	674	6 7 4	n
467	746	7 4 6	na
468	265^_	2 6^_ 5	
469	121	1 2 1	dic
470	115^^	1 1^^ 5	mÿ
471	380	3 8 0	van
472	806	8 0 6	
473	34^^	3^^ 4	r
474	984	9 8 4	hand
475	707	7 0 7	geven?
476	90^_	^_ 9 0	dit Hot
477	34	3 4	den
478	75^o	7^o 5	staat
479	380	3 8 0	van
480	"814^"""	8^'' 1 4	deze
481	1^^	1^^	negociatie
482	"59^"""	5^'' 9	als
483	380	3 8 0	van
484	26	2 6	de
485	609^o	6^o 0 9	uit
486	196	1 9 6	er
487	850^^	8^^ 5 0	ste?
488	"104^"""	1 0^'' 4	aan
489	18^o	1 8^o	d
490	528^^	5^^ 2 8	rang
491	144^CircleWithHorizontalBar	1^+ 4^_ 4	zÿnde?
492	"574^"""	5^'' 7 4	by
493	741	7 4 1	haar
494	37^^	3^^ 7	e
495	584^o	5 8^o 4	voorgemeld
496	37^^	3^^ 7	e
497	456^^	4^^ 5 6	rapport
498	495^_	4^_ 9^_ 5	
499	216^_	2^_ 1^_ 6	hetten
500	731^o	7^o 3 1	voor
501	3^o	3^o	stel
502	417^o	^_ 4^o 1 7	ter
503	190^CircleWithHorizontalBar	1 9^+ 0	wÿl
504	"104^"""	1 0^'' 4	aan
505	607^o	6 0^o 7	U HoogEdelGestrenge
506	"355^"""	3^'' 5 5	aldus
507	862^o	8^o 6 2	verslag
508	18^o	1^o 8	d
509	91^o	9^o 1	o
510	37^^	3^^ 7	e
511	380	3 8 0	van
512	"128^"""	1 2^'' 8	al'
513	114^^	1 1^^ 4	het
514	705	7 0 5	geene
515	115^^	1 1^^ 5	mÿ
516	366^^	3 6^^ 6	op
517	114^^	1 1^^ 4	het
518	737^o	7^o 3 7	bewuste
519	159^o	1^o 5 9	suspect
520	731^o	7^o 3 1	voor
521	373^_	3^_ 7^_ 3	komen
522	87	8 7	is
523	158	1 5 8	en
524	380	3 8 0	van
525	26	2 6	de
526	"818^"""	8^'' 1 8	different
527	37^^	3^^ 7	e
528	845	8 4 5	gedackt
529	"530^"""	^_ 5^'' 3 0	
530	86	8 6	en
531	158	1 5 8	en
532	917^^	9^^ 1 7	
533	254^CircleWithHorizontalBar	^_ 2^+ 5^_ 4	welke
534	"53^"""	5^'' 3	alhier?
535	"969^"""	9^'' 6 9	
536	34^^	3^^ 4	r
537	877^_	8 7^_ 7	ond
538	619	6 1 9	gaan
539	132^CircleWithHorizontalBar	1 3^+ 2^_	zo
540	460^_	4 6^_ 0^_	laat?
541	29^_	2 9^_	ik
542	"104^"""	1 0^'' 4	aan
543	4	4	een
544	174^^	1 7^^ 4	plaats
545	114^^	1^^ 1 4	het
546	572^_	5^_ 7^_ 2	meer
547	21^^	2^^ 1	
548	976^_	9^_ 7^_ 6	min
549	113	1 1 3	der
550	831	8 3 1	fond
551	156	1 5 6	a
552	668^_	6^_ 6^_ 8	ment
553	743	7 4 3	dak?
554	26	2 6	de
555	42^CircleWithHorizontalBar	4^+ 2^_	zaak
556	731^o	7 3^o 1	voor
557	86	8 6	en
558	366^^	3^^ 6 6	op
559	206^CircleWithHorizontalBar	2 0^+ 6	zig
560	444^_	4 4^_ 4	kan
561	216^_	2^_ 1^_ 6	hetten
562	86	8 6	en
563	21^^	2^^ 1	
564	86	8 6	en
565	34^_	3^_ 4^_	
566	3^_	3^_	
567	633^o	6 3^o 3	verre
568	822^^	8 2^^ 2	se
569	"968^"""	9^'' 6 8	dien
570	729^o	7 2^o 9	volgen
571	26	2 6	de
572	408^_	4 0^_ 8^_	mag
573	85^o	8 5^o	
574	331^_	3 3^_ 1^_	maar
575	114^^	1 1^^ 4	het
576	450^_	4^_ 5^_ 0^_	komt
577	115^^	1^^ 1 5	mÿ
578	731^o	7 3^o 1	voor
579	743	7 4 3	dak?
580	26	2 6	de
581	705	7 0 5	geene
582	254^CircleWithHorizontalBar	2 5^+ 4^_	welke
583	26	2 6	de
584	110^^	1 1^^ 0	ro
585	"128^"""	1 2^'' 8	al'
586	517^_	5 1^_ 7^_	iteet/ideet?
587	883^_	8 8^_ 3^_	van de
588	283	2 8 3	ex
589	87	8 7	is
590	414^o	4^o 1 4	ten
591	343^o	3^o 4 3	tu
592	380	3 8 0	van
593	114^^	1 1^^ 4	het
594	584^o	5^o 8 4	voorgemeld
595	37^^	3^^ 7	e
596	511^^	5^^ 1 1	project
597	380	3 8 0	van
598	161	1 6 1	ta
599	802^^	8^^ 0 2	ri
600	450	4 5 0	p
601	540^_	5 4^_ 0^_	le
602	"57^"""	5^'' 7	allientie
603	363^o	3 6^o 3	tusschen
604	26	2 6	de
605	370^_	3^_ 7^_ 0^_	oorlogend
606	37^^	3 7^^	e
607	13^_	1 3^_	hot
608	158^_	^_ 1 5 8	
609	289^o	2^o 8 9	V
610	526^^	5^^ 2 6	ra
611	869^^	8^^ 6 9	n
612	413^^	4^^ 1 3	k
613	884^^	8^^ 8 4	rÿk
614	158	1 5 8	en
615	26	2 6	de
616	1^^	1^^	negociatie
617	"969^"""	9 6^'' 9	
618	"53^"""	5^'' 3	alhier?
619	114^^	1 1^^ 4	het
620	343^_	3 4^_ 3	
621	417	4 1 7	est
622	918^^	9^^ 1 8	
623	80	8 0	eeron
624	132^CircleWithHorizontalBar	1^_ 3^+ 2^_	zo
625	777^_	7^_ 7^_ 7^_	nict?
626	414^o	4^o 1 4	ten
627	2	2	een
628	406^_	4^_ 0^_ 6^_	man?
629	"572^"""	5^'' 7 2	
630	34	3 4	den
631	406^^	4^^ 0 6	politique
632	674	6 7 4	n
633	812	8 1 2	ha
634	"15^"""	1^'' 5	a
635	47^_	4^_ 7^_	l
636	136^^	1 3^^ 6	oor
637	"801^"""	8^'' 0 1	dut
638	943^o	9^o 4 3	wannur
639	822^^	8^^ 2 2	se
640	198^o	1^o 9 8	tot
641	"71^"""	7^'' 1	
642	380	3 8 0	van
643	"968^"""	9^'' 6 8	dien
644	380	3 8 0	van
645	845^_	8 4 5 ^_	navigatie
646	90	9 0	zÿn
647	158	1 5 8	en
648	206^CircleWithHorizontalBar	2^+ 0^_ 6	zig
649	227^o	2 2^o 7	ver
650	46^CircleWithHorizontalBar	4^+ 6^_	zeker?
651	161	1 6 1	ta
652	940	9 4 0	
653	743	7 4 3	dak?
654	15^_	1^_ 5^_	
655	117^^	1 1^^ 7	w
656	78	7 8	
657	228^_	2 2^_ 8^_	
658	"104^"""	1^'' 0 4	aan
659	26	2 6	de
660	4	4	een
661	596^_	5^_ 9^_ 6^_	kant
662	39	3 9	hun
663	"487^"""	4^'' 8 7	bew
664	767^o	7 6^o 7	us
665	251^o	2^o 5 1	te
666	59^^	5 9^^	oog
667	971^_	9 7^_ 1^_	merk/mert?
668	366^^	^_ 3^^ 6 6	op
669	381	3 8 1	b
670	37^^	3 7^^	e
671	748	7 4 8	ÿ
672	196	1 9 6	er
673	86	8 6	en
674	784	7 8 4	gelÿk
675	"311^"""	3^'' 1 1	be
676	598^_	5^_ 9^_ 8	ken
677	161	1 6 1	ta
678	781	7 8 1	geheel
679	777^_	7^_ 7^_ 7^_	nict?
680	550	5 5 0	ge
681	"345^"""	3^'' 4 5	abandonn
682	750	7 5 0	cerd
683	331^_	3^_ 3^_ 1^_	maar
684	86	8 6	en
685	47^_	4^_ 7^_	l
686	327	3 2 7	ei
687	609^o	6^o 0 9	uit
688	550	5 5 0	ge
689	851^^	8^^ 5 1	steld
690	216^_	2^_ 1^_ 6	hetten
691	158	1 5 8	en
692	"104^"""	1 0^'' 4	aan
693	26	2 6	de
694	"217^"""	2 1^'' 7	andere
695	596^_	5^_ 9^_ 6^_	kant
696	132^CircleWithHorizontalBar	1 3^+ 2^_	zo
697	26^CircleWithHorizontalBar	2^+ 6^_	wel
698	"968^"""	9^'' 6 8	dien
699	"333^"""	3^'' 3 3	aangeende
700	"59^"""	5 9^''	als
701	414^o	4 1^o 4	ten
702	"104^"""	1 0^'' 4	aan
703	130^CircleWithHorizontalBar	1^_ 3^+ 0	zien
704	380	3 8 0	van
705	70^CircleWithHorizontalBar	7^+ 0^_	zyne
706	"217^"""	2^'' 1 7	andere
707	"316^"""	3 1^'' 6	become?
708	34^_	^_ 3^_ 4^_	
709	114^^	1^^ 1 4	het
710	18^o	1^o 8	d
711	41^^	4^^ 1	u
712	748	7 4 8	ÿ
713	161	1 6 1	ta
714	583^CircleWithHorizontalBar	5 8^+ 3	s
715	"514^"""	5^'' 1 4	chi
716	884^^	8^^ 8 4	rÿk
717	206^CircleWithHorizontalBar	2^+ 0^_ 6	zig
718	414^o	4^o 1 4	ten
719	609^o	6^o 0 9	uit
720	196	1 9 6	er
721	850^^	8 5^^ 0	ste?
722	550	5 5 0	ge
723	569	5 6 9	gen
724	750	7 5 0	cerd
725	"311^"""	3 1^'' 1	be
726	721^o	7^o 2 1	vindon
727	60	6 0	door
728	26	2 6	de
729	156	1 5 6	a
730	819	8 1 9	ss
731	160	1 6 0	o
732	36^^	3^^ 6	c
733	5	5	i
734	"227^"""	2^'' 2 7	atic?
735	254^CircleWithHorizontalBar	2 5^+ 4	welke
736	26	2 6	de
737	376^_	3^_ 7^_ 6^_	koning
738	380	3 8 0	van
739	563^^	5^^ 6 3	p
740	788^^	7^^ 8 8	r
741	719^^	7^^ 1 9	u
742	748	7 4 8	ÿ
743	940^^	9^^ 4 0	ss
744	"514^"""	5^'' 1 4	chi
745	"929^"""	9^'' 2 9	n
746	34^_	3 4^_	
747	34	3 4	den
748	173^_	1^_ 7^_ 3^_	jaar
749	37^^	3^^ 7	e
750	205^CircleWithHorizontalBar	2 0^+ 5	zeventien, dia Sept.
751	81^_	8^_ 1^_	
752	644^o	6 4^o 4	vijf
753	158	1 5 8	en
754	482^o	4^o 8 2	tachtig ?
755	109^^	1 0^^ 9	met
756	314	3 1 4	eenig
757	37^^	3^^ 7	e
758	113	1 1 3	der
759	731^o	7^o 3 1	voor
760	991^_	9^_ 9^_ 1^_	naam
761	850^^	8^^ 5 0	ste?
762	18^o	1^o 8	d
763	41^^	4^^ 1	u
764	748	7 4 8	ÿ
765	161	1 6 1	ta
766	186^^	1 8^^ 6	s
767	"514^"""	5 1^'' 4	chi
768	884^^	8^^ 8 4	rÿk
769	186^^	1 8^^ 6	s
770	665^o	6^o 6 5	vorst
771	"104^"""	1^'' 0 4	aan
772	550	5 5 0	ge
773	619	6 1 9	gaan
774	158	1 5 8	en
775	833^^	8^^ 3 3	[ge]sloten
776	143^_	^_ 1^_ 4^_ 3	heeft
777	952^_	9^_ 5^_ 2^_	onder
778	125^^	1 2^^ 5	
779	7	7	te
780	941^^	9^^ 4 1	x
781	161	1 6 1	ta
782	380	3 8 0	van
783	114^^	1 1^^ 4	het
784	884^^	8^^ 8 4	rÿk
785	186^^	1 8^^ 6	s
786	832^^	8 3^^ 2	
787	158	1 5 8	en
788	26	2 6	de
789	"458^"""	4^'' 5 8	
790	380	3 8 0	van
791	114^^	1^^ 1 4	het
792	126^CircleWithHorizontalBar	1 2^+ 6	zelve
793	714	7 1 4	gemeen
794	893^^	8^^ 9 3	schap
795	89^^	8 9^^	pe
796	404^_	4^_ 0^_ 4	lijk
797	7	7	te
798	489^_	4^_ 8^_ 9	main
799	16^o	1^o 6	t
800	34^_	3^_ 4^_	
801	80	8 0	eeron
802	331^_	3^_ 3^_ 1	maar
803	34^_	3^_ 4^_	
804	34	3 4	den
805	738	7 3 8	
806	25^^	2^^ 5	om
807	26	2 6	de
808	737^o	7^o 3 7	bewuste
809	62^^	6^^ 2	oost
810	341^^	3^^ 4 1	en
811	884^^	8^^ 8 4	rÿk
812	822^^	8^^ 2 2	se
813	"810^"""	8^'' 1 0	dessein
814	158^_	^_ 1 5 8	
815	59^^	5 9^^	oog
816	971^_	9 7^_ 1^_	merk/mert?
817	366^^	^_ 3^^ 6 6	op
818	381	3 8 1	b
819	37^^	3^^ 7	e
820	748	7 4 8	ÿ
821	196	1 9 6	er
822	86	8 6	en
823	7	7	te
824	369^_	3^_ 6^_ 9^_	keer?
825	7	7	te
826	619	6 1 9	gaan
827	158	1 5 8	en
828	39	3 9	hun
829	425^^	4^^ 2 5	pre
830	450	4 5 0	p
831	877^_	8^_ 7^_ 7	ond
832	196	1 9 6	er
833	264	2 6 4	ent
834	86	8 6	en
835	34^_	3 4^_	
836	649^o	6 4^o 9	vlood
837	730^_	7 3^_ 0	in
838	26	2 6	de
839	884^^	8 8^^ 4	rÿk
840	583^CircleWithHorizontalBar	5^_ 8^+ 3	s
841	42^CircleWithHorizontalBar	4^+ 2^_	zaak
842	22^CircleWithHorizontalBar	^_ 2 2^+	wat
843	"717^"""	7 1^'' 7	binnen?
844	741	7 4 1	haar
845	86	8 6	en
846	"311^"""	3^'' 1 1	be
847	12^_	1 2^_	hoor
848	404^_	4^_ 0^_ 4^_	lijk
849	37^^	3^^ 7	e
850	78^^	7^^ 8	paal
851	7	7	te
852	940	9 4 0	
853	206^CircleWithHorizontalBar	2^+ 0 6	zig
854	488^o	4^o 8 8	tegenvoordig
855	"606^"""	6^'' 0 6	
856	158^_	^_ 1 5 8	
857	499^o	4^o 9 9	toestand van Zaaken
858	34^_	3^_ 4^_	
859	499	4 9 9	Europa
860	86	8 6	en
861	25	2 5	de
862	258	2 5 8	emtar
863	"15^"""	1^'' 5	a
864	819	8 1 9	ss
865	"144^"""	1^'' 4 4	ant
866	800^_	8 0^_ 0^_	
867	91^CircleWithHorizontalBar	^_ 9 1^+	waar
868	34^_	3 4^_	
869	130	1 3 0	dit Hof
870	132^CircleWithHorizontalBar	1 3^+ 2	zo
871	26^CircleWithHorizontalBar	2^+ 6	wel
872	"59^"""	5^'' 9	als
873	743	7 4 3	dak?
874	380	3 8 0	van
875	289^o	2^o 8 9	V
876	526^^	5 2^^ 6	ra
877	869^^	8^^ 6 9	n
878	413^^	4^^ 1 3	k
879	884^^	8^^ 8 4	rÿk
880	"968^"""	9 6^'' 8	dien
881	"333^"""	3^'' 3 3	aangeende
882	34^_	3^_ 4^_	
883	710^o	7 1^o 0	verscheite
884	219^^	2^^ 1 9	op zigt
885	34^_	^_ 3 4^_	
886	"311^"""	3^'' 1 1	be
887	89	8 9	s
888	877^_	8^_ 7^_ 7^_	ond
889	7	7	te
890	788^_	7 8^_ 8	nul?
891	181^o	1 8^o 1	te
892	135^CircleWithHorizontalBar	1 3^+ 5^_	zock
893	161	1 6 1	ta
894	7	7	te
895	330^_	3 3^_ 0	maaden
896	158	1 5 8	en
897	7	7	te
898	"311^"""	3^'' 1 1	be
899	150^o	1 5^o 0	st
900	113^^	1 1^^ 3	ee
901	34	3 4	den
902	25^^	2^^ 5	om
903	535^_	5 3^_ 5	laast ?
904	13^_	1^_ 3^_	hot
905	746^_	^_ 7 4 6	met hem
906	113	1 1 3	der
907	34^_	3^_ 4^_	
908	39	3 9	hun
909	"316^"""	3^'' 1 6	become?
910	7^_	^_ 7	
911	190	1 9 0	engagemen
912	158	1 5 8	en
913	109^^	1^^ 0 9	met
914	120	1 2 0	
915	2	2	een
916	714	7 1 4	gemeen
917	893^^	8^^ 9 3	schap
918	89^^	8^^ 9	pe
919	404^_	4^_ 0^_ 4^_	lijk
920	37^^	3^^ 7	e
921	"57^"""	5^'' 7	allientie
922	7	7	te
923	203	2 0 3	etable
924	819	8 1 9	ss
925	80	8 0	eeron
926	"59^"""	5^'' 9	als
927	34^_	3 4^_	
928	205^CircleWithHorizontalBar	2 0^_ 5^+	zeventien, dia Sept.
929	81^_	8^_ 1^_	
930	129^CircleWithHorizontalBar	1 2^+ 9	zeven, Sept
931	86	8 6	en
932	796^o	7 9^o 6	
933	363^o	3 6^o 3	tusschen
934	141	1 4 1	dre
935	550	5 5 0	ge
936	760	7 6 0	form
937	750	7 5 0	cerd
938	32^CircleWithHorizontalBar	3 2^+	wierd
939	60	6 0	door
940	26	2 6	de
941	"347^"""	3^'' 4 7	accessie?
942	445^o	4 4^o 5	van dit Hof
943	"104^"""	1 0^'' 4	aan
944	26	2 6	de
945	"57^"""	5^'' 7	allientie
946	363^o	3^o 6 3	tusschen
947	289^o	2^o 8 9	V
948	526^^	5^^ 2 6	ra
949	869^^	8^^ 6 9	n
950	413^^	4^^ 1 3	k
951	884^^	8^^ 8 4	rÿk
952	158	1 5 8	en
953	366^^	3^^ 6 6	op
954	34	3 4	den
955	281^CircleWithHorizontalBar	2^+ 8 1	zes, six
956	26	2 6	de
957	774^CircleWithHorizontalBar	7 7^+ 4	May
958	205^o	2 0^o 5	Traite de Paix
959	81^_	8 1^_	
960	281^CircleWithHorizontalBar	2 8^+ 1^_	zes, six
961	86	8 6	en
962	796^o	7 9^o 6	
963	7	7	te
964	117^^	1 1^^ 7	w
965	78	7 8	
966	833^^	8^^ 3 3	[ge]sloten
967	158^_	^_ 1 5 8	
968	206^CircleWithHorizontalBar	2^+ 0 6	zig
969	"355^"""	3 5^'' 5	aldus
970	184^o	1 8^o 4	tegen
971	25	2 5	de
972	731^o	7^o 3 1	voor
973	573^_	5^_ 7^_ 3^_	
974	37^^	3^^ 7	e
975	18^o	1 8^o	d
976	41^^	4^^ 1	u
977	748	7 4 8	ÿ
978	161	1 6 1	ta
979	583^CircleWithHorizontalBar	5^+ 8 3	s
980	"514^"""	5^'' 1 4	chi
981	"150^"""	1^'' 5 0	as?
982	186^^	1^^ 8 6	s
983	91^o	9^o 1	o
984	36^^	3^^ 6	c
985	5	5	i
986	"227^"""	2 2^'' 7	atic?
987	7	7	te
988	227^o	2^o 2 7	ver
989	853^^	8^^ 5 3	
990	86	8 6	en
991	158	1 5 8	en
992	16	1 6	daar
993	60	6 0	door
994	5^^	5^^	ng
995	2	2	een
996	381	3 8 1	b
997	"128^"""	1^'' 2 8	al'
998	"368^"""	3^'' 6 8	an
999	583^CircleWithHorizontalBar	5^+ 8 3	s
1000	7	7	te
1001	158	1 5 8	en
1002	39	3 9	hun
1003	381	3 8 1	b
1004	107^o	1^o 0 7	ro
1005	37^^	3^^ 7	e
1006	113	1 1 3	der
1007	34	3 4	den
1008	730^^	7^^ 3 0	Prins F
1009	405^_	4^_ 0^_ 5^_	ma
1010	941^^	9^^ 4 1	x
1011	5	5	i
1012	33^^	3^^ 3	m
1013	108^_	1^_ 0^_ 8^_	
1014	"104^"""	1 0^'' 4	aan
1015	5^^	5^^	ng
1016	550	5 5 0	ge
1017	46	4 6	dif
1018	684	6 8 4	fi
1019	30^^	3^^ 0	c
1020	41^^	4^^ 1	u
1021	311	3 1 1	l
1022	4^CircleWithHorizontalBar	4^+	t
1023	750	7 5 0	cerd
1024	216	2 1 6	
1025	26	2 6	de
1026	25^^	2^^ 5	om
1027	113	1 1 3	der
1028	126^CircleWithHorizontalBar	1 2^+ 6	zelve
1029	34^^	3^^ 4	r
1030	422^o	4^o 2 2	toc/toe?
1031	70^o	7^o 0	
1032	33^^	3^^ 3	m
1033	114^_	1^_ 1^_ 4	ing[en]
1034	198^o	1 9^o 8	tot
1035	26	2 6	de
1036	"104^"""	1 0^'' 4	aan
1037	741	7 4 1	haar
1038	380	3 8 0	van
1039	253^CircleWithHorizontalBar	2 5^+ 3	weg
1040	191	1 9 1	ens
1041	114^^	1^^ 1 4	het
1042	13^_	1^_ 3^_	hot
1043	380	3 8 0	van
1044	117^^	1 1^^ 7	w
1045	78	7 8	
1046	60	6 0	door
1047	34	3 4	den
1048	640^CircleWithHorizontalBar	6^+ 4 0	Russisch
1049	86	8 6	en
1050	750^_	7^_ 5^_ 0^_	Minister F
1051	808	8 0 8	graf
1052	380	3 8 0	van
1053	34^^	3^^ 4	r
1054	33^^	3^^ 3	m
1055	339^_	3 3^_ 9^_	
1056	4^CircleWithHorizontalBar	4^+	t
1057	17^o	1^o 7	z
1058	21^^	2^^ 1	
1059	773	7 7 3	gedaan
1060	37^^	3^^ 7	e
1061	738^^	7^^ 3 8	propositie F
1062	253^CircleWithHorizontalBar	2^+ 5 3	weg
1063	191	1 9 1	ens
1064	26	2 6	de
1065	34^^	3^^ 4	r
1066	33^^	3^^ 3	m
1067	748	7 4 8	ÿ
1068	311	3 1 1	l
1069	114^_	1^_ 1^_ 4^_	ing[en]
1070	380	3 8 0	van
1071	"311^"""	3^'' 1 1	be
1072	748	7 4 8	ÿ
1073	196	1 9 6	er
1074	86	8 6	en
1075	184^o	1 8^o 4	tegen
1076	26	2 6	de
1077	306	3 0 6	oo
1078	850^^	8^^ 5 0	ste?
1079	674	6 7 4	n
1080	884^^	8^^ 8 4	rÿk
1081	822^^	8^^ 2 2	se
1082	6	6	ne
1083	113	1 1 3	der
1084	311^_	3^_ 1^_ 1^_	land
1085	7^_	^_ 7	
1086	707	7 0 7	geven?
1087	331^_	3^_ 3^_ 1	maar
1088	60^^	6^^ 0	ock
1089	5^^	5^^	ng
1090	"574^"""	5 7^'' 4	by
1091	15^_	1^_ 5^_	
1092	289^o	2^o 8 9	V
1093	526^^	5^^ 2 6	ra
1094	869^^	8^^ 6 9	n
1095	413^^	4^^ 1 3	k
1096	884^^	8^^ 8 4	rÿk
1097	331^_	3 3^_ 1	maar
1098	60^^	6^^ 0	ock
1099	"574^"""	5^'' 7 4	by
1100	301^_	3^_ 0^_ 1^_	de Koning von F
1101	563^^	5^^ 6 3	p
1102	788^^	7^^ 8 8	r
1103	719^^	7^^ 1 9	u
1104	748	7 4 8	ÿ
1105	940^^	9^^ 4 0	ss
1106	"514^"""	5^'' 1 4	chi
1107	674	6 7 4	n
1108	158	1 5 8	en
1109	130	1 3 0	dit Hof
1110	180^o	1^o 8 0	tant
1111	26	2 6	de
1112	609^o	6^o 0 9	uit
1113	576^o	5 7^o 6	voer
1114	114^_	1^_ 1^_ 4^_	ing[en]
1115	380	3 8 0	van
1116	133^CircleWithHorizontalBar	1 3^+ 3	zodanig
1117	34^^	3^^ 4	r
1118	33^^	3^^ 3	m
1119	748	7 4 8	ÿ
1120	311	3 1 1	l
1121	114^_	1^_ 1^_ 4^_	ing[en]
1122	550	5 5 0	ge
1123	110^^	1 1^^ 0	ro
1124	30^^	3^^ 0	c
1125	378	3 7 8	la
1126	33^^	3 3^^	m
1127	750	7 5 0	cerd
1128	211^_	2 1^_ 1^_	hadde
1129	114^^	1^^ 1 4	het
1130	252	2 5 2	effect
1131	380	3 8 0	van
1132	26	2 6	de
1133	840	8 4 0	garant
1134	25^_	2^_ 5^_	ie
1135	219^o	2^o 1 9	van het
1136	429^o	4^o 2 9	Tractaat van vreede F
1137	380	3 8 0	van
1138	4^CircleWithHorizontalBar	4^+	t
1139	347	3 4 7	et
1140	583^CircleWithHorizontalBar	5 8^+ 3	s
1141	"514^"""	5^'' 1 4	chi
1142	674	6 7 4	n
1143	158	1 5 8	en
1144	743	7 4 3	dak?
1145	132^CircleWithHorizontalBar	1 3^+ 2	zo
1146	539^_	5^_ 3^_ 9	lang
1147	812^o	8^o 1 2	voornocond?
1148	922	9 2 2	
1149	380	3 8 0	van
1150	213^o	2^o 1 3	
1151	381	3 8 1	b
1152	883^^	8^^ 8 3	rug
1153	569	5 6 9	gen
1154	158	1 5 8	en
1155	715	7 1 5	beid
1156	90	9 0	zÿn
1157	381	3 8 1	b
1158	107^o	1^o 0 7	ro
1159	37^^	3^^ 7	e
1160	113	1 1 3	der
1161	34	3 4	den
1162	730^^	7^^ 3 0	Prins F
1163	33^^	3^^ 3	m
1164	"15^"""	1^'' 5	a
1165	941^^	9^^ 4 1	x
1166	261^_	2^_ 6^_ 1	
1167	108^_	1^_ 0^_ 8	
1168	5	5	i
1169	"104^"""	1^'' 0 4	aan
1170	34^_	3^_ 4^_	
1171	"814^"""	8^'' 1 4	deze
1172	741	7 4 1	haar
1173	37^^	3^^ 7	e
1174	218^CircleWithHorizontalBar	2^_ 1^+ 8^_	zwaar
1175	28^_	2^_ 8^_	
1176	71^_	7^_ 1^_	heid
1177	86	8 6	en
1178	39^CircleWithHorizontalBar	3^+ 9^_	wÿ
1179	198^_	1^_ 9^_ 8^_	g
1180	196	1 9 6	er
1181	114^_	1^_ 1^_ 4^_	ing[en]
1182	880^o	8 8^o 0	vol
1183	812	8 1 2	ha
1184	34^^	3^^ 4	r
1185	25	2 5	de
1186	26	2 6	de
1187	523^^	5^^ 2 3	question
1188	21^^	2^^ 1	
1189	114^^	1 1^^ 4	het
1190	723	7 2 3	
1191	949^^	9^^ 4 9	
1192	26	2 6	de
1193	609^o	6^o 0 9	uit
1194	114^^	1 1^^ 4	het
1195	"277^"""	2^'' 7 7	agt ?
1196	193^o	1^o 9 3	tien
1197	26	2 6	de
1198	"374^"""	3^'' 7 4	ar
1199	268^o	2^o 6 8	ti
1200	30^^	3 0^^	c
1201	41^^	4^^ 1	u
1202	311	3 1 1	l
1203	380	3 8 0	van
1204	114^^	1^^ 1 4	het
1205	277^o	2^o 7 7	Tractaat ven
1206	"385^"""	3^'' 8 5	ba
1207	"15^"""	1^'' 5	a
1208	34	3 4	den
1209	"59^"""	5^'' 9	als
1210	91^CircleWithHorizontalBar	9^+ 1	waar
1211	366^^	3^^ 6 6	op
1212	114^^	1 1^^ 4	het
1213	715	7 1 5	beid
1214	37^^	3^^ 7	e
1215	13^_	1^_ 3^_	hot
1216	380	3 8 0	van
1217	117^^	1 1^^ 7	w
1218	78	7 8	
1219	39	3 9	hun
1220	110^^	1^^ 1 0	ro
1221	30^^	3^^ 0	c
1222	378	3 7 8	la
1223	33^^	3^^ 3	m
1224	"227^"""	2^'' 2 7	atic?
1225	158	1 5 8	en
1226	178^o	1 7^o 8	sus
1227	7	7	te
1228	787^_	7^_ 8^_ 7	nu
1229	253^CircleWithHorizontalBar	2^_ 5^+ 3^_	weg
1230	191	1 9 1	ens
1231	26	2 6	de
1232	422^o	4^o 2 2	toc/toe?
1233	460^_	4^_ 6^_ 0	laat?
1234	28^_	2^_ 8^_	
1235	71^_	7^_ 1^_	heid
1236	21^^	2^^ 1	
1237	25	2 5	de
1238	982^_	9^_ 8^_ 2	moge
1239	404^_	4^_ 0^_ 4	lijk
1240	71^_	7^_ 1^_	heid
1241	743	7 4 3	dak?
1242	196	1 9 6	er
1243	2	2	een
1244	34^^	3^^ 4	r
1245	33^^	3^^ 3	m
1246	748	7 4 8	ÿ
1247	311	3 1 1	l
1248	114^_	1^_ 1^_ 4^_	ing[en]
1249	883^_	8 8^_ 3	van de
1250	"311^"""	3^'' 1 1	be
1251	748	7 4 8	ÿ
1252	196	1 9 6	er
1253	583^CircleWithHorizontalBar	5^+ 8 3	s
1254	"514^"""	5^'' 1 4	chi
1255	311^_	3 1^_ 1	land
1256	256^CircleWithHorizontalBar	^_ 2^+ 5^_ 6	werk
1257	154^o	1 5^o 4	
1258	311	3 1 1	l
1259	28^_	2^_ 8^_	
1260	330^_	3 3^_ 0	maaden
1261	444^_	^_ 4^_ 4^_ 4	kan
1262	112^CircleWithHorizontalBar	1 1^+ 2	worden
1263	29^^	2^^ 9	
1264	414^o	4^o 1 4	ten
1265	581^^	5^^ 8 1	principaal
1266	37^^	3^^ 7	e
1267	831	8 3 1	fond
1268	391	3 9 1	eerde
1269	731^o	7^o 3 1	voor
1270	"59^"""	5^'' 9	als
1271	9^^	9^^	nog
1272	380	3 8 0	van
1273	705	7 0 5	geene
1274	"70^"""	7^'' 0	ao
1275	176^^	1 7^^ 6	mpli
1276	30^^	3^^ 0	c
1277	"227^"""	2^'' 2 7	atic?
1278	550	5 5 0	ge
1279	"277^"""	2^'' 7 7	agt ?
1280	292^_	2^_ 9^_ 2	kan
1281	112^CircleWithHorizontalBar	1^_ 1^+ 2^_	worden
1282	158	1 5 8	en
1283	743	7 4 3	dak?
1284	114^^	1^^ 1 4	het
1285	"817^"""	8^'' 1 7	
1286	380	3 8 0	van
1287	845	8 4 5	gedackt
1288	37^^	3^^ 7	e
1289	96^CircleWithHorizontalBar	9^+ 6	was
1290	158	1 5 8	en
1291	114^^	1 1^^ 4	het
1292	13^_	1^_ 3^_	hot
1293	380	3 8 0	van
1294	117^^	1^^ 1 7	w
1295	78	7 8	
1296	60^^	6^^ 0	ock
1297	674^o	6^o 7 4	
1298	227^o	2^o 2 7	ver
1299	33^^	3^^ 3	m
1300	"104^"""	1 0^'' 4	aan
1301	26	2 6	de
1302	25^^	2^^ 5	om
1303	26	2 6	de
1304	42^CircleWithHorizontalBar	4 2^+	zaak
1305	16	1 6	daar
1306	"572^"""	5^'' 7 2	
1307	7	7	te
1308	309^_	3^_ 0^_ 9	laaten
1309	"311^"""	3^'' 1 1	be
1310	111^o	1 1^o 1	rust?
1311	86	8 6	en
1312	158	1 5 8	en
1313	"130^"""	1^'' 3 0	alle
1314	533^o	5^o 3 3	verder
1315	37^^	3^^ 7	e
1316	"897^"""	8^'' 9 7	dis
1317	30^^	3^^ 0	c
1318	691^o	6^o 9 1	us
1319	134^o	1^o 3 4	si
1320	86	8 6	en
1321	"969^"""	9^'' 6 9	
1322	109^^	1 0^^ 9	met
1323	301^_	3^_ 0^_ 1^_	de Koning von F
1324	563^^	5^^ 6 3	p
1325	788^^	7^^ 8 8	r
1326	719^^	7^^ 1 9	u
1327	748	7 4 8	ÿ
1328	940^^	9^^ 4 0	ss
1329	"514^"""	5 1^'' 4	chi
1330	"929^"""	9^'' 2 9	n
1331	"59^"""	5^'' 9	als
1332	254^CircleWithHorizontalBar	2^_ 5^+ 4^_	welke
1333	198^o	1 9^o 8	tot
1334	777^_	7^_ 7^_ 7	nict?
1335	"67^"""	6^'' 7	anders
1336	"968^"""	9^'' 6 8	dien
1337	18^o	1 8^o	d
1338	37^^	3 7^^	e
1339	106^^	1 0^^ 6	d
1340	"368^"""	3 6^'' 8	an
1341	25^^	2 5^^	om
1342	26	2 6	de
1343	"368^"""	3^'' 6 8	an
1344	261^_	2^_ 6^_ 1	
1345	298^^	2^^ 9 8	os
1346	517^_	5^_ 1^_ 7	iteet/ideet?
1347	7	7	te
1348	227^o	2^o 2 7	ver
1349	572^_	5^_ 7^_ 2^_	meer
1350	113	1 1 3	der
1351	86	8 6	en
1352	158	1 5 8	en
1353	783	7 8 3	gelegenheid
1354	198^o	1^o 9 8	tot
1355	28^_	2^_ 8^_	
1356	344^o	3^o 4 4	tÿd
1357	256^_	2^_ 5^_ 6	ige
1358	227^o	2 2^o 7	ver
1359	39^CircleWithHorizontalBar	3 9^+	wÿ
1360	113	1 1 3	der
1361	114^_	1^_ 1^_ 4^_	ing[en]
1362	7	7	te
1363	707	7 0 7	geven?
1364	7	7	te
1365	57	5 7	volgen
1366	150^o	1 5^o 0	st
1367	"91^"""	9^'' 1	aa
1368	598^_	5 9^_ 8^_	ken
1369	993^_	9^_ 9^_ 3	na dal
1370	26	2 6	de
1371	42^CircleWithHorizontalBar	4^+ 2	zaak
1372	"355^"""	3^'' 5 5	aldus
1373	731^o	7^o 3 1	voor
1374	213^o	2^o 1 3	
1375	173^_	1^_ 7^_ 3	jaar
1376	"574^"""	^_ 5^'' 7 4	by
1377	289^o	2^o 8 9	V
1378	526^^	5 2^^ 6	ra
1379	869^^	8 6^^ 9	n
1380	413^^	4^^ 1 3	k
1381	884^^	8^^ 8 4	rÿk
1382	"104^"""	1^'' 0 4	aan
1383	34	3 4	den
1384	812	8 1 2	ha
1385	"15^"""	1^'' 5	a
1386	47^_	4^_ 7^_	l
1387	689	6 8 9	formeean?
1388	25^^	2^^ 5	om
1389	39	3 9	hun
1390	34^_	3^_ 4^_	
1391	649^o	6^o 4 9	vlood
1392	34^_	3 4^_	
1393	114^^	1 1^^ 4	het
1394	18^o	1 8^o	d
1395	41^^	4^^ 1	u
1396	748	7 4 8	ÿ
1397	161	1 6 1	ta
1398	583^CircleWithHorizontalBar	5^_ 8^+ 3^_	s
1399	"514^"""	5^'' 1 4	chi
1400	884^^	8^^ 8 4	rÿk
1401	7	7	te
1402	280^_	2^_ 8^_ 0	h
1403	196	1 9 6	er
1404	117^^	1 1^^ 7	w
1405	34^_	3 4^_	
1406	6	6	ne
1407	674	6 7 4	n
1408	21^^	2^^ 1	
1409	7	7	te
1410	489^_	4 8^_ 9	main
1411	161	1 6 1	ta
1412	34^_	3 4^_	
1413	80	8 0	eeron
1414	331^_	3^_ 3^_ 1	maar
1415	730^_	7 3^_ 0^_	in
1416	62^CircleWithHorizontalBar	6 2^+	
1417	60^^	6^^ 0	ock
1418	25^^	2^^ 5	om
1419	497	4 9 7	even
1420	262^o	2^o 6 2	teit
1421	113^^	1 1^^ 3	ee
1422	34	3 4	den
1423	253^CircleWithHorizontalBar	2 5^+ 3	weg
1424	7	7	te
1425	381	3 8 1	b
1426	"104^"""	1^'' 0 4	aan
1427	158	1 5 8	en
1428	86	8 6	en
1429	26	2 6	de
1430	672^_	6^_ 7^_ 2^_	middel
1431	7^_	^_ 7	
1432	742^_	7^_ 4^_ 2	menageeren
1433	158	1 5 8	en
1434	577^^	5 7^^ 7	prepar
1435	80	8 0	eeron
1436	132^CircleWithHorizontalBar	1 3^+ 2	zo
1437	26^CircleWithHorizontalBar	2^+ 6	wel
1438	25^^	2^^ 5	om
1439	26	2 6	de
1440	107^^	1 0^^ 7	e
1441	25^^	2^^ 5	om
1442	583^CircleWithHorizontalBar	5 8^+ 3	s
1443	"514^"""	5^'' 1 4	chi
1444	376^_	3^_ 7^_ 6^_	koning
1445	186^^	1^^ 8 6	s
1446	117^^	1 1^^ 7	w
1447	"91^"""	9^'' 1	aa
1448	311	3 1 1	l
1449	34^_	3 4^_	
1450	226	2 2 6	
1451	889^_	8 8^_ 9^_	van den
1452	"91^"""	9^'' 1	aa
1453	34^^	3^^ 4	r
1454	161	1 6 1	ta
1455	583^CircleWithHorizontalBar	5^+ 8^_ 3	s
1456	922	9 2 2	
1457	834	8 3 4	fransek
1458	380	3 8 0	van
1459	161	1 6 1	ta
1460	298^^	2^^ 9 8	os
1461	36^^	3^^ 6	c
1462	"104^"""	1 0^'' 4	aan
1463	158	1 5 8	en
1464	60	6 0	door
1465	7	7	te
1466	17^o	1^o 7	z
1467	347	3 4 7	et
1468	414^o	4^o 1 4	ten
1469	"59^"""	5^'' 9	als
1470	25^^	2^^ 5	om
1471	34^_	3 4^_	
1472	114^^	1 1^^ 4	het
1473	"728^"""	7^'' 2 8	by zonder
1474	34^_	3 4^_	
1475	344^o	3^o 4 4	tÿd
1476	158	1 5 8	en
1477	190^CircleWithHorizontalBar	1 9^+ 0	wÿl
1478	37^^	3^^ 7	e
1479	114^^	1^^ 1 4	het
1480	17^o	1 7^o	z
1481	748	7 4 8	ÿ
1482	"574^"""	5^'' 7 4	by
1483	300^^	3^^ 0 0	over
1484	311	3 1 1	l
1485	748	7 4 8	ÿ
1486	34	3 4	den
1487	889^_	8 8^_ 9	van den
1488	488^o	4^o 8 8	tegenvoordig
1489	86	8 6	en
1490	"514^"""	5^'' 1 4	chi
1491	918^o	9^o 1 8	ur
1492	665^o	6^o 6 5	vorst
1493	380	3 8 0	van
1494	381	3 8 1	b
1495	37^^	3^^ 7	e
1496	748	7 4 8	ÿ
1497	196	1 9 6	er
1498	86	8 6	en
1499	182^CircleWithHorizontalBar	1 8^+ 2	wien
1500	583^CircleWithHorizontalBar	5^+ 8 3	s
1501	583	5 8 3	
1502	877^_	8^_ 7^_ 7	ond
1503	71^_	7^_ 1^_	heid
1504	186^^	1^^ 8 6	s
1505	422^o	4^o 2 2	toc/toe?
1506	77^o	7 7^o	stana
1507	149^_	1 4^_ 9^_	hem
1508	705	7 0 5	geene
1509	539^_	5^_ 3^_ 9	lang
1510	596	5 9 6	e
1511	96	9 6	dagen
1512	572^_	5^_ 7^_ 2^_	meer
1513	186^^	1 8^^ 6	s
1514	36^^	3^^ 6	c
1515	280^_	2^_ 8^_ 0^_	h
1516	748	7 4 8	ÿ
1517	674	6 7 4	n
1518	86	8 6	en
1519	7	7	te
1520	"311^"""	3^'' 1 1	be
1521	311	3 1 1	l
1522	91^o	9^o 1	o
1523	160	1 6 0	o
1524	21^^	2^^ 1	
1525	60^^	6^^ 0	ock
1526	"574^"""	5 7^'' 4	by
1527	387	3 8 7	eenige
1528	"217^"""	2^'' 1 7	andere
1529	"311^"""	3^'' 1 1	be
1530	596^^	5^^ 9 6	qua
1531	"15^"""	1^'' 5	a
1532	343^_	3 4^_ 3	
1533	783	7 8 3	gelegenheid
1534	39	3 9	hun
1535	584^o	5^o 8 4	voorgemeld
1536	37^^	3^^ 7	e
1537	18^o	1 8^o	d
1538	91^o	9^o 1	o
1539	327	3 2 7	ei
1540	181	1 8 1	einde?
1541	414^o	4^o 1 4	ten
1542	219^^	2^^ 1 9	op zigt
1543	37^^	3^^ 7	e
1544	366^^	3^^ 6 6	op
1545	26	2 6	de
1546	"195^"""	1^'' 9 5	ac
1547	674^^	6^^ 7 4	qui
1548	583^CircleWithHorizontalBar	5^+ 8^_ 3	s
1549	593^_	5^_ 9^_ 3	idee?
1550	158	1 5^' 8	en
1551	227^o	2^o 2 7	ver
1552	314	3 1 4	eenig
1553	114^_	1^_ 1^_ 4^_	ing[en]
1554	380	3 8 0	van
1555	381	3 8 1	b
1556	37^^	3^^ 7	e
1557	748	7 4 8	ÿ
1558	196	1 9 6	er
1559	86	8 6	en
1560	952^_	9^_ 5^_ 2^_	onder
1561	39	3 9	hun
1562	18^o	1 8^o	d
1563	25^^	2^^ 5	om
1564	34^_	3^_ 4^_	
1565	"227^"""	2^'' 2 7	atic?
1566	7	7	te
1567	"638^"""	6^'' 3 8	bew?
1568	68^^	6^^ 8	ord
1569	196	1 9 6	er
1570	158	1 5 8	en
1571	114^^	1^^ 1 4	het
1572	193^^	1^^ 9 3	z
1573	748	7 4 8	ÿ
1574	60	6 0	door
1575	114^^	1 1^^ 4	het
1576	"487^"""	4^'' 8 7	bew
1577	691^o	6^o 9 1	us
1578	7	7	te
1579	511^^	5^^ 1 1	project
1580	21^^	2 1^^	
1581	201^o	2^o 0 1	Tractaat
1582	380	3 8 0	van
1583	34^^	3^^ 4	r
1584	41^^	4^^ 1	u
1585	748	7 4 8	ÿ
1586	311	3 1 1	l
1587	114^_	1^_ 1^_ 4	ing[en]
1588	184^o	1^o 8 4	tegen
1589	26	2 6	de
1590	62^^	6^^ 2	oost
1591	341^^	3^^ 4 1	en
1592	884^^	8^^ 8 4	rÿk
1593	822^^	8^^ 2 2	se
1594	6	6	ne
1595	113	1 1 3	der
1596	311^_	3^_ 1^_ 1^_	land
1597	417^o	^_ 4 1^o 7	ter
1598	609^o	6 0^o 9	uit
1599	576^o	5 7^o 6	voer
1600	7	7	te
1601	"570^"""	5^'' 7 0	breug?
1602	86	8 6	en
1603	21^^	2^^ 1	
1604	366^^	3^^ 6 6	op
1605	387	3 8 7	eenige
1606	"217^"""	2^'' 1 7	andere
1607	40^CircleWithHorizontalBar	4^+ 0^_	wÿze
1608	254^CircleWithHorizontalBar	2^+ 5 4	welke
1609	26	2 6	de
1610	344^o	3^o 4 4	tÿd
1611	583^CircleWithHorizontalBar	5^_ 8^+ 3	s
1612	800^_	8^_ 0^_ 0^_	
1613	84^_	^_ 8 4	
1614	451^_	4^_ 5^_ 1	konnen
1615	"104^"""	1 0^'' 4	aan
1616	25	2 5	de
1617	984	9 8 4	hand
1618	707	7 0 7	geven?
1619	86	8 6	en
1620	206^CircleWithHorizontalBar	2^+ 0 6	zig
1621	"355^"""	3 5^'' 5	aldus
1622	184^o	1^o 8 4	tegen
1623	26	2 6	de
1624	584^o	5^o 8 4	voorgemeld
1625	37^^	3^^ 7	e
1626	18^o	1^o 8	d
1627	609^o	6^o 0 9	uit
1628	583^CircleWithHorizontalBar	5^_ 8^+ 3	s
1629	"514^"""	5^'' 1 4	chi
1630	"150^"""	1^'' 5 0	as?
1631	61^o	6^o 1	so
1632	61	6 1	
1633	"745^"""	7^'' 4 5	ci
1634	"227^"""	2^'' 2 7	atic?
1635	7	7	te
1636	227^o	2^o 2 7	ver
1637	853^^	8^^ 5 3	
1638	86	8 6	en
1639	158	1 5 8	en
1640	16	1 6	daar
1641	60	6 0	door
1642	5^^	5^^	ng
1643	2	2	een
1644	381	3 8 1	b
1645	"128^"""	1^'' 2 8	al'
1646	"368^"""	3^'' 6 8	an
1647	"583^"""	5^'' 8 3	ce
1648	7	7	te
1649	689	6 8 9	formeean?
1650	25^^	2^^ 5	om
1651	39	3 9	hun
1652	34^_	3 4^_	
1653	649^o	6^o 4 9	vlood
1654	34^_	3^_ 4^_	
1655	114^^	1 1^^ 4	het
1656	18^o	1^o 8	d
1657	609^o	6^o 0 9	uit
1658	583^CircleWithHorizontalBar	5^+ 8 3	s
1659	"514^"""	5^'' 1 4	chi
1660	884^^	8^^ 8 4	rÿk
1661	7	7	te
1662	280^_	2 8^_ 0	h
1663	196	1 9 6	er
1664	117^^	1^^ 1 7	w
1665	34^_	3^_ 4^_	
1666	674	6 7 4	n
1667	86	8 6	en
1668	21^^	2^^ 1	
1669	489^_	4^_ 8^_ 9	main
1670	4^CircleWithHorizontalBar	4^+	t
1671	730^_	7 3^_ 0	in
1672	80	8 0	eeron
1673	331^_	3^_ 3^_ 1	maar
1674	34^_	3^_ 4^_	
1675	62^CircleWithHorizontalBar	6^+ 2^_	
1676	60^^	6^^ 0	ock
1677	25^^	2^^ 5	om
1678	206^CircleWithHorizontalBar	2^+ 0^_ 6	zig
1679	497	4 9 7	even
1680	362^o	3^o 6 2	tu?
1681	37^^	3^^ 7	e
1682	327	3 2 7	ei
1683	34	3 4	den
1684	253^CircleWithHorizontalBar	2 5^+ 3	weg
1685	7	7	te
1686	381	3 8 1	b
1687	"104^"""	1^'' 0 4	aan
1688	86	8 6	en
1689	158	1 5 8	en
1690	25	2 5	de
1691	672^_	6^_ 7^_ 2	middel
1692	7^_	^_ 7	
1693	742^_	7^_ 4^_ 2	menageeren
1694	158	1 5 8	en
1695	577^^	5^^ 7 7	prepar
1696	80	8 0	eeron
1697	132^CircleWithHorizontalBar	1^+ 3^_ 2	zo
1698	26^CircleWithHorizontalBar	2^+ 6	wel
1699	25^^	2^^ 5	om
1700	26	2 6	de
1701	107^o	1 0^o 7	ro
1702	25^^	2^^ 5	om
1703	583^CircleWithHorizontalBar	5^+ 8 3	s
1704	"514^"""	5^'' 1 4	chi
1705	376^_	3^_ 7^_ 6	koning
1706	186^^	1^^ 8 6	s
1707	117^^	1 1^^ 7	w
1708	"15^"""	1^'' 5	a
1709	"128^"""	1 2^'' 8	al'
1710	34^_	3^_ 4^_	
1711	226	2 2 6	
1712	889^_	8^_ 8 9	van den
1713	"91^"""	9^'' 1	aa
1714	34^^	3^^ 4	r
1715	4^CircleWithHorizontalBar	4^+	t
1716	583^CircleWithHorizontalBar	5^_ 8^+ 3	s
1717	922	9 2 2	
1718	834	8 3 4	fransek
1719	380	3 8 0	van
1720	4^CircleWithHorizontalBar	4^+	t
1721	298^^	2^^ 9 8	os
1722	30^^	3^^ 0	c
1723	"104^"""	1^'' 0 4	aan
1724	86	8 6	en
1725	60	6 0	door
1726	7	7	te
1727	17^o	1^o 7	z
1728	347	3 4 7	et
1729	414^o	4^o 1 4	ten
1730	"59^"""	5^'' 9	als
1731	25^^	2^^ 5	om
1732	34^_	3^_ 4^_	
1733	114^^	1 1^^ 4	het
1734	"728^"""	7^'' 2 8	by zonder
1735	34^_	3 4^_	
1736	344^o	3^o 4 4	tÿd
1737	86	8 6	en
1738	190^CircleWithHorizontalBar	1^+ 9^_ 0	wÿl
1739	37^^	3^^ 7	e
1740	114^^	1^^ 1 4	het
1741	17^o	1^o 7	z
1742	748	7 4 8	ÿ
1743	"574^"""	5^'' 7 4	by
1744	300^^	3 0^^ 0	over
1745	311	3 1 1	l
1746	748	7 4 8	ÿ
1747	34	3 4	den
1748	889^_	8^_ 8^_ 9	van den
1749	488^o	4^o 8 8	tegenvoordig
1750	86	8 6	en
1751	327^CircleWithHorizontalBar	3^+ 2 7	
1752	"311^"""	3^'' 1 1	be
1753	748	7 4 8	ÿ
1754	196	1 9 6	er
1755	86	8 6	en
1756	182^CircleWithHorizontalBar	1 8^+ 2	wien
1757	583^CircleWithHorizontalBar	5^+ 8 3	s
1758	583	5 8 3	
1759	877^_	8^_ 7^_ 7	ond
1760	71^_	7^_ 1^_	heid
1761	583^CircleWithHorizontalBar	5^_ 8^+ 3	s
1762	422^o	4^o 2 2	toc/toe?
1763	77^o	7^o 7	stana
1764	149^_	1^_ 4^_ 9^_	hem
1765	705	7 0 5	geene
1766	539^_	5^_ 3^_ 9	lang
1767	37^^	3^^ 7	e
1768	96	9 6	dagen
1769	572^_	5^_ 7^_ 2^_	meer
1770	583^CircleWithHorizontalBar	5^+ 8 3	s
1771	30^^	3^^ 0	c
1772	280^_	2^_ 8^_ 0	h
1773	748	7 4 8	ÿ
1774	674	6 7 4	n
1775	158	1 5 8	en
1776	7	7	te
1777	"311^"""	3^'' 1 1	be
1778	311	3 1 1	l
1779	306	3 0 6	oo
1780	89	8 9	s
1781	86	8 6	en
1782	21^^	2^^ 1	
1783	60^^	6^^ 0	ock
1784	"574^"""	5^'' 7 4	by
1785	314	3 1 4	eenig
1786	"217^"""	2^'' 1 7	andere
1787	"311^"""	3^'' 1 1	be
1788	596^^	5^^ 9 6	qua
1789	"15^"""	1^'' 5	a
1790	343^_	3 4^_ 3^_	
1791	783	7 8 3	gelegenheid
1792	39	3 9	hun
1793	584^o	5 8^o 4	voorgemeld
1794	37^^	3^^ 7	e
1795	18^o	1^o 8	d
1796	160	1 6 0	o
1797	327	3 2 7	ei
1798	181	1 8 1	einde?
1799	414^o	4 1^o 4	ten
1800	219^^	2^^ 1 9	op zigt
1801	37^^	3^^ 7	e
1802	883^_	8^_ 8^_ 3	van de
1803	"195^"""	1^'' 9 5	ac
1804	674^^	6^^ 7 4	qui
1805	134^o	1 3^o 4	si
1806	343^o	3^o 4 3	tu
1807	158	1 5 8	en
1808	227^o	2^o 2 7	ver
1809	314	3 1 4	eenig
1810	114^_	1 1^_ 4^_	ing[en]
1811	380	3 8 0	van
1812	381	3 8 1	b
1813	37^^	3^^ 7	e
1814	748	7 4 8	ÿ
1815	196	1 9 6	er
1816	158	1 5 8	en
1817	952^_	9 5^_ 2^_	onder
1818	39	3 9	hun
1819	135	1 3 5	dom
1820	34^_	3^_ 4^_	
1821	"227^"""	2^'' 2 7	atic?
1822	7	7	te
1823	"638^"""	6^'' 3 8	bew?
1824	68^^	6^^ 8	ord
1825	196	1 9 6	er
1826	86	8 6	en
1827	114^^	1^^ 1 4	het
1828	17^o	1 7^o	z
1829	748	7 4 8	ÿ
1830	60	6 0	door
1831	114^^	1^^ 1 4	het
1832	"487^"""	4^'' 8 7	bew
1833	767^o	7^o 6 7	us
1834	251^o	2^o 5 1	te
1835	511^^	5^^ 1 1	project
1836	21^^	2^^ 1	
1837	277^o	2^o 7 7	Tractaat ven
1838	34^^	3^^ 4	r
1839	41^^	4^^ 1	u
1840	748	7 4 8	ÿ
1841	311	3 1 1	l
1842	114^_	1^_ 1^_ 4^_	ing[en]
1843	184^o	1 8^o 4	tegen
1844	26	2 6	de
1845	306	3 0 6	oo
1846	583^CircleWithHorizontalBar	5^_ 8^+ 3	s
1847	414^o	4^o 1 4	ten
1848	884^^	8^^ 8 4	rÿk
1849	822^^	8^^ 2 2	se
1850	6	6	ne
1851	113	1 1 3	der
1852	311^_	3^_ 1^_ 1^_	land
1853	417^o	^_ 4^o 1 7	ter
1854	609^o	6^o 0 9	uit
1855	576^o	5^o 7 6	voer
1856	7	7	te
1857	"570^"""	5^'' 7 0	breug?
1858	158	1 5 8	en
1859	21^^	2^^ 1	
1860	366^^	3^^ 6 6	op
1861	387	3 8 7	eenige
1862	"217^"""	2^'' 1 7	andere
1863	40^CircleWithHorizontalBar	4^+ 0^_	wÿze
1864	254^CircleWithHorizontalBar	2^+ 5^_ 4	welke
1865	26	2 6	de
1866	344^o	3^o 4 4	tÿd
1867	583^CircleWithHorizontalBar	5^+ 8^_ 3	s
1868	800^_	8^_ 0^_ 0	
1869	158^_	^_ 1 5 8	
1870	783	7 8 3	gelegenheid
1871	84	8 4	zullen
1872	373^_	3^_ 7^_ 3	komen
1873	"104^"""	1 0^'' 4	aan
1874	25	2 5	de
1875	984	9 8 4	hand
1876	7	7	te
1877	707	7 0 7	geven?
1878	34^_	3^_ 4^_	
1879	52	5 2	dit
1880	723	7 2 3	
1881	293^CircleWithHorizontalBar	2^+ 9 3	zoude?
1882	114^^	1 1^^ 4	het
1883	18^o	1 8^o	d
1884	"368^"""	3^'' 6 8	an
1885	46^CircleWithHorizontalBar	4^+ 6^_	zeker?
1886	16	1 6	daar
1887	366^^	3^^ 6 6	op
1888	29^^	2^^ 9	
1889	581^^	5^^ 8 1	principaal
1890	831^_	8^_ 3^_ 1	meet
1891	86	8 6	en
1892	"104^"""	1 0^'' 4	aan
1893	373^_	3^_ 7^_ 3	komen
1894	21^^	2^^ 1	
1895	86	8 6	en
1896	34^_	3 4^_	
1897	3^_	3^_	
1898	633^o	6^o 3 3	verre
1899	114^^	1^^ 1 4	het
1900	13^_	1^_ 3^_	hot
1901	380	3 8 0	van
1902	289^o	2^o 8 9	V
1903	526^^	5^^ 2 6	ra
1904	869^^	8^^ 6 9	n
1905	413^^	4^^ 1 3	k
1906	884^^	8^^ 8 4	rÿk
1907	4^CircleWithHorizontalBar	4^+	t
1908	"368^"""	3^'' 6 8	an
1909	583^CircleWithHorizontalBar	5^+ 8^_ 3	s
1910	572^_	5^_ 7^_ 2^_	meer
1911	113	1 1 3	der
1912	158	1 5 8	en
1913	299	2 9 9	
1914	"43^"""	4^'' 3	abel
1915	113	1 1 3	der
1916	550	5 5 0	ge
1917	"822^"""	8^'' 2 2	dispos
1918	674	6 7 4	n
1919	750	7 5 0	cerd
1920	43^CircleWithHorizontalBar	4^+ 3^_	zal
1921	90	9 0	zÿn
1922	25^^	2^^ 5	om
1923	417^o	4^o 1 7	ter
1924	"638^"""	6^'' 3 8	bew?
1925	68^^	6^^ 8	ord
1926	196	1 9 6	er
1927	114^_	1^_ 1^_ 4	ing[en]
1928	380	3 8 0	van
1929	114^^	1^^ 1 4	het
1930	584^o	5^o 8 4	voorgemeld
1931	37^^	3^^ 7	e
1932	59^^	5^^ 9	oog
1933	971^_	9^_ 7^_ 1^_	merk/mert?
1934	294^o	2^o 9 4	van het Hof
1935	380	3 8 0	van
1936	117^^	1 1^^ 7	w
1937	78	7 8	
1938	366^^	3^^ 6 6	op
1939	"311^"""	3^'' 1 1	be
1940	748	7 4 8	ÿ
1941	196	1 9 6	er
1942	86	8 6	en
1943	7	7	te
1944	"753^"""	7^'' 5 3	
1945	"59^"""	5^'' 9	als
1946	114^^	1^^ 1 4	het
1947	26^CircleWithHorizontalBar	2^+ 6	wel
1948	777^_	7^_ 7^_ 7	nict?
1949	583^CircleWithHorizontalBar	5^+ 8 3	s
1950	30^^	3^^ 0	c
1951	280^_	2 8^_ 0	h
1952	4	4	een
1953	7	7	te
1954	90	9 0	zÿn
1955	731^o	7^o 3 1	voor
1956	213^o	2^o 1 3	
1957	173^_	1^_ 7^_ 3^_	jaar
1958	943^o	^_ 9^o 4 3	wannur
1959	151^_	1^_ 5^_ 1^_	het
1960	28^^	2^^ 8	on
1961	550	5 5 0	ge
1962	"277^"""	2^'' 7 7	agt ?
1963	34	3 4	den
1964	731^o	7^o 3 1	voor
1965	"801^"""	8^'' 0 1	dut
1966	256^_	2^_ 5^_ 6	ige
1967	674	6 7 4	n
1968	158	1 5 8	en
1969	"78^"""	7^'' 8	
1970	22^o	2^o 2	la
1971	198^_	1^_ 9^_ 8	g
1972	355	3 5 5	euse
1973	674	6 7 4	n
1974	425^^	4^^ 2 5	pre
1975	748	7 4 8	ÿ
1976	583^CircleWithHorizontalBar	5^_ 8^+ 3	s
1977	254^CircleWithHorizontalBar	2^+ 5^_ 4	welke
1978	741^_	7^_ 4^_ 1	men
1979	431^^	4^^ 3 1	pretenduren
1980	299^_	2 9^_ 9	konde
1981	743	7 4 3	dak?
1982	15^_	1^_ 5^_	
1983	117^^	1 1^^ 7	w
1984	78	7 8	
1985	366^^	3^^ 6 6	op
1986	39	3 9	hun
1987	737^o	7^o 3 7	bewuste
1988	"677^"""	6^'' 7 7	
1989	482	4 8 2	entie
1990	211^_	2^_ 1^_ 1	hadde
1991	3^o	3^o	stel
1992	158^_	^_ 1 5 8	
1993	254^CircleWithHorizontalBar	2 5^+ 4	welke
1994	39^^	3^^ 9	men
1995	109^^	1 0^^ 9	met
1996	686^^	6^^ 8 6	rede
1997	158	1 5 8	en
1998	738	7 3 8	
1999	227^o	2^o 2 7	ver
2000	952^_	9^_ 5^_ 2	onder
2001	851^^	8^^ 5 1	steld
2002	37^^	3^^ 7	e
2003	29^^	2^^ 9	
2004	7	7	te
2005	216^_	2^_ 1^_ 6	hetten
2006	"311^"""	3^'' 1 1	be
2007	923^^	9^^ 2 3	staan
2008	158	1 5 8	en
2009	26	2 6	de
2010	478^^	4^^ 7 8	
2011	"227^"""	2 2^'' 7	atic?
2012	86	8 6	en
2013	"511^"""	5 1^'' 1	
2014	134^o	1 3^o 4	si
2015	37^^	3^^ 7	e
2016	414^o	4^o 1 4	ten
2017	226	2 2 6	
2018	380	3 8 0	van
2019	289^o	2^o 8 9	V
2020	526^^	5^^ 2 6	ra
2021	869^^	8^^ 6 9	n
2022	413^^	4^^ 1 3	k
2023	884^^	8^^ 8 4	rÿk
2024	217^o	2 1^o 7	van
2025	311	3 1 1	l
2026	41^^	4 1^^	u
2027	941^^	9^^ 4 1	x
2028	185	1 8 5	em
2029	381	3 8 1	b
2030	147^^	1 4^^ 7	ou
2031	34^^	3^^ 4	r
2032	198^_	1^_ 9^_ 8^_	g
2033	335	3 3 5	ende
2034	991^_	9 9^_ 1^_	naam
2035	86	8 6	en
2036	782^_	7^_ 8^_ 2	noglens?
2037	658	6 5 8	
2038	256^_	2^_ 5^_ 6	ige
2039	"533^"""	5^'' 3 3	
2040	158^_	^_ 1 5 8	
2041	"217^"""	2^'' 1 7	andere
2042	406^^	4^^ 0 6	politique
2043	602^o	6^o 0 2	vue
2044	380^_	^_ 3 8 0	krÿgen?
2045	572^_	5^_ 7^_ 2	meer
2046	"316^"""	3^'' 1 6	become?
2047	831^_	8^_ 3^_ 1	meet
2048	216^_	2 1^_ 6	hetten
2049	851	8 5 1	
2050	25^^	2^^ 5	om
2051	206^CircleWithHorizontalBar	2 0^+ 6	zig
2052	16	1 6	daar
2053	34^_	3^_ 4^_	
2054	777^_	7^_ 7^_ 7	nict?
2055	7	7	te
2056	309^_	3 0^_ 9^_	laaten
2057	190	1 9 0	engagemen
2058	158	1 5 8	en
2059	25^^	2^^ 5	om
2060	114^^	1^^ 1 4	het
2061	563^o	5^o 6 3	vervolg
2062	883^_	8^_ 8^_ 3^_	van de
2063	1^^	1^^	negociatie
2064	300^^	3 0^^ 0	over
2065	120	1 2 0	
2066	738^^	7^^ 3 8	propositie F
2067	34^_	3 4^_	
2068	114^^	1 1^^ 4	het
2069	178	1 7 8	
2070	37^^	3^^ 7	e
2071	904^_	9 0^_ 4	mo
2072	668^_	6^_ 6^_ 8	ment
2073	7	7	te
2074	122^^	1 2^^ 2	ont
2075	117^^	1^^ 1 7	w
2076	748	7 4 8	ÿ
2077	598^_	5^_ 9^_ 8	ken
2078	109^^	1 0^^ 9	met
2079	"104^"""	1^'' 0 4	aan
2080	15^_	1^_ 5^_	
2081	117^^	1 1^^ 7	w
2082	78	7 8	
2083	136^CircleWithHorizontalBar	1^_ 3^+ 6	zonder
2084	206^CircleWithHorizontalBar	2 0^+ 6	zig
2085	366^^	3^^ 6 6	op
2086	26	2 6	de
2087	919^_	9^_ 1^_ 9	
2088	883^_	8^_ 8^_ 3	van de
2089	773	7 7 3	gedaan
2090	37^^	3^^ 7	e
2091	738^^	7 3^^ 8	propositie F
2092	9^^	9^^	nog
2093	417^o	4^o 1 7	ter
2094	2	2	een
2095	9^^	9^^	nog
2096	417^o	4^o 1 7	ter
2097	"217^"""	2^'' 1 7	andere
2098	49^CircleWithHorizontalBar	4^+ 9^_	zeile?
2099	34^_	3 4^_	
2100	114^^	1 1^^ 4	het
2101	"728^"""	7^'' 2 8	by zonder
2102	7	7	te
2103	363	3 6 3	
2104	21^^	2^^ 1	
2105	120	1 2 0	
2106	"59^"""	5^'' 9	als
2107	880^o	8^o 8 0	vol
2108	186^^	1^^ 8 6	s
2109	208^o	2 0^o 8	trek
2110	4^CircleWithHorizontalBar	4^+	t
2111	28^^	2^^ 8	on
2112	609^o	6^o 0 9	uit
2113	576^o	5^o 7 6	voer
2114	404^_	4^_ 0^_ 4	lijk
2115	21^^	2^^ 1	
2116	34^_	3 4^_	
2117	"195^"""	1^'' 9 5	ac
2118	"583^"""	5^'' 8 3	ce
2119	450	4 5 0	p
2120	4^CircleWithHorizontalBar	4^+	t
2121	"194^"""	1^'' 9 4	able
2122	883^_	8^_ 8^_ 3^_	van de
2123	984	9 8 4	hand
2124	7	7	te
2125	40^CircleWithHorizontalBar	4^+ 0^_	wÿze
2126	674	6 7 4	n
2127	34^_	3^_ 4^_	
2128	114^^	1^^ 1 4	het
2129	718	7 1 8	
2130	7	7	te
2131	549^^	5^^ 4 9	representieren
2132	26	2 6	de
2133	218^CircleWithHorizontalBar	2^+ 1 8	zwaar
2134	28^_	2^_ 8	
2135	141^_	1^_ 4^_ 1^_	
2136	158	1 5 8	en
2137	26	2 6	de
2138	"311^"""	3^'' 1 1	be
2139	34	3 4	den
2140	293^_	2^_ 9^_ 3	ke
2141	404^_	4^_ 0^_ 4^_	lijk
2142	141^_	1^_ 4^_ 1^_	
2143	254^CircleWithHorizontalBar	2^+ 5 4	welke
2144	"969^"""	9^'' 6 9	
2145	34^_	3^_ 4^_	
2146	"104^"""	1^'' 0 4	aan
2147	971^_	9^_ 7^_ 1	merk/mert?
2148	114^_	1^_ 1^_ 4^_	ing[en]
2149	754^_	7^_ 5^_ 4	moe
2150	850^^	8^^ 5 0	ste?
2151	674	6 7 4	n
2152	373^_	3^_ 7^_ 3^_	komen
2153	"128^"""	1^'' 2 8	al'
2154	132^CircleWithHorizontalBar	1^_ 3^+ 2	zo
2155	34	3 4	den
2156	68^_	6^_ 8^_	heer
2157	922	9 2 2	
2158	380	3 8 0	van
2159	213^o	2^o 1 3	
2160	381	3 8 1	b
2161	883^^	8^^ 8 3	rug
2162	569	5 6 9	gen
2163	772	7 7 2	gebr
2164	"277^"""	2^'' 7 7	agt ?
2165	87	8 7	is
2166	550	5 5 0	ge
2167	112^CircleWithHorizontalBar	1^_ 1^+ 2^_	worden
2168	132^CircleWithHorizontalBar	1^+ 3^_ 2	zo
2169	43^CircleWithHorizontalBar	4^+ 3^_	zal
2170	114^^	1^^ 1 4	het
2171	46^CircleWithHorizontalBar	4 6^+	zeker?
2172	17^o	1^o 7	z
2173	470	4 7 0	eg
2174	29^_	2^_ 9^_	ik
2175	9^^	9^^	nog
2176	406^_	4^_ 0^_ 6	man?
2177	583^CircleWithHorizontalBar	5 8^+ 3	s
2178	16	1 6	daar
2179	366^^	3^^ 6 6	op
2180	"104^"""	1 0^'' 4	aan
2181	373^_	3 7^_ 3	komen
2182	21^^	2^^ 1	
2183	15^_	1^_ 5^_	
2184	289^o	2 8^o 9	V
2185	526^^	5 2^^ 6	ra
2186	869^^	8^^ 6 9	n
2187	413^^	4^^ 1 3	k
2188	884^^	8^^ 8 4	rÿk
2189	"968^"""	9^'' 6 8	dien
2190	"333^"""	3^'' 3 3	aangeende
2191	"59^"""	5^'' 9	als
2192	787^_	7 8^_ 7^_	nu
2193	380	3 8 0	van
2194	"806^"""	8^'' 0 6	denk
2195	"237^"""	2^'' 3 7	
2196	86	8 6	en
2197	832^^	8^^ 3 2	
2198	227^o	2^o 2 7	ver
2199	"66^"""	6^'' 6	ander
2200	4^CircleWithHorizontalBar	4^+	t
2201	158	1 5 8	en
2202	"968^"""	9^'' 6 8	dien
2203	729^o	7^o 2 9	volgen
2204	34^_	3^_ 4^_	
2205	26	2 6	de
2206	602^o	6^o 0 2	vue
2207	86^_	^_ 8 6	
2208	59^^	5^^ 9	oog
2209	971^_	9^_ 7^_ 1	merk/mert?
2210	380^_	^_ 3 8 0	krÿgen?
2211	15^_	1^_ 5^_	
2212	117^^	1 1^^ 7	w
2213	78	7 8	
2214	264	2 6 4	ent
2215	761^^	7^^ 6 1	
2216	37^^	3^^ 7	e
2217	550	5 5 0	ge
2218	"822^"""	8^'' 2 2	dispos
2219	674	6 7 4	n
2220	750	7 5 0	cerd
2221	87	8 7	is
2222	25^^	2 5^^	om
2223	7	7	te
2224	"753^"""	7^'' 5 3	
2225	14^^	1^^ 4	
2226	17^o	1^o 7	z
2227	748	7 4 8	ÿ
2228	198^o	1 9^o 8	tot
2229	2	2	een
2230	705^_	7 0^_ 5^_	
2231	37^^	3^^ 7	e
2232	227^o	2 2^o 7	ver
2233	381	3 8 1	b
2234	34^_	3 4^_	
2235	18^o	1^o 8	d
2236	114^_	1^_ 1^_ 4	ing[en]
2237	109^^	1^^ 0 9	met
2238	15^_	1^_ 5	
2239	117^^	1 1^^ 7	w
2240	78	7 8	
2241	"199^"""	1^'' 9 9	af
2242	136^CircleWithHorizontalBar	1 3^+ 6	zonder
2243	404^_	4^_ 0^_ 4	lijk
2244	114^^	1^^ 1 4	het
2245	17^o	1 7^o	z
2246	748	7 4 8	ÿ
2247	198^o	1^o 9 8	tot
2248	114^^	1^^ 1 4	het
2249	689	6 8 9	formeean?
2250	883^_	8^_ 8^_ 3^_	van de
2251	153^_	1^_ 5^_ 3^_	hier
2252	584^o	5^o 8 4	voorgemeld
2253	37^^	3 7^^	e
2254	209^o	2^o 0 9	tri
2255	99^^	9^^ 9	ple
2256	"57^"""	5^'' 7	allientie
2257	363^o	3^o 6 3	tusschen
2258	924	9 2 4	het
2259	86	8 6	en
2260	26	2 6	de
2261	"315^"""	3^'' 1 5	beid
2262	370^_	3 7^_ 0	oorlogend
2263	37^^	3^^ 7	e
2264	13^_	1^_ 3^_	hot
2265	550	5 5 0	ge
2266	193^CircleWithHorizontalBar	1^+ 9 3	zaaon?
2267	264	2 6 4	ent
2268	404^_	4 0^_ 4^_	lijk
2269	"57^"""	5^'' 7	allientie
2270	18^o	1 8^o	d
2271	122^^	1 2^^ 2	ont
2272	"671^"""	6^'' 7 1	cem/cen?
2273	343^_	3 4^_ 3	
2274	25^_	2^_ 5^_	ie
2275	311	3 1 1	l
2276	"127^"""	1^'' 2 7	ai
2277	25	2 5	de
2278	21^_	2 1^_	
2279	52	5 2	dit
2280	253^^	2 5^^ 3	plus
2281	812	8 1 2	ha
2282	692^o	6 9^o 2	ut
2283	32^_	3 2^_	
2284	3^^	3^^	n'est
2285	390^^	3^^ 9 0	pas
2286	"15^"""	1^'' 5	a
2287	931^^	9^^ 3 1	
2288	180^^	1 8^^ 0	pos
2289	196	1 9 6	er
2290	673^^	6^^ 7 3	que
2291	18^o	1 8^o	d
2292	"368^"""	3^'' 6 8	an
2293	681	6 8 1	s
2294	378	3 7 8	la
2295	"671^"""	6^'' 7 1	cem/cen?
2296	180^^	1 8^^ 0	pos
2297	290^_	2 9^_ 0	ition
2298	147^^	1^^ 4 7	ou
2299	378	3 7 8	la
2300	"448^"""	4^'' 4 8	cen
2301	430^_	4 3^_ 0	cc
2302	450	4 5 0	p
2303	421^o	4^o 2 1	tion
2304	"916^"""	9^'' 1 6	
2305	511^^	5 1^^ 1	project
2306	378	3 7 8	la
2307	"691^"""	6^'' 9 1	
2308	25	2 5	de
2309	793^o	7 9^o 3	vi
2310	334	3 3 4	en
2311	921^_	9^_ 2^_ 1^_	ne
2312	"304^"""	3^'' 0 4	au
2313	806^^	8 0^^ 6	
2314	167^^	1 6^^ 7	per
2315	"916^"""	9^'' 1 6	
2316	334	3 3 4	en
2317	268^o	2^o 6 8	ti
2318	196	1 9 6	er
2319	37^^	3^^ 7	e
2320	668^_	6^_ 6^_ 8	ment
2321	26	2 6	de
2322	602^o	6 0^o 2	vue
2323	147^^	1 4^^ 7	ou
2324	97^o	9^o 7	o
2325	533	5 3 3	u
2326	381	3 8 1	b
2327	311	3 1 1	l
2328	5	5	i
2329	37^^	3^^ 7	e
2330	905^^	9^^ 0 5	ses
2331	178^o	1 7^o 8	sus
2332	52	5 2	dit
2333	583^CircleWithHorizontalBar	5 8^+ 3	s
2334	118^_	1^_ 1^_ 8	
2335	196	1 9 6	er
2336	417	4 1 7	est
2337	234^^	2 3^^ 4	
2338	456^^	4^^ 5 6	rapport
2339	"15^"""	1^'' 5	a
2340	905^^	9^^ 0 5	ses
2341	"810^"""	8^'' 1 0	dessein
2342	497^_	^_ 4 9 7	
2343	362^o	3^o 6 2	tu?
2344	327	3 2 7	ei
2345	583^CircleWithHorizontalBar	5 8^+ 3	s
2346	253^o	2^o 5 3	sur
2347	378	3 7 8	la
2348	674^^	6^^ 7 4	qui
2349	186^^	1^^ 8 6	s
2350	290^_	2 9^_ 0	ition
2351	26	2 6	de
2352	378	3 7 8	la
2353	"385^"""	3^'' 8 5	ba
2354	793^o	7 9^o 3	vi
2355	196	1 9 6	er
2356	37^^	3^^ 7	e
2357	417^o	4 1^o 7	ter
2358	190^CircleWithHorizontalBar	1 9^+ 0	wÿl
2359	52	5 2	dit
2360	55	5 5	doch
2361	4	4	een
2362	883^_	8 8^_ 3	van de
2363	581^^	5^^ 8 1	principaal
2364	37^^	3^^ 7	e
2365	789^_	7 8^_ 9	object
2366	87^_	^_ 8 7	hoop
2367	91^CircleWithHorizontalBar	9^+ 1^_	waar
2368	280^_	2 8^_ 0	h
2369	78	7 8	
2370	784	7 8 4	gelÿk
2371	300^^	3^^ 0 0	over
2372	649^o	6^o 4 9	vlood
2373	28^_	2^_ 8^_	
2374	"311^"""	3^'' 1 1	be
2375	598^_	5^_ 9^_ 8	ken
2376	4^CircleWithHorizontalBar	4^+	t
2377	87	8 7	is
2378	"130^"""	1 3^'' 0	alle
2379	39	3 9	hun
2380	550	5 5 0	ge
2381	280^_	2 8^_ 0	h
2382	37^^	3^^ 7	e
2383	748	7 4 8	ÿ
2384	343^_	3 4^_ 3	
2385	75^o	7^o 5	staat
2386	583^CircleWithHorizontalBar	5^+ 8^_ 3	s
2387	137^_	1^_ 3^_ 7	handel
2388	114^_	1^_ 1^_ 4^_	ing[en]
2389	114^^	^_ 1^^ 1 4	het
2390	17^o	1^o 7	z
2391	748	7 4 8	ÿ
2392	49	4 9	direct
2393	404^_	4^_ 0^_ 4	lijk
2394	21^^	2^^ 1	
2395	34^_	3^_ 4^_	
2396	49	4 9	direct
2397	404^_	4^_ 0^_ 4	lijk
2398	4^CircleWithHorizontalBar	4^+	t
2399	"368^"""	3^'' 6 8	an
2400	583^CircleWithHorizontalBar	5^_ 8^+ 3	s
2401	976^^	9^^ 7 6	sedert?
2402	4	4	een
2403	550	5 5 0	ge
2404	34^^	3^^ 4	r
2405	41^^	4 1^^	u
2406	748	7 4 8	ÿ
2407	39^^	3^^ 9	men
2408	344^o	3 4^o 4	tÿd
2409	583^CircleWithHorizontalBar	5^+ 8 3	s
2410	30^^	3^^ 0	c
2411	280^_	2^_ 8^_ 0	h
2412	748	7 4 8	ÿ
2413	6	6	ne
2414	674	6 7 4	n
2415	"821^"""	8^'' 2 1	dirigum?
2416	7^_	^_ 7	
2417	112^CircleWithHorizontalBar	1^+ 1 2	worden
2418	414^o	4^o 1 4	ten
2419	219^^	2^^ 1 9	op zigt
2420	37^^	3^^ 7	e
2421	883^_	8 8^_ 3	van de
2422	"217^"""	2^'' 1 7	andere
2423	218^CircleWithHorizontalBar	2 1^+ 8	zwaar
2424	28^_	2^_ 8^_	
2425	71^_	7^_ 1^_	heid
2426	678^^	6 7^^ 8	raak
2427	335	3 3 5	ende
2428	26	2 6	de
2429	422^o	4 2^o 2	toc/toe?
2430	79^o	7^o 9	
2431	33^^	3^^ 3	m
2432	114^_	1^_ 1^_ 4^_	ing[en]
2433	889^_	8^_ 8^_ 9^_	van den
2434	922	9 2 2	
2435	380	3 8 0	van
2436	213^o	2^o 1 3	
2437	381	3 8 1	b
2438	883^^	8 8^^ 3	rug
2439	569	5 6 9	gen
2440	158	1 5 8	en
2441	39	3 9	hun
2442	380	3 8 0	van
2443	107^o	1 0^o 7	ro
2444	37^^	3^^ 7	e
2445	113	1 1 3	der
2446	34	3 4	den
2447	730^^	7^^ 3 0	Prins F
2448	405^_	4^_ 0^_ 5	ma
2449	941^^	9^^ 4 1	x
2450	5	5	i
2451	33^^	3^^ 3	m
2452	108^_	1^_ 0^_ 8^_	
2453	5	5	i
2454	"104^"""	1^'' 0 4	aan
2455	132^CircleWithHorizontalBar	1 3^+ 2	zo
2456	87	8 7	is
2457	114^^	1^^ 1 4	het
2458	777^_	7^_ 7^_ 7^_	nict?
2459	7	7	te
2460	227^o	2^o 2 7	ver
2461	830^_	8^_ 3^_ 0^_	
2462	86	8 6	en
2463	743	7 4 3	dak?
2464	15^_	1^_ 5^_	
2465	289^o	2 8^o 9	V
2466	526^^	5^^ 2 6	ra
2467	869^^	8 6^^ 9	n
2468	413^^	4 1^^ 3	k
2469	884^^	8 8^^ 4	rÿk
2470	9^^	9^^	nog
2471	60^^	6^^ 0	ock
2472	15^_	1^_ 5^_	
2473	117^^	1 1^^ 7	w
2474	78	7 8	
2475	114^^	1^^ 1 4	het
2476	737^o	7^o 3 7	bewuste
2477	511^^	5^^ 1 1	project
2478	366^^	3^^ 6 6	op
2479	"311^"""	3^'' 1 1	be
2480	748	7 4 8	ÿ
2481	196	1 9 6	er
2482	86	8 6	en
2483	84	8 4	zullen
2484	108^CircleWithHorizontalBar	1^_ 0^+ 8	willen
2485	609^o	6^o 0 9	uit
2486	576^o	5^o 7 6	voer
2487	86	8 6	en
2488	136^CircleWithHorizontalBar	1 3^+ 6	zonder
2489	133^CircleWithHorizontalBar	1 3^+ 3^_	zodanig
2490	37^^	3^^ 7	e
2491	422^o	4^o 2 2	toc/toe?
2492	79^o	7^o 9	
2493	33^^	3^^ 3	m
2494	114^_	1^_ 1^_ 4^_	ing[en]
2495	158	1 5 8	en
2496	"677^"""	6^'' 7 7	
2497	482	4 8 2	entie
2498	331^_	3 3^_ 1	maar
2499	609^o	6^o 0 9	uit
2500	152^_	1^_ 5^_ 2^_	het geene?
2501	196	1 9 6	er
2502	132^CircleWithHorizontalBar	1 3^+ 2^_	zo
2503	26^CircleWithHorizontalBar	2^+ 6	wel
2504	"574^"""	5^'' 7 4	by
2505	26	2 6	de
2506	1^^	1^^	negociatie
2507	380	3 8 0	van
2508	144^_	1^_ 4^_ 4	de Hur
2509	808	8 0 8	graf
2510	107^o	1 0^o 7	ro
2511	33^^	3^^ 3	m
2512	"144^"""	1^'' 4 4	ant
2513	17^o	1 7^o	z
2514	21^^	2 1^^	
2515	109^^	1 0^^ 9	met
2516	812^o	8^o 1 2	voornocond?
2517	37^^	3^^ 7	e
2518	922	9 2 2	
2519	34^_	3^_ 4^_	
2520	34	3 4	den
2521	173^_	1^_ 7^_ 3^_	jaar
2522	37^^	3^^ 7	e
2523	205^CircleWithHorizontalBar	2 0^+ 5^_	zeventien, dia Sept.
2524	81^_	8^_ 1^_	
2525	644^o	6 4^o 4	vijf
2526	86	8 6	en
2527	482^o	4 8^o 2	tachtig ?
2528	"59^"""	5^'' 9	als
2529	227^o	2^o 2 7	ver
2530	881^o	8^o 8 1	volgens
2531	"574^"""	5^'' 7 4	by
2532	314	3 1 4	eenig
2533	37^^	3^^ 7	e
2534	692^_	6^_ 9^_ 2	na de
2535	69^_	6^_ 9^_	de Heer de
2536	110^^	1 1^^ 0	ro
2537	414^o	4^o 1 4	ten
2538	22^o	2^o 2	la
2539	39^^	3^^ 9	men
2540	583^CircleWithHorizontalBar	5^+ 8 3	s
2541	121	1 2 1	dic
2542	15^_	1^_ 5^_	
2543	117^^	1 1^^ 7	w
2544	78	7 8	
2545	976^^	9^^ 7 6	sedert?
2546	9^^	9^^	nog
2547	"574^"""	5^'' 7 4	by
2548	70^CircleWithHorizontalBar	7^+ 0^_	zyne
2549	60	6 0	door
2550	311	3 1 1	l
2551	41^^	4 1^^	u
2552	198^_	1 9^_ 8	g
2553	4^CircleWithHorizontalBar	4^+	t
2554	28^_	2^_ 8^_	
2555	71^_	7 1^_	heid
2556	414^o	4 1^o 4	ten
2557	181	1 8 1	einde?
2558	25^^	2^^ 5	om
2559	149^_	1^_ 4^_ 9^_	hem
2560	198^o	1 9^o 8	tot
2561	26	2 6	de
2562	584^o	5 8^o 4	voorgemeld
2563	37^^	3^^ 7	e
2564	422^o	4^o 2 2	toc/toe?
2565	79^o	7 9^o	
2566	33^^	3^^ 3	m
2567	114^_	1^_ 1^_ 4	ing[en]
2568	7	7	te
2569	167^^	1 6^^ 7	per
2570	904^_	9^_ 0^_ 4	mo
2571	89	8 9	s
2572	80	8 0	eeron
2573	"574^"""	5^'' 7 4	by
2574	280^_	2^_ 8^_ 0	h
2575	196	1 9 6	er
2576	812	8 1 2	ha
2577	"128^"""	1^'' 2 8	al'
2578	256^CircleWithHorizontalBar	2^+ 5 6	werk
2579	154^o	1 5^o 4	
2580	311	3 1 1	l
2581	28^_	2 8^_	
2582	330^_	3^_ 3^_ 0^_	maaden
2583	87^_	^_ 8 7	hoop
2584	33^^	3^^ 3	m
2585	4	4	een
2586	16^o	1 6^o	t
2587	39^^	3 9^^	men
2588	300^^	3 0^^ 0	over
2589	362^o	3 6^o 2	tu?
2590	748	7 4 8	ÿ
2591	198^_	1^_ 9^_ 8	g
2592	4^CircleWithHorizontalBar	4^+	t
2593	7	7	te
2594	90	9 0	zÿn
2595	743	7 4 3	dak?
2596	26	2 6	de
2597	218^CircleWithHorizontalBar	2^+ 1^_ 8	zwaar
2598	28^_	2^_ 8^_	
2599	71^_	7^_ 1^_	heid
2600	158	1 5 8	en
2601	25	2 5	de
2602	520	5 2 0	
2603	33^^	3^^ 3	m
2604	517^_	5 1^_ 7^_	iteet/ideet?
2605	254^CircleWithHorizontalBar	2 5^+ 4	welke
2606	132^CircleWithHorizontalBar	1^+ 3^_ 2	zo
2607	26^CircleWithHorizontalBar	2^+ 6	wel
2608	715	7 1 5	beid
2609	37^^	3^^ 7	e
2610	922	9 2 2	
2611	922	9 2 2	
2612	"59^"""	5^'' 9	als
2613	90	9 0	zÿn
2614	812^o	8 1^o 2	voornocond?
2615	381	3 8 1	b
2616	107^o	1 0^o 7	ro
2617	37^^	3^^ 7	e
2618	113	1 1 3	der
2619	184^o	1 8^o 4	tegen
2620	114^^	1 1^^ 4	het
2621	584^o	5^o 8 4	voorgemeld
2622	37^^	3^^ 7	e
2623	511^^	5^^ 1 1	project
2624	380	3 8 0	van
2625	34^^	3^^ 4	r
2626	41^^	4^^ 1	u
2627	748	7 4 8	ÿ
2628	311	3 1 1	l
2629	114^_	1^_ 1^_ 4	ing[en]
2630	550	5 5 0	ge
2631	366^^	3^^ 6 6	op
2632	167^^	1 6^^ 7	per
2633	4^CircleWithHorizontalBar	4^+	t
2634	216^_	2 1^_ 6	hetten
2635	777^_	7 7^_ 7^_	nict?
2636	132^CircleWithHorizontalBar	1 3^+ 2^_	zo
2637	45^CircleWithHorizontalBar	4^+ 5^_	zeer
2638	"104^"""	1^'' 0 4	aan
2639	280^_	2 8^_ 0	h
2640	41^^	4^^ 1	u
2641	6	6	ne
2642	60	6 0	door
2643	311	3 1 1	l
2644	41^^	4^^ 1	u
2645	198^_	1^_ 9^_ 8^_	g
2646	4^CircleWithHorizontalBar	4^+	t
2647	28^_	2^_ 8^_	
2648	141^_	1^_ 4^_ 1	
2649	7	7	te
2650	"152^"""	1^'' 5 2	
2651	209^o	2^o 0 9	tri
2652	381	3 8 1	b
2653	41^^	4^^ 1	u
2654	80	8 0	eeron
2655	87	8 7	is
2656	"59^"""	5^'' 9	als
2657	254^CircleWithHorizontalBar	2^+ 5^_ 4	welke
2658	132^CircleWithHorizontalBar	1 3^+ 2	zo
2659	26^CircleWithHorizontalBar	2^+ 6	wel
2660	"59^"""	5^'' 9	als
2661	51^CircleWithHorizontalBar	5^+ 1	zelfs
2662	34	3 4	den
2663	750^_	7^_ 5^_ 0	Minister F
2664	889^_	8 8^_ 9	van den
2665	922	9 2 2	
2666	144^_	1^_ 4^_ 4	de Hur
2667	380	3 8 0	van
2668	199	1 9 9	es
2669	37^^	3^^ 7	e
2670	"311^"""	3^'' 1 1	be
2671	453	4 5 3	e
2672	47^_	4^_ 7^_	l
2673	206^CircleWithHorizontalBar	2 0^+ 6	zig
2674	396^^	3 9^^ 6	persoon
2675	113^^	1 1^^ 3	ee
2676	311	3 1 1	l
2677	132^CircleWithHorizontalBar	1^_ 3^+ 2	zo
2678	45^CircleWithHorizontalBar	4^+ 5	zeer
2679	777^_	7 7^_ 7^_	nict?
2680	"199^"""	1^'' 9 9	af
2681	369^_	3^_ 6^_ 9^_	keer?
2682	28^_	2^_ 8^_	
2683	380	3 8 0	van
2684	114^^	1^^ 1 4	het
2685	584^o	5^o 8 4	voorgemeld
2686	37^^	3^^ 7	e
2687	"104^"""	1^'' 0 4	aan
2688	741	7 4 1	haar
2689	550	5 5 0	ge
2690	658^^	6^^ 5 8	pro
2691	450	4 5 0	p
2692	28^^	2^^ 8	on
2693	391	3 9 1	eerde
2694	511^^	5^^ 1 1	project
2695	380	3 8 0	van
2696	34^_	3^_ 4^_	
2697	41^^	4^^ 1	u
2698	748	7 4 8	ÿ
2699	311	3 1 1	l
2700	114^_	1^_ 1^_ 4^_	ing[en]
2701	424^o	4^o 2 4	toonen
2702	211^_	^_ 2^_ 1^_ 1	hadde
2703	743	7 4 3	dak?
2704	196	1 9 6	er
2705	"44^"""	4^'' 4	absolu
2706	4^CircleWithHorizontalBar	4^+	t
2707	705	7 0 5	geene
2708	87^_	8^_ 7^_	hoop
2709	158	1 5 8	en
2710	672^_	6^_ 7^_ 2^_	middel
2711	"572^"""	5^'' 7 2	
2712	741	7 4 1	haar
2713	293^CircleWithHorizontalBar	2^+ 9 3	zoude?
2714	90	9 0	zÿn
2715	300^^	3 0^^ 0	over
2716	"643^"""	6^'' 4 3	blywen?
2717	25^^	2^^ 5	om
2718	206^CircleWithHorizontalBar	2^+ 0 6	zig
2719	16	1 6	daar
2720	52^^	5^^ 2	ontrent
2721	251^o	2 5^o 1	te
2722	216^_	2^_ 1^_ 6	hetten
2723	451^_	4 5^_ 1	konnen
2724	227^o	2 2^o 7	ver
2725	923^^	9^^ 2 3	staan
2726	158	1 5 8	en
2727	109^^	1 0^^ 9	met
2728	741	7 4 1	haar
2729	7	7	te
2730	757^^	7^^ 5 7	recht
2731	180^o	1^o 8 0	tant
2732	678^^	6 7^^ 8	raak
2733	86	8 6	en
2734	"59^"""	5^'' 9	als
2735	26^CircleWithHorizontalBar	2^+ 6	wel
2736	731^o	7 3^o 1	voor
2737	690^_	6^_ 9^_ 0^_	
2738	"104^"""	1 0^'' 4	aan
2739	4	4	een
2740	"66^"""	6^'' 6	ander
2741	750^_	7^_ 5^_ 0^_	Minister F
2742	380	3 8 0	van
2743	715	7 1 5	beid
2744	37^^	3^^ 7	e
2745	68^_	6^_ 8^_	heer
2746	922	9 2 2	
2747	690^_	6^_ 9^_ 0^_	
2748	144^_	1^_ 4^_ 4^_	de Hur
2749	380	3 8 0	van
2750	7^_	7^_	
2751	86	8 6	en
2752	377	3 7 7	f
2753	327	3 2 7	ei
2754	583^CircleWithHorizontalBar	5^_ 8^+ 3	s
2755	120	1 2 0	
2756	121	1 2 1	dic
2757	380	3 8 0	van
2758	253^CircleWithHorizontalBar	2 5^+ 3	weg
2759	191	1 9 1	ens
2760	70^CircleWithHorizontalBar	7^+ 0^_	zyne
2761	665^o	6^o 6 5	vorst
2762	37^^	3^^ 7	e
2763	404^_	4^_ 0^_ 4	lijk
2764	37^^	3^^ 7	e
2765	60	6 0	door
2766	311	3 1 1	l
2767	41^^	4^^ 1	u
2768	198^_	1^_ 9^_ 8^_	g
2769	4^CircleWithHorizontalBar	4^+	t
2770	28^_	2 8^_	
2771	71^_	7 1^_	heid
2772	"59^"""	5^'' 9	als
2773	750^_	7^_ 5^_ 0^_	Minister F
2774	327^^	3^^ 2 7	Plenipotentiaris
2775	550	5 5 0	ge
2776	"226^"""	2^'' 2 6	
2777	750	7 5 0	cerd
2778	143^_	1^_ 4^_ 3^_	heeft
2779	"574^"""	5^'' 7 4	by
2780	26	2 6	de
2781	"755^"""	7^'' 5 5	conferentie
2782	86	8 6	en
2783	114^^	1 1^^ 4	het
2784	"311^"""	3^'' 1 1	be
2785	136^o	1 3^o 6	
2786	380	3 8 0	van
2787	114^^	1 1^^ 4	het
2788	747^o	7^o 4 7	
2789	583^CircleWithHorizontalBar	5^+ 8^_ 3	s
2790	201^o	2^o 0 1	Tractaat
2791	380	3 8 0	van
2792	7	7	te
2793	4^CircleWithHorizontalBar	4^+	t
2794	186^^	1 8^^ 6	s
2795	"514^"""	5 1^'' 4	chi
2796	674	6 7 4	n
2797	86	8 6	en
2798	121	1 2 1	dic
2799	34^_	3 4^_	
2800	34	3 4	den
2801	"163^"""	1^'' 6 3	begin
2802	6	6	ne
2803	380	3 8 0	van
2804	205^CircleWithHorizontalBar	2^+ 0^_ 5	zeventien, dia Sept.
2805	81^_	8^_ 1^_	
2806	"277^"""	2^'' 7 7	agt ?
2807	86	8 6	en
2808	282^CircleWithHorizontalBar	2 8^+ 2^_	zeventig, septante
2809	927^_	9^_ 2^_ 7	nevens
2810	26	2 6	de
2811	"514^"""	5^'' 1 4	chi
2812	918^o	9 1^o 8	ur
2813	665^o	6^o 6 5	vorst
2814	730^_	7^_ 3^_ 0^_	in
2815	6	6	ne
2816	18^o	1 8^o	d
2817	147^^	1 4^^ 7	ou
2818	"127^"""	1^'' 2 7	ai
2819	802^^	8 0^^ 2	ri
2820	196	1 9 6	er
2821	110^^	1 1^^ 0	ro
2822	889^_	8^_ 8^_ 9	van den
2823	383^_	3 8^_ 3^_	laast?
2824	300^^	3 0^^ 0	over
2825	311	3 1 1	l
2826	113^^	1^^ 1 3	ee
2827	34	3 4	den
2828	"514^"""	5^'' 1 4	chi
2829	918^o	9^o 1 8	ur
2830	665^o	6^o 6 5	vorst
2831	380	3 8 0	van
2832	"34^"""	3^'' 4	aan her?
2833	"311^"""	3^'' 1 1	be
2834	748	7 4 8	ÿ
2835	196	1 9 6	er
2836	86	8 6	en
2837	60^^	6^^ 0	ock
2838	581^^	5 8^^ 1	principaal
2839	550	5 5 0	ge
2840	"152^"""	1^'' 5 2	
2841	209^o	2^o 0 9	tri
2842	381	3 8 1	b
2843	41^^	4^^ 1	u
2844	750	7 5 0	cerd
2845	143^_	1^_ 4^_ 3	heeft
2846	25^^	2^^ 5	om
2847	34	3 4	den
2848	922	9 2 2	
2849	380^_	3 8^_ 0	krÿgen?
2850	213^o	2^o 1 3	
2851	381	3 8 1	b
2852	883^^	8 8^^ 3	rug
2853	569	5 6 9	gen
2854	7	7	te
2855	883^^	8^^ 8 3	rug
2856	7	7	te
2857	940	9 4 0	
2858	86	8 6	en
2859	7	7	te
2860	"897^"""	8^'' 9 7	dis
2861	186^^	1^^ 8 6	s
2862	41^^	4 1^^	u
2863	"15^"""	1^'' 5	a
2864	18^o	1 8^o	d
2865	80	8 0	eeron
2866	25^^	2^^ 5	om
2867	39	3 9	hun
2868	422^o	4 2^o 2	toc/toe?
2869	79^o	7 9^o	
2870	33^^	3 3^^	m
2871	114^_	1^_ 1^_ 4^_	ing[en]
2872	158	1 5 8	en
2873	583^CircleWithHorizontalBar	5^_ 8^+ 3	s
2874	"368^"""	3 6^'' 8	an
2875	30^^	3^^ 0	c
2876	343^o	3 4^o 3	tu
2877	7	7	te
2878	707	7 0 7	geven?
2879	"104^"""	1^'' 0 4	aan
2880	114^^	1^^ 1 4	het
2881	201^o	2^o 0 1	Tractaat
2882	380	3 8 0	van
2883	158^^	1^^ 5 8	par
2884	22^o	2 2^o	la
2885	549	5 4 9	ge
2886	253^CircleWithHorizontalBar	2^+ 5 3	weg
2887	191	1 9 1	ens
2888	26	2 6	de
2889	161^o	1 6^o 1	succes
2890	134^o	1 3^o 4	si
2891	37^^	3^^ 7	e
2892	380	3 8 0	van
2893	"311^"""	3^'' 1 1	be
2894	748	7 4 8	ÿ
2895	196	1 9 6	er
2896	86	8 6	en
2897	366^^	3 6^^ 6	op
2898	34	3 4	den
2899	"884^"""	8^'' 8 4	derde
2900	844^CircleWithHorizontalBar	8 4^+ 4	January
2901	205^CircleWithHorizontalBar	2^_ 0^+ 5	zeventien, dia Sept.
2902	81^_	8^_ 1^_	
2903	"838^"""	8^'' 3 8	
2904	86	8 6	en
2905	482^o	4^o 8 2	tachtig ?
2906	363^o	3^o 6 3	tusschen
2907	34	3 4	den
2908	488^o	4^o 8 8	tegenvoordig
2909	86	8 6	en
2910	"514^"""	5^'' 1 4	chi
2911	918^o	9^o 1 8	ur
2912	665^o	6^o 6 5	vorst
2913	380	3 8 0	van
2914	"311^"""	3^'' 1 1	be
2915	748	7 4 8	ÿ
2916	196	1 9 6	er
2917	86	8 6	en
2918	158	1 5 8	en
2919	15^_	1^_ 5^_	
2920	117^^	1^^ 1 7	w
2921	78	7 8	
2922	833^^	8^^ 3 3	[ge]sloten
2923	158^_	^_ 1 5 8	
2924	16	1 6	daar
2925	184^o	1 8^o 4	tegen
2926	70^CircleWithHorizontalBar	7 0^+	zyne
2927	60	6 0	door
2928	311	3 1 1	l
2929	41^^	4^^ 1	u
2930	198^_	1^_ 9^_ 8^_	g
2931	4^CircleWithHorizontalBar	4^+	t
2932	28^_	2 8^_	
2933	71^_	7 1^_	heid
2934	86	8 6	en
2935	838	8 3 8	ga
2936	198^_	1^_ 9^_ 8	g
2937	391	3 9 1	eerde
2938	25^^	2^^ 5	om
2939	550	5 5 0	ge
2940	12^_	1^_ 2^_	hoor
2941	7	7	te
2942	707	7 0 7	geven?
2943	158	1 5 8	en
2944	366^^	3^^ 6 6	op
2945	7	7	te
2946	729^o	7 2^o 9	volgen
2947	26	2 6	de
2948	738^^	7 3^^ 8	propositie F
2949	91^CircleWithHorizontalBar	^_ 9^+ 1^_	waar
2950	495^_	4 9^_ 5	
2951	144^_	1^_ 4^_ 4^_	de Hur
2952	808	8 0 8	graf
2953	198^_	1^_ 9^_ 8	g
2954	371^^	3^^ 7 1	or
2955	4	4^'	een
2956	17^o	1 7^o	z
2957	34^_	3 4^_	
2958	113	1 1 3	der
2959	344^o	3^o 4 4	tÿd
2960	380	3 8 0	van
2961	253^CircleWithHorizontalBar	2^+ 5^_ 3	weg
2962	191	1 9 1	ens
2963	34	3 4	den
2964	376^_	3^_ 7^_ 6	koning
2965	380	3 8 0	van
2966	563^^	5^^ 6 3	p
2967	788^^	7^^ 8 8	r
2968	719^^	7^^ 1 9	u
2969	748	7 4 8	ÿ
2970	940^^	9^^ 4 0	ss
2971	"514^"""	5 1^'' 4	chi
2972	674	6 7 4	n
2973	34^_	3^_ 4^_	
2974	114^^	1 1^^ 4	het
2975	549	5 4 9	ge
2976	280^_	2^_ 8^_ 0	h
2977	37^^	3^^ 7	e
2978	261^_	2^_ 6^_ 1^_	
2979	"104^"""	1^'' 0 4	aan
2980	160^_	1^_ 6^_ 0^_	
2981	"199^"""	1^'' 9 9	af
2982	104^CircleWithHorizontalBar	1^_ 0^+ 4	west
2983	21^CircleWithHorizontalBar	^_ 2^+ 1^_	was
2984	19^CircleWithHorizontalBar	1^_ 9^+	waar van
2985	114^^	1^^ 1 4	het
2986	577	5 7 7	
2987	18^o	1^o 8	d
2988	"368^"""	3^'' 6 8	an
2989	60^^	6^^ 0	ock
2990	96^CircleWithHorizontalBar	9^+ 6	was
2991	743	7 4 3	dak?
2992	812^o	8 1^o 2	voornocond?
2993	37^^	3^^ 7	e
2994	922	9 2 2	
2995	16	1 6	daar
2996	266^^	2^^ 6 6	i
2997	"226^"""	2^'' 2 6	
2998	482	4 8 2	entie
2999	380	3 8 0	van
3000	7^_	7^_	
3001	715	7 1 5	beid
3002	37^^	3^^ 7	e
3003	376^_	3^_ 7^_ 6	koning
3004	550	5 5 0	ge
3005	110^^	1^^ 1 0	ro
3006	30^^	3^^ 0	c
3007	378	3 7 8	la
3008	33^^	3^^ 3	m
3009	750	7 5 0	cerd
3010	216^_	2^_ 1^_ 6	hetten
3011	26	2 6	de
3012	184^o	1 8^o 4	tegen
3013	114^^	1^^ 1 4	het
3014	812^o	8^o 1 2	voornocond?
3015	37^^	3^^ 7	e
3016	277^o	2 7^o 7	Tractaat ven
3017	205^CircleWithHorizontalBar	2^+ 0^_ 5	zeventien, dia Sept.
3018	81^_	8^_ 1^_	
3019	"838^"""	8^'' 3 8	
3020	86	8 6	en
3021	482^o	4^o 8 2	tachtig ?
3022	158	1 5 8	en
3023	26	2 6	de
3024	105^^	1 0^^ 5	possessie?
3025	674	6 7 4	n
3026	113^^	1^^ 1 3	ee
3027	33^^	3^^ 3	m
3028	114^_	1^_ 1^_ 4^_	ing[en]
3029	254^CircleWithHorizontalBar	2^+ 5 4	welke
3030	15^_	1^_ 5^_	
3031	117^^	1 1^^ 7	w
3032	78	7 8	
3033	"968^"""	9^'' 6 8	dien
3034	729^o	7 2^o 9	volgen
3035	26	2 6	de
3036	380	3 8 0	van
3037	4	4	een
3038	810	8 1 0	Groot
3039	37^^	3^^ 7	e
3040	550	5 5 0	ge
3041	"801^"""	8^'' 0 1	dut
3042	7	7	te
3043	883^_	8^_ 8^_ 3	van de
3044	26	2 6	de
3045	"311^"""	3^'' 1 1	be
3046	748	7 4 8	ÿ
3047	196	1 9 6	er
3048	583^CircleWithHorizontalBar	5^_ 8^+ 3	s
3049	"514^"""	5^''1 4	chi
3050	311^_	3^_ 1^_ 1^_	land
3051	256^CircleWithHorizontalBar	^_ 2^+ 5^_ 6	werk
3052	154^o	1 5^o 4	
3053	311	3 1 1	l
3054	28^_	2^_ 8^_	
3055	330^_	3 3^_ 0	maaden
3056	211^_	^_ 2^_ 1^_ 1	hadde
3057	142^CircleWithHorizontalBar	1^_ 4^+ 2	zulks
3058	783	7 8 3	gelegenheid
3059	198^_	1^_ 9^_ 8	g
3060	"199^"""	1 9^'' 9	af
3061	198^o	1 9^o 8	tot
3062	34	3 4	den
3063	364^^	3^^ 6 4	oorlog
3064	363^o	3^o 6 3	tusschen
3065	114^^	1 1^^ 4	het
3066	715	7 1 5	beid
3067	37^^	3^^ 7	e
3068	13^_	1^_ 3^_	hot
3069	380	3 8 0	van
3070	117^^	1^^ 1 7	w
3071	78	7 8	
3072	158	1 5 8	en
3073	812^o	8^o 1 2	voornocond?
3074	37^^	3^^ 7	e
3075	376^_	3 7^_ 6	koning
3076	380	3 8 0	van
3077	563^^	5 6^^ 3	p
3078	788^^	7^^ 8 8	r
3079	719^^	7^^ 1 9	u
3080	748	7 4 8	ÿ
3081	940^^	9^^ 4 0	ss
3082	"514^"""	5^'' 1 4	chi
3083	"929^"""	9^'' 2 9	n
3084	254^CircleWithHorizontalBar	2^+ 5^_ 4	welke
3085	109^^	1^^ 0 9	met
3086	114^^	1^^ 1 4	het
3087	747^o	7^o 4 7	
3088	674	6 7 4	n
3089	583^CircleWithHorizontalBar	5 8^+ 3	s
3090	201^o	2 0^o 1	Tractaat
3091	380	3 8 0	van
3092	7	7	te
3093	4^CircleWithHorizontalBar	4^+	t
3094	583^CircleWithHorizontalBar	5 8^+ 3	s
3095	"514^"""	5^'' 1 4	chi
3096	674	6 7 4	n
3097	37^^	3^^ 7	e
3098	748	7 4 8	ÿ
3099	674	6 7 4	n
3100	18^o	1 8^o	d
3101	28^_	2 8^_	
3102	25	2 5	de
3103	114^^	1^^ 1 4	het
3104	21^CircleWithHorizontalBar	2 1^+	was
3105	17^o	1^o 7	z
3106	470	4 7 0	eg
3107	29^_	2^_ 9^_	ik
3108	"814^"""	8^'' 1 4	deze
3109	68^_	6^_ 8^_	heer
3110	380	3 8 0	van
3111	7^_	7^_	
3112	86	8 6	en
3113	377	3 7 7	f
3114	327	3 2 7	ei
3115	583^CircleWithHorizontalBar	5^+ 8 3	s
3116	121	1 2 1	dic
3117	132^CircleWithHorizontalBar	1^_ 3^+ 2	zo
3118	26^CircleWithHorizontalBar	2^+ 6	wel
3119	34^_	3^_ 4^_	
3120	26	2 6	de
3121	1^^	1^^	negociatie
3122	889^_	8^_ 8^_ 9	van den
3123	68^_	6^_ 8^_	heer
3124	808	8 0 8	graf
3125	34^^	3^^ 4	r
3126	41^^	4^^ 1	u
3127	339^_	3^_ 3^_ 9	
3128	4^CircleWithHorizontalBar	4^+	t
3129	17^o	1^o 7	z
3130	21^^	2^^ 1	
3131	"59^"""	5^'' 9	als
3132	227^o	2^o 2 7	ver
3133	881^o	8 8^o 1	volgens
3134	60^^	6 0^^	ock
3135	9^^	9^^	nog
3136	"574^"""	5^'' 7 4	by
3137	26	2 6	de
3138	365^_	3^_ 6^_ 5	it
3139	196	1 9 6	er
3140	"152^"""	1^'' 5 2	
3141	366^_	3^_ 6^_ 6	ire
3142	190^o	1^o 9 0	tent
3143	"152^"""	1^'' 5 2	
3144	366^_	3^_ 6^_ 6	ire
3145	254^CircleWithHorizontalBar	2^+ 5 4	welke
3146	15^_	1^_ 5^_	
3147	117^^	1^^ 1 7	w
3148	78	7 8	
3149	34^_	3^_ 4	
3150	49	4 9	direct
3151	132^CircleWithHorizontalBar	1^_ 3^+ 2	zo
3152	60	6 0	door
3153	26	2 6	de
3154	33^^	3^^ 3	m
3155	"127^"""	1^'' 2 7	ai
3156	4^CircleWithHorizontalBar	4^+	t
3157	34^^	3^^ 4	r
3158	200	2 0 0	esse
3159	889	8 8 9	
3160	922	9 2 2	
3161	"59^"""	5^'' 9	als
3162	60	6 0	door
3163	46^CircleWithHorizontalBar	4^+ 6	zeker?
3164	86	8 6	en
3165	"574^"""	5^'' 7 4	by
3166	149^_	1^_ 4^_ 9	hem
3167	525^o	5^o 2 5	veel
3168	"618^"""	6^'' 1 8	
3169	158	1 5 8	en
3170	34^_	3^_ 4^_	
3171	649^o	6^o 4 9	vlood
3172	923^^	9^^ 2 3	staan
3173	216^_	^_ 2^_ 1 6	hetten
3174	25	2 5	de
3175	602^^	6^^ 0 2	raad
3176	380	3 8 0	van
3177	7^_	7^_	
3178	150^o	1^o 5 0	st
3179	39	3 9	hun
3180	311^_	3^_ 1^_ 1	land
3181	583^CircleWithHorizontalBar	5^+ 8 3	s
3182	540^^	5^^ 4 0	Reguring
3183	186^^	1^^ 8 6	s
3184	"503^"""	5^'' 0 3	canceler
3185	86	8 6	en
3186	254^CircleWithHorizontalBar	2^+ 5 4	welke
3187	731^o	7^o 3 1	voor
3188	52^^	5 2^^	ontrent
3189	"66^"""	6^'' 6	ander
3190	4^CircleWithHorizontalBar	4^+	t
3191	812	8 1 2	ha
3192	311	3 1 1	l
3193	377	3 7 7	f
3194	173^_	1^_ 7^_ 3	jaar
3195	253^CircleWithHorizontalBar	2^+ 5^_ 3	weg
3196	191	1 9 1	ens
3197	"217^"""	2^'' 1 7	andere
3198	425^^	4^^ 2 5	pre
3199	89	8 9	s
3200	"374^"""	3^'' 7 4	ar
3201	5	5	i
3202	30^^	3 0^^	c
3203	"227^"""	2^'' 2 7	atic?
3204	550^_	^_ 5 5 0	liv?
3205	"897^"""	8^'' 9 7	dis
3206	198^_	1^_ 9^_ 8	g
3207	40^^	4^^ 0	ra
3208	268^^	2^^ 6 8	l
3209	750	7 5 0	cerd
3210	32^CircleWithHorizontalBar	3^+ 2^_	wierd
3211	158	1 5 8	en
3212	114^^	1 1^^ 4	het
3213	922	9 2 2	
3214	404^_	4^_ 0^_ 4^_	lijk
3215	37^^	3^^ 7	e
3216	13^_	1^_ 3^_	hot
3217	158	1 5 8	en
3218	311^_	3^_ 1^_ 1	land
3219	754^_	7^_ 5^_ 4^_	moe
3220	150^o	1^o 5 0	st
3221	227^o	2^o 2 7	ver
3222	309^_	3^_ 0^_ 9^_	laaten
3223	70^CircleWithHorizontalBar	7^+ 0^_	zyne
3224	60	6 0	door
3225	311	3 1 1	l
3226	41^^	4^^ 1	u
3227	198^_	1^_ 9^_ 8^_	g
3228	4^^	4^^	n'est
3229	28^_	2^_ 8^_	
3230	71^_	7 1^_	heid
3231	731^o	7 3^o 1	voor
3232	690^_	6 9^_ 0^_	
3233	184^o	1^o 8 4	tegen
3234	114^^	1^^ 1 4	het
3235	812^o	8^o 1 2	voornocond?
3236	37^^	3^^ 7	e
3237	34^_	3^_ 4^_	
3238	41^^	4^^ 1	u
3239	748	7 4 8	ÿ
3240	311	3 1 1	l
3241	114^_	1^_ 1^_ 4^_	ing[en]
3242	583^CircleWithHorizontalBar	5^+ 8 3	s
3243	511^^	5^^ 1 1	project
3244	550	5 5 0	ge
3245	"368^"""	3^'' 6 8	an
3246	261^_	2 6^_ 1^_	
3247	750	7 5 0	cerd
3248	158	1 5 8	en
3249	16	1 6	daar
3250	184^o	1^o 8 4	tegen
3251	583^CircleWithHorizontalBar	5^+ 8 3	s
3252	550	5 5 0	ge
3253	158	1 5 8	en
3254	"691^"""	6^'' 9 1	
3255	156	1 5 6	a
3256	198^_	1^_ 9^_ 8	g
3257	750	7 5 0	cerd
3258	211^_	2^_ 1^_ 1	hadde
3259	25^^	2^^ 5	om
3260	206^CircleWithHorizontalBar	2 0^+ 6	zig
3261	7	7	te
3262	227^o	2 2^o 7	ver
3263	17^o	1 7^o	z
3264	347	3 4 7	et
3265	414^o	4^o 1 4	ten
3266	184^o	1 8^o 4	tegen
3267	583^CircleWithHorizontalBar	5^+ 8^_ 3	s
3268	26	2 6	de
3269	380	3 8 0	van
3270	253^CircleWithHorizontalBar	2^+ 5^_ 3	weg
3271	191	1 9 1	ens
3272	15^_	1^_ 5^_	
3273	117^^	1^^ 1 7	w
3274	78	7 8	
3275	365^_	3 6^_ 5	it
3276	196	1 9 6	er
3277	"152^"""	1 5^'' 2	
3278	5	5	i
3279	377	3 7 7	f
3280	132^CircleWithHorizontalBar	1 3^+ 2	zo
3281	49	4 9	direct
3282	"59^"""	5^'' 9	als
3283	34^_	3 4^_	
3284	49	4 9	direct
3285	952^_	9^_ 5^_ 2	onder
3286	26	2 6	de
3287	984	9 8 4	hand
3288	773	7 7 3	gedaan
3289	37^^	3^^ 7	e
3290	738^^	7 3^^ 8	propositie F
3291	158^_	^_ 1 5 8	
3292	"805^"""	8^'' 0 5	demarche
3293	414^o	^_ 4^o 1 4	ten
3294	181	1 8 1	einde?
3295	25^^	2^^ 5	om
3296	34	3 4	den
3297	715	7 1 5	beid
3298	280^_	2^_ 8^_ 0	h
3299	388	3 8 8	eer
3300	922	9 2 2	
3301	16	1 6	daar
3302	34^_	3^_ 4^_	
3303	300^^	3^^ 0 0	over
3304	7	7	te
3305	888	8 8 8	
3306	86	8 6	en
3307	7	7	te
3308	190	1 9 0	engagemen
3309	"814^"""	8^'' 1 4	deze
3310	68^_	6^_ 8^_	heer
3311	380	3 8 0	van
3312	7^_	7^_	
3313	86	8 6	en
3314	377	3 7 7	f
3315	327	3 2 7	ei
3316	583^CircleWithHorizontalBar	5^+ 8^_ 3	s
3317	731^o	7^o 3 1	voor
3318	52^^	5^^ 2	ontrent
3319	644^o	6^o 4 4	vijf
3320	21^^	2 1^^	
3321	281^CircleWithHorizontalBar	2 8^+ 1^_	zes, six
3322	482^_	4^_ 8^_ 2	
3323	300^^	^_ 3^^ 0 0	over
3324	311	3 1 1	l
3325	113^^	1 1^^ 3	ee
3326	34	3 4	den
3327	90	9 0	zÿn
3328	26	2 6	de
3329	132^CircleWithHorizontalBar	1^_ 3^+ 2	zo
3330	"277^"""	2^'' 7 7	agt ?
3331	39^^	3^^ 9	men
3332	25^^	2^^ 5	om
3333	737^o	7^o 3 7	bewuste
3334	76^^	7^^ 6	
3335	26^_	^_/line26>	
3336	52	5 2	dit
3337	731^o	7^o 3 1	voor
3338	704	7 0 4	geen
3339	550	5 5 0	ge
3340	34^^	3^^ 4	r
3341	114^_	1^_ 1^_ 4	ing[en]
3342	227^o	2^o 2 7	ver
3343	311	3 1 1	l
3344	5	5	i
3345	199	1 9 9	es
3346	731^o	7 3^o 1	voor
3347	26	2 6	de
3348	162^^	1 6^^ 2	partÿ
3349	254^CircleWithHorizontalBar	2^+ 5 4	welke
3350	206^CircleWithHorizontalBar	2^+ 0^_ 6	zig
3351	184^o	1 8^o 4	tegen
3352	583^CircleWithHorizontalBar	5^+ 8 3	s
3353	26	2 6	de
3354	34^^	3^^ 4	r
3355	41^^	4^^ 1	u
3356	748	7 4 8	ÿ
3357	311	3 1 1	l
3358	114^_	1 1^_ 4^_	ing[en]
3359	158	1 5 8	en
3360	"128^"""	1^'' 2 8	al'
3361	311	3 1 1	l
3362	5	5	i
3363	86	8 6	en
3364	"227^"""	2^'' 2 7	atic?
3365	380	3 8 0	van
3366	"311^"""	3 1^'' 1	be
3367	748	7 4 8	ÿ
3368	196	1 9 6	er
3369	86	8 6	en
3370	34^_	3 4^_	
3371	18^o	1 8^o	d
3372	41^^	4^^ 1	u
3373	748	7 4 8	ÿ
3374	4^CircleWithHorizontalBar	4^+	t
3375	583^CircleWithHorizontalBar	5^+ 8^_ 3	s
3376	311^_	3 1^_ 1^_	land
3377	227^o	2 2^o 7	ver
3378	314	3 1 4	eenig
3379	4^CircleWithHorizontalBar	4^+	t
3380	143^_	1 4^_ 3^_	heeft
3381	417^o	4^o 1 7	ter
3382	190^CircleWithHorizontalBar	1^+ 9 0	wÿl
3383	"104^"""	1^'' 0 4	aan
3384	26	2 6	de
3385	"217^"""	2^'' 1 7	andere
3386	596^_	5 9^_ 6^_	kant
3387	15^_	1^_ 5^_	
3388	117^^	1^^ 1 7	w
3389	78	7 8	
3390	16	1 6	daar
3391	184^o	1 8^o 4	tegen
3392	583^CircleWithHorizontalBar	5^_ 8^+ 3	s
3393	"104^"""	1^'' 0 4	aan
3394	34	3 4	den
3395	300^^	3^^ 0 0	over
3396	311	3 1 1	l
3397	113^^	1^^ 1 3	ee
3398	26	2 6	de
3399	6	6	ne
3400	87	8 7	is
3401	550	5 5 0	ge
3402	26	2 6	de
3403	381	3 8 1	b
3404	"374^"""	3 7^'' 4	ar
3405	"15^"""	1^'' 5	a
3406	819	8 1 9	ss
3407	570	5 7 0	geneig
3408	550	5 5 0	ge
3409	112^CircleWithHorizontalBar	1 1^+ 2^_	worden
3410	380	3 8 0	van
3411	4	4	een
3412	396^^	3^^ 9 6	persoon
3413	121	1 2 1	dic
3414	"104^"""	1^'' 0 4	aan
3415	924	9 2 4	het
3416	976^^	9 7^^ 6	sedert?
3417	205^CircleWithHorizontalBar	2^+ 0^_ 5	zeventien, dia Sept.
3418	81^_	8 1^_	
3419	"277^"""	2^'' 7 7	agt ?
3420	158	1 5 8	en
3421	282^CircleWithHorizontalBar	2^+ 8 2	zeventig, septante
3422	34^_	3^_ 4^_	
3423	39	3 9	hun
3424	153^_	1^_ 5^_ 3^_	hier
3425	731^o	7 3^o 1	voor
3426	550	5 5 0	ge
3427	26	2 6	de
3428	22^o	2 2^o	la
3429	108^_	1^_ 0^_ 8^_	
3430	311	3 1 1	l
3431	391	3 9 1	eerde
3432	952^_	9^_ 5^_ 2^_	onder
3433	137^_	1^_ 3^_ 7^_	handel
3434	114^_	1^_ 1^_ 4	ing[en]
3435	109^^	^_ 1 0^^ 9	met
3436	34	3 4	den
3437	922	9 2 2	
3438	380	3 8 0	van
3439	213^o	2^o 1 3	
3440	381	3 8 1	b
3441	883^^	8 8^^ 3	rug
3442	569	5 6 9	gen
3443	"139^"""	1^'' 3 9	
3444	45^CircleWithHorizontalBar	4^+ 5	zeer
3445	34^_	3^_ 4^_	
3446	34	3 4	den
3447	253^CircleWithHorizontalBar	2^+ 5^_ 3	weg
3448	923^^	9^^ 2 3	staan
3449	143^_	^_ 1^_ 4^_ 3	heeft
3450	"59^"""	5^'' 9	als
3451	471	4 7 1	eigentlÿk
3452	26	2 6	de
3453	186^^	1 8^^ 6	s
3454	147^^	1 4^^ 7	ou
3455	34^^	3^^ 4	r
3456	"583^"""	5^'' 8 3	ce
3457	86	8 6	en
3458	114^^	1^^ 1 4	het
3459	256^CircleWithHorizontalBar	2^+ 5^_ 6	werk
3460	362^o	3^o 6 2	tu?
3461	748	7 4 8	ÿ
3462	198^_	1^_ 9^_ 8	g
3463	874	8 7 4	
3464	144^CircleWithHorizontalBar	1^+ 4^_ 4	zÿnde?
3465	19^CircleWithHorizontalBar	1^+ 9^_	waar van
3466	550	5 5 0	ge
3467	26	2 6	de
3468	802^^	8 0^^ 2	ri
3469	89	8 9	s
3470	570	5 7 0	geneig
3471	21^^	2^^ 1	
3472	550	5 5 0	ge
3473	26	2 6	de
3474	377	3 7 7	f
3475	311	3 1 1	l
3476	41^^	4^^ 1	u
3477	750	7 5 0	cerd
3478	90	9 0	zÿn
3479	25	2 5	de
3480	602^^	6^^ 0 2	raad
3481	198^_	1^_ 9^_ 8	g
3482	113^^	1^^ 1 3	ee
3483	89	8 9	s
3484	114^_	1^_ 1^_ 4	ing[en]
3485	254^CircleWithHorizontalBar	^_ 2^+ 5 4	welke
3486	34	3 4	den
3487	715	7 1 5	beid
3488	86	8 6	en
3489	922	9 2 2	
3490	216^_	2 1^_ 6	hetten
3491	7	7	te
3492	883^^	8^^ 8 3	rug
3493	940	9 4 0	
3494	158^_	^_ 1 5 8	
3495	"355^"""	3^'' 5 5	aldus
3496	227^o	2^o 2 7	ver
3497	365^^	3^^ 6 5	oorzaak
3498	4^CircleWithHorizontalBar	4^+	t
3499	26	2 6	de
3500	716^_	7^_ 1^_ 6	
3501	280^_	^_ 2^_ 8^_ 0	h
3502	34^_	3 4^_	
3503	113	1 1 3	der
3504	78^^	7^^ 8	paal
3505	158^_	^_ 1 5 8	
3506	47	4 7	difficultit
3507	121^_	^_ 1 2 1	dit
3508	15^_	1^_ 5^_	
3509	117^^	1 1^^ 7	w
3510	78	7 8	
3511	34^_	3^_ 4^_	
3512	70^CircleWithHorizontalBar	7^+ 0	zyne
3513	584^o	5 8^o 4	voorgemeld
3514	952^_	9^_ 5^_ 2	onder
3515	137^_	1^_ 3^_ 7	handel
3516	114^_	1^_ 1^_ 4	ing[en]
3517	109^^	^_ 1 0^^ 9	met
3518	715	7 1 5	beid
3519	158	1 5 8	en
3520	922	9 2 2	
3521	143122^^	1^_ 4^_ 3^_  1 2^^ 2	
3522	831^_	8 3^_ 1^_	meet
3523	21^^	2^^ 1	
3524	158	1 5 8	en
3525	34^_	3^_ 4^_	
3526	3^_	3^_	
3527	633^o	6 3^o 3	verre
3528	787^_	7^_ 8^_ 7^_	nu
3529	15^_	1^_ 5^_	
3530	117^^	1 1^^ 7	w
3531	78	7 8	
3532	609^o	6 0^o 9	uit
3533	"814^"""	8^'' 1 4	deze
3534	800^_	8^_ 0^_ 0^_	
3535	121	1 2 1	dic
3536	46^CircleWithHorizontalBar	4^+ 6	zeker?
3537	34^_	3 4^_	
3538	710^o	7 1^o 0	verscheite
3539	219^^	2^^ 1 9	op zigt
3540	612^o	^_ 6^o 1 2	
3541	592	5 9 2	
3542	28^_	2^_ 8^_	
3543	583^CircleWithHorizontalBar	5^+ 8 3	s
3544	30^^	3 0^^	c
3545	280^_	2^_ 8^_ 0	h
3546	748	7 4 8	ÿ
3547	674	6 7 4	n
3548	4^CircleWithHorizontalBar	4^+	t
3549	314	3 1 4	eenig
3550	731^o	7 3^o 1	voor
3551	"801^"""	8^'' 0 1	dut
3552	21^^	2^^ 1	
3553	162^^	1^^ 6 2	partÿ
3554	"574^"""	5^'' 7 4	by
3555	34	3 4	den
3556	922	9 2 2	
3557	43^CircleWithHorizontalBar	4^+ 3^_	zal
3558	451^_	4^_ 5^_ 1	konnen
3559	208^o	2^o 0 8	trek
3560	508^_	5^_ 0^_ 8^_	hen
3561	43^CircleWithHorizontalBar	4^+ 3^_	zal
3562	26	2 6	de
3563	344^o	3^o 4 4	tÿd
3564	311	3 1 1	l
3565	80	8 0	eeron
3566	331^_	3 3^_ 1^_	maar
3567	223^o	2^o 2 3	beele
3568	940	9 4 0	
3569	206^CircleWithHorizontalBar	2^+ 0^_ 6	zig
3570	245^^	2^^ 4 5	persuaderen?
3571	743	7 4 3	dak?
3572	132^CircleWithHorizontalBar	1^_ 3^+ 2	zo
3573	26^CircleWithHorizontalBar	2^+ 6	wel
3574	414^o	4^o 1 4	ten
3575	"814^"""	8^'' 1 4	deze
3576	219^^	2^^ 1 9	op zigt
3577	37^^	3^^ 7	e
3578	"59^"""	5^'' 9	als
3579	34^_	3^_ 4^_	
3580	62^CircleWithHorizontalBar	6^+ 2^_	
3581	414^o	4 1^o 4	ten
3582	"104^"""	1^'' 0 4	aan
3583	130^CircleWithHorizontalBar	1^_ 3^+ 0	zien
3584	380	3 8 0	van
3585	39	3 9	hun
3586	"66^"""	6^'' 6	ander
3587	550	5 5 0	ge
3588	280^_	2^_ 8^_ 0	h
3589	37^^	3^^ 7	e
3590	748	7 4 8	ÿ
3591	33^^	3^^ 3	m
3592	"311^"""	3^'' 1 1	be
3593	311	3 1 1	l
3594	37^^	3^^ 7	e
3595	748	7 4 8	ÿ
3596	18^o	1 8^o	d
3597	158	1 5 8	en
3598	59^^	5^^ 9	oog
3599	971^_	9^_ 7^_ 1	merk/mert?
3600	25^^	2^^ 5	om
3601	206^CircleWithHorizontalBar	2^+ 0 6	zig
3602	952^_	9 5^_ 2	onder
3603	26	2 6	de
3604	18^o	1 8^o	d
3605	41^^	4^^ 1	u
3606	748	7 4 8	ÿ
3607	4^CircleWithHorizontalBar	4^+	t
3608	583^CircleWithHorizontalBar	5^+ 8 3	s
3609	"514^"""	5^'' 1 4	chi
3610	884^^	8^^ 8 4	rÿk
3611	583^CircleWithHorizontalBar	5^+ 8 3	s
3612	665^o	6 6^o 5	vorst
3613	158^_	^_ 1 5 8	
3614	77^o	7 7^o	stana
3615	60^^	^_ 6 0^^	ock
3616	2	2	een
3617	162^^	1^^ 6 2	partÿ
3618	21^^	2^^ 1	
3619	"150^"""	1^'' 5 0	as?
3620	61^o	6^o 1	so
3621	"745^"""	7^'' 4 5	ci
3622	"227^"""	2^'' 2 7	atic?
3623	7	7	te
3624	689	6 8 9	formeean?
3625	34^_	3^_ 4^_	
3626	184^o	1^o 8 4	tegen
3627	300^^	3^^ 0 0	over
3628	154^o	1^o 5 4	
3629	311	3 1 1	l
3630	114^_	1^_ 1^_ 4^_	ing[en]
3631	158	1 5 8	en
3632	198^o	1^o 9 8	tot
3633	227^o	2^o 2 7	ver
3634	295^CircleWithHorizontalBar	2^_ 9^+ 5	
3635	47^_	4^_ 7^_	l
3636	114^_	1^_ 1^_ 4	ing[en]
3637	380	3 8 0	van
3638	121	1 2 1	dic
3639	254^CircleWithHorizontalBar	2^+ 5 4	welke
3640	363^o	3^o 6 3	tusschen
3641	301^_	3^_ 0^_ 1^_	de Koning von F
3642	450	4 5 0	p
3643	34^^	3^^ 4	r
3644	41^^	4^^ 1	u
3645	748	7 4 8	ÿ
3646	819	8 1 9	ss
3647	"514^"""	5^'' 1 4	chi
3648	674	6 7 4	n
3649	158	1 5 8	en
3650	387	3 8 7	eenige
3651	"217^"""	2^'' 1 7	andere
3652	18^o	1^o 8	d
3653	41^^	4^^ 1	u
3654	748	7 4 8	ÿ
3655	583^CircleWithHorizontalBar	5^+ 8^_ 3	s
3656	"514^"""	5^'' 1 4	chi
3657	665^o	6^o 6 5	vorst
3658	857^^	^_ 8 5^^ 7	
3659	750	7 5 0	cerd
3660	976^^	9^^ 7 6	sedert?
3661	34	3 4	den
3662	173^_	1^_ 7^_ 3	jaar
3663	37^^	3^^ 7	e
3664	205^CircleWithHorizontalBar	2^+ 0^_ 5	zeventien, dia Sept.
3665	81^_	8 1^_	
3666	644^o	6^o 4 4	vijf
3667	86	8 6	en
3668	482^o	4^o 8 2	tachtig ?
3669	114^^	1^^ 1 4	het
3670	161^o	1 6^o 1	succes
3671	380	3 8 0	van
3672	39	3 9	hun
3673	952^_	9 5^_ 2	onder
3674	137^_	1^_ 3^_ 7	handel
3675	114^_	1^_ 1^_ 4^_	ing[en]
3676	"969^"""	9^'' 6 9	
3677	60^^	6^^ 0	ock
3678	45^CircleWithHorizontalBar	4^+ 5^_	zeer
3679	525^o	5^o 2 5	veel
3680	132^CircleWithHorizontalBar	1^_ 3^+ 2	zo
3681	777^_	7^_ 7^_ 7^_	nict?
3682	414^o	4^o 1 4	ten
3683	2	2	een
3684	406^_	4 0^_ 6	man?
3685	"199^"""	1^'' 9 9	af
3686	280^_	2 8^_ 0^_	h
3687	"368^"""	3^'' 6 8	an
3688	198^_	1^_ 9^_ 8^_	g
3689	4^CircleWithHorizontalBar	4^+	t
3690	380	3 8 0	van
3691	15^_	1^_ 5^_	
3692	289^o	2^o 8 9	V
3693	526^^	5^^ 2 6	ra
3694	869^^	8^^ 6 9	n
3695	413^^	4^^ 1 3	k
3696	884^^	8^^ 8 4	rÿk
3697	253^CircleWithHorizontalBar	2^+ 5 3	weg
3698	191	1 9 1	ens
3699	26	2 6	de
3700	"533^"""	5^'' 3 3	
3701	91^CircleWithHorizontalBar	9^+ 1^_	waar
3702	34^_	3^_ 4^_	
3703	114^^	1 1^^ 4	het
3704	75^o	7 5^o	staat
3705	158	1 5 8	en
3706	34	3 4	den
3707	730^_	7^_ 3^_ 0	in
3708	649^o	6^o 4 9	vlood
3709	121	1 2 1	dic
3710	114^^	1^^ 1 4	het
3711	25^^	2^^ 5	om
3712	710^o	7^o 1 0	verscheite
3713	761^^	7^^ 6 1	
3714	143^_	1 4^_ 3	heeft
3715	"574^"""	5^'' 7 4	by
3716	26	2 6	de
3717	731^o	7 3^o 1	voor
3718	991^_	9^_ 9^_ 1	naam
3719	850^^	8^^ 5 0	ste?
3720	665^o	6^o 6 5	vorst
3721	158^_	^_ 1 5 8	
3722	77^o	7^o 7	stana
3723	254^CircleWithHorizontalBar	^_ 2^+ 5 4	welke
3724	16	1 6	daar
3725	422^o	4^o 2 2	toc/toe?
3726	293^CircleWithHorizontalBar	2^+ 9^_ 3	zoude?
3727	674	6 7 4	n
3728	831^_	8 3^_ 1	meet
3729	86	8 6	en
3730	"753^"""	7^'' 5 3	
3731	158	1 5 8	en
3732	736^o	7^o 3 6	
3733	952^_	9 5^_ 2	onder
3734	"369^"""	3^'' 6 9	anderen
3735	"574^"""	5^'' 7 4	by
3736	34	3 4	den
3737	68^_	6 8^_	heer
3738	922	9 2 2	
3739	158	1 5 8	en
3740	114^^	1^^ 1 4	het
3741	781	7 8 1	geheel
3742	37^^	3^^ 7	e
3743	17^_	1^_ 7^_	
3744	380	3 8 0	van
3745	450	4 5 0	p
3746	"128^"""	1^'' 2 8	al'
3747	4^CircleWithHorizontalBar	4^+	t
3748	17^o	1 7^o	z
3749	213^o	2 1^o 3	
3750	381	3 8 1	b
3751	883^^	8^^ 8 3	rug
3752	569	5 6 9	gen
3753	29^CircleWithHorizontalBar	2^+ 9^_	
3754	39^^	3^^ 9	men
3755	18^o	1^o 8	d
3756	"368^"""	3^'' 6 8	an
3757	641	6 4 1	
3758	106^^	1 0^^ 6	d
3759	86	8 6	en
3760	206^CircleWithHorizontalBar	2^+ 0^_ 6	zig
3761	227^o	2^o 2 7	ver
3762	46^CircleWithHorizontalBar	4^+ 6^_	zeker?
3763	4^CircleWithHorizontalBar	4^+	t
3764	939	9 3 9	
3765	743	7 4 3	dak?
3766	"59^"""	5^'' 9	als
3767	114^^	1^^ 1 4	het
3768	715	7 1 5	beid
3769	37^^	3^^ 7	e
3770	13^_	1 3^_	hot
3771	380	3 8 0	van
3772	289^o	2^o 8 9	V
3773	526^^	5^^ 2 6	ra
3774	869^^	8^^ 6 9	n
3775	413^^	4^^ 1 3	k
3776	884^^	8^^ 8 4	rÿk
3777	152^_	1^_ 5^_ 2^_	het geene?
3778	784	7 8 4	gelÿk
3779	7	7	te
3780	731^o	7^o 3 1	voor
3781	86	8 6	en
3782	123^CircleWithHorizontalBar	1^_ 2^+ 3	zeggen
3783	140^_	^_ 1^_ 4^_ 0	hebbe
3784	198^o	1^o 9 8	tot
3785	153^_	1^_ 5^_ 3^_	hier
3786	158	1 5 8	en
3787	422^o	4^o 2 2	toc/toe?
3788	"728^"""	7^'' 2 8	by zonder
3789	406^^	4^^ 0 6	politique
3790	761^^	7^^ 6 1	
3791	86^_	^_ 8 6	
3792	673^o	6^o 7 3	vreez
3793	143^_	1^_ 4^_ 3^_	heeft
3794	851	8 5 1	
3795	25^^	2^^ 5	om
3796	206^CircleWithHorizontalBar	2^+ 0^_ 6	zig
3797	34^_	3 4^_	
3798	26	2 6	de
3799	737^o	7 3^o 7	bewuste
3800	42^CircleWithHorizontalBar	4 2^+	zaak
3801	380^_	^_ 3 8 0	krÿgen?
3802	381	3 8 1	b
3803	37^^	3^^ 7	e
3804	748	7 4 8	ÿ
3805	196	1 9 6	er
3806	86	8 6	en
3807	34^_	3 4^_	
3808	226	2 2 6	
3809	380	3 8 0	van
3810	15^_	1^_ 5^_	
3811	117^^	1^^ 1 7	w
3812	78	7 8	
3813	777^_	7^_ 7^_ 7	nict?
3814	7	7	te
3815	309^_	3^_ 0^_ 9	laaten
3816	158	1 5 8	en
3817	434^o	4^o 3 4	tre
3818	583^CircleWithHorizontalBar	5^+ 8^_ 3	s
3819	674	6 7 4	n
3820	80	8 0	eeron
3821	331^_	3 3^_ 1	maar
3822	525^o	5^o 2 5	veel
3823	572^_	5^_ 7^_ 2	meer
3824	26	2 6	de
3825	"104^"""	1^'' 0 4	aan
3826	924	9 2 4	het
3827	"969^"""	9^'' 6 9	
3828	773	7 7 3	gedaan
3829	37^^	3^^ 7	e
3830	738^^	7^^ 3 8	propositie F
3831	366^^	^_ 3^^ 6 6	op
3832	2	2	een
3833	198^_	1^_ 9^_ 8	g
3834	311	3 1 1	l
3835	261^_	2^_ 6^_ 1	
3836	450	4 5 0	p
3837	256^_	2^_ 5^_ 6	ige
3838	158	1 5 8	en
3839	405^^	4^^ 0 5	po
3840	311	3 1 1	l
3841	441^_	4^_ 4^_ 1	ite
3842	40^CircleWithHorizontalBar	4^+ 0^_	wÿze
3843	122^^	1^^ 2 2	ont
3844	18^o	1^o 8	d
3845	41^^	4^^ 1	u
3846	748	7 4 8	ÿ
3847	598^_	5^_ 9^_ 8	ken
3848	25	2 5	de
3849	952^_	9^_ 5^_ 2	onder
3850	26	2 6	de
3851	984	9 8 4	hand
3852	34^_	3^_ 4^_	
3853	113	1 1 3	der
3854	344^o	3^o 4 4	tÿd
3855	143^_	1^_ 4^_ 3	heeft
3856	550	5 5 0	ge
3857	505^o	5^o 0 5	tragt?
3858	25^^	2^^ 5	om
3859	26	2 6	de
3860	366^^	3^^ 6 6	op
3861	180^^	1^^ 8 0	pos
3862	593^_	5^_ 9^_ 3^_	idee?
3863	254^CircleWithHorizontalBar	2 5^+ 4	welke
3864	26	2 6	de
3865	376^_	3^_ 7^_ 6	koning
3866	380	3 8 0	van
3867	563^^	5^^ 6 3	p
3868	788^^	7^^ 8 8	r
3869	719^^	7^^ 1 9	u
3870	748	7 4 8	ÿ
3871	940^^	9^^ 4 0	ss
3872	"514^"""	5^'' 1 4	chi
3873	674	6 7 4	n
3874	184^o	1^o 8 4	tegen
3875	583^CircleWithHorizontalBar	5^+ 8^_ 3	s
3876	114^^	1 1^^ 4	het
3877	"487^"""	4^'' 8 7	bew
3878	691^o	6^o 9 1	us
3879	7	7	te
3880	34^^	3^^ 4	r
3881	41^^	4^^ 1	u
3882	748	7 4 8	ÿ
3883	311	3 1 1	l
3884	114^_	1^_ 1^_ 4^_	ing[en]
3885	186^^	1 8^^ 6	s
3886	256^CircleWithHorizontalBar	2 5^+ 6	werk
3887	760	7 6 0	form
3888	391	3 9 1	eerde
3889	7	7	te
3890	299	2 9 9	
3891	440^_	4 4^_ 0^_	is
3892	80	8 0	eeron
3893	158	1 5 8	en
3894	414^o	4^o 1 4	ten
3895	"968^"""	9^'' 6 8	dien
3896	181	1 8 1	einde?
3897	550	5 5 0	ge
3898	"751^"""	7^'' 5 1	con
3899	12	1 2	ni
3900	89	8 9	s
3901	750	7 5 0	cerd
3902	143^_	1^_ 4^_ 3	heeft
3903	"104^"""	1 0^'' 4	aan
3904	26	2 6	de
3905	609^o	6^o 0 9	uit
3906	576^o	5^o 7 6	voer
3907	114^_	1^_ 1^_ 4^_	ing[en]
3908	380	3 8 0	van
3909	114^^	1 1^^ 4	het
3910	450	4 5 0	p
3911	311	3 1 1	l
3912	"368^"""	3^'' 6 8	an
3913	253^CircleWithHorizontalBar	2^+ 5^_ 3	weg
3914	191	1 9 1	ens
3915	25	2 5	de
3916	18^o	1^o 8	d
3917	609^o	6^o 0 9	uit
3918	583^CircleWithHorizontalBar	5^+ 8^_ 3	s
3919	"514^"""	5^'' 1 4	chi
3920	"150^"""	1 5^'' 0	as?
3921	61^o	6^o 1	so
3922	"745^"""	7^'' 4 5	ci
3923	"227^"""	2^'' 2 7	atic?
3924	245^CircleWithHorizontalBar	2^+ 4 5	weerom
3925	380	3 8 0	van
3926	253^CircleWithHorizontalBar	2^+ 5 3	weg
3927	191	1 9 1	ens
3928	563^^	5^^ 6 3	p
3929	788^^	7^^ 8 8	r
3930	719^^	7^^ 1 9	u
3931	748	7 4 8	ÿ
3932	940^^	9^^ 4 0	ss
3933	"514^"""	5^'' 1 4	chi
3934	503^_	5^_ 0^_ 3	n
3935	889^_	8^_ 8^_ 9	van den
3936	"163^"""	1^'' 6 3	begin
3937	6	6	ne
3938	"199^"""	1^'' 9 9	af
3939	"104^"""	1^'' 0 4	aan
3940	15^_	1^_ 5^_	
3941	289^o	2 8^o 9	V
3942	526^^	5^^ 2 6	ra
3943	869^^	8^^ 6 9	n
3944	413^^	4^^ 1 3	k
3945	884^^	8^^ 8 4	rÿk
3946	498^^	4^^ 9 8	prealable
3947	404^_	4^_ 0^_ 4	lijk
3948	367^^	3^^ 6 7	open
3949	114^_	1^_ 1^_ 4^_	ing[en]
3950	773	7 7 3	gedaan
3951	21^CircleWithHorizontalBar	2^+ 1^_	was
3952	109^^	1^^ 0 9	met
3953	34^_	3 4^_	
3954	89	8 9	s
3955	365^_	3^_ 6^_ 5	it
3956	"227^"""	2^'' 2 7	atic?
3957	158	1 5 8	en
3958	227^o	2^o 2 7	ver
3959	135^CircleWithHorizontalBar	1^+ 3^_ 5	zock
3960	51^CircleWithHorizontalBar	5^+ 1^_	zelfs
3961	743	7 4 3	dak?
3962	924	9 2 4	het
3963	13^_	1^_ 3^_	hot
3964	380	3 8 0	van
3965	289^o	2^o 8 9	V
3966	526^^	5^^ 2 6	ra
3967	869	8 6 9	getal
3968	413^^	4 1^^ 3	k
3969	884^^	8^^ 8 4	rÿk
3970	495^_	4^_ 9^_ 5^_	
3971	"801^"""	8^'' 0 1	dut
3972	16	1 6	daar
3973	"104^"""	1^'' 0 4	aan
3974	906^_	9^_ 0^_ 6	mog
3975	181^o	1 8^o 1	te
3976	503^_	5^_ 0^_ 3^_	n
3977	113^^	1^^ 1 3	ee
3978	39^^	3^^ 9	men
3979	158	1 5 8	en
3980	114^^	1 1^^ 4	het
3981	"725^"""	7^'' 2 5	but
3982	16	1 6	daar
3983	217^o	2^o 1 7	van
3984	"355^"""	3^'' 5 5	aldus
3985	60	6 0	door
3986	39	3 9	hun
3987	34^_	3 4^_	
3988	649^o	6^o 4 9	vlood
3989	7	7	te
3990	280^_	2 8^_ 0^_	h
3991	327	3 2 7	ei
3992	312^^	3^^ 1 2	part?
3993	"638^"""	6^'' 3 8	bew?
3994	68^^	6^^ 8	ord
3995	196	1 9 6	er
3996	86	8 6	en
3997	158	1 5 8	en
3998	"54^"""	5^'' 4	
3999	114^^	1 1^^ 4	het
4000	715	7 1 5	beid
4001	37^^	3^^ 7	e
4002	13^_	1^_ 3^_	hot
4003	380	3 8 0	van
4004	289^o	2^o 8 9	V
4005	526^^	5^^ 2 6	ra
4006	869^^	8^^ 6 9	n
4007	413^^	4^^ 1 3	k
4008	884^^	8^^ 8 4	rÿk
4009	"814^"""	8^'' 1 4	deze
4010	738^^	7^^ 3 8	propositie F
4011	67^_	6^_ 7^_	heeft
4012	550	5 5 0	ge
4013	28	2 8	declin
4014	750	7 5 0	cerd
4015	851	8 5 1	
4016	25^^	2 5^^	om
4017	761^^	7 6^^ 1	
4018	743	7 4 3	dak?
4019	114^^	1^^ 1 4	het
4020	"59^"""	5^'' 9	als
4021	"284^"""	2^'' 8 4	hooge geallieerde
4022	380	3 8 0	van
4023	15^_	1^_ 5^_	
4024	117^^	1^^ 1 7	w
4025	78	7 8	
4026	777^_	7^_ 7^_ 7	nict?
4027	550	5 5 0	ge
4028	650^o	6^o 5 0	voeg
4029	37^^	3^^ 7	e
4030	404^_	4^_ 0^_ 4	lijk
4031	"59^"""	5^'' 9	als
4032	162^^	1^^ 6 2	partÿ
4033	34^_	3^_ 4^_	
4034	120	1 2 0	
4035	"150^"""	1^'' 5 0	as?
4036	61^o	6^o 1	so
4037	745	7 4 5	i
4038	"227^"""	2^'' 2 7	atic?
4039	510^o	5^o 1 0	treden
4040	21^^	2^^ 1	
4041	49	4 9	direct
4042	16	1 6	daar
4043	422^o	4^o 2 2	toc/toe?
4044	"443^"""	4^'' 4 3	ce?
4045	366^^	3^^ 6 6	op
4046	196	1 9 6	er
4047	80	8 0	eeron
4048	299^_	2^_ 9^_ 9	konde
4049	132^CircleWithHorizontalBar	1^_ 3^+ 2	zo
4050	227^o	2^o 2 7	ver
4051	46^CircleWithHorizontalBar	4^+ 6	zeker?
4052	25	2 5	de
4053	114^^	1 1^^ 4	het
4054	253	2 5 3	egler?
4055	16	1 6	daar
4056	"574^"""	5^'' 7 4	by
4057	743	7 4 3	dak?
4058	114^^	1 1^^ 4	het
4059	731^o	7^o 3 1	voor
4060	114^^	1^^ 1 4	het
4061	226^^	2^^ 2 6	overig
4062	37^^	3^^ 7	e
4063	180^o	1 8^o 0	tant
4064	583^CircleWithHorizontalBar	5^+ 8 3	s
4065	26	2 6	de
4066	42^CircleWithHorizontalBar	4^+ 2^_	zaak
4067	6^^	6^^	nuts?
4068	211^_	2 1^_ 1^_	hadde
4069	158	1 5 8	en
4070	743	7 4 3	dak?
4071	26^CircleWithHorizontalBar	2^+ 6	wel
4072	633^o	6^o 3 3	verre
4073	188^^	1 8^^ 8	dat
4074	114^^	1^^ 1 4	het
4075	206^CircleWithHorizontalBar	2^+ 0 6	zig
4076	366^^	3^^ 6 6	op
4077	387	3 8 7	eenige
4078	37^^	3^^ 7	e
4079	984	9 8 4	hand
4080	37^^	3^^ 7	e
4081	40^CircleWithHorizontalBar	4^+ 0	wÿze
4082	16	1 6	daar
4083	184^o	1^o 8 4	tegen
4084	583^CircleWithHorizontalBar	5^_ 8^+ 3	s
4085	293^CircleWithHorizontalBar	2^+ 9 3	zoude?
4086	366^^	3^^ 6 6	op
4087	28^^	2 8^^	on
4088	80	8 0	eeron
4089	525^o	5^o 2 5	veel
4090	572^_	5^_ 7^_ 2	meer
4091	"104^"""	1^'' 0 4	aan
4092	39	3 9	hun
4093	750^_	7^_ 5^_ 0^_	Minister F
4094	952^_	^_ 9^_ 5^_ 2^_	onder
4095	26	2 6	de
4096	984	9 8 4	hand
4097	464^_	4^_ 6^_ 4	last
4098	158	1 5 8	en
4099	42^_	4^_ 2^_	
4100	293^CircleWithHorizontalBar	2^+ 9 3	zoude?
4101	707	7 0 7	geven?
4102	25^^	2^^ 5	om
4103	34^_	3^_ 4^_	
4104	25	2 5	de
4105	42^CircleWithHorizontalBar	4^+ 2^_	zaak
4106	"59^"""	5^'' 9	als
4107	822^^	8^^ 2 2	se
4108	741	7 4 1	haar
4109	731^o	7^o 3 1	voor
4110	373^_	3 7^_ 3^_	komen
4111	906^_	9^_ 0^_ 6	mog
4112	7	7	te
4113	206^CircleWithHorizontalBar	2^+ 0^_ 6	zig
4114	776^_	7^_ 7^_ 6	neutraal
4115	7	7	te
4116	940	9 4 0	
4117	158	1 5 8	en
4118	120	1 2 0	
4119	"59^"""	5^'' 9	als
4120	28^^	2^^ 8	on
4121	550	5 5 0	ge
4122	971^_	9^_ 7^_ 1^_	merk/mert?
4123	4^CircleWithHorizontalBar	4^+	t
4124	7	7	te
4125	309^_	3^_ 0^_ 9	laaten
4126	315^^	3^^ 1 5	
4127	414^o	4^o 1 4	ten
4128	737^o	7^o 3 7	bewuste
4129	219^^	2^^ 1 9	op zigt
4130	37^^	3^^ 7	e
4131	34^_	3 4^_	
4132	26	2 6	de
4133	"316^"""	3^'' 1 6	become?
4134	158^_	^_ 1 5 8	
4135	602^o	6^o 0 2	vue
4136	380^_	^_ 3 8 0	krÿgen?
4137	15^_	1^_ 5^_	
4138	117^^	1 1^^ 7	w
4139	78	7 8	
4140	43^CircleWithHorizontalBar	4^+ 3	zal
4141	510^o	5^o 1 0	treden
4142	158	1 5 8	en
4143	743	7 4 3	dak?
4144	196	1 9 6	er
4145	"355^"""	3^'' 5 5	aldus
4146	2	2	een
4147	692^_	6^_ 9^_ 2	na de
4148	110^^	1^^ 1 0	ro
4149	"57^"""	5^'' 7	allientie
4150	363^o	3^o 6 3	tusschen
4151	121	1 2 1	dic
4152	"315^"""	3^'' 1 5	beid
4153	13^_	1^_ 3^_	hot
4154	117^^	^_ 1 1^^ 7	w
4155	17^o	1 7^o	z
4156	748	7 4 8	ÿ
4157	109^^	1 0^^ 9	met
4158	21^^	2^^ 1	
4159	"91^"""	9^'' 1	aa
4160	417^o	4^o 1 7	ter
4161	309^_	3 0^_ 9	laaten
4162	90^_	^_ 9 0	dit Hot
4163	158	1 5 8	en
4164	16	1 6	daar
4165	184^o	1 8^o 4	tegen
4166	583^CircleWithHorizontalBar	5^+ 8^_ 3	s
4167	60	6 0	door
4168	"217^"""	2^'' 1 7	andere
4169	550	5 5 0	ge
4170	110^^	1^^ 1 0	ro
4171	33^^	3^^ 3	m
4172	98^^	9^^ 8	pla
4173	30^^	3^^ 0	c
4174	750	7 5 0	cerd
4175	90	9 0	zÿn
4176	158	1 5 8	en
4177	743	7 4 3	dak?
4178	231^o	2^o 3 1	
4179	26	2 6	de
4180	915^_	9^_ 1^_ 5^_	na
4181	365^o	3^o 6 5	va
4182	540^_	5^_ 4^_ 0^_	le
4183	408^_	4 0^_ 8^_	mag
4184	4^CircleWithHorizontalBar	4^+	t
4185	366^^	3^^ 6 6	op
4186	25	2 5	de
4187	17^o	1 7^o	z
4188	117^^	1 1^^ 7	w
4189	"374^"""	3^'' 7 4	ar
4190	7	7	te
4191	44^CircleWithHorizontalBar	4^+ 4^_	zee
4192	691^_	6^_ 9^_ 1^_	
4193	47^_	4^_ 7^_	l
4194	37^^	3^^ 7	e
4195	918^o	9 1^o 8	ur
4196	256^_	2 5^_ 6	ige
4197	34^^	3^^ 4	r
4198	550	5 5 0	ge
4199	583^CircleWithHorizontalBar	5^+ 8^_ 3	s
4200	89^^	8^^ 9	pe
4201	828	8 2 8	
4202	90	9 0	zÿn
4203	18^o	1 8^o	d
4204	"368^"""	3^'' 6 8	an
4205	550	5 5 0	ge
4206	136^^	1 3^^ 6	oor
4207	"801^"""	8^'' 0 1	dut
4208	4^CircleWithHorizontalBar	4^+	t
4209	140^_	1 4^_ 0^_	hebbe
4210	153^_	1^_ 5^_ 3^_	hier
4211	927^_	9 2^_ 7	nevens
4212	952^_	9^_ 5^_ 2^_	onder
4213	674	6 7 4	n
4214	160	1 6 0	o
4215	343	3 4 3	erg
4216	107^o	1 0^o 7	ro
4217	4	4	een
4218	495^_	4 9^_ 5	
4219	"104^"""	1^'' 0 4	aan
4220	607^o	6^o 0 7	U HoogEdelGestrenge
4221	7	7	te
4222	831^_	8^_ 3^_ 1	meet
4223	86	8 6	en
4224	300^^	3 0^^ 0	over
4225	204^CircleWithHorizontalBar	2^+ 0^_ 4	zenden
4226	22^CircleWithHorizontalBar	2 2^+	wat
4227	26	2 6	de
4228	746	7 4 6	na
4229	365^o	3 6^o 5	va
4230	540^_	5^_ 4^_ 0	le
4231	408^_	4^_ 0^_ 8	mag
4232	4^CircleWithHorizontalBar	4^+	t
4233	366^^	3^^ 6 6	op
4234	26	2 6	de
4235	193^^	1^^ 9 3	z
4236	117^^	1 1^^ 7	w
4237	"374^"""	3^'' 7 4	ar
4238	44^CircleWithHorizontalBar	4^+ 4	zee
4239	34^_	3 4^_	
4240	114^^	1 1^^ 4	het
4241	"728^"""	7^'' 2 8	by zonder
4242	"311^"""	3^'' 1 1	be
4243	434^o	4 3^o 4	tre
4244	377	3 7 7	f
4245	4^CircleWithHorizontalBar	4^+	t
4246	132^CircleWithHorizontalBar	1 3^+ 2	zo
4247	87	8 7	is
4248	121	1 2 1	dic
4249	60	6 0	door
4250	34	3 4	den
4251	150^o	1 5^o 0	st
4252	371^^	3^^ 7 1	or
4253	33^^	3^^ 3	m
4254	16	1 6	daar
4255	495^_	4 9^_ 5^_	
4256	583^CircleWithHorizontalBar	5^+ 8 3	s
4257	37^^	3^^ 7	e
4258	34^_	3^_ 4^_	
4259	26	2 6	de
4260	482^_	4^_ 8^_ 2	
4261	712^CircleWithHorizontalBar	7 1^+ 2	September
4262	308^_	3 0^_ 8	laast Leeder?
4263	300^^	3^^ 0 0	over
4264	367^o	3^o 6 7	vallen
4265	158	1 5 8	en
4266	227^o	2 2^o 7	ver
4267	150^o	1^o 5 0	st
4268	107^o	1 0^o 7	ro
4269	160	1 6 0	o
4270	748	7 4 8	ÿ
4271	4^CircleWithHorizontalBar	4^+	t
4272	32^CircleWithHorizontalBar	3 2^+	wierd
4273	133^CircleWithHorizontalBar	1 3^+ 3	zodanig
4274	28^^	2^^ 8	on
4275	4^CircleWithHorizontalBar	4^+	t
4276	110^^	1^^ 1 0	ro
4277	33^^	3^^ 3	m
4278	450	4 5 0	p
4279	28^^	2^^ 8	on
4280	750	7 5 0	cerd
4281	158	1 5 8	en
4282	959^^	9^^ 5 9	
4283	743^_	^_ 7 4 3	mentie
4284	39^^	3^^ 9	men
4285	60	6 0	door
4286	619	6 1 9	gaan
4287	583^CircleWithHorizontalBar	5^+ 8^_ 3	s
4288	"53^"""	5^'' 3	alhier?
4289	746	7 4 6	na
4290	26	2 6	de
4291	456^^	4^^ 5 6	rapport
4292	121^_	^_ 1 2 1	dit
4293	39^^	3^^ 9	men
4294	196	1 9 6	er
4295	380	3 8 0	van
4296	143^_	1^_ 4^_ 3^_	heeft
4297	550	5 5 0	ge
4298	401^_	4^_ 0^_ 1	
4299	743	7 4 3	dak?
4300	822^^	8^^ 2 2	se
4301	184^o	1 8^o 4	tegen
4302	583^CircleWithHorizontalBar	5^_ 8^+ 3	s
4303	114^^	1^^ 1 4	het
4304	"104^"""	1^'' 0 4	aan
4305	923^^	9^^ 2 3	staan
4306	26	2 6	de
4307	731^o	7 3^o 1	voor
4308	173^_	1^_ 7^_ 3	jaar
4309	"311^"""	3^'' 1 1	be
4310	218^CircleWithHorizontalBar	2^_ 1^+ 8	zwaar
4311	404^_	4^_ 0^_ 4	lijk
4312	43^CircleWithHorizontalBar	4^+ 3	zal
4313	451^_	4^_ 5^_ 1	konnen
4314	34^_	3 4^_	
4315	44^CircleWithHorizontalBar	4^+ 4^_	zee
4316	772	7 7 2	gebr
4317	"277^"""	2^'' 7 7	agt ?
4318	112^CircleWithHorizontalBar	1^_ 1^+ 2^_	worden
4319	253^CircleWithHorizontalBar	2 5^+ 3	weg
4320	191	1 9 1	ens
4321	26	2 6	de
4322	17^o	1^o 7	z
4323	91^CircleWithHorizontalBar	9^+ 1	waar
4324	37^^	3^^ 7	e
4325	227^o	2^o 2 7	ver
4326	"719^"""	7^'' 1 9	bo
4327	41^^	4^^ 1	u
4328	117^^	1 1^^ 7	w
4329	114^_	1^_ 1^_ 4^_	ing[en]
4330	158	1 5 8	en
4331	15	1 5	daadelyk
4332	8	8	zal
4333	227^o	2 2^o 7	ver
4334	705^_	7^_ 0^_ 5	
4335	114^_	1^_ 1^_ 4	ing[en]
4336	254^CircleWithHorizontalBar	2^+ 5 4	welke
4337	60	6 0	door
4338	619	6 1 9	gaan
4339	583^CircleWithHorizontalBar	5 8^+ 3	s
4340	"130^"""	1^'' 3 0	alle
4341	970^^	9^^ 7 0	
4342	783^_	^_ 7^_ 8^_ 3	
4343	216^_	2^_ 1^_ 6	hetten
4344	7	7	te
4345	572^_	5^_ 7^_ 2	meer
4346	60	6 0	door
4347	741	7 4 1	haar
4348	178	1 7 8	
4349	"751^"""	7^'' 5 1	con
4350	150^o	1^o 5 0	st
4351	34^^	3^^ 4	r
4352	41^^	4^^ 1	u
4353	30^^	3^^ 0	c
4354	343^o	3 4^o 3	tu
4355	45^CircleWithHorizontalBar	4^+ 5	zeer
4356	192^^	1^^ 9 2	s
4357	618^_	6^_ 1^_ 8^_	leg
4358	4^CircleWithHorizontalBar	4^+	t
4359	746	7 4 6	na
4360	460^_	4^_ 6^_ 0	laat?
4361	28^_	2^_ 8^_	
4362	158	1 5 8	en
4363	380	3 8 0	van
4364	746	7 4 6	na
4365	4^CircleWithHorizontalBar	4^+	t
4366	158	1 5 8	en
4367	583^CircleWithHorizontalBar	5 8^+ 3	s
4368	618^_	6^_ 1^_ 8^_	leg
4369	4^CircleWithHorizontalBar	4^+	t
4370	280^_	2 8^_ 0	h
4371	147^^	1^^ 4 7	ou
4372	4^CircleWithHorizontalBar	4^+	t
4373	874	8 7 4	
4374	87	8 7	is
4375	883^_	8^_ 8^_ 3	van de
4376	547	5 4 7	galeÿ
4377	801^o	8^o 0 1	vloot
4378	143^_	1^_ 4^_ 3	heeft
4379	39^^	3^^ 9	men
4380	115^^	1^^ 1 5	mÿ
4381	4	4	een
4382	"728^"""	7^'' 2 8	by zonder
4383	75^o	7^o 5	staat
4384	"311^"""	3^'' 1 1	be
4385	401^_	4^_ 0^_ 1	
4386	254^CircleWithHorizontalBar	2^+ 5^_ 4	welke
4387	132^CircleWithHorizontalBar	1^+ 3^_ 2	zo
4388	"968^"""	9^'' 6 8	dien
4389	"333^"""	3^'' 3 3	aangeende
4390	158	1 5 8	en
4391	253^CircleWithHorizontalBar	2^+ 5 3	weg
4392	191	1 9 1	ens
4393	34	3 4	den
4394	533^o	5 3^o 3	verder
4395	86	8 6	en
4396	422^o	4^o 2 2	toc/toe?
4397	77^o	7^o 7	stana
4398	883^_	8^_ 8^_ 3	van de
4399	341^_	3^_ 4^_ 1^_	
4400	6	6	ne
4401	45^CircleWithHorizontalBar	4^+ 5^_	zeer
4402	261^_	2^_ 6^_ 1	
4403	331^^	3^^ 3 1	port
4404	"144^"""	1^'' 4 4	ant
4405	158	1 5 8	en
4406	30^^	3^^ 0	c
4407	918^o	9^o 1 8	ur
4408	5	5	i
4409	37^^	3^^ 7	e
4410	691^o	6^o 9 1	us
4411	885^_	8 8^_ 5	e
4412	952^_	9^_ 5^_ 2	onder
4413	30^o	3^o 0	riet
4414	114^_	1^_ 1^_ 4^_	ing[en]
4415	122^^	^_ 1 2^^ 2	ont
4416	939	9 3 9	
4417	132^CircleWithHorizontalBar	1 3^+ 2	zo
4418	40	4 0	dev
4419	583^CircleWithHorizontalBar	5^+ 8^_ 3	s
4420	"59^"""	5^'' 9	als
4421	120	1 2 0	
4422	408^_	4^_ 0^_ 8^_	mag
4423	4^CircleWithHorizontalBar	4^+	t
4424	28^_	2^_ 8^_	
4425	43^CircleWithHorizontalBar	4^+ 3^_	zal
4426	90	9 0	zÿn
4427	43^CircleWithHorizontalBar	4^+ 3^_	zal
4428	120	1 2 0	
4429	40^_	4^_ 0^_	
4430	784	7 8 4	gelÿk
4431	495^_	4^_ 9^_ 5	
4432	"801^"""	8^'' 0 1	dut
4433	86	8 6	en
4434	952^_	9^_ 5^_ 2	onder
4435	363^o	3^o 6 3	tusschen
4436	43^CircleWithHorizontalBar	4^+ 3	zal
4437	607^o	6^o 0 7	U HoogEdelGestrenge
4438	613^^	6^^ 1 3	reeds?
4439	60	6 0	door
4440	633^CircleWithHorizontalBar	6^+ 3^_ 3	de Heer graaf van ?
4441	38^_	3 8^_	
4442	181^CircleWithHorizontalBar	^_ 1 8^+ 1	wezen
4443	743	7 4 3	dak?
4444	191	1 9 1	ens
4445	7	7	te
4446	753^CircleWithHorizontalBar	7^+ 5 3	Croonstad
4447	609^o	6^o 0 9	uit
4448	550	5 5 0	ge
4449	111^o	1 1^o 1	rust?
4450	112^CircleWithHorizontalBar	1^+ 1 2	worden
4451	213^o	2 1^o 3	
4452	490	4 9 0	Esques?
4453	196	1 9 6	er
4454	25^^	^_ 2^^ 5	om
4455	184^o	1 8^o 4	tegen
4456	114^^	1^^ 1 4	het
4457	"104^"""	1 0^'' 4	aan
4458	923^^	9^^ 2 3	staan
4459	26	2 6	de
4460	731^o	7 3^o 1	voor
4461	173^_	1^_ 7^_ 3^_	jaar
4462	34^_	3^_ 4^_	
4463	44^CircleWithHorizontalBar	4^+ 4	zee
4464	7	7	te
4465	150^o	1 5^o 0	st
4466	113^^	1 1^^ 3	ee
4467	598^_	5^_ 9^_ 8^_	ken
4468	311	3 1 1	l
4469	841^o	8^o 4 1	une
4470	26	2 6	de
4471	644^o	6^o 4 4	vijf
4472	86	8 6	en
4473	516^o	5 1^o 6	
4474	518^o	5 1^o 8	Vaisseau de Ligne
4475	418^_	^_ 4 1 8	
4476	328	3 2 8	elf
4477	835	8 3 5	fregat
4478	"823^"""	8 2^'' 3	distin?
4479	113^^	1 1^^ 3	ee
4480	720^^	7^^ 2 0	pour
4481	378	3 7 8	la
4482	343^_	3^_ 4^_ 3	
4483	52	5 2	dit
4484	196	1 9 6	er
4485	"368^"""	3^'' 6 8	an
4486	113^^	1 1^^ 3	ee
4487	418	4 1 8	et
4488	311	3 1 1	l
4489	"82^"""	8^'' 2	
4490	26	2 6	de
4491	193^o	1^o 9 3	tien
4492	518^o	5 1^o 8	Vaisseau de Ligne
4493	418^_	^_ 4 1 8	
4494	26	2 6	de
4495	644^o	6 4^o 4	vijf
4496	147^^	1 4^^ 7	ou
4497	281^CircleWithHorizontalBar	2 8^+ 1	zes, six
4498	835	8 3 5	fregat
4499	720^^	^_ 7^^ 2 0	pour
4500	378	3 7 8	la
4501	381	3 8 1	b
4502	"203^"""	2^'' 0 3	
4503	268^o	2^o 6 8	ti
4504	673^^	6^^ 7 3	que
4505	28^^	2^^ 8	on
4506	36^^	3^^ 6	c
4507	806^^	8 0^^ 6	
4508	673^^	6^^ 7 3	que
4509	311	3 1 1	l
4510	"47^"""	4^'' 7	ad
4511	973^_	9^_ 7^_ 3^_	mi
4512	34^^	3^^ 4	r
4513	"128^"""	1^'' 2 8	al'
4514	198^_	1^_ 9^_ 8	g
4515	110^^	1^^ 1 0	ro
4516	5	5	i
4517	198^_	1 9^_ 8	g
4518	"444^"""	4^'' 4 4	command
4519	196	1 9 6	er
4520	156	1 5 6	a
4521	378	3 7 8	la
4522	425^^	4^^ 2 5	pre
4523	973^_	9^_ 7^_ 3	mi
4524	196	1 9 6	er
4525	37^^	3^^ 7	e
4526	418	4 1 8	et
4527	384	3 8 4	le
4528	36^^	3^^ 6	c
4529	280^_	2 8^_ 0	h
4530	872^_	8^_ 7^_ 2	
4531	941^^	9^^ 4 1	x
4532	236	2 3 6	des
4533	871^_	8^_ 7^_ 1	offres
4534	34^^	3^^ 4	r
4535	583^CircleWithHorizontalBar	5^+ 8^_ 3	s
4536	630^_	6^_ 3^_ 0	lui?
4537	"15^"""	1^'' 5	a
4538	350	3 5 0	ete
4539	26	2 6	de
4540	519	5 1 9	
4541	110^^	1^^ 1 0	ro
4542	984	9 8 4	hand
4543	37^^	3^^ 7	e
4544	583^CircleWithHorizontalBar	5^+ 8^_ 3	s
4545	311	3 1 1	l
4546	730^_	7^_ 3^_ 0^_	in
4547	47^_	4^_ 7^_	l
4548	822^^	8 2^^ 2	se
4549	"15^"""	1^'' 5	a
4550	373^o	3 7^o 3	ve
4551	757^^	7^^ 5 7	recht
4552	822^^	8^^ 2 2	se
4553	158	1 5 8	en
4554	120^o	1 2^o 0	schade
4555	404^_	4^_ 0^_ 4	lijk
4556	37^^	3^^ 7	e
4557	"37^"""	3^'' 7	aan ? Ed: ?
4558	976^_	9^_ 7^_ 6	min
4559	87	8 7	is
4560	4^CircleWithHorizontalBar	4^+	t
4561	34^^	3^^ 4	r
4562	"221^"""	2^'' 2 1	
4563	86	8 6	en
4564	366^^	3^^ 6 6	op
4565	196	1 9 6	er
4566	"227^"""	2^'' 2 7	atic?
4567	"59^"""	^_ 5^'' 9	als
4568	60	6 0	door
4569	26	2 6	de
4570	33^^	3^^ 3	m
4571	314	3 1 4	eenig
4572	89	8 9	s
4573	41^^	4^^ 1	u
4574	311	3 1 1	l
4575	18^o	1 8^o	d
4576	256^_	2^_ 5^_ 6	ige
4577	658^^	6 5^^ 8	pro
4578	18^o	1 8^o	d
4579	5	5	i
4580	198^_	1^_ 9^_ 8^_	g
4581	"128^"""	1^'' 2 8	al'
4582	517^_	5^_ 1^_ 7^_	iteet/ideet?
4583	227^o	^_ 2^o 2 7	ver
4584	520^^	5^^ 2 0	qu
4585	87	8 7	is
4586	4^o	4^o	
4587	4^^	4^^	n'est
4588	"4^"""	4^''	
4589	114^_	1^_ 1^_ 4	ing[en]
4590	86^_	^_ 8 6	
4591	227^o	2^o 2 7	ver
4592	583^CircleWithHorizontalBar	5^+ 8 3	s
4593	450	4 5 0	p
4594	108^_	1^_ 0^_ 8^_	
4595	311	3 1 1	l
4596	114^_	1^_ 1^_ 4^_	ing[en]
4597	254^CircleWithHorizontalBar	^_ 2^+ 5^_ 4	welke
4598	196	1 9 6	er
4599	787^_	7 8^_ 7^_	nu
4600	132^CircleWithHorizontalBar	1 3^+ 2	zo
4601	223^o	2^o 2 3	beele
4602	173^_	1^_ 7^_ 3^_	jaar
4603	174^^	1^^ 7 4	plaats
4604	216^_	2^_ 1^_ 6	hetten
4605	851	8 5 1	
4606	772	7 7 2	gebr
4607	"277^"""	2^'' 7 7	agt ?
4608	87	8 7	is
4609	132^CircleWithHorizontalBar	1^_ 3^+ 2	zo
4610	87	8 7	is
4611	60^^	6^^ 0	ock
4612	26	2 6	de
4613	311^_	3^_ 1^_ 1^_	land
4614	158	1 5 8	en
4615	44^CircleWithHorizontalBar	4^+ 4	zee
4616	408^_	4^_ 0^_ 8	mag
4617	4^CircleWithHorizontalBar	4^+	t
4618	366^^	3^^ 6 6	op
4619	633^o	6^o 3 3	verre
4620	746	7 4 6	na
4621	777^_	7^_ 7^_ 7	nict?
4622	730^_	7^_ 3^_ 0	in
4623	"968^"""	9^'' 6 8	dien
4624	381	3 8 1	b
4625	34^^	3^^ 4	r
4626	108^_	1^_ 0^_ 8	
4627	311	3 1 1	l
4628	"368^"""	3^'' 6 8	an
4629	414^o	4^o 1 4	ten
4630	75^o	7^o 5	staat
4631	"59^"""	5^'' 9	als
4632	39^^	3^^ 9	men
4633	26^CircleWithHorizontalBar	2^+ 6	wel
4634	16	1 6	daar
4635	300^^	3^^ 0 0	over
4636	366^^	3^^ 6 6	op
4637	280^_	2 8^_ 0	h
4638	469	4 6 9	ef
4639	481^_	4^_ 8^_ 1	maak?
4640	4^CircleWithHorizontalBar	4^+	t
4641	248^CircleWithHorizontalBar	2^+ 4^_ 8	want
4642	"314^"""	3^'' 1 4	
4643	743	7 4 3	dak?
4644	"104^"""	1^'' 0 4	aan
4645	26	2 6	de
4646	89	8 9	s
4647	327	3 2 7	ei
4648	18^o	1 8^o	d
4649	"73^"""	7^'' 3	armee
4650	572^_	5^_ 7^_ 2	meer
4651	"59^"""	5^'' 9	als
4652	213^o	2^o 1 3	
4653	644^o	6^o 4 4	vijf
4654	25	2 5	de
4655	"104^"""	1^'' 0 4	aan
4656	741	7 4 1	haar
4657	86	8 6	en
4658	"671^"""	6^'' 7 1	cem/cen?
4659	450	4 5 0	p
4660	311	3 1 1	l
4661	113^^	1^^ 1 3	ee
4662	414^o	4^o 1 4	ten
4663	75^o	7^o 5	staat
4664	132^CircleWithHorizontalBar	1^_ 3^+ 2	zo
4665	"104^"""	1 0^'' 4	aan
4666	234^_	2^_ 3^_ 4	
4667	871^_	8^_ 7^_ 1	offres
4668	620^^	6^^ 2 0	ren
4669	"59^"""	5^'' 9	als
4670	62^o	6^o 2	soldaat F
4671	339^_	^_ 3 3^_ 9	
4672	520^^	5^^ 2 0	qu
4673	80	8 0	eeron
4674	158	1 5 8	en
4675	743	7 4 3	dak?
4676	52	5 2	dit
4677	550	5 5 0	ge
4678	381	3 8 1	b
4679	110^^	1 1^^ 0	ro
4680	47^_	4^_ 7^_	l
4681	881^o	8^o 8 1	volgens
4682	4	4	een
4683	"15^"""	1^'' 5	a
4684	41^^	4^^ 1	u
4685	190^o	1 9^o 0	tent
4686	5	5	i
4687	520^^	5^^ 2 0	qu
4688	86	8 6	en
4689	75^o	7 5^o	staat
4690	121	1 2 1	dic
4691	16	1 6	daar
4692	380	3 8 0	van
4693	140^_	1^_ 4^_ 0	hebbe
4694	60	6 0	door
4695	619	6 1 9	gaan
4696	583^CircleWithHorizontalBar	5^_ 8^+ 3	s
4697	"574^"""	5^'' 7 4	by
4698	"130^"""	1^'' 3 0	alle
4699	539^^	5^^ 3 9	reg
4700	5	5	i
4701	668^_	6 6^_ 8^_	ment
4702	121^_	^_ 1 2 1	dit
4703	"67^"""	6^'' 7	anders
4704	300^^	3^^ 0 0	over
4705	26	2 6	de
4706	213^o	2^o 1 3	
4707	70	7 0	
4708	339^_	3 3^_ 9^_	
4709	853^^	8 5 3^^	
4710	754^_	7 5^_ 4	moe
4711	850^^	8^^ 5 0	ste?
4712	674	6 7 4	n
4713	90	9 0	zÿn
4714	794^o	7 9^o 4	vier quatre
4715	644^o	6^o 4 4	vijf
4716	281^CircleWithHorizontalBar	2^_ 8^+ 1	zes, six
4717	158	1 5 8	en
4718	51^CircleWithHorizontalBar	5^+ 1^_	zelfs
4719	223^o	2^o 2 3	beele
4720	198^o	1^o 9 8	tot
4721	772^_	7 7^_ 2^_	negen
4722	81^_	8^_ 1^_	
4723	339^_	3 3^_ 9	
4724	167^^	1^^ 6 7	per
4725	539^^	5^^ 3 9	reg
4726	5	5	i
4727	668^_	6^_ 6^_ 8	ment
4728	311	3 1 1	l
4729	18^o	1^o 8	d
4730	"835^"""	8^'' 3 5	dre
4731	4^CircleWithHorizontalBar	4^+	t
4732	132^CircleWithHorizontalBar	1 3^+ 2^_	zo
4733	87	8 7	is
4734	60^^	6^^ 0	ock
4735	46^CircleWithHorizontalBar	4^+ 6	zeker?
4736	743	7 4 3	dak?
4737	60	6 0	door
4738	26	2 6	de
4739	550	5 5 0	ge
4740	18^o	1 8^o	d
4741	920^o	9^o 2 0	uur?
4742	256^_	2^_ 5^_ 6	ige
4743	227^o	2^o 2 7	ver
4744	"66^"""	6^'' 6	ander
4745	114^_	1^_ 1^_ 4	ing[en]
4746	158	1 5 8	en
4747	705^_	7^_ 0^_ 5^_	
4748	28^_	2^_ 8^_	
4749	141^_	1^_ 4^_ 1^_	
4750	121	1 2 1	dic
4751	39^^	3^^ 9	men
4752	976^^	9^^ 7 6	sedert?
4753	387	3 8 7	eenige
4754	173^_	1^_ 7^_ 3	jaar
4755	"173574^"""	^_ 1^_ 7^_ 3 ^_ 5^'' 7 4	
4756	26	2 6	de
4757	"73^"""	7^'' 3	armee
4758	34^_	3^_ 4^_	
4759	114^^	1^^ 1 4	het
4760	718	7 1 8	
4761	34^_	3^_ 4^_	
4762	550	5 5 0	ge
4763	567^o	5^o 6 7	victorie
4764	4^CircleWithHorizontalBar	4^+	t
4765	143^_	1^_ 4^_ 3^_	heeft
4766	120	1 2 0	
4767	525^o	5^o 2 5	veel
4768	227^o	2^o 2 7	ver
4769	311	3 1 1	l
4770	306	3 0 6	oo
4771	620^^	6^^ 2 0	ren
4772	143^_	1^_ 4^_ 3	heeft
4773	380	3 8 0	van
4774	152^_	1^_ 5^_ 2^_	het geene?
4775	311	3 1 1	l
4776	199	1 9 9	es
4777	450	4 5 0	p
4778	34^^	3^^ 4	r
4779	365^_	3^_ 6^_ 5	it
4780	26	2 6	de
4781	"463^"""	4^'' 6 3	
4782	22^CircleWithHorizontalBar	2^+ 2^_	wat
4783	26	2 6	de
4784	341^_	3^_ 4^_ 1^_	
4785	6	6	ne
4786	"311^"""	3^'' 1 1	be
4787	434^o	4^o 3 4	tre
4788	377	3 7 7	f
4789	4^CircleWithHorizontalBar	4^+	t
4790	132^CircleWithHorizontalBar	1 3^+ 2^_	zo
4791	143^_	1^_ 4^_ 3^_	heeft
4792	39^^	3^^ 9	men
4793	152^_	1^_ 5^_ 2^_	het geene?
4794	34^_	3 4^_	
4795	26	2 6	de
4796	138^_	1^_ 3^_ 8^_	haven
4797	883^_	^_ 8^_ 8^_ 3^_	van de
4798	306	3 0 6	oo
4799	150^o	1^o 5 0	st
4800	44^CircleWithHorizontalBar	4^+ 4	zee
4801	26^CircleWithHorizontalBar	2^+ 6	wel
4802	4	4	een
4803	734	7 3 4	goed
4804	"104^"""	1^'' 0 4	aan
4805	4^CircleWithHorizontalBar	4^+	t
4806	"128^"""	1^'' 2 8	al'
4807	380	3 8 0	van
4808	970^^	9^^ 7 0	
4809	158^_	^_ 1 5 8	
4810	835	8 3 5	fregat
4811	380^_	^_ 3 8 0	krÿgen?
4812	364^^	3^^ 6 4	oorlog
4813	331^_	3^_ 3^_ 1	maar
4814	26	2 6	de
4815	280^_	2 8^_ 0^_	h
4816	327	3 2 7	ei
4817	377	3 7 7	f
4818	4^CircleWithHorizontalBar	4^+	t
4819	16	1 6	daar
4820	380	3 8 0	van
4821	90	9 0	zÿn
4822	21^^	2^^ 1	
4823	781	7 8 1	geheel
4824	28^^	2^^ 8	on
4825	"420^"""	4^'' 2 0	
4826	748	7 4 8	ÿ
4827	47^_	4^_ 7^_	l
4828	"83^"""	8^'' 3	
4829	21^^	2^^ 1	
4830	305^_	3 0^_ 5	kunnen?
4831	380	3 8 0	van
4832	704	7 0 4	geen
4833	"369^"""	3^'' 6 9	anderen
4834	"968^"""	9^'' 6 8	dien
4835	150^o	1 5^o 0	st
4836	90	9 0	zÿn
4837	"59^"""	5^'' 9	als
4838	731^o	7 3^o 1	voor
4839	26	2 6	de
4840	306	3 0 6	oo
4841	150^o	1 5^o 0	st
4842	44^CircleWithHorizontalBar	4^+ 4	zee
4843	29^_	2^_ 9^_	ik
4844	911	9 1 1	heb
4845	26	2 6	de
4846	389	3 8 9	eere
4847	851	8 5 1	
4848	34^_	3^_ 4^_	
4849	34	3 4	den
4850	731^o	7 3^o 1	voor
4851	617^_	6^_ 1^_ 7^_	lee
4852	26	2 6	de
4853	6	6	ne
4854	173^_	1 7^_ 3^_	jaar
4855	37^^	3^^ 7	e
4856	205^CircleWithHorizontalBar	2^+ 0^_ 5	zeventien, dia Sept.
4857	81^_	8^_ 1^_	
4858	281^CircleWithHorizontalBar	2^+ 8^_ 1	zes, six
4859	158	1 5 8	en
4860	482^o	4 8^o 2	tachtig ?
4861	4	4	een
4862	"15^"""	1^'' 5	a
4863	41^^	4^^ 1	u
4864	190^o	1 9^o 0	tent
4865	5	5	i
4866	673^^	6^^ 7 3	que
4867	503^_	5^_ 0^_ 3	n
4868	75^o	7^o 5	staat
4869	113	1 1 3	der
4870	126^CircleWithHorizontalBar	1^+ 2^_ 6	zelve
4871	"104^"""	1^'' 0 4	aan
4872	607^o	6^o 0 7	U HoogEdelGestrenge
4873	300^^	3^^ 0 0	over
4874	7	7	te
4875	204^CircleWithHorizontalBar	2 0^+ 4	zenden
4876	158	1 5 8	en
4877	787^_	7^_ 8^_ 7	nu
4878	87	8 7	is
4879	115^^	1 1^^ 5	mÿ
4880	4	4	een
4881	"369^"""	3^'' 6 9	anderen
4882	75^o	7^o 5	staat
4883	16	1 6	daar
4884	380	3 8 0	van
4885	495^_	4^_ 9^_ 5	
4886	550	5 5 0	ge
4887	"801^"""	8^'' 0 1	dut
4888	161	1 6 1	ta
4889	26	2 6	de
4890	254^CircleWithHorizontalBar	2 5^+ 4	welke
4891	"54^"""	5^'' 4	
4892	705	7 0 5	geene
4893	"217^"""	2^'' 1 7	andere
4894	227	2 2 7	
4895	"66^"""	6^'' 6	ander
4896	114^_	1^_ 1^_ 4^_	ing[en]
4897	122^^	1 2^^ 2	ont
4898	940	9 4 0	
4899	26	2 6	de
4900	18^o	1^o 8	d
4901	"368^"""	3^'' 6 8	an
4902	743	7 4 3	dak?
4903	26	2 6	de
4904	970^^	9^^ 7 0	
4905	254^CircleWithHorizontalBar	2 5^+ 4	welke
4906	366^^	3^^ 6 6	op
4907	121	1 2 1	dic
4908	380	3 8 0	van
4909	205^CircleWithHorizontalBar	2^+ 0^_ 5	zeventien, dia Sept.
4910	81^_	8^_ 1^_	
4911	281^CircleWithHorizontalBar	2 8^+ 1^_	zes, six
4912	86	8 6	en
4913	482^o	4 8^o 2	tachtig ?
4914	"59^"""	5^'' 9	als
4915	9^^	9^^	nog
4916	366^^	3^^ 6 6	op
4917	150^o	1 5^o 0	st
4918	15	1 5	daadelyk
4919	450	4 5 0	p
4920	327	3 2 7	ei
4921	923^^	9^^ 2 3	staan
4922	772	7 7 2	gebr
4923	"277^"""	2^'' 7 7	agt ?
4924	144^CircleWithHorizontalBar	1 4^+ 4	zÿnde?
4925	787^_	7 8^_ 7	nu
4926	34^_	3^_ 4^_	
4927	114^^	1^^ 1 4	het
4928	117^^	1^^ 1 7	w
4929	136^CircleWithHorizontalBar	1 3^+ 6	zonder
4930	"677^"""	6^'' 7 7	
4931	482	4 8 2	entie
4932	445^o	4^o 4 5	van dit Hof
4933	174^^	1^^ 7 4	plaats
4934	143^_	1^_ 4^_ 3^_	heeft
4935	39^^	3^^ 9	men
4936	"59^"""	5^'' 9	als
4937	18^o	1 8^o	d
4938	"368^"""	3^'' 6 8	an
4939	"130^"""	1^'' 3 0	alle
4940	226^^	2^^ 2 6	overig
4941	37^^	3^^ 7	e
4942	218^CircleWithHorizontalBar	2^_ 1^+ 8^_	zwaar
4943	28^_	2^_ 8^_	
4944	141	1 4 1	dre
4945	320^_	3 2^_ 0^_	
4946	7	7	te
4947	84	8 4	zullen
4948	"493^"""	4^'' 9 3	boven?
4949	373^_	3^_ 7^_ 3^_	komen
4950	7	7	te
4951	572^_	5^_ 7^_ 2^_	meer
4952	16	1 6	daar
4953	39^^	3^^ 9	men
4954	34^_	3 4^_	
4955	133^CircleWithHorizontalBar	1 3^+ 3^_	zodanig
4956	723	7 2 3	
4957	26	2 6	de
4958	18^o	1 8^o	d
4959	609^o	6 0^o 9	uit
4960	583^CircleWithHorizontalBar	5^_ 8^+ 3^_	s
4961	"514^"""	5^'' 1 4	chi
4962	"150^"""	1^'' 5 0	as?
4963	61^o	6^o 1	so
4964	"745^"""	7^'' 4 5	ci
4965	"227^"""	2^'' 2 7	atic?
4966	33^^	3^^ 3	m
4967	4	4	een
4968	4^CircleWithHorizontalBar	4^+	t
4969	7	7	te
4970	976^_	9^_ 7^_ 6	min
4971	113	1 1 3	der
4972	7	7	te
4973	673^o	6^o 7 3	vreez
4974	86	8 6	en
4975	7	7	te
4976	216^_	2^_ 1^_ 6	hetten
4977	692^_	6^_ 9^_ 2^_	na de
4978	406^_	4^_ 0^_ 6	man?
4979	"59^"""	5^'' 9	als
4980	"39^"""	3^'' 9	aan Zyn Ed:
4981	26	2 6	de
4982	422^o	4 2^o 2	toc/toe?
4983	79^o	7^o 9	
4984	33^^	3^^ 3	m
4985	114^_	1^_ 1^_ 4^_	ing[en]
4986	34^_	3^_ 4^_	
4987	114^^	1 1^^ 4	het
4988	"311^"""	3^'' 1 1	be
4989	748	7 4 8	ÿ
4990	196	1 9 6	er
4991	583^CircleWithHorizontalBar	5^_ 8^+ 3^_	s
4992	"514^"""	5^'' 1 4	chi
4993	34^^	3^^ 4	r
4994	41^^	4^^ 1	u
4995	748	7 4 8	ÿ
4996	311	3 1 1	l
4997	114^_	1^_ 1^_ 4^_	ing[en]
4998	186^^	1^^ 8 6	s
4999	256^CircleWithHorizontalBar	2 5^+ 6	werk
5000	170	1 7 0	eens
5001	889^_	8^_ 8^_ 9^_	van den
5002	922	9 2 2	
5003	380	3 8 0	van
5004	213^o	2^o 1 3	
5005	381	3 8 1	b
5006	883^^	8^^ 8 3	rug
5007	569	5 6 9	gen
5008	942^_	9^_ 4^_ 2	
5009	43^CircleWithHorizontalBar	4 3^+	zal
5010	216^_	2 1^_ 6	hetten
5011	158	1 5 8	en
5012	"355^"""	3^'' 5 5	aldus
5013	26	2 6	de
5014	581^^	5 8^^ 1	principaal
5015	365^^	3^^ 6 5	oorzaak
5016	121	1 2 1	dic
5017	198^o	1 9^o 8	tot
5018	120	1 2 0	
5019	"150^"""	1^'' 5 0	as?
5020	61^o	6^o 1	so
5021	"745^"""	7^'' 4 5	ci
5022	"227^"""	2^'' 2 7	atic?
5023	783	7 8 3	gelegenheid
5024	143^_	1 4^_ 3^_	heeft
5025	707	7 0 7	geven?
5026	450^_	^_ 4^_ 5^_ 0^_	komt
5027	7	7	te
5028	"583^"""	5^'' 8 3	ce
5029	819	8 1 9	ss
5030	80	8 0	eeron
5031	"59^"""	5^'' 9	als
5032	18^o	1 8^o	d
5033	"368^"""	3^'' 6 8	an
5034	777	7 7 7	
5035	218^CircleWithHorizontalBar	2^+ 1^_ 8	zwaar
5036	43^CircleWithHorizontalBar	4^+ 3^_	zal
5037	90	9 0	zÿn
5038	25^^	2^^ 5	om
5039	"217^"""	2^'' 1 7	andere
5040	665^o	6^o 6 5	vorst
5041	86^_	^_ 8 6	
5042	77^o	7^o 7	stana
5043	"59^"""	^_ 5^'' 9	als
5044	"514^"""	5^'' 1 4	chi
5045	918^o	9^o 1 8	ur
5046	747	7 4 7	sa
5047	941^^	9^^ 4 1	x
5048	158	1 5 8	en
5049	489^_	4^_ 8^_ 9^_	main
5050	16^o	1 6^o	t
5051	17^o	1 7^o	z
5052	347	3 4 7	et
5053	"583^"""	5^'' 8 3	ce
5054	40^^	4 0^^	ra
5055	16	1 6	daar
5056	380	3 8 0	van
5057	380	3 8 0	van
5058	7	7	te
5059	57	5 7	volgen
5060	"199^"""	1^'' 9 9	af
5061	18^o	1^o 8	d
5062	34^^	3^^ 4	r
5063	41^^	4^^ 1	u
5064	748	7 4 8	ÿ
5065	317^^	3^^ 1 7	pen
5066	133^CircleWithHorizontalBar	1^_ 3^+ 3	zodanig
5067	90	9 0	zÿn
5068	26	2 6	de
5069	845	8 4 5	gedackt
5070	158	1 5 8	en
5071	948	9 4 8	
5072	254^CircleWithHorizontalBar	^_ 2^+ 5 4	welke
5073	"574^"""	5^'' 7 4	by
5074	139^o	1 3^o 9	sommege
5075	51^CircleWithHorizontalBar	5^+ 1^_	zelfs
5076	550	5 5 0	ge
5077	"195^"""	1^'' 9 5	ac
5078	"618^"""	6^'' 1 8	
5079	391	3 9 1	eerde
5080	158	1 5 8	en
5081	34^_	3 4^_	
5082	"487^"""	4^'' 8 7	bew
5083	34^_	3^_ 4^_	
5084	18^o	1 8^o	d
5085	923^^	9^^ 2 3	staan
5086	25	2 5	de
5087	396^^	3^^ 9 6	persoon
5088	488^o	^_ 4 8^o 8	tegenvoordig
5089	300^^	3^^ 0 0	over
5090	34	3 4	den
5091	"70^"""	7^'' 0	ao
5092	158^^	1^^ 5 8	par
5093	264	2 6 4	ent
5094	86	8 6	en
5095	422^o	4^o 2 2	toc/toe?
5096	77^o	7^o 7	stana
5097	158	1 5 8	en
5098	477^_	4^_ 7^_ 7	
5099	380	3 8 0	van
5100	42^CircleWithHorizontalBar	4^+ 2^_	zaak
5101	"53^"""	^_ 5^'' 3	alhier?
5102	25^^	2^^ 5	om
5103	619	6 1 9	gaan
5104	158	1 5 8	en
5105	3^_	3^_	
5106	45^CircleWithHorizontalBar	4^+ 5^_	zeer
5107	822^^	8^^ 2 2	se
5108	115^^	1^^ 1 5	mÿ
5109	60^^	6^^ 0	ock
5110	730^_	7^_ 3^_ 0	in
5111	387	3 8 7	eenige
5112	219^^	2^^ 1 9	op zigt
5113	22^CircleWithHorizontalBar	^_ 2^+ 2^_	wat
5114	283	2 8 3	ex
5115	30^^	3^^ 0	c
5116	264	2 6 4	ent
5117	802^^	8^^ 0 2	ri
5118	673^^	6^^ 7 3	que
5119	583^CircleWithHorizontalBar	5^+ 8^_ 3	s
5120	30^^	3^^ 0	c
5121	280^_	2^_ 8^_ 0	h
5122	748	7 4 8	ÿ
5123	674	6 7 4	n
5124	86	8 6	en
5125	7	7	te
5126	90	9 0	zÿn
5127	132^CircleWithHorizontalBar	1^_ 3^+ 2	zo
5128	373^_	3 7^_ 3^_	komen
5129	55	5 5	doch
5130	16	1 6	daar
5131	34^_	3^_ 4^_	
5132	710^o	7 1^o 0	verscheite
5133	800^_	8^_ 0^_ 0	
5134	158^_	^_ 1 5 8	
5135	389731^o	3^^ 8 9 ^_ 7^o 3 1	
5136	121	1 2 1	dic
5137	9^^	9^^	nog
5138	"128^"""	1^'' 2 8	al'
5139	30^^	3^^ 0	c
5140	918^o	9^o 1 8	ur
5141	5	5	i
5142	37^^	3^^ 7	e
5143	691^o	6^o 9 1	us
5144	86	8 6	en
5145	132^CircleWithHorizontalBar	1^_ 3^+ 2^_	zo
5146	777^_	7^_ 7^_ 7	nict?
5147	915	9 1 5	heel?
5148	86	8 6	en
5149	"128^"""	1^'' 2 8	al'
5150	28^^	2^^ 8	on
5151	788^_	7^_ 8^_ 8	nul?
5152	100^CircleWithHorizontalBar	1^_ 0^+ 0^_	weeten
5153	7^_	^_ 7	
5154	90	9 0	zÿn
5155	158	1 5 8	en
5156	16	1 6	daar
5157	25^^	2^^ 5	om
5158	911	9 1 1	heb
5159	29^_	2^_ 9^_	ik
5160	549	5 4 9	ge
5161	33^^	3^^ 3	m
5162	4	4	een
5163	4^CircleWithHorizontalBar	4^+	t
5164	25^^	2^^ 5	om
5165	120	1 2 0	
5166	132^CircleWithHorizontalBar	1^_ 3^+ 2^_	zo
5167	34^_	3^_ 4^_	
5168	114^^	1^^ 1 4	het
5169	591	5 9 1	
5170	132^CircleWithHorizontalBar	1^_ 3^+ 2	zo
5171	"59^"""	5^'' 9	als
5172	822^^	8 2^^ 2	se
5173	115^^	1^^ 1 5	mÿ
5174	380	3 8 0	van
5175	710^o	7^o 1 0	verscheite
5176	596^_	5^_ 9^_ 6	kant
5177	34^_	^_ 3^_ 4^_	
5178	741	7 4 1	haar
5179	37^^	3^^ 7	e
5180	800^_	8^_ 0^_ 0^_	
5181	731^o	^_ 7 3^o 1	voor
5182	373^_	3 7^_ 3^_	komen
5183	"104^"""	^_ 1^'' 0 4	aan
5184	607^o	6^o 0 7	U HoogEdelGestrenge
5185	7	7	te
5186	831^_	8 3^_ 1^_	meet
5187	86	8 6	en
5188	495^_	4 9^_ 5	
5189	"801^"""	8^'' 0 1	dut
5190	86	8 6	en
5191	22^CircleWithHorizontalBar	2^+ 2^_	wat
5192	731^o	7^o 3 1	voor
5193	114^^	1^^ 1 4	het
5194	226^^	2^^ 2 6	overig
5195	34	3 4	den
5196	362^o	3 6^o 2	tu?
5197	774^o	7 7^o 4	r
5198	47^_	4^_ 7^_	l
5199	822^^	8 2^^ 2	se
5200	674	6 7 4	n
5201	364^^	3^^ 6 4	oorlog
5202	"311^"""	3^'' 1 1	be
5203	434^o	4^o 3 4	tre
5204	377	3 7 7	f
5205	4^CircleWithHorizontalBar	4^+	t
5206	158	1 5 8	en
5207	26	2 6	de
5208	134^o	1 3^o 4	si
5209	362^o	3^o 6 2	tu?
5210	"227^"""	2^'' 2 7	atic?
5211	91^CircleWithHorizontalBar	9^+ 1^_	waar
5212	34^_	3^_ 4^_	
5213	52	5 2	dit
5214	884^^	8^^ 8 4	rÿk
5215	206^CircleWithHorizontalBar	2^+ 0 6	zig
5216	16	1 6?	daar
5217	60	6 0	door
5218	772	7 7 2	gebr
5219	"277^"""	2^'' 7 7	agt ?
5220	132^CircleWithHorizontalBar	1^_ 3^+ 2^_	zo
5221	87	8 7	is
5222	114^^	1^^ 1 4	het
5223	46^CircleWithHorizontalBar	4^+ 6	zeker?
5224	743	7 4 3	dak?
5225	741	7 4 1	haar
5226	"53^"""	5^'' 3	alhier?
5227	934^_	9^_ 3^_ 4^_	
5228	4	4	een
5229	364^^	3^^ 6 4	oorlog
5230	7	7	te
5231	28^^	2^^ 8	on
5232	757^^	7 5^^ 7	recht
5233	196	1 9 6	er
5234	158	1 5 8	en
5235	28^^	2^^ 8	on
5236	549	5 4 9	ge
5237	617^_	6^_ 1^_ 7	lee
5238	569	5 6 9	gen
5239	196	1 9 6	er
5240	344^o	3^o 4 4	tÿd
5241	158	1 5 8	en
5242	28^^	2^^ 8	on
5243	592	5 9 2	
5244	256^_	2^_ 5^_ 6	ige
5245	34^^	3^^ 4	r
5246	800^_	8^_ 0^_ 0	
5247	143^_	^_ 1^_ 4^_ 3	heeft
5248	451^_	4^_ 5^_ 1^_	konnen
5249	300^^	3 0^^ 0	over
5250	373^_	3^_ 7^_ 3^_	komen
5251	"59^"""	5^'' 9	als
5252	26	2 6	de
5253	705	7 0 5	geene
5254	254^CircleWithHorizontalBar	2^+ 5^_ 4	welke
5255	26	2 6	de
5256	4^CircleWithHorizontalBar	4^+	t
5257	918^o	9^o 1 8	ur
5258	598^_	5^_ 9^_ 8	ken
5259	787^_	7 8^_ 7^_	nu
5260	227^o	2^o 2 7	ver
5261	47^_	4^_ 7^_	l
5262	306	3 0 6	oo
5263	129^o	1 2^o 9	son
5264	158	1 5 8	en
5265	"199^"""	1^'' 9 9	af
5266	550	5 5 0	ge
5267	381^^	3^^ 8 1	pa
5268	150^o	1 5^o 0	st
5269	216^_	2^_ 1^_ 6	hetten
5270	25^^	2^^ 5	om
5271	741	7 4 1	haar
5272	34	3 4	den
5273	279^CircleWithHorizontalBar	2^+ 7^_ 9	zelfste
5274	"104^"""	1^'' 0 4	aan
5275	7	7	te
5276	57	5 7	volgen
5277	248^CircleWithHorizontalBar	2^+ 4 8	want
5278	"314^"""	3^'' 1 4	
5279	34	3 4	den
5280	854	8 5 4	geld
5281	339^_	3^_ 3^_ 9	
5282	198^_	1^_ 9^_ 8	g
5283	327	3 2 7	ei
5284	152	1 5 2	
5285	26	2 6	de
5286	"751^"""	7^'' 5 1	con
5287	377	3 7 7	f
5288	691^o	6^o 9 1	us
5289	134^o	1 3^o 4	si
5290	37^^	3^^ 7	e
5291	241^o	2^o 4 1	des
5292	70^^	7^^ 0	ordre
5293	158^_	^_ 1 5 8	
5294	"277^"""	2^'' 7 7	agt ?
5295	196	1 9 6	er
5296	404^_	4^_ 0^_ 4	lijk
5297	71^_	7^_ 1^_	heid
5298	91^CircleWithHorizontalBar	9^+ 1^_	waar
5299	34^_	3^_ 4^_	
5300	114^^	1^^ 1 4	het
5301	377	3 7 7	f
5302	28^^	2^^ 8	on
5303	30^^	3^^ 0	c
5304	5	5	i
5305	113^^	1^^ 1 3	ee
5306	540^_	5^_ 4^_ 0	le
5307	181^CircleWithHorizontalBar	1^_ 8^+ 1	wezen
5308	380	3 8 0	van
5309	52	5 2	dit
5310	884^^	8^^ 8 4	rÿk
5311	132^CircleWithHorizontalBar	1^+ 3^_ 2	zo
5312	60	6 0	door
5313	"56^"""	5^'' 6	aller
5314	378	3 7 8	la
5315	759^^	7 5^^ 9	
5316	37^^	3^^ 7	e
5317	720^^	7 2^^ 0	pour
5318	378	3 7 8	la
5319	341^_	3^_ 4^_ 1	
5320	110^_	1 1^_ 0^_	
5321	37^^	3^^ 7	e
5322	417	4 1 7	est
5323	26	2 6	de
5324	"277^"""	2^'' 7 7	agt ?
5325	193^o	1^o 9 3	tien
5326	70	7 0	
5327	280^_	2^_ 8^_ 0^_	h
5328	25^^	2^^ 5	om
5329	670^_	6 7^_ 0^_	mes
5330	418	4 1 8	et
5331	18^o	1 8^o	d
5332	210	2 1 0	
5333	973^_	9^_ 7^_ 3	mi
5334	311	3 1 1	l
5335	384	3 8 4	le
5336	"368^"""	3^'' 6 8	an
5337	"442^"""	4^'' 4 2	ci
5338	191	1 9 1	ens
5339	405^_	4 0^_ 5	ma
5340	7	7	te
5341	311	3 1 1	l
5342	97^o	9^o 7	o
5343	4^CircleWithHorizontalBar	4^+	t
5344	793^o	7 9^o 3	vi
5345	264	2 6 4	ent
5346	25	2 5	de
5347	234^^	2^^ 3 4	
5348	4^CircleWithHorizontalBar	4^+	t
5349	439^_	4 3^_ 9^_	ir
5350	18^o	1 8^o	d
5351	176^_	1 7^_ 6^_	
5352	720^^	7 2^^ 0	pour
5353	378	3 7 8	la
5354	820^_	8 2^_ 0	mer
5355	674	6 7 4	n
5356	722^_	7^_ 2^_ 2^_	
5357	37^^	3^^ 7	e
5358	26	2 6	de
5359	583^CircleWithHorizontalBar	5^+ 8^_ 3	s
5360	371^^	3^^ 7 1	or
5361	520^^	5^^ 2 0	qu
5362	32^_	3^_ 2^_	
5363	158	1 5 8	en
5364	34^^	3^^ 4	r
5365	417	4 1 7	est
5366	37^^	3 7^^	e
5367	283^o	2^o 8 3	tres
5368	450	4 5 0	p
5369	354	3 5 4	eu
5370	720^^	7^^ 2 0	pour
5371	317^_	3 1^_ 7^_	les
5372	178^o	1 7^o 8	sus
5373	52	5 2	dit
5374	272	2 7 2	es
5375	490	4 9 0	Esques?
5376	550^^	5 5^^ 0	res
5377	136	1 3 6	dont?
5378	311	3 1 1	l
5379	195	1 9 5	
5380	131^o	1 3^o 1	ser
5381	"15^"""	1^'' 5	a
5382	234^^	2^^ 3 4	
5383	"608^"""	6^'' 0 8	
5384	"671^"""	6 7^'' 1	cem/cen?
5385	180^^	1 8^^ 0	pos
5386	113^^	1 1^^ 3	ee
5387	26	2 6	de
5388	759^^	7 5^^ 9	
5389	311^_	^_ 3 1 1	land
5390	484	4 8 4	equi
5391	450	4 5 0	p
5392	113^^	1 1^^ 3	ee
5393	673	6 7 3	i
5394	805^^	8^^ 0 5	le Roi de
5395	931^^	9^^ 3 1	
5396	37^^	3^^ 7	e
5397	26	2 6	de
5398	"15^"""	1^'' 5	a
5399	369	3 6 9	fait
5400	158	1 5 8	en
5401	18^o	1 8^o	d
5402	"368^"""	3^'' 6 8	an
5403	6	6	ne
5404	340^_	3 4^_ 0	mar
5405	36^^	3^^ 6	c
5406	18^o	1 8^o	d
5407	764^o	7 6^o 4	un
5408	"443^"""	4 4^'' 3	ce?
5409	7	7	te
5410	418	4 1 8	et
5411	26	2 6	de
5412	311	3 1 1	l
5413	"82^"""	8^'' 2	
5414	"443^"""	4^'' 4 3	ce?
5415	7	7	te
5416	317^_	3 1^_ 7^_	les
5417	14^^	1^^ 4	
5418	317^_	3 1^_ 7^_	les
5419	644^^	6^^ 4 4	qa
5420	28^^	2^^ 8	on
5421	15	1 5	daadelyk
5422	354	3 5 4	eu
5423	26	2 6	de
5424	365^o	3^o 6 5	va
5425	34^^	3^^ 4	r
5426	61^o	6^o 1	so
5427	313	3 1 3	v
5428	25^_	2^_ 5^_	ie
5429	32^_	3 2^_	
5430	748	7 4 8	ÿ
5431	"15^"""	1 5^''	a
5432	673^^	6^^ 7 3	que
5433	311	3 1 1	l
5434	673^^	6^^ 7 3	que
5435	4^CircleWithHorizontalBar	4^+	t
5436	185	1 8 5	em
5437	583^CircleWithHorizontalBar	5^+ 8^_ 3	s
5438	673^^	6^^ 7 3	que
5439	673^^	6^^ 7 3	que
5440	805^^	8^^ 0 5	le Roi de
5441	450	4 5 0	p
5442	34^^	3^^ 4	r
5443	691^o	6^o 9 1	us
5444	822^^	8 2^^ 2	se
5445	294	2 9 4	fa
5446	87	8 7	is
5447	873^_	8^_ 7^_ 3	ol
5448	620^^	6^^ 2 0	ren
5449	377	3 7 7	f
5450	371^^	3^^ 7 1	or
5451	36^^	3^^ 6	c
5452	196	1 9 6	er
5453	64^o	6^o 4	son
5454	"73^"""	7^'' 3	armee
5455	158	1 5 8	en
5456	450	4 5 0	p
5457	34^^	3^^ 4	r
5458	691^o	6^o 9 1	us
5459	822^^	8^^ 2 2	se
5460	5	5	i
5461	872^_	8^_ 7^_ 2	
5462	674	6 7 4	n
5463	4^CircleWithHorizontalBar	4^+	t
5464	"15^"""	1^'' 5	a
5465	236	2 3 6	des
5466	265^_	2 6^_ 5	
5467	127^o	^_ 1 2^o 7	
5468	272	2 7 2	es
5469	26	2 6	de
5470	253^^	2^^ 5 3	plus
5471	5	5	i
5472	209	2 0 9	
5473	158	1 5 8	en
5474	18^o	1 8^o	d
5475	806^^	8 0^^ 6	
5476	583^CircleWithHorizontalBar	5^_ 8^+ 3	s
5477	18^o	1 8^o	d
5478	841^o	8 4^o 1	une
5479	699^_	6^_ 9^_ 9	negociatti
5480	674^^	6^^ 7 4	qui
5481	131^o	1 3^o 1	ser
5482	873^_	8 7^_ 3^_	ol
5483	253	2 5 3	egler?
5484	384	3 8 4	le
5485	255^o	2 5^o 5	ta
5486	450	4 5 0	p
5487	87	8 7	is
5488	264	2 6 4	ent
5489	110^^	1^^ 1 0	ro
5490	311	3 1 1	l
5491	"368^"""	3^'' 6 8	an
5492	198^_	1^_ 9^_ 8	g
5493	621^_	6^_ 2^_ 1^_	let
5494	196	1 9 6	er
5495	110^^	1 1^^ 0	ro
5496	378	3 7 8	la
5497	450	4 5 0	p
5498	34^^	3^^ 4	r
5499	691^o	6^o 9 1	us
5500	822^^	8 2^^ 2	se
5501	418	4 1 8	et
5502	931^^	9^^ 3 1	
5503	37^^	3^^ 7	e
5504	26	2 6	de
5505	319^_	3 1^_ 9	
5506	156	1 5 6	a
5507	804^o	8^o 0 4	voit
5508	59	5 9	donn?
5509	37^^	3^^ 7	e
5510	176^_	1 7^_ 6^_	
5511	673^^	6^^ 7 3	que
5512	34	3 4	den
5513	673^^	6^^ 7 3	que
5514	963	9 6 3	
5515	41^^	4^^ 1	u
5516	26	2 6	de
5517	418	4 1 8	et
5518	311	3 1 1	l
5519	28^^	2^^ 8	on
5520	234^^	2^^ 3 4	
5521	311	3 1 1	l
5522	873^_	8^_ 7^_ 3^_	ol
5523	103	1 0 3	de
5524	21^_	2 1^_	
5525	18^o	1 8^o	d
5526	764^o	7^o 6 4	un
5527	526^^	5^^ 2 6	ra
5528	658^^	6^^ 5 8	pro
5529	"514^"""	5 1^'' 4	chi
5530	668^_	6^_ 6^_ 8^_	ment
5531	236	2 3 6	des
5532	361^o	3^o 6 1	troupes
5533	453^o	4^o 5 3	ver
5534	583^CircleWithHorizontalBar	5^_ 8^+ 3^_	s
5535	"511^"""	5^'' 1 1	
5536	596^^	5^^ 9 6	qua
5537	"374^"""	3^'' 7 4	ar
5538	268^o	2^o 6 8	ti
5539	196	1 9 6	er
5540	583^CircleWithHorizontalBar	5^_ 8^+ 3	s
5541	405^_	4^_ 0^_ 5^_	ma
5542	87	8 7	is
5543	33^_	3 3^_	
5544	272	2 7 2	es
5545	167^^	1 6^^ 7	per
5546	264	2 6 4	ent
5547	673^^	6^^ 7 3	que
5548	"916^"""	9^'' 1 6	
5549	"443^"""	4^'' 4 3	ce?
5550	7	7	te
5551	"916^"""	9^'' 1 6	
5552	32^o	3^o 2	
5553	26	2 6	de
5554	450	4 5 0	p
5555	34^^	3^^ 4	r
5556	691^o	6^o 9 1	us
5557	822^^	8 2^^ 2	se
5558	28^^	2^^ 8	on
5559	417	4 1 7	est
5560	764^o	7 6^o 4	un
5561	450	4 5 0	p
5562	354	3 5 4	eu
5563	40^^	4^^ 0	ra
5564	583^CircleWithHorizontalBar	5 8^+ 3	s
5565	931^^	9^^ 3 1	
5566	110^^	1 1^^ 0	ro
5567	103	1 0 3	de
5568	450	4 5 0	p
5569	41^^	4^^ 1	u
5570	87	8 7	is
5571	764	7 6 4	froid
5572	36^^	3^^ 6	c
5573	147^^	1^^ 4 7	ou
5574	99^^	9^^ 9	ple
5575	26	2 6	de
5576	583^CircleWithHorizontalBar	5^+ 8 3	s
5577	185	1 8 5	em
5578	"127^"""	1 2^'' 7	ai
5579	6	6	ne
5580	186^^	1 8^^ 6	s
5581	331^_	3^_ 3^_ 1^_	maar
5582	21^^	2^^ 1	
5583	114^^	1 1^^ 4	het
5584	126^CircleWithHorizontalBar	1^_ 2^+ 6	zelve
5585	174^^	1 7^^ 4	plaats
5586	143^_	1^_ 4^_ 3	heeft
5587	52^^	5^^ 2	ontrent
5588	301^_	3^_ 0^_ 1	de Koning von F
5589	192^CircleWithHorizontalBar	1^+ 9^_ 2	Z
5590	946^o	9^o 4 6	we
5591	999^o	9 9^o 9	den
5592	175^CircleWithHorizontalBar	1^_ 7^+ 5	weet
5593	29^_	2^_ 9^_	ik
5594	777^_	7^_ 7^_ 7	nict?
5595	607^o	6^o 0 7	U HoogEdelGestrenge
5596	43^CircleWithHorizontalBar	4^+ 3^_	zal
5597	49	4 9	direct
5598	38^_	3 8^_	
5599	181^CircleWithHorizontalBar	^_ 1 8^+ 1	wezen
5600	26	2 6	de
5601	738^^	7^^ 3 8	propositie F
5602	121	1 2 1	dic
5603	34^_	3^_ 4^_	
5604	"881^"""	8^'' 8 1	den
5605	"699^"""	6^'' 9 9	e
5606	340^_	3^_ 4^_ 0	mar
5607	47^_	4^_ 7^_	l
5608	893	8 9 3	en
5609	773	7 7 3	gedaan
5610	143^_	1^_ 4^_ 3^_	heeft
5611	253^CircleWithHorizontalBar	2^+ 5 3	weg
5612	191	1 9 1	ens
5613	2	2	een
5614	"57^"""	5^'' 7	allientie
5615	184^o	1 8^o 4	tegen
5616	583^CircleWithHorizontalBar	5^+ 8 3	s
5617	130	1 3 0	dit Hof
5618	158	1 5 8	en
5619	114^^	1 1^^ 4	het
5620	"371^"""	3^'' 7 1	antwoort
5621	743	7 4 3	dak?
5622	16	1 6	daar
5623	366^^	3 6^^ 6	op
5624	707	7 0 7	geven?
5625	440^_	^_ 4^_ 4^_ 0	is
5626	337	3 3 7	entem
5627	"171^"""	1^'' 7 1	van
5628	960	9 6 0	
5629	356^_	3^__ 5^__ 6	hib
5630	70^_	^_ 7^' 0	die Heer
5631	907	9^' 0 7	hadde
5632	40^_	4^_ 0^_	
5633	277^_	2 7^_ 7^_	vre
5634	578^_	5^_ 7^_ 8	hÿ
5635	617	6^' 1 7	Frontier
5636	358^_	3^_ 5^_ 8	r
5637	66	6^' 6	
5638	712	7 1^' 2	gelÿk
5639	460^_	4^__ 6^__ 0	laat?
5640	613	6{^'}{__} 1__ 3__	formalitus
5641	638	__ 6{^'}{__} 3 8	
5642	594	5 9 4	
5643	776	7 7 6	
5644	365^_	3^_ 6^_ 5	it
5645	71	7^' 1	
5646	171	1 7 1	eer
5647	63^_	6^_ 3^_	hazard
5648	"114^"""	1^'' 1 4	aan Zien?
5649	"521^"""	5^'' 2 1	
5650	"483^"""	4^'' 8 3	ben
5651	77^_	7^__ 7^__	hi
5652	"29^"""	2^'' 9	aan den'
5653	664	6 6 4	
5654	"571^"""	^_ 5^'' 7 1	brief ? der
5655	636^_	6^_ 3^_ 6	
5656	686	6 8 6	flatt
5657	901	9 0 1	o
5658	846	8 4 6	
5659	67	6^' 7	
5660	561^_	5^_ 6^_ 1^_	haar Majesteit f
5661	572^_	5^_ 7^_ 2	meer
5662	714^_	7^_ 1^_ 4	
5663	77^_	7 7^__	hi
5664	893	8^' 9 3	en
5665	44^_	4^_ 4^_	a
5666	572^_	5^_ 7^_ 2^_	meer
5667	806	8 0^' 6	
5668	215	2 1^' 5	
5669	723	7 2 3	
5670	147^_	1^_ 4^_ 7^_	heid
5671	19	1 9^'	daar Zal
5672	614	6 1 4	four
5673	65	6^' 5	
5674	265^_	2 6^_ 5	
5675	969^_	^_ 9^' 6 9	
5676	558	5^' 5 8	
5677	96	9^' 6	dagen
5678	"539^"""	5^'' 3 9	
5679	"868^"""	8^'' 6 8	dagen
5680	"493^"""	4^'' 9 3	boven?
5681	"636^"""	6^'' 3 6	berigt
5682	"874^"""	8^'' 7 4	decid
5683	962	9 6^' 2	
5684	41^_	4 1^_	
5685	"451^"""	4^'' 5 1	conduc
5686	111	1 1 1	
5687	39	3 9	hun
5688	816^_	8^__ 1^__ 6	men
5689	909	9^' 0 9	
5690	572^_	5^_ 7^_ 2	meer
5691	75^_	7^_ 5^_	het
5692	40^_	4^_ 0^_	
5693	"462^"""	4^'' 6 2	acte
5694	"868^"""	8^'' 6 8	dagen
5695	"270^"""	2^'' 7 0	able
5696	911^_	9^_ 1^_ 1	Monsieur D
5697	23^_	2^_ 3^_	
5698	572^_	5^_ 7^_ 2^_	meer
5699	506^_	5^_ 0^_ 6^_	d
5700	716	7 1 6	
5701	73^_	^_ 7^' 3	hem
5702	390	3 9 0	
5703	996	9 9 6	hem
5704	525^_	5^__ 2^__ 5	komen
5705	325^_	3 2^__ 5	
5706	697^_	6^__ 9^__ 7	neg
5707	750^_	7^__ 5^__ 0	Minister F
5708	35	3 5	depeche
5709	497^_	4^__ 9^__ 7	
5710	851^_	8^__ 5^__ 1	nergons
5711	298^_	2^_ 9^_ 8	komende
5712	572^_	5^_ 7^_ 2^_	meer
5713	696	6 9 6	garanderen
5714	262	2 6 2	encore
5715	784	7 8 4	gelÿk
5716	393	3 9 3	eeren
5717	119	1 1 9	
5718	946	9 4 6	
5719	575	5^' 7 5	gernan?
5720	790	7 9 0	
5721	885	8 8 5	
5722	197	1 9 7	erent
5723	68	6 8	
5724	314	3 1 4	eenig
5725	379^_	3^__ 7^__ 9	
5726	"940^"""	9^'' 4 0	daar door?
5727	"636^"""	6^'' 3 6	berigt
5728	"720^"""	7^'' 2 0	borg
5729	778	7^' 7 8	
5730	145	1 4^' 5	drent
5731	289^_	2 8^__ 9	ise
5732	622^_	6^__ 2^__ 2	lever?
5733	344^_	3 4^__ 4	
5734	418^_	4^_ 1^_ 8^_	
5735	931	9 3 1	
5736	723	7 2 3	
5737	70	7^' 0	
5738	"972^"""	9^'' 7 2	
5739	"194^"""	1^'' 9 4	able
5740	"420^"""	4^'' 2 0	
5741	100^_	1^__ 0^__ 0	januar?
5742	94^_	9^__ 4^__	hun
5743	877	8 7 7	
5744	908	9^' 0 8	han
5745	577	5 7 7	
5746	712^_	^_ 7^' 1 2	
5747	"781^"""	^_ 7^'' 8 1	e
5748	93^_	9 3^__	
5749	265^_	2 6^_ 5	
5750	572^_	^_ 5^_ 7^_ 2^_	meer
5751	273	2 7 3	essentient?
5752	"431^"""	4^'' 3 1	cause?
5753	"868^"""	8^'' 6 8	dagen
5754	998	9^' 9 8	
5755	969	9^' 6 9	en
5756	710	7^' 1 0	gela?
5757	143	1^' 4 3	
5758	549	5^' 4 9	ge
5759	607	6^' 0 7	ferrit
5760	732	7 3 2	
5761	"531^"""	5^'' 3 1	
5762	44	4^' 4	di zen
5763	"448^"""	4^'' 4 8	cen
5764	51	5 1	dissip?
5765	317	3 1 7	
5766	9	9	dat
5767	171	1 7 1	eer
5768	634^_	6^__ 3^__ 4	Maandag? F
5769	851^_	8^__ 5^__ 1	nergons
5770	"513^"""	5^'' 1 3	
5771	"564^"""	5^'' 6 4	
5772	"570^"""	5^'' 7 0	breug?
5773	16	1 6^'	daar
5774	997	9 9 7	hen
5775	659^_	6^_ 5^_ 9^_	den
5776	"741^"""	7^'' 4 1	chang
5777	"485^"""	4^'' 8 5	best
5778	456^_	4^__ 5^__ 6	krÿgen?
5779	344^_	3^__ 4^__ 4	
5780	365^_	3 6^_ 5	it
5781	32^_	3 2^_	
5782	365^_	3 6^__ 5	it
5783	"261^"""	2^'' 6 1	aan ? ? F
5784	"29^"""	2^'' 9	aan den'
5785	859	8 5 9	
5786	843	8^' 4 3	ge
5787	516	5^' 1 6	
5788	"905^"""	9^'' 0 5	
5789	"720^"""	7^'' 2 0	borg
5790	601	6 0 1	d
5791	138	1 3 8	doon dit
5792	9	9	dat
5793	"921^"""	9^'' 2 1	
5794	"634^"""	6^'' 3 4	ben
5795	98^_	^_ 9^__ 8^__	
5796	"409^"""	4^'' 0 9	betein?
5797	245	2^' 4 5	
5798	131^_	1^_ 3^_ 1	van
5799	508^_	5^_ 0^_ 8	hen
5800	437^_	4^_ 3^_ 7	
5801	318^_	3 1^_ 8^_	lettre
5802	572^_	5^_ 7^_ 2	meer
5803	507^_	5^_ 0^_ 7	eer
5804	829^_	8 2^_ 9^_	
5805	"998^"""	9^'' 9 8	
5806	264	2^' 6 4	ent
5807	865^_	8^_ 6^_ 5^_	object
5808	"181^"""	1^'' 8 1	aan dit: Ministerir
5809	"29^"""	2^'' 9	aan den'
5810	265	2 6 5	enver
5811	775	7 7 5	hoog ?
5812	676^_	6^__ 7^__ 6	? Minister
5813	452^_	4 5^__ 2	de Koning F
5814	474^_	4^__ 7 4	list
5815	524^_	5 2^__ 4	klagt
5816	845^_	8^__ 4 5	navigatie
5817	604^_	6^__ 0^__ 4	de Koning F
5818	618	6^' 1 8	fuk
5819	756^_	^_ 7^' 5 6	Protestantie ?
5820	509^_	^_ 5^' 0 9	n
5821	671	6^' 7 1	daar
5822	154	1 5 4	
5823	"305^"""	3^'' 0 5	aver?
5824	"104^"""	1^'' 0 4	aan
5825	732^_	7^_ 3^_ 2	v
5826	656^_	6^_ 5^_ 6	o
5827	194^_	1^__ 9^__ 4	
5828	966^_	9^_ 6^_ 6	men
5829	332^_	3 3^_ 2^_	
5830	460^_	4^__ 6^__ 0	laat?
5831	559^_	5^__ 5^__ 9^__	
5832	769^_	7^__ 6^__ 9^__	
5833	713	7^' 1 3	
5834	753^_	7^_ 5^_ 3	
5835	656^_	6^_ 5^_ 6	o
5836	"755^"""	7^'' 5 5	conferentie
5837	"940^"""	9^'' 4 0	daar door?
5838	"603^"""	6^'' 0 3	confer
5839	452^_	4^__ 5 2	de Koning F
5840	"662^"""	6^'' 6 2	certain
5841	"720^"""	7^'' 2 0	borg
5842	789	7 8 9	genegen
5843	517	5 1 7	
5844	919	9 1 9	heid
5845	991	9 9 1	heen?
5846	692	6^' 9 2	fro
5847	819	8^' 1 9	ss
5848	722	7^' 2 2	
5849	217	2^' 1 7	explic
5850	215	2^' 1 5	
5851	703	7^' 0 3	
5852	461^_	4^_ 6^_ 1^_	laaten
5853	428^_	4^_ 2^_ 8^_	ra
5854	"299^"""	2 9^'' 9	arm?
5855	"263^"""	2^'' 6 3	aan ? ?
5856	"256^"""	2^'' 5 6	aan dit hof
5857	575	5 7 5	gernan?
5858	"405^"""	4^'' 0 5	van?
5859	"29^"""	2^'' 9	aan den'
5860	956^_	9^_ 5^_ 6	le
5861	"634^"""	6^'' 3 4	ben
5862	19^_	^_ 1^_ 9^_	hun
5863	507^_	5^_ 0^_ 7	eer
5864	58^_	5^_ 8^_	haast?
5865	347^_	3^_ 4^_ 7	
5866	602^_	6^_ 0^_ 2	kon
5867	557^_	5^__ 5^__ 7	maak?
5868	377^_	3^__ 7^__ 7	de Koning von F
5869	291	2 9 1	
5870	822^_	8^_ 2^_ 2	met mÿ
5871	"263^"""	2^'' 6 3	aan ? ?
5872	262	2 6 2	encore
5873	384^_	3^__ 8^__ 4	laast Leeder?
5874	774^_	7^__ 7^__ 4	
5875	578	5^' 7 8	
5876	54	5 4	dit Zal
5877	784^_	^_ 7 8 4	
5878	614	6 1 4	four
5879	189	1 8^' 9	ence?
5880	602^_	6^_ 0^_ 2	kon
5881	971^_	9^_ 7^_ 1	merk/mert?
5882	139^_	1^_ 3^_ 9^_	hazardeeren
5883	18^_	1^_ 8^_	
5884	49^_	4^__ 9^__	tt
5885	"563^"""	5^'' 6 3	beweeg
5886	"410^"""	4^'' 1 0	bet
5887	98^_	9^__ 8^__	
5888	"903^"""	9^'' 0 3	
5889	"651^"""	6^'' 5 1	by det
5890	783^_	7^_ 8^_ 3	
5891	"187^"""	1^'' 8 7	aan U Ho: id: ?
5892	"186^"""	1^'' 8 6	aan ? ? ?
5893	"112^"""	1 1^'' 2	aan K: Ho: Ed: ?
5894	"325^"""	3^'' 2 5	ceren?
5895	804^_	8^_ 0^_ 4	f
5896	245	2^' 4 5	
5897	317^_	3^_ 1^_ 7	les
5898	393^_	3^_ 9^_ 3	les
5899	131^_	1^_ 3^_ 1^_	van
5900	620^_	6^_ 2 0	les
5901	508^_	5^_ 0^_ 8	hen
5902	469^_	4^_ 6^_ 9	les quelles?
5903	437^_	4^_ 3^_ 7	
5904	991^_	9^_ 9^_ 1^_	naam
5905	318^_	3 1^_ 8	lettre
5906	215	2^' 1 5	
5907	818	8^' 1 8	ni
5908	829^_	8^_ 2^_ 9	
5909	"531^"""	5^'' 3 1	
5910	73^_	7^__ 3^__	hem
5911	529	5 2 9	
5912	621	6 2 1	garnibeen?
5913	467	4 6 7	eeren
5914	616	6 1 6	fri
5915	865^_	8^_ 6^_ 5	object
5916	"181^"""	1 8^'' 1	aan dit: Ministerir
5917	958^_	9 5^_ 8	ve
5918	"626^"""	6^'' 2 6	qu
5919	843^_	8^_ 4^_ 3	naat
5920	265	2 6 5	enver
5921	775	7 7 5	hoog ?
5922	749^_	7^__ 4^__ 9	mÿne
5923	474^_	4^__ 7^__ 4	list
5924	701^_	7^_ 0^_ 1^_	
5925	"558^"""	5^'' 5 8	benracy?
5926	18^_	1^__ 8^__	
5927	"866^"""	8^'' 6 6	daar voor
5928	100^_	1^__ 0^__ 0^__	januar?
5929	"946^"""	9^'' 4 6	dat is
5930	858	8 5 8	
5931	578	5 7 8	
5932	376^_	3 7^_ 6	koning
5933	421^_	4^_ 2^_ 1	
5934	30	3 0	defaut
5935	701	7 0 1	gedaan
5936	616	6 1 6	fri
5937	80	8 0	eeron
5938	161	1 6 1	ta
5939	314	3 1 4	eenig
5940	9	9	dat
5941	670	6 7 0	
5942	466	4 6 6	eeren
5943	"68^"""	6^'' 8	annu
5944	953^_	9^_ 5^_ 3^_	be
5945	302^_	3 0^_ 2^_	de Koningin von F
5946	968	9^' 6 8	de
5947	572^_	5^_ 7^_ 2	meer
5948	505^_	5^__ 0^__ 5^__	z
5949	942	9^' 4 2	hun
5950	"958^"""	9^'' 5 8	depech
5951	326^_	3^_ 2^_ 6	lu
5952	"509^"""	5^'' 0 9	
5953	304^_	3^__ 0^__ 4	krÿgen?
5954	567^_	5^_ 6^_ 7^_	maniere
5955	571^_	5^_ 7^_ 1	mediateur
5956	578^_	5^_ 7^_ 8	hÿ
