the	116226
and	71443
of	70346
to	69945
a	43765
in	37990
i	36246
that	31956
it	28723
he	24683
was	23276
his	21356
you	20571
her	20356
be	20144
as	19658
with	19246
for	18194
not	17372
is	17054
had	15990
but	14450
she	14076
have	13816
at	13689
by	12242
on	11859
him	11629
my	11292
this	10705
which	10514
all	10259
so	9848
me	9527
said	9356
they	8823
from	8806
mr	8685
or	8155
would	8153
will	7680
no	7659
if	7603
there	7434
what	7106
been	7050
were	6751
are	6596
one	6374
an	6374
their	6359
when	6170
them	6148
we	6111
very	5684
any	5390
do	5344
more	5318
could	5217
who	5102
your	4911
out	4884
now	4626
has	4606
may	4604
some	4487
than	4484
into	4427
should	4176
up	4129
such	4120
little	4049
other	4025
must	3733
upon	3715
then	3710
good	3694
about	3618
much	3594
man	3584
time	3570
know	3530
can	3507
well	3446
like	3425
am	3307
only	3297
mrs	3164
might	3156
never	3133
how	3111
before	3053
did	3021
great	2967
being	2866
made	2834
shall	2807
own	2805
see	2792
say	2749
our	2741
come	2696
think	2668
its	2663
old	2580
again	2575
us	2572
here	2549
sir	2538
these	2537
after	2458
over	2454
down	2453
himself	2435
most	2402
two	2401
without	2395
every	2332
too	2330
go	2295
miss	2256
those	2206
first	2189
way	2172
thought	2150
make	2142
nothing	2124
day	2098
where	2095
though	2069
long	2027
came	2012
yet	1943
same	1923
away	1910
states	1877
last	1875
dear	1841
don	1804
still	1799
hand	1789
state	1785
take	1769
people	1744
even	1741
always	1739
ever	1726
went	1692
majesty	1669
young	1663
life	1642
many	1632
house	1626
thing	1624
place	1622
give	1620
while	1619
quite	1613
head	1600
against	1580
look	1571
under	1551
better	1545
seemed	1539
men	1505
another	1467
lady	1462
done	1456
herself	1449
back	1438
soon	1429
off	1418
mind	1411
room	1399
let	1389
looked	1389
going	1374
part	1373
having	1358
saw	1355
through	1354
both	1348
put	1341
found	1333
new	1333
myself	1329
something	1323
once	1322
between	1320
eyes	1317
work	1313
mother	1313
tell	1290
gutenberg	1279
things	1265
project	1249
whale	1243
why	1214
night	1210
just	1199
says	1192
felt	1184
right	1182
took	1181
looking	1181
home	1180
lord	1162
three	1155
general	1154
world	1154
poor	1144
however	1138
letter	1133
cannot	1129
rather	1122
face	1121
hope	1118
towards	1111
because	1107
yes	1104
seen	1100
side	1098
woman	1096
far	1094
hands	1088
sure	1087
told	1085
enough	1085
king	1083
heard	1081
oh	1081
left	1080
power	1076
whom	1068
present	1059
anything	1059
indeed	1052
father	1052
round	1049
moment	1049
whole	1038
chapter	1019
get	1015
also	1009
heart	1008
half	1006
got	1003
lydgate	1003
find	1000
each	999
morning	999
town	996
less	993
government	986
elizabeth	984
nor	978
given	967
perhaps	963
whether	962
knew	958
dorothea	954
since	948
door	947
love	943
want	937
best	929
friend	928
money	924
country	916
course	915
often	909
set	902
taken	900
does	896
sister	896
few	892
really	892
means	891
emma	888
subject	880
brought	873
years	872
almost	866
name	866
full	865
kind	865
among	864
manner	862
cried	858
endd	856
wish	850
gone	847
next	847
within	841
hear	837
matter	835
coming	833
speak	831
whose	825
certain	821
together	819
case	812
themselves	804
asked	802
answer	796
sort	795
sent	792
either	788
else	781
therefore	775
use	775
mean	770
end	767
child	765
gave	762
others	757
least	757
believe	752
till	752
joe	752
called	751
point	748
small	743
duke	743
ought	740
true	737
word	735
began	734
leave	727
light	726
family	723
body	722
business	719
reason	713
days	706
words	697
elinor	694
page	687
sea	685
known	679
keep	671
person	669
sat	668
turned	666
table	665
air	664
boy	663
ll	659
wife	654
casaubon	654
returned	651
making	650
white	648
jane	645
happy	644
letters	643
large	641
certainly	637
times	637
pleasure	636
de	635
suppose	633
doubt	632
order	630
rest	629
help	629
already	627
particular	623
answered	622
further	620
passed	620
everything	618
husband	617
feel	615
open	615
evening	615
public	615
add	614
gentleman	614
ship	614
received	612
fire	607
voice	606
stood	605
question	604
sense	604
ready	601
pp	600
girl	598
able	597
opinion	596
peace	594
leicester	589
nature	589
possible	586
understand	585
ill	584
until	583
honour	583
george	576
short	575
thou	575
near	574
bulstrode	573
used	572
itself	569
alone	568
richard	567
marianne	566
thus	564
london	563
replied	563
necessary	560
fred	560
united	558
god	557
hardly	555
june	554
rosamond	553
friends	552
law	552
son	546
care	539
four	539
harriet	537
holland	534
seeing	530
high	530
ye	530
captain	529
deal	528
authority	527
sometimes	526
ask	525
different	525
brother	524
service	523
terms	523
common	520
ahab	517
court	516
arms	515
constitution	514
feeling	509
low	506
water	506
cause	504
hold	504
return	504
yourself	503
fine	503
hour	503
saying	502
call	501
guardian	500
treaty	497
read	494
pay	490
interest	490
john	489
behind	489
seems	486
works	486
foreign	485
taking	485
idea	483
lay	482
kept	479
above	478
immediately	478
object	478
fellow	477
change	476
bring	474
copy	472
jarndyce	472
form	470
strong	469
hath	467
commissioners	467
queen	467
glad	466
account	465
wanted	465
pretty	465
five	463
hard	461
bucket	461
neither	459
several	458
papers	457
send	454
number	454
turn	452
purpose	451
strange	451
children	450
mary	450
truth	449
bed	445
need	444
except	443
late	441
second	440
talk	440
black	440
weston	440
show	439
union	437
longer	437
bad	437
dead	436
stand	436
eye	436
character	434
live	433
darcy	433
along	431
fact	430
death	429
doing	429
whatever	428
standing	428
england	426
pray	426
effect	426
forth	426
wished	426
usual	426
circumstances	426
party	424
likely	424
bear	424
window	424
knowledge	423
attention	423
married	423
walk	422
daughter	421
signed	420
boat	420
ibid	419
dorian	419
history	418
view	418
arm	418
free	417
company	417
april	415
pip	415
horse	414
chair	414
regard	413
hester	413
seem	412
held	412
mine	410
hair	409
ada	409
respect	408
occasion	407
close	406
written	405
council	405
former	404
become	404
ostend	402
colonel	399
soul	399
added	398
thinking	398
brooke	398
lost	395
afraid	395
please	394
dark	394
ground	393
willoughby	392
dinner	390
visit	390
guppy	390
forward	389
knightley	389
feelings	388
elton	387
comes	384
foundation	384
count	383
james	383
easy	382
expected	381
lordship	380
happened	379
marriage	379
charge	378
fell	378
year	376
spoke	376
danger	374
meet	374
beyond	373
desire	373
greater	373
fear	373
natural	373
office	372
happiness	371
appeared	371
pocket	371
laid	369
beautiful	369
sitting	368
laws	367
afterwards	365
considered	365
snagsby	365
sorry	364
national	362
none	359
wonder	359
looks	359
consider	358
war	357
met	357
self	357
dedlock	356
stay	355
writing	355
hundred	352
federal	352
electronic	351
write	350
entered	350
meant	349
enemy	346
towns	345
knows	345
land	345
walked	345
sight	344
re	343
besides	342
affection	342
giving	342
speaking	341
smile	341
uncle	341
gold	339
unto	339
commission	339
meeting	339
otherwise	339
makes	339
cold	339
became	339
bennet	339
master	338
street	337
paid	336
powers	336
governor	335
pass	335
duty	335
trouble	335
conversation	333
herbert	332
remember	332
continued	332
turning	332
act	331
proper	331
obliged	331
persons	327
hours	327
influence	327
countries	326
british	325
gentlemen	325
past	325
especially	324
wrong	324
human	324
red	323
situation	323
secret	322
ah	322
society	322
book	321
spirit	321
ten	320
fall	320
touching	320
william	319
living	319
real	319
plan	318
havisham	318
thousand	317
henry	317
ago	317
sit	317
impossible	316
pleased	316
woodhouse	316
early	315
prince	313
places	313
matters	313
appear	313
unless	313
try	313
soldiers	312
forces	311
twenty	311
meaning	310
according	310
tone	310
bingley	310
trust	309
merely	309
edward	308
information	308
won	308
beginning	307
ladies	307
latter	306
entirely	306
thoughts	306
mentioned	306
clear	304
deep	304
perfectly	304
walsingham	303
observed	303
dare	303
garth	303
instead	301
confidence	300
months	299
quiet	299
ships	297
cut	297
knowing	297
copyright	297
agreement	296
during	296
spirits	296
equal	295
run	295
tulkinghorn	295
thank	294
burghley	294
concerning	294
marry	294
feet	294
property	294
receive	293
assure	293
false	291
worse	291
conduct	291
french	290
tried	290
across	289
probably	288
particularly	286
carried	285
appearance	285
line	284
carriage	284
wemmick	284
opportunity	283
consideration	283
getting	283
easily	282
liberty	282
nobody	282
wind	281
acquaintance	281
length	280
advantage	280
flanders	279
fair	279
iron	278
ran	278
rose	278
minutes	278
remain	277
wild	277
pearl	277
ladislaw	277
determined	276
experience	275
followed	275
force	275
play	275
supposed	275
single	274
drawing	274
thee	274
comfort	273
beauty	273
lips	273
suddenly	272
future	272
opened	272
gray	272
whales	272
judgment	271
silence	271
creature	271
illustration	271
six	270
begin	270
blood	270
engaged	270
degree	270
figure	270
estella	270
celia	270
favour	268
ve	268
talking	267
due	266
necessity	266
cases	266
mention	266
silent	266
goes	265
notice	265
morrow	264
presently	263
bound	263
sake	263
private	262
vincy	262
directly	261
spain	261
paper	261
agreeable	261
charley	261
stubb	261
affairs	260
altogether	259
mere	259
cessation	258
members	258
garden	258
points	257
lived	257
heavy	257
chance	257
women	257
expression	257
executive	257
middlemarch	257
note	256
fast	256
exactly	256
greatly	255
following	255
satisfied	255
distance	255
fish	254
satisfaction	254
caddy	254
dashwood	253
queequeg	253
foot	252
church	252
fortune	252
remained	252
sun	252
age	251
believed	251
heaven	251
glass	251
objects	251
thy	251
contrary	250
agree	249
mouth	249
talked	249
january	248
pounds	248
art	248
march	247
english	246
expect	246
difficulty	246
smallweed	246
fancy	246
allow	245
sperm	245
news	244
evil	244
direction	244
proposed	244
corner	244
license	242
fairfax	242
jaggers	242
farebrother	242
pain	241
led	240
holding	240
story	240
strength	239
settled	239
frank	239
handsome	239
promise	238
generally	238
hoped	237
drawn	237
cousin	237
important	237
worth	237
servant	236
pleasant	236
carry	236
action	236
putting	236
plain	236
drew	235
didn	235
bagnet	235
jennings	235
sound	234
watch	234
follow	234
surprise	233
slowly	233
nearly	233
although	232
clock	232
seven	232
perfect	232
fond	232
picture	232
biddy	232
rights	231
captains	231
whenever	231
scarcely	231
greatest	230
pity	229
piece	229
sudden	229
repeated	229
aye	228
www	227
returns	227
churchill	227
judge	226
arrival	225
stopped	225
everybody	225
curious	225
aunt	225
credit	224
date	224
resolved	224
broken	224
lie	223
spoken	223
difference	223
walking	223
parts	222
understood	222
hat	222
allowed	221
reasons	221
chief	221
fixed	221
green	220
imagine	220
joy	219
sleep	219
bright	219
yesterday	218
offer	218
touch	218
importance	217
enter	217
causes	217
minister	217
earth	217
tears	217
volume	216
consequence	216
struck	216
pride	216
interests	216
online	215
happen	215
support	215
showed	215
position	215
bird	215
justice	214
arrived	214
sufficient	214
liked	214
keeping	214
step	214
legislative	214
skimpole	214
weather	213
resolution	213
reply	213
required	213
jo	213
various	212
angry	212
thereof	211
third	211
serious	211
esther	211
equally	211
speech	210
takes	210
relation	210
fully	210
dress	210
rich	209
lying	208
wait	208
considerable	208
content	207
presence	207
provided	207
safe	207
disposition	207
road	207
below	206
th	206
likewise	206
york	206
placed	206
stone	206
representatives	206
deck	206
leaving	205
provision	205
fit	205
difficult	205
hearing	205
period	205
system	205
fresh	204
articles	204
tree	204
officers	203
week	203
informed	203
wants	203
jellyby	203
breakfast	203
dr	202
security	202
moved	202
blue	202
laughed	202
require	201
willing	201
proceed	201
loss	200
summerson	200
wickham	200
wishes	199
forget	199
journey	199
anxious	199
objection	199
starbuck	199
changed	198
peculiar	198
attempt	197
youth	197
harry	196
passing	195
save	195
instant	195
shut	195
spite	195
loved	195
donations	195
continue	194
assured	194
intended	194
hopes	193
aware	193
anybody	193
legislature	193
em	193
collins	193
provinces	192
consent	192
surprised	192
tea	192
lucy	192
governments	191
excuse	191
caught	191
dangerous	190
acquainted	190
express	190
post	190
senate	190
lives	189
command	189
boats	189
choice	189
intention	189
grave	189
manners	189
bit	189
wood	188
parties	188
convention	188
music	188
smiling	188
shown	187
wrote	187
died	187
learn	186
top	186
principal	186
quick	186
literary	186
passion	186
independent	186
superior	186
temper	186
seated	186
provide	185
agreed	185
suit	184
eat	184
pale	184
citizens	184
gate	184
quarter	183
considering	183
ma	183
thrown	182
practice	182
finding	182
offered	182
leg	182
vain	182
convinced	182
rising	182
trademark	182
report	181
advice	181
affected	181
ourselves	181
possession	181
kindness	181
political	181
laugh	181
forced	180
excellent	180
warm	180
waiting	180
extent	180
around	180
reasonable	179
horses	179
wall	179
outside	179
circumstance	179
pequod	179
exercise	178
share	178
personal	178
principle	178
floor	178
conscious	178
president	177
spent	177
subjects	177
delivered	177
draw	177
quietly	177
taste	177
vholes	177
naturally	177
access	176
move	176
ways	176
st	176
immediate	176
shook	176
lydia	176
thinks	175
gives	175
understanding	175
cook	175
proud	174
ladyship	174
caleb	174
quickly	173
telling	173
promised	173
reached	173
complete	173
delight	173
prynne	173
questions	172
appears	172
delightful	172
flushing	171
relief	171
yield	171
miserable	171
individual	171
moments	171
calendar	170
books	170
disposed	170
simple	170
farther	170
heads	170
wonderful	170
ebook	170
archive	170
threw	170
trooper	170
eight	169
wine	169
sisters	169
ha	169
beneath	169
reading	168
highly	168
die	168
religion	167
pardon	167
begun	167
article	167
opposite	167
main	166
employed	166
prepared	166
calling	166
lose	165
prevent	165
paragraph	165
profession	165
wholly	165
coat	165
legs	165
consciousness	165
appointed	164
established	164
weeks	164
whereof	164
formed	164
raised	164
trying	164
clothes	164
accept	163
possibly	163
yours	163
passage	163
coach	163
pumblechook	163
depend	162
touched	162
wise	162
health	162
including	162
noble	162
stop	162
front	162
girls	162
box	162
using	161
zeeland	161
companies	161
trial	161
ordinary	161
treat	161
expressed	161
sweet	161
extremely	161
seat	161
countenance	161
grew	161
nation	160
desired	160
previous	160
nevertheless	160
sad	160
minute	160
existence	160
wide	160
forest	160
dreadful	160
basil	160
hartfield	160
born	159
straight	159
hall	159
golden	159
extraordinary	158
shoulder	158
spot	158
hence	157
cast	157
direct	157
forgotten	157
cry	157
behaviour	157
aside	157
stairs	157
engagement	157
doth	156
lately	156
join	156
suspicion	156
comfortable	156
avoid	156
admit	156
removed	156
nations	156
affair	156
mark	156
sensible	156
companion	156
finger	156
glance	156
lowick	156
serve	155
absolutely	155
regarded	155
result	155
america	155
raffles	155
truly	154
beg	154
houses	154
catherine	154
produced	154
slight	154
somebody	154
asleep	154
maurice	153
rate	153
weight	153
broad	153
pipe	153
fallen	152
miles	152
stranger	152
running	152
crew	152
scene	152
charming	152
woodcourt	152
garrison	151
surely	151
kenge	151
attachment	151
scarlet	151
events	150
earl	150
estate	150
mar	150
fingers	150
expense	150
windows	150
brandon	150
excellency	149
success	149
wanting	149
inn	149
bates	149
sending	148
spare	148
learned	148
condition	148
afternoon	148
declared	148
ease	148
principles	148
trees	148
featherstone	148
drink	147
leaves	147
worthy	147
marked	147
bringing	147
lead	147
memory	147
interested	147
opinions	147
summer	147
iii	147
effort	147
prospect	147
kitchen	147
proportion	146
occasions	146
value	146
neck	146
simply	146
shaking	146
ideas	146
parma	145
intelligence	145
event	145
chiefly	145
address	145
attended	145
instance	145
courts	145
active	145
classes	144
deputies	144
utmost	144
tired	144
board	144
connected	144
instructions	143
safety	143
plainly	143
remembered	143
cap	143
hot	143
proceedings	143
fifty	143
daughters	143
start	143
admiration	143
clergyman	143
garrisons	142
twice	142
delay	142
twelve	142
ii	142
constant	142
grown	142
limited	142
middle	142
bow	142
couldn	142
views	142
assurance	141
daily	141
conscience	141
observation	141
shame	141
library	141
upstairs	141
laughing	141
grow	140
sharp	140
stands	140
break	140
aged	140
evident	140
interesting	140
allen	139
army	139
sought	139
spring	139
civil	139
curiosity	139
shop	139
melancholy	139
entire	138
february	138
possessed	138
match	138
dog	138
measure	138
pause	138
rooms	138
watching	138
relations	138
feb	137
prove	137
unknown	137
earnest	137
separate	137
sooner	137
painful	137
choose	137
decided	137
opening	137
remark	137
ring	137
month	136
request	136
attached	136
cheerful	136
distant	136
anxiety	136
shadow	136
persuaded	135
somewhat	135
carrying	135
shake	135
xxiii	135
mast	135
throw	135
ain	135
dropped	135
copies	134
special	134
island	134
lies	134
listen	134
bread	134
attend	134
usually	134
terror	134
amiable	134
habit	134
respectable	134
mode	134
castle	133
perceive	133
accepted	133
seek	133
sides	133
example	133
impression	133
ashamed	133
nay	133
terrible	133
park	133
cadwallader	133
whaling	133
holograph	132
fn	132
declare	132
steps	132
higher	132
establishment	132
exceedingly	132
instantly	132
cat	132
aspect	132
maid	132
clever	132
russell	131
regret	131
treaties	131
ancient	131
killigrew	131
lords	131
observe	131
calm	131
broke	131
frequently	131
refund	131
tom	131
breast	131
ferrars	131
misery	130
divers	130
aid	130
fail	130
falling	130
unhappy	130
ended	130
org	130
associated	130
regular	130
wouldn	130
particulars	129
charges	129
asking	129
finally	129
sail	129
asks	129
moving	129
chosen	129
lower	129
filled	129
sky	129
delighted	129
rouncewell	129
bho	128
contents	128
whereby	128
concern	128
earnestly	128
gratitude	128
trade	128
thoroughly	128
orders	128
assistance	128
nearer	128
presented	128
propriety	128
vast	128
dread	128
highbury	128
vol	127
etc	127
odd	127
hither	127
imagination	127
bruges	127
bill	127
confess	127
mad	127
busy	127
disagreeable	127
lad	127
escape	126
la	126
concerned	126
bottom	126
school	126
hers	126
variety	126
dance	126
wretched	126
claim	126
dancing	126
breath	126
delicate	126
thirty	125
servants	125
violent	125
clearly	125
fault	125
proved	125
readily	125
rule	125
actually	125
worn	125
snow	125
cottage	125
dimmesdale	125
hans	125
river	124
therein	124
dignity	124
style	124
absence	124
friendly	124
indifferent	124
blow	124
mistake	124
started	124
occurred	124
beside	124
leaning	124
congress	124
medical	124
gradually	124
local	124
weak	123
finished	123
seas	123
seldom	123
probable	123
appointment	123
inquiry	123
capable	123
anywhere	123
chancery	123
granted	122
supply	122
sum	122
concluded	122
amount	122
original	122
richardot	122
welcome	122
bless	122
mistress	122
mistaken	122
forms	122
oil	122
discovered	121
harm	121
wherein	121
lines	121
proof	121
remains	121
honourable	121
voyage	121
inclined	121
devil	121
sign	121
shape	121
flask	121
estates	120
amongst	120
unable	120
ruin	120
hurt	120
distinct	120
numerous	120
key	120
secure	120
energy	120
baby	120
similar	120
ears	119
oath	119
ear	119
difficulties	119
committed	119
continually	119
pursued	119
doctor	119
study	119
possess	119
evidently	119
wopsle	119
thanks	118
sufficiently	118
directed	118
names	118
nine	118
strongly	118
crown	118
military	118
bell	118
perform	117
dale	117
forgive	117
friendship	117
freely	117
joined	117
meanwhile	117
dislike	117
bent	117
receiving	117
useful	117
ball	117
path	116
affectionate	116
increase	116
afford	116
reach	116
minds	116
stronger	116
unfortunate	116
duties	116
tail	116
alive	116
exclaimed	116
dull	116
demand	115
forty	115
mutual	115
grey	115
grand	115
powerful	115
distress	115
hitherto	115
remembrance	115
tax	115
smiled	115
permission	115
turns	115
eager	115
alarm	115
disappointed	115
explanation	115
forehead	115
completely	115
double	114
refuse	114
admitted	114
killed	114
princess	114
conclusion	114
inclination	114
streets	114
belief	114
language	114
bosom	114
village	114
anyone	114
rain	114
reflection	114
charlotte	114
smith	114
september	113
search	113
drive	113
faithful	113
returning	113
shortly	113
martin	113
closed	113
working	113
proceeded	113
ordered	113
additional	113
wishing	113
substance	113
instances	113
drove	113
medium	113
circle	113
somehow	113
token	112
behalf	112
worst	112
collection	112
caused	112
moreover	112
possibility	112
seal	112
expectation	112
honest	112
check	112
measures	112
horrible	112
cries	112
remarkable	112
burst	112
watched	112
total	111
paying	111
cost	111
partly	111
convenient	111
conditions	111
supper	111
sentence	111
listened	111
frightened	111
burning	111
distinguished	111
dressed	111
occasionally	111
steady	111
careful	110
addressed	110
suffer	110
remaining	110
growing	110
furniture	110
dry	110
deeply	110
bride	110
waited	110
crying	110
favourite	110
fee	110
hurry	110
housekeeper	110
sympathy	110
jonah	110
jan	109
soldier	109
whereas	109
thither	109
lordships	109
instrument	109
loo	109
suffered	109
section	109
essential	109
branch	109
invitation	109
majority	109
sick	108
render	108
hidden	108
jurisdiction	108
mankind	108
enjoyment	108
darkness	108
spread	107
obtain	107
blind	107
jealousy	107
innocent	107
hint	107
connection	107
neighbourhood	107
robert	106
field	106
satisfy	106
conviction	106
defence	106
custom	106
narrow	106
sailor	106
domestic	106
legal	106
boys	106
constitutional	106
disappointment	106
marrying	106
favor	106
chettam	106
offices	105
shot	105
departed	105
ignorance	105
occupied	105
raise	105
sorrow	105
apt	105
supreme	105
chesney	105
wold	105
scheme	105
final	104
urged	104
younger	104
grateful	104
notes	104
city	104
parted	104
loose	104
ebooks	104
britain	104
faces	104
eldest	104
flowers	104
playing	104
wear	104
department	104
utrecht	103
rendered	103
spend	103
refused	103
postscript	103
fears	103
pieces	103
wisdom	103
smoke	103
virtue	103
chancellor	103
begged	103
discovery	103
shoulders	103
emotion	103
indifference	103
candle	103
tenderness	103
middleton	103
acts	102
served	102
addition	102
merit	102
persuade	102
confusion	102
striking	102
reference	102
somewhere	102
magistrate	102
notion	102
wedding	102
chadband	102
reserved	101
debt	101
feared	101
enjoy	101
guard	101
later	101
settle	101
familiar	101
yard	101
class	101
lawyer	101
yellow	101
flew	101
cross	100
happily	100
commanded	100
colour	100
notwithstanding	100
efforts	100
showing	100
suspected	100
comparison	100
resolve	100
gentle	100
communication	100
noise	100
uneasy	100
tender	100
cabin	100
darling	100
hung	100
birds	100
imagined	100
hill	99
larger	99
carefully	99
lest	99
accustomed	99
couple	99
material	99
administration	99
advantages	99
consequences	99
hanging	99
doors	99
pair	99
stern	99
community	99
portrait	99
task	99
fox	99
gardiner	99
environment	98
crawford	98
maintain	98
facts	98
taught	98
gathered	98
quality	98
seized	98
frequent	98
mighty	98
paused	98
judiciary	98
phrase	98
baronet	98
loud	98
nose	98
gretel	98
ac	97
debts	97
discretion	97
motive	97
doubted	97
ignorant	97
heartily	97
noticed	97
safely	97
requisite	97
clerk	97
finds	97
preparations	97
wealth	97
sin	97
pointed	97
krook	97
crowd	97
dream	97
opposition	97
volumnia	97
lizzy	97
nantucket	97
sophie	96
lomas	96
hinds	96
https	96
uk	96
cal	96
abroad	96
entertainment	96
desires	96
praise	96
extreme	96
empty	96
considerations	96
listening	96
distribution	96
jury	96
eh	96
illness	96
knife	96
leviathan	96
thomas	95
departure	95
demanded	95
troubled	95
execution	95
foolish	95
elsewhere	95
contained	95
throughout	95
term	95
dine	95
breaking	95
tall	95
lot	95
phil	95
theme	94
include	94
enclosed	94
actions	94
kingdom	94
borne	94
sonoy	94
dunkirk	94
solemn	94
blame	94
increased	94
stick	94
argument	94
silver	94
hearts	94
tongue	94
chamber	94
commerce	94
cool	94
invited	94
evidence	94
plenty	94
whispered	94
skin	94
landlord	94
space	93
entrance	93
faith	93
desirable	93
gained	93
progress	93
objections	93
dearest	93
probability	93
founded	93
prison	93
included	93
necessarily	93
rise	93
highest	93
grandfather	93
cutting	93
distributing	93
nonsense	93
wondered	93
flite	93
provisions	92
draft	92
payment	92
passions	92
proceeding	92
sunday	92
waters	92
popular	92
covered	92
winter	92
election	92
ere	92
inward	92
suffering	92
nice	92
observing	92
composed	92
official	92
brow	92
professional	92
species	92
rolled	92
habits	92
source	92
strike	92
sees	91
capt	91
expenses	91
pressed	91
royal	91
purposes	91
rome	91
bearing	91
brain	91
physician	91
absolute	91
sits	91
inhabitants	91
ride	91
precisely	91
ones	91
severe	91
pains	91
confederation	91
claims	91
located	91
papa	91
awful	91
teeth	91
income	91
rope	91
fatal	91
hallward	91
lane	90
recommend	90
prevented	90
treated	90
seriously	90
slow	90
cousins	90
leading	90
compliment	90
sing	90
charm	90
game	90
wore	90
anger	90
federalist	90
randalls	90
enemies	89
xxiv	89
laying	89
devoted	89
leisure	89
needs	89
mortal	89
accordingly	89
pull	89
grounds	89
kill	89
rid	89
bore	89
iv	89
wolf	89
thick	89
actual	89
judges	89
indian	89
intellectual	89
parting	89
visible	89
handkerchief	89
branches	89
ocean	89
motives	89
barton	89
moby	89
dick	89
assembly	88
excited	88
stage	88
grace	88
firm	88
lighted	88
satisfactory	88
explained	88
perceived	88
walls	88
goodness	88
merry	88
bones	88
played	88
whisper	88
dust	88
bye	88
astonishment	88
longbourn	88
drummle	88
procure	87
employ	87
message	87
explain	87
consequently	87
idle	87
worked	87
saved	87
constantly	87
setting	87
policy	87
decision	87
horror	87
utterly	87
comply	87
examination	87
encouragement	87
hospital	87
suggested	87
produce	87
square	87
patient	87
calculated	87
drop	87
creatures	87
thin	87
painted	87
expectations	87
luck	87
advance	86
suspect	86
folly	86
et	86
conceive	86
deny	86
abode	86
mass	86
described	86
soft	86
softly	86
bank	86
moral	86
lamp	86
badger	86
hurried	86
sacrifice	86
unpleasant	86
kitty	86
confederacy	86
victuals	85
dared	85
officer	85
wicked	85
control	85
properly	85
camphere	85
gain	85
apart	85
derived	85
portion	85
jealous	85
cruel	85
recovered	85
tells	85
bitter	85
haste	85
pointing	85
remarked	85
brown	85
legislatures	85
parlour	85
lively	85
silly	85
becoming	85
allan	85
sibyl	85
en	84
named	84
wherefore	84
devotion	84
intentions	84
spanish	84
answers	84
discover	84
hague	84
crossed	84
fetch	84
guilty	84
savage	84
owner	84
operation	84
dirty	84
dim	84
vanity	84
throwing	84
stock	84
lights	84
boythorn	84
impulse	84
turveydrop	84
publius	84
treasurer	83
privy	83
rough	83
driven	83
christian	83
margin	83
protection	83
deeper	83
wrought	83
stayed	83
grant	83
roger	83
smallest	83
divided	83
hole	83
compliance	83
mercy	83
mission	83
rank	83
catch	83
murder	83
features	83
resources	83
campbell	83
perry	83
prays	82
repair	82
needed	82
thereby	82
coast	82
obtained	82
cobham	82
examined	82
gracious	82
inform	82
design	82
food	82
respects	82
education	82
fashion	82
distribute	82
intercourse	82
conclude	82
effects	82
guess	82
indignation	82
arrangement	82
comprehend	82
plans	82
spiritual	82
ghost	82
bonnet	82
glancing	82
aloud	82
ugly	82
flower	82
member	82
deserve	81
reputation	81
relieved	81
humour	81
certainty	81
providing	81
referred	81
south	81
hinder	81
pursuit	81
seeking	81
midst	81
compassion	81
description	81
birth	81
precious	81
wet	81
helped	81
struggle	81
beat	81
downstairs	81
wooden	81
gallery	81
generous	81
sentiment	81
fortunate	81
social	81
vicar	81
harpooneer	81
antwerp	80
conference	80
offence	80
discourse	80
palmer	80
chose	80
kindly	80
season	80
approach	80
pulled	80
advanced	80
vessel	80
fool	80
monster	80
agitation	80
independence	80
revenue	80
sentiments	80
lovely	80
constitutions	80
chillingworth	80
mate	80
accessed	79
treasure	79
highness	79
applied	79
secretary	79
bought	79
unnecessary	79
pretend	79
motion	79
contented	79
staying	79
capital	79
closely	79
requires	79
individuals	79
ambition	79
strangely	79
punishment	79
cared	79
sole	79
inquire	79
market	79
lifted	79
image	79
eating	79
movement	79
tendency	79
departments	79
contract	78
charged	78
advise	78
grief	78
frame	78
deliver	78
whence	78
compliments	78
stretched	78
glory	78
assist	78
bare	78
everywhere	78
quarrel	78
remove	78
likes	78
buried	78
handed	78
valuable	78
yards	78
complexion	78
staring	78
wondering	78
teach	78
fancied	78
singing	78
grass	78
inquiries	78
fate	78
republican	78
accounts	77
defend	77
printed	77
princes	77
hereafter	77
county	77
thrust	77
bone	77
brief	77
altered	77
roof	77
belong	77
dining	77
brothers	77
inside	77
protected	77
contact	77
application	77
mysterious	77
hearted	77
gently	77
bottle	77
silently	77
knees	77
boots	77
knocked	77
visitors	77
chest	77
reality	77
observations	77
tailor	77
bildad	77
le	76
feels	76
disgrace	76
declaration	76
desirous	76
endeavour	76
france	76
accompanied	76
proposal	76
fill	76
mild	76
inferior	76
triumph	76
upper	76
liable	76
coffee	76
cheek	76
fat	76
intervals	76
shock	76
shoes	76
visitor	76
murmured	76
chase	76
harpoon	76
attempted	75
beer	75
inconvenience	75
weakness	75
beforehand	75
courage	75
escaped	75
derby	75
accomplished	75
east	75
storm	75
supposing	75
uncertain	75
acknowledge	75
preserve	75
ours	75
furnished	75
admire	75
skill	75
press	75
uncomfortable	75
signs	75
blessing	75
native	75
patience	75
fields	75
shore	75
kissed	75
niece	75
neighbors	75
originally	74
absent	74
pound	74
welfare	74
cease	74
humble	74
reported	74
clean	74
saturday	74
accident	74
preparation	74
north	74
singular	74
entering	74
judged	74
expressly	74
capacity	74
argue	74
chimney	74
solitary	74
surface	74
recollect	74
staircase	74
level	74
stars	74
waves	74
distinction	74
jobling	74
judy	74
militia	74
ed	73
determine	73
zeal	73
benefit	73
freedom	73
directions	73
defect	73
ay	73
overcome	73
pleasing	73
cloak	73
intent	73
becomes	73
unwilling	73
recommended	73
extend	73
apparently	73
deceived	73
moon	73
inquired	73
madam	73
nigh	73
beheld	73
card	73
slightly	73
representation	73
rules	73
pictures	73
gets	73
nervous	73
confined	73
american	73
civility	73
netherfield	73
hawley	73
peleg	73
troops	72
numbers	72
witness	72
distributed	72
seeming	72
stirred	72
reproach	72
succeeded	72
precise	72
establish	72
controller	72
fly	72
ends	72
peter	72
xxii	72
desperate	72
smaller	72
sword	72
appearing	72
weary	72
older	72
acknowledged	72
stopping	72
astonished	72
partial	72
applicable	72
locked	72
dressing	72
throat	72
solid	72
politeness	72
exquisite	72
tony	72
attentions	72
eagerly	72
defense	72
whalemen	72
user	71
lack	71
induced	71
dealt	71
prejudice	71
demands	71
train	71
headed	71
readiness	71
alarmed	71
raising	71
wherever	71
stir	71
arise	71
famous	71
despair	71
degrees	71
sailors	71
easier	71
impatient	71
creating	71
walks	71
modern	71
elegant	71
ridiculous	71
hastily	71
sunshine	71
rick	71
preference	71
hide	71
chap	71
genius	71
lucas	71
isabella	71
wars	70
doubtful	70
holds	70
favourable	70
contain	70
treatment	70
speeches	70
grieved	70
supposition	70
price	70
tied	70
drinking	70
remarks	70
taxes	70
discussion	70
method	70
vague	70
copying	70
critical	70
cheeks	70
pockets	70
provis	70
dutch	69
scotland	69
blank	69
continual	69
aloft	69
justify	69
liking	69
esteem	69
occur	69
implied	69
forge	69
ceased	69
qualities	69
shining	69
supported	69
represented	69
unlike	69
destroy	69
honor	69
bleak	69
replies	69
dying	69
extensive	69
sigh	69
smoking	69
gay	69
delicacy	69
ivory	69
shade	69
lonely	69
vision	69
mademoiselle	69
bearer	68
remedy	68
pretended	68
humbly	68
profit	68
differences	68
openly	68
counsel	68
supplied	68
arranged	68
nephew	68
ashes	68
decide	68
plate	68
sorts	68
wednesday	68
learnt	68
venture	68
flying	68
kiss	68
errors	68
related	68
youngest	68
rode	68
revealed	68
limits	68
coloured	68
fur	68
introduced	68
pen	68
existing	68
sadly	68
activity	68
published	67
maintained	67
heretofore	67
discharge	67
willingly	67
owe	67
meantime	67
utter	67
charles	67
title	67
breach	67
quantity	67
enjoyed	67
outward	67
determination	67
volunteers	67
sacred	67
refer	67
bar	67
backward	67
increasing	67
thanked	67
prepare	67
desk	67
secured	67
intimate	67
bodies	67
amusement	67
bows	67
fortnight	67
sleeping	67
wake	67
faint	67
glanced	67
interval	67
grandmother	67
null	66
containing	66
beseech	66
mariners	66
furnish	66
employment	66
whatsoever	66
permitted	66
merchant	66
europe	66
begins	66
reminded	66
improper	66
secretly	66
arguments	66
interrupted	66
taxation	66
subtle	66
puts	66
mixed	66
created	66
internal	66
connexion	66
bag	66
gravely	66
attentive	66
resumed	66
shadows	66
contrast	66
likeness	66
coffin	66
ate	66
elder	66
danced	66
solomon	66
trumbull	66
saving	65
haven	65
magistrates	65
stated	65
sincere	65
speedily	65
bills	65
forgot	65
proceeds	65
failed	65
italian	65
attempts	65
retired	65
contributions	65
chain	65
violence	65
happens	65
assent	65
obligation	65
tide	65
rolling	65
forming	65
unusual	65
characters	65
donate	65
replacement	65
century	65
families	65
admired	65
yonder	65
amazement	65
infant	65
queer	65
craft	65
intimacy	65
hast	65
fishery	65
tagid	64
gtm	64
navigation	64
login	64
breadcrumb	64
scans	64
bergen	64
butter	64
depart	64
doubts	64
xxi	64
continuance	64
error	64
speed	64
lover	64
sovereign	64
consolation	64
endure	64
speedy	64
clergy	64
offended	64
woods	64
behold	64
belonging	64
cardinal	64
republic	64
apply	64
ages	64
mystery	64
buy	64
dwarf	64
responsibility	64
caution	64
pushed	64
piano	64
upright	64
eyed	64
practical	64
shudder	64
attitude	64
alike	64
apprehension	64
payments	63
sergeant	63
clause	63
conceal	63
thence	63
learning	63
que	63
assembled	63
entertained	63
rage	63
hate	63
quit	63
bold	63
resentment	63
polite	63
earlier	63
loving	63
huge	63
pure	63
separation	63
heat	63
blessed	63
picked	63
absurd	63
representative	63
sofa	63
folded	63
bowed	63
reflected	63
leaned	63
pick	63
elections	63
alas	63
vote	63
sprang	63
appeal	62
alteration	62
version	62
pope	62
receipt	62
repose	62
insist	62
flat	62
immense	62
holy	62
regiment	62
suspicions	62
condescend	62
undoubtedly	62
letting	62
affections	62
keeps	62
services	62
confirmed	62
ceremony	62
stones	62
size	62
posted	62
genuine	62
souls	62
flesh	62
confused	62
wasn	62
displaying	62
narrative	62
gloomy	62
warmth	62
basket	62
intense	62
distinctly	62
weevle	62
dodo	62
footnotes	61
lodging	61
reform	61
communicated	61
warning	61
coarse	61
author	61
recover	61
widow	61
rare	61
mentioning	61
management	61
merits	61
approaching	61
injury	61
pressing	61
lock	61
commercial	61
big	61
composure	61
midnight	61
apple	61
temporary	61
hammer	61
reverend	61
fairly	61
jaw	61
cole	61
vane	61
spout	61
west	60
cloth	60
experienced	60
win	60
meat	60
navy	60
performance	60
croft	60
signify	60
preferred	60
preservation	60
preceding	60
universal	60
urge	60
affect	60
formerly	60
appoint	60
warn	60
belonged	60
divine	60
addressing	60
tuesday	60
elected	60
changes	60
councils	60
chambers	60
contempt	60
strict	60
secrecy	60
wound	60
limitation	60
repeat	60
station	60
sixty	60
centre	60
occasional	60
respecting	60
obvious	60
visits	60
senses	60
cup	60
dependence	60
softened	60
gloom	60
song	60
judicial	60
jack	60
recollection	60
external	60
pulling	60
approbation	60
eagerness	60
concerns	59
restored	59
neighbours	59
packet	59
encouraged	59
expecting	59
remote	59
attending	59
troublesome	59
port	59
bred	59
secrets	59
subdued	59
proposition	59
latin	59
performed	59
expressing	59
alter	59
sink	59
dogs	59
acting	59
heavily	59
feast	59
unreasonable	59
fourth	59
fees	59
marshes	59
calls	59
exist	59
interview	59
startled	59
mill	59
stream	59
hideous	59
lucky	59
orlick	59
goddard	59
denied	58
sends	58
misfortune	58
examine	58
approve	58
built	58
depends	58
religious	58
propose	58
missed	58
doubtless	58
peasant	58
attendance	58
editions	58
requirements	58
profound	58
monstrous	58
rational	58
temple	58
angel	58
companions	58
chin	58
wandering	58
relative	58
tossed	58
mist	58
cards	58
exertion	58
blacksmith	58
correct	58
gaze	58
carpenter	58
happier	58
painter	58
compeyson	58
owing	57
burden	57
hoping	57
prisoner	57
privileges	57
brook	57
rogers	57
expedient	57
enable	57
ample	57
submit	57
attack	57
superiority	57
gravity	57
cure	57
awe	57
paris	57
introduction	57
sails	57
file	57
physical	57
trembling	57
model	57
hearth	57
hinted	57
race	57
uncommon	57
mixture	57
lesson	57
female	57
tolerably	57
dreaded	57
inevitable	57
meryton	57
hamilton	57
tashtego	57
bands	56
falls	56
issue	56
dealing	56
discharged	56
prayed	56
voices	56
emperor	56
prudence	56
defects	56
strangers	56
prefer	56
monday	56
writer	56
riding	56
performing	56
reserve	56
disgust	56
flung	56
building	56
status	56
holder	56
defective	56
fix	56
dismal	56
hopeless	56
mood	56
rosy	56
uneasiness	56
earthly	56
remarkably	56
amused	56
keys	56
nodding	56
uncommonly	56
height	56
slightest	56
ceiling	56
bodily	56
notions	56
wrench	56
harpooneers	56
web	55
complain	55
stilo	55
warrant	55
fleet	55
follows	55
medenblick	55
thereupon	55
acted	55
outer	55
reflect	55
spared	55
pace	55
advancing	55
uttered	55
parish	55
wrapped	55
infinite	55
disturbed	55
sell	55
compared	55
privilege	55
extended	55
warmly	55
betrayed	55
armies	55
crime	55
group	55
steel	55
joke	55
prospects	55
exact	55
smell	55
manage	55
obliging	55
awoke	55
dish	55
awake	55
scenes	55
sounds	55
mental	55
shouldn	55
breathing	55
parsonage	55
gloves	55
cough	55
science	55
entitled	55
pemberley	55
taylor	55
xx	54
providence	54
apparent	54
waste	54
risk	54
obedience	54
insisted	54
audience	54
unjust	54
fight	54
afore	54
opportunities	54
exhausted	54
battle	54
dozen	54
recall	54
generations	54
observes	54
arose	54
cunning	54
mile	54
previously	54
celebrated	54
driving	54
presume	54
cloud	54
links	54
damages	54
flight	54
authorities	54
tempted	54
brilliant	54
spectacles	54
gazing	54
unconscious	54
bench	54
selfish	54
loves	54
expressions	54
deemed	54
theory	54
rector	54
per	53
lieutenant	53
store	53
induce	53
shows	53
stuff	53
fellows	53
brings	53
hang	53
dangers	53
tend	53
wit	53
steward	53
al	53
list	53
purse	53
owed	53
shaken	53
cow	53
prayer	53
tower	53
fashioned	53
formal	53
believing	53
repeats	53
gown	53
engage	53
scale	53
passionate	53
kinds	53
costs	53
injustice	53
elbow	53
calmly	53
neat	53
parents	53
tear	53
rarely	53
standard	53
tolerable	53
handel	53
plymdale	53
waule	53
norland	53
sums	52
german	52
liberties	52
col	52
nights	52
offers	52
theirs	52
marks	52
commonly	52
burnt	52
bestowed	52
hasty	52
confer	52
saint	52
suitable	52
correspondence	52
province	52
resist	52
moderate	52
knee	52
lip	52
flame	52
torn	52
changing	52
persuasion	52
approached	52
thankful	52
co	52
stil	52
row	52
tis	52
injured	52
prelates	52
marvellous	52
empire	52
reward	52
introduce	52
sunk	52
occupation	52
declined	52
bargain	52
deportment	52
grove	52
deceased	52
guest	52
exposed	52
dependent	52
format	52
website	52
dwelt	52
hills	52
crept	52
glasses	52
nodded	52
peepy	52
dragon	52
darted	52
forefinger	52
natured	52
hollow	52
chairs	52
musical	52
dragged	52
agitated	52
daylight	52
pot	52
doesn	52
witch	52
dame	52
cheerfulness	52
duration	52
guests	52
figures	52
scientific	52
venerable	52
pronounced	52
guilt	52
sensibility	52
subsequent	52
fanny	52
tipton	52
wondrous	52
sharks	52
writes	51
manifest	51
advertise	51
confirmation	51
answering	51
praying	51
fortunes	51
complaint	51
cecil	51
resignation	51
undertake	51
pursue	51
whilst	51
governors	51
advised	51
pages	51
track	51
straw	51
revenge	51
announced	51
represent	51
newly	51
faction	51
fitted	51
wounded	51
conjecture	51
damp	51
thorough	51
trusted	51
infante	51
relate	51
parliament	51
appointments	51
quitted	51
starting	51
involved	51
afforded	51
harken	51
connections	51
nod	51
dreadfully	51
slipped	51
blush	51
recognized	51
elegance	51
fearful	51
animal	51
negative	51
stupid	51
ashore	51
engagements	51
reflections	51
popes	51
subscribe	50
thos	50
sincerity	50
contentment	50
admiral	50
agent	50
helping	50
infinitely	50
justly	50
prevailed	50
allowance	50
roman	50
dwelling	50
beloved	50
conceived	50
faults	50
designs	50
avoided	50
seamen	50
consult	50
confessed	50
deserved	50
sons	50
fifteen	50
bestow	50
cover	50
construction	50
arising	50
imposed	50
preparing	50
preserved	50
confession	50
oblige	50
resting	50
submitted	50
invariably	50
destroyed	50
candles	50
churchyard	50
fashionable	50
screen	50
keen	50
lasted	50
arts	50
unaccountable	50
mouse	50
nearest	50
intelligent	50
steadily	50
arrangements	50
thunder	50
partner	50
longed	50
improvement	50
oars	50
confederacies	50
maior	50
mobility	50
desir	50
discours	50
legat	50
newe	50
sworne	50
warres	50
perswade	50
drawen	50
soner	50
wel	50
proue	50
caried	50
towne	50
advantagious	50
litle	50
tast	50
dominions	49
yielded	49
promising	49
arrive	49
prevail	49
reaching	49
prosperity	49
corrupt	49
accord	49
current	49
ministers	49
pretence	49
useless	49
prudent	49
betray	49
travelling	49
disease	49
presents	49
cares	49
feeble	49
sex	49
invested	49
suspended	49
totally	49
copied	49
permanent	49
uniform	49
wept	49
fairy	49
giant	49
visited	49
cart	49
flow	49
rosa	49
roll	49
agency	49
muttered	49
needle	49
lightning	49
temptation	49
interference	49
mamma	49
rosings	49
dost	49
donwell	49
relieve	48
behaved	48
merchants	48
advertised	48
enterprise	48
base	48
removing	48
resistance	48
smart	48
process	48
solicit	48
surgeon	48
details	48
collected	48
statement	48
reduced	48
strongest	48
eighteen	48
duchess	48
deadly	48
kings	48
christmas	48
liberal	48
sinking	48
complying	48
displayed	48
exclusion	48
client	48
romantic	48
encouraging	48
handle	48
drank	48
artist	48
comfortably	48
peculiarly	48
stationer	48
heavens	48
heap	48
reasoning	48
agony	48
wilt	48
exception	47
clouds	47
peril	47
minded	47
reports	47
specified	47
despatch	47
malice	47
commandment	47
fain	47
release	47
encounter	47
gather	47
inconveniences	47
yourselves	47
winds	47
betwixt	47
scattered	47
accordance	47
compass	47
discipline	47
roused	47
pitch	47
careless	47
suspicious	47
accepting	47
earnestness	47
lift	47
fever	47
labor	47
describe	47
bull	47
lantern	47
restless	47
checked	47
smooth	47
unexpected	47
bundle	47
glow	47
shocked	47
spell	47
skeleton	47
slept	47
impressions	47
vulgar	47
rapidly	47
excitement	47
tight	47
crossing	47
solicitude	47
beard	47
impatience	47
graceful	47
madness	47
veil	47
positive	47
bid	47
rapid	47
rush	47
rushed	47
convict	47
mountain	47
trabb	47
neighborhood	47
hansel	47
data	46
complaints	46
arthur	46
berghen	46
distressed	46
poverty	46
encourage	46
separated	46
whereupon	46
duly	46
bulk	46
secondly	46
perfection	46
renewed	46
journal	46
reasonably	46
concurrence	46
obtaining	46
shared	46
sins	46
dreary	46
hit	46
regularly	46
floating	46
beating	46
sensation	46
rubbing	46
catching	46
pig	46
invisible	46
ardent	46
institution	46
painting	46
tempered	46
jolly	46
ho	46
amid	46
experiment	46
forever	46
whaleman	46
catalogue	45
multitude	45
cheese	45
sieur	45
communicate	45
hazard	45
protest	45
text	45
league	45
refusing	45
assuring	45
effectually	45
permit	45
bitterness	45
fro	45
hungry	45
firmly	45
sincerely	45
perpetual	45
offering	45
reception	45
sheep	45
passages	45
dined	45
prey	45
entreat	45
finish	45
travel	45
household	45
hated	45
indirectly	45
smiles	45
lightly	45
vexation	45
risen	45
felicity	45
animated	45
lowering	45
fog	45
contemplation	45
drops	45
pillow	45
hertfordshire	45
biting	45
thoughtful	45
emotions	45
awakened	45
sketch	45
noon	45
confidential	45
anxiously	45
calmness	45
precautions	45
resemblance	45
helpless	45
regulation	45
invite	45
eaten	45
miller	45
jumped	45
sailed	45
favorite	45
dixon	45
lance	45
division	44
qualified	44
viewed	44
forbear	44
entertain	44
withdraw	44
garnier	44
non	44
protect	44
lodged	44
accompany	44
brave	44
carries	44
quarters	44
embrace	44
resort	44
coal	44
requests	44
rested	44
largest	44
behave	44
retain	44
hears	44
belongs	44
stricken	44
confident	44
recommendation	44
simplicity	44
thirteen	44
apology	44
residence	44
ventured	44
adopted	44
charity	44
speaks	44
sailing	44
stable	44
royalty	44
hundreds	44
lincolnshire	44
swallowed	44
acquired	44
surrounded	44
birthday	44
apartment	44
wot	44
admission	44
suited	44
romance	44
stroke	44
palace	44
theatre	44
fiery	44
canvas	44
crisis	44
symptoms	44
fierce	44
gratified	44
cape	44
banker	44
bambridge	44
respective	43
morgan	43
passes	43
necessities	43
expedition	43
spoiled	43
memorial	43
bears	43
appetite	43
goods	43
corrected	43
landed	43
evils	43
conceit	43
succeed	43
november	43
removal	43
industry	43
placing	43
sorrowful	43
concealed	43
bulwarks	43
justified	43
recalled	43
sold	43
derive	43
earliest	43
equipment	43
worldly	43
seventy	43
cruelty	43
compare	43
heading	43
cake	43
display	43
liability	43
joseph	43
eternal	43
rises	43
stately	43
prejudices	43
pleasantly	43
stool	43
lofty	43
association	43
wos	43
lingering	43
job	43
enormous	43
pardiggle	43
jenny	43
chaise	43
interfere	43
lifting	43
examples	43
indispensable	43
pausing	43
maiden	43
combination	43
comrade	43
perception	43
discern	43
establishments	43
doctrine	43
constituents	43
tertius	43
hunt	42
conway	42
extremity	42
withal	42
requiring	42
distrust	42
gaunt	42
university	42
neglect	42
repeating	42
absorbed	42
shipping	42
suspense	42
losing	42
desiring	42
documents	42
vice	42
lion	42
oftener	42
specially	42
violently	42
procession	42
faithfully	42
fin	42
governed	42
continuing	42
commit	42
sheet	42
resolutions	42
mischief	42
unite	42
decline	42
vacant	42
guide	42
cleared	42
upward	42
aboard	42
exercised	42
leaf	42
principally	42
score	42
unworthy	42
generosity	42
errand	42
swimming	42
paragraphs	42
firmness	42
royalties	42
regulating	42
gridley	42
lincoln	42
mountains	42
stuck	42
funeral	42
improved	42
mercury	42
fastened	42
casting	42
finest	42
milk	42
eyebrows	42
stare	42
bath	42
bending	42
coolly	42
shakes	42
anguish	42
disappeared	42
marble	42
stared	42
woe	42
decidedly	42
eyeing	42
intellect	42
hints	42
momentary	42
sphere	42
layer	41
lances	41
promises	41
december	41
lend	41
vi	41
privacy	41
practices	41
lastly	41
germany	41
tranquillity	41
sore	41
powder	41
yielding	41
baron	41
threatened	41
lieu	41
remind	41
aim	41
troubles	41
unnatural	41
needful	41
sounded	41
carriages	41
bitterly	41
ability	41
fidelity	41
curiously	41
partiality	41
exceed	41
swear	41
whither	41
flatter	41
restrained	41
presumed	41
offensive	41
worship	41
impressed	41
engaging	41
wiser	41
burn	41
censure	41
ice	41
opposed	41
research	41
creation	41
derivative	41
harmless	41
mud	41
hesitation	41
judging	41
utterance	41
emphasis	41
sideways	41
edge	41
imaginary	41
hush	41
whip	41
wings	41
pressure	41
corruption	41
improve	41
attracted	41
sol	41
eligible	41
thine	41
strictly	41
fowls	41
bourgh	41
talents	41
sources	41
forecastle	41
honorable	41
subscription	40
substitute	40
namely	40
confirm	40
delays	40
corn	40
reverence	40
rejoiced	40
discussed	40
lodge	40
qu	40
obey	40
lean	40
promote	40
virtues	40
pleasures	40
hunting	40
neglected	40
honoured	40
occasioned	40
rude	40
commander	40
consist	40
vexed	40
void	40
retained	40
representing	40
gates	40
severity	40
intolerable	40
examining	40
politics	40
positively	40
eleven	40
desert	40
hopeful	40
lays	40
blown	40
color	40
pursuing	40
silk	40
shapes	40
victim	40
waistcoat	40
tables	40
adapted	40
youthful	40
hadn	40
adequate	40
knock	40
dreams	40
harder	40
tones	40
pacific	40
dropping	40
shooting	40
ahead	40
blows	40
ideal	40
rock	40
structure	40
quitting	40
shoe	40
margaret	40
huntsman	40
mates	40
steelkilt	40
register	39
indebted	39
october	39
brill	39
declaring	39
allowing	39
hasten	39
messenger	39
sundry	39
displeasure	39
solemnly	39
morris	39
depth	39
assurances	39
gathering	39
il	39
stanley	39
differently	39
farewell	39
disturb	39
ruined	39
cities	39
assumed	39
dismissed	39
indirect	39
dearly	39
consists	39
thousands	39
fifth	39
intending	39
settlement	39
vessels	39
assented	39
failure	39
scorn	39
symbol	39
bond	39
decent	39
formidable	39
incapable	39
entity	39
disclaimer	39
warranties	39
gallantry	39
godmother	39
gardener	39
stepped	39
embarrassment	39
solitude	39
brick	39
goose	39
shone	39
awkward	39
dumb	39
hurrying	39
rings	39
chill	39
clasped	39
pole	39
habitual	39
draught	39
club	39
convince	39
hesitated	39
forster	39
efficacy	39
gargery	39
apples	39
sank	39
boar	39
viz	38
believes	38
rulers	38
wyllughby	38
govern	38
penny	38
willughby	38
manor	38
restraint	38
lands	38
summoned	38
usage	38
bridges	38
lo	38
housekeeping	38
planted	38
depended	38
deceive	38
composition	38
constrained	38
inconvenient	38
stretch	38
realm	38
oppose	38
alleged	38
swift	38
regarding	38
boast	38
criminal	38
effectual	38
detail	38
executed	38
suggestion	38
wheels	38
unequal	38
abilities	38
stirring	38
restrictions	38
addresses	38
professor	38
lodger	38
shirt	38
mama	38
carstone	38
skull	38
precaution	38
bloom	38
sweep	38
imply	38
poetry	38
responsible	38
twisted	38
cheerfully	38
horn	38
region	38
revolution	38
gallant	38
wretch	38
moonlight	38
exclusive	38
alarming	38
magic	38
estimate	38
series	38
globe	38
shark	38
gods	38
inference	38
hereditary	38
rigg	38
steele	38
guides	37
lendings	37
imparted	37
spaniards	37
exceptions	37
respected	37
rejected	37
entreated	37
ambitious	37
procured	37
newport	37
disadvantage	37
sic	37
compelled	37
chains	37
incident	37
approved	37
pretext	37
restore	37
lp	37
profits	37
enjoying	37
trumpet	37
conducted	37
instruction	37
host	37
counted	37
assigned	37
rendering	37
requested	37
landing	37
convenience	37
shaped	37
exchange	37
threatening	37
premises	37
cordial	37
combined	37
interruption	37
divide	37
remembering	37
mounted	37
hurriedly	37
pre	37
mingled	37
coin	37
candid	37
legislation	37
references	37
nurse	37
mourning	37
endless	37
faded	37
bridge	37
integrity	37
rusty	37
expensive	37
shabby	37
curtain	37
washed	37
lap	37
faced	37
swept	37
coavinses	37
blushed	37
expressive	37
grim	37
pushing	37
type	37
purple	37
cottages	37
guster	37
coroner	37
feature	37
sunlight	37
career	37
childish	37
economy	37
laughter	37
doom	37
shepherd	37
votes	37
sensations	37
fitzwilliam	37
vivid	37
judicious	37
subordinate	37
massachusetts	37
regulations	37
grange	37
freshitt	37
surprize	37
flukes	37
daggoo	37
camp	36
assisted	36
serving	36
sixteen	36
salt	36
withstand	36
ambassador	36
advancement	36
intend	36
islands	36
scruple	36
testimony	36
spoil	36
shallow	36
annoyance	36
acceptable	36
andrea	36
odious	36
soil	36
slip	36
offend	36
authors	36
fed	36
personally	36
alteza	36
jewels	36
poison	36
maintaining	36
purchase	36
novelty	36
tale	36
sovereignty	36
recovery	36
repetition	36
create	36
pattern	36
materials	36
hay	36
southern	36
rang	36
excepting	36
limbs	36
surprising	36
lit	36
pursuits	36
meal	36
deed	36
edition	36
promoting	36
prohibition	36
corners	36
pavement	36
rigging	36
eminent	36
parent	36
cellar	36
folding	36
carboy	36
anticipated	36
roses	36
vigorous	36
bedroom	36
sang	36
farm	36
childhood	36
formation	36
regulated	36
retorted	36
fantastic	36
inwardly	36
considerably	36
conveyed	36
dried	36
recognize	36
pork	36
companionship	36
indulgence	36
te	36
definition	36
helm	36
fundamental	36
letty	36
enscombe	36
dashwoods	36
snowdrop	36
greenland	36
label	35
stationery	35
edited	35
op	35
horsemen	35
establishing	35
adding	35
orange	35
interpreted	35
mostly	35
ambassadors	35
withdrew	35
angrily	35
objected	35
visiting	35
tomorrow	35
discontent	35
greatness	35
rejoice	35
talent	35
stomach	35
unlikely	35
regrets	35
forthwith	35
reconciled	35
restrain	35
rescue	35
mistakes	35
available	35
beast	35
equality	35
neighbour	35
withdrawn	35
disorder	35
entry	35
wonderfully	35
joyful	35
ben	35
angels	35
acceptance	35
comprehended	35
abide	35
rum	35
equity	35
trifling	35
gift	35
quest	35
recently	35
extra	35
petty	35
methods	35
stained	35
pianoforte	35
movements	35
sanction	35
tremble	35
allusion	35
evenings	35
trembled	35
terribly	35
wrinkled	35
gleam	35
jaws	35
circles	35
fore	35
happiest	35
bachelor	35
farmer	35
fisherman	35
encountered	35
cheer	35
embroidered	35
indefinite	35
consistent	35
jet	35
whist	35
images	35
expose	35
tore	35
terrors	35
latitude	35
senators	35
pennsylvania	35
tyke	35
thyself	35
chanticleer	35
libraries	34
id	34
skip	34
citation	34
hollock	34
wm	34
cautionary	34
beef	34
fearing	34
masters	34
footer	34
seemeth	34
yea	34
obligations	34
marquis	34
execute	34
damage	34
monarch	34
doings	34
arrange	34
wasted	34
studies	34
armed	34
considers	34
sale	34
inferred	34
abandoned	34
appearances	34
forbid	34
hostility	34
repeatedly	34
touches	34
inserted	34
balance	34
dashed	34
punished	34
competent	34
begging	34
hatred	34
pretensions	34
torture	34
dwell	34
exempt	34
amazed	34
tune	34
guarded	34
impracticable	34
contrived	34
considerate	34
teaching	34
staff	34
problem	34
based	34
sharing	34
facility	34
enlightened	34
creeping	34
rushing	34
growth	34
background	34
spirited	34
glances	34
tread	34
inch	34
nest	34
humanity	34
ragged	34
enthusiasm	34
magnitude	34
aft	34
characteristic	34
abbey	34
durden	34
stole	34
balls	34
charms	34
backs	34
trace	34
district	34
hunter	34
horrid	34
wonders	34
swiftly	34
reader	34
insensible	34
sensitive	34
schemes	34
sarah	34
destined	34
recent	34
waiter	34
philips	34
trunk	34
extravagant	34
alongside	34
bias	34
toller	34
susan	34
hackbutt	34
whiteness	34
hunters	34
planks	34
blubber	34
chicago	33
consumed	33
weekly	33
amiss	33
menu	33
propounded	33
compound	33
camphire	33
discontented	33
july	33
admiralty	33
meetings	33
dated	33
dispute	33
banished	33
pour	33
strain	33
claimed	33
sustained	33
accounted	33
velvet	33
conformity	33
convey	33
friday	33
foul	33
esteemed	33
exhibited	33
abuse	33
deliberate	33
covering	33
maxim	33
declares	33
settling	33
perplexity	33
measured	33
scholar	33
chances	33
condemned	33
unlucky	33
appeals	33
denial	33
hull	33
assertion	33
axe	33
solely	33
emphatically	33
missing	33
closer	33
moderation	33
inevitably	33
print	33
frown	33
crushed	33
ringing	33
involve	33
tenderly	33
holiday	33
newspaper	33
loudly	33
beadle	33
recognition	33
excessively	33
recollected	33
pa	33
withered	33
poured	33
memorable	33
china	33
leads	33
thoughtfully	33
cock	33
wheel	33
gesture	33
tobacco	33
drunk	33
carpet	33
mat	33
wery	33
western	33
destiny	33
deepest	33
haunted	33
sighed	33
fortitude	33
indignant	33
chat	33
beings	33
wave	33
irresistible	33
austen	33
thirds	33
hurst	33
skiffins	33
behavior	33
naumann	33
pioneer	33
maple	33
alan	33
hammock	33
baseurl	32
pathprefix	32
currentpath	32
node	32
currentpathisadmin	32
isfront	32
currentlanguage	32
pluraldelimiter	32
suppressdeprecationerrors	32
gtag	32
vj	32
wjmxk	32
consentmode	32
otherids	32
additionalconfiginfo	32
ajaxpagestate	32
ejxdifekgeaibs	32
keatfxr	32
wkmbqr	32
ok	32
mwgmr	32
fq	32
cvohdvmqmua	32
wf	32
rrqhhlaira	32
vcgu	32
zuf	32
jgy	32
vjwe	32
ajaxtrustedurl	32
settings	32
datalayer	32
allowlist	32
blocklist	32
tagids	32
nx	32
uid	32
permissionshash	32
acf	32
decf	32
defdadf	32
aa	32
dd	32
browse	32
aria	32
digitised	32
rekeying	32
mla	32
keyword	32
highlight	32
authorized	32
commissions	32
henceforth	32
conferred	32
remonstrance	32
cookies	32
accessibility	32
thereto	32
refusal	32
frederick	32
hearken	32
burghers	32
forgetting	32
toward	32
consented	32
accused	32
fruit	32
neutral	32
fare	32
abstract	32
ne	32
imports	32
punish	32
managed	32
forbidden	32
fountain	32
destruction	32
welcomed	32
whoever	32
contend	32
eggs	32
pilot	32
foreseen	32
resolute	32
abandon	32
joint	32
cheap	32
concluding	32
borrowed	32
presumption	32
superfluous	32
fulfilled	32
excess	32
collar	32
contracted	32
triumphant	32
shelter	32
exert	32
deserted	32
suggest	32
echo	32
revived	32
encroachments	32
gratefully	32
glimpse	32
twilight	32
star	32
cautious	32
stories	32
submission	32
filling	32
completed	32
ultimately	32
sob	32
healthy	32
shan	32
struggling	32
nowhere	32
medicine	32
bits	32
genteel	32
heightened	32
gazed	32
caroline	32
irregular	32
paint	32
educated	32
pencil	32
enchanted	32
motionless	32
gentleness	32
adds	32
guided	32
rear	32
sanguine	32
compact	32
airy	32
lamps	32
admirable	32
shocking	32
pink	32
slave	32
feminine	32
nieces	32
apron	32
test	32
deliberately	32
gigantic	32
swell	32
atmosphere	32
lowered	32
sober	32
elevated	32
operations	32
matthew	32
mortification	32
horizon	32
electors	32
grasp	32
eliza	32
irritation	32
scaffold	32
hoisted	32
swung	32
favorable	32
citizen	32
humor	32
parlor	32
surprized	32
harpoons	32
lodgings	31
casks	31
gilpin	31
hearty	31
greenwich	31
concur	31
gladly	31
toleration	31
tedious	31
hook	31
denmark	31
deeds	31
priest	31
defer	31
je	31
conjectures	31
spending	31
footsteps	31
assuredly	31
affecting	31
congratulate	31
closing	31
accommodation	31
fame	31
travelled	31
begs	31
alliance	31
avail	31
drowned	31
warned	31
apprehended	31
arrested	31
prize	31
fighting	31
solemnity	31
richmond	31
hart	31
excessive	31
successful	31
patron	31
alluded	31
select	31
fires	31
colours	31
badly	31
review	31
forbearance	31
unfortunately	31
origin	31
domain	31
clerks	31
influences	31
flies	31
fatigue	31
fewer	31
shy	31
stiff	31
quickness	31
shawl	31
waving	31
blowing	31
entreaties	31
whispering	31
rows	31
sparkling	31
waist	31
shillings	31
humoured	31
gale	31
waking	31
haughty	31
benevolent	31
attentively	31
astonishing	31
constable	31
embarrassed	31
ascertain	31
husbands	31
sleeve	31
glittering	31
syllable	31
nothink	31
insult	31
breeze	31
speculation	31
magnificent	31
stove	31
ghastly	31
apprehensions	31
amends	31
leather	31
rejoined	31
respectability	31
flames	31
interior	31
vicinity	31
involuntarily	31
startop	31
revelation	31
oar	31
overboard	31
madison	31
vested	31
impeachments	31
chuse	31
den	30
footmen	30
sherley	30
administered	30
envy	30
provincial	30
denying	30
repaired	30
wherewith	30
adversaries	30
unfit	30
zoom	30
regards	30
un	30
tyranny	30
les	30
praised	30
willed	30
runs	30
document	30
band	30
purposely	30
backed	30
upwards	30
checks	30
conquest	30
buttons	30
scruples	30
limit	30
referring	30
breed	30
horseback	30
traffic	30
wisest	30
diet	30
pots	30
beds	30
eighty	30
footing	30
indicated	30
hanged	30
utility	30
rightly	30
stolen	30
contribute	30
qualifications	30
endeavoured	30
corresponding	30
moss	30
nomination	30
republics	30
impelled	30
viii	30
uncertainty	30
masts	30
isn	30
truths	30
reliance	30
owns	30
gross	30
widest	30
charitable	30
disinterested	30
murdered	30
whiskers	30
shutting	30
mysteries	30
mortals	30
majestic	30
fright	30
darkened	30
confided	30
whispers	30
pie	30
periods	30
africa	30
drag	30
tumbled	30
gratifying	30
hid	30
sweeping	30
reveal	30
halloa	30
linen	30
succession	30
sleeves	30
breathed	30
fragments	30
faintly	30
washing	30
shrill	30
wives	30
wilderness	30
brandy	30
watches	30
drawers	30
beasts	30
dignified	30
impatiently	30
signal	30
wildly	30
coachman	30
exertions	30
sleet	30
depths	30
tie	30
gun	30
jacket	30
watery	30
erect	30
finer	30
congratulations	30
lake	30
mirror	30
shrank	30
decisive	30
puzzled	30
hue	30
tragedy	30
adopt	30
regulate	30
greek	30
camilla	30
astern	30
institutions	30
delaford	30
steeles	30
hump	30
annoy	29
favours	29
major	29
scarce	29
martial	29
frontier	29
frozen	29
constancy	29
motions	29
hastened	29
bags	29
dover	29
brussels	29
catholic	29
protested	29
recovering	29
lent	29
endeavours	29
endeavouring	29
ghent	29
sets	29
rely	29
ensue	29
thursday	29
professions	29
obstinate	29
fetched	29
handled	29
malicious	29
forwards	29
descried	29
maintenance	29
contains	29
decay	29
keel	29
proofs	29
painfully	29
fits	29
registered	29
fathers	29
displeased	29
compose	29
attempting	29
perceiving	29
wholesome	29
hiding	29
leap	29
fishermen	29
vengeance	29
disliked	29
pit	29
shed	29
affliction	29
shoot	29
thread	29
assume	29
oppression	29
population	29
ingenious	29
hovering	29
shivering	29
brains	29
fiend	29
wears	29
stops	29
timid	29
situations	29
accidentally	29
comforted	29
shelf	29
rubbed	29
significant	29
echoed	29
holes	29
distinguish	29
nods	29
melted	29
wearing	29
knocking	29
gardens	29
doorway	29
tremendous	29
inches	29
influenced	29
obstacles	29
stout	29
ale	29
accidental	29
susceptible	29
fowl	29
poet	29
attained	29
flushed	29
extending	29
amusing	29
concealment	29
ass	29
rocks	29
sermon	29
widely	29
intently	29
conception	29
frog	29
attraction	29
shrinking	29
spectacle	29
tremulous	29
trifle	29
horribly	29
log	29
gaining	29
glowing	29
amuse	29
hunted	29
topic	29
dart	29
comparatively	29
practicable	29
clara	29
negro	29
atlantic	29
colored	29
tantripp	29
standish	29
cleveland	29
mawmsey	29
sparrow	29
elsie	29
leeward	29
disorders	28
cask	28
profitable	28
signified	28
privately	28
excite	28
wilson	28
benefits	28
descend	28
noted	28
dispose	28
prosperous	28
counsellors	28
reduce	28
mid	28
prisoners	28
arriving	28
arch	28
prayers	28
practised	28
friesland	28
chargeable	28
hindrance	28
controversy	28
treating	28
norris	28
bind	28
invasion	28
arisen	28
ireland	28
chanced	28
whereunto	28
beholding	28
tumult	28
relates	28
pretending	28
endured	28
onward	28
jealousies	28
boxes	28
supplies	28
released	28
severely	28
innocence	28
deserves	28
bourborough	28
relied	28
diminished	28
gifts	28
roads	28
valued	28
collect	28
coldly	28
contemplate	28
toil	28
mayor	28
vii	28
securing	28
calculate	28
fitness	28
gas	28
vanished	28
pulpit	28
peculiarity	28
accurate	28
dreamed	28
interposed	28
searching	28
sweetness	28
deficient	28
wandered	28
mildly	28
leaped	28
swinging	28
barely	28
possessing	28
succeeding	28
philosophy	28
tumbling	28
tub	28
pond	28
remorse	28
split	28
strikes	28
fling	28
murmur	28
flag	28
plays	28
specimens	28
shuddering	28
intelligible	28
enabled	28
occupy	28
nerves	28
inquiring	28
tempt	28
keenly	28
mount	28
pagan	28
tales	28
unseen	28
descended	28
pang	28
devonshire	28
longing	28
flattering	28
grandeur	28
valley	28
incompatible	28
meets	28
imprudence	28
reverse	28
immortal	28
polished	28
universally	28
ascended	28
modes	28
varied	28
materially	28
sorrows	28
carter	28
comparative	28
impartial	28
basis	28
operate	28
surveyor	28
blast	28
shew	28
goodbye	28
fedallah	28
shipmates	28
parsee	28
counsellor	27
ortell	27
weaker	27
enclosing	27
handwriting	27
mutiny	27
accorded	27
creditors	27
avoiding	27
detained	27
pool	27
serene	27
guise	27
regiments	27
perils	27
compassionate	27
territory	27
oxford	27
advances	27
weighty	27
commanding	27
redress	27
motte	27
solicitation	27
announcing	27
negotiation	27
undertaken	27
seize	27
personage	27
incredible	27
complained	27
warranted	27
regretted	27
modest	27
weeping	27
imperfect	27
robbed	27
deliberation	27
breathe	27
prior	27
instruments	27
daring	27
anchor	27
boldly	27
exceeding	27
victory	27
palm	27
rolls	27
feed	27
relating	27
sand	27
perilous	27
anew	27
seizing	27
doctors	27
bite	27
estimation	27
pitied	27
sticking	27
hunger	27
interpretation	27
disposal	27
overheard	27
pew	27
minor	27
computers	27
prominently	27
exists	27
survive	27
machine	27
statements	27
curtains	27
blew	27
contemplated	27
crow	27
attractions	27
floated	27
stables	27
animation	27
forgiven	27
carved	27
weep	27
nail	27
bustle	27
lace	27
feather	27
dirt	27
wash	27
vacation	27
condescension	27
portraits	27
genial	27
universe	27
ghostly	27
buildings	27
roots	27
seats	27
massive	27
comforts	27
feathers	27
opium	27
questioned	27
bars	27
languid	27
afar	27
unconsciously	27
lessons	27
pious	27
fixing	27
brute	27
nameless	27
transactions	27
admiring	27
talks	27
rigid	27
steak	27
phantom	27
nut	27
prodigious	27
striving	27
flattered	27
elements	27
foam	27
duck	27
crowded	27
twelvemonth	27
georgiana	27
stability	27
moods	27
scuttle	27
hailed	27
adoption	27
patients	27
parson	27
cruising	27
maria	26
accidents	26
issued	26
procuring	26
annoyed	26
likelihood	26
omitted	26
francis	26
understands	26
results	26
watchful	26
herein	26
repent	26
pinched	26
linger	26
monsieur	26
diligence	26
adjoining	26
sickness	26
harmony	26
sickly	26
courtesy	26
representations	26
siege	26
ix	26
imputed	26
retreat	26
crazy	26
negotiations	26
urging	26
reckoning	26
virtuous	26
humility	26
acknowledgment	26
wont	26
communicating	26
dealings	26
coldness	26
alterations	26
instructed	26
consulted	26
trusting	26
furnishing	26
undone	26
owen	26
framed	26
customary	26
consisted	26
benevolence	26
strengthened	26
excluded	26
injurious	26
unkind	26
resigned	26
amendment	26
happening	26
receives	26
dispersed	26
lessen	26
substantial	26
persisted	26
bounds	26
inconsiderable	26
eminence	26
existed	26
updated	26
formats	26
districts	26
civilized	26
define	26
ties	26
kindred	26
concept	26
redistribution	26
redistributing	26
vanilla	26
ascii	26
computer	26
warranty	26
electronically	26
production	26
readable	26
email	26
attendant	26
newspapers	26
breadth	26
ink	26
keeper	26
cage	26
confide	26
adjusting	26
rag	26
enumerated	26
tiresome	26
brightened	26
landscape	26
shower	26
benefactor	26
hesitating	26
elderly	26
playful	26
audible	26
relationship	26
concert	26
delicately	26
improving	26
seasons	26
situated	26
guineas	26
thumb	26
copper	26
counting	26
shell	26
mask	26
sombre	26
deference	26
range	26
lasting	26
brighton	26
resource	26
inclinations	26
disdain	26
police	26
producing	26
instinct	26
boiling	26
stooping	26
exclamation	26
annual	26
capacities	26
admitting	26
splendid	26
gradual	26
hunsford	26
exigencies	26
indulge	26
salad	26
brewery	26
literature	26
magwitch	26
abel	26
swim	26
purity	26
mystic	26
minchin	26
campbells	26
pearls	26
rapunzel	26
advertisements	25
muster	25
homage	25
novo	25
frost	25
dissensions	25
inspire	25
bend	25
philip	25
saith	25
tending	25
divisions	25
delivery	25
desolate	25
mislike	25
retire	25
restitution	25
endorsed	25
freed	25
refuge	25
fitting	25
furtherance	25
garments	25
altesse	25
isle	25
miserably	25
swore	25
stating	25
shilling	25
mansion	25
disputed	25
withdrawing	25
controversies	25
throne	25
build	25
lingered	25
winning	25
slender	25
mouths	25
thereunto	25
accomplishment	25
burned	25
breeding	25
suitor	25
counties	25
flowing	25
ratification	25
rent	25
lain	25
uses	25
approval	25
witnesses	25
viewing	25
restraining	25
voluntary	25
destitute	25
linked	25
flood	25
prolonged	25
undertaking	25
magistracy	25
faster	25
imprudent	25
glorious	25
cattle	25
introducing	25
peep	25
breaks	25
fun	25
complicated	25
terrific	25
shutters	25
centuries	25
calculation	25
patronage	25
fireside	25
bedside	25
clare	25
sulky	25
roast	25
tiny	25
delightfully	25
underneath	25
closet	25
harold	25
animals	25
soup	25
voluntarily	25
rival	25
afresh	25
soothing	25
lungs	25
peas	25
vices	25
opens	25
inquires	25
dialogue	25
tidings	25
faculties	25
fortunately	25
furious	25
foremost	25
abundant	25
locks	25
lovers	25
sport	25
inner	25
blooming	25
gallows	25
accent	25
charmed	25
disengaged	25
elephant	25
mum	25
er	25
hark	25
prow	25
constitute	25
hero	25
hesitate	25
ultimate	25
darker	25
spade	25
repentance	25
falsehood	25
derbyshire	25
alternative	25
witnessed	25
stupidity	25
northern	25
drugs	25
shouted	25
collective	25
usurpation	25
tribunals	25
scandal	25
martha	25
canst	25
huntsmen	25
bishop	24
pays	24
shirley	24
marshal	24
disbursed	24
barrel	24
sluys	24
excused	24
xv	24
colloquy	24
disunion	24
plot	24
device	24
adventure	24
brabant	24
condemn	24
profess	24
methinks	24
wrongs	24
brass	24
brethren	24
delayed	24
imperial	24
urgent	24
suggestions	24
block	24
comptroller	24
hindered	24
justification	24
apparel	24
hostages	24
excuses	24
today	24
passport	24
millions	24
conclusions	24
wills	24
dordrecht	24
counter	24
devised	24
dismiss	24
preaching	24
armue	24
battery	24
rejoicing	24
briefly	24
sheets	24
enlarged	24
naval	24
draws	24
meddle	24
determining	24
cordially	24
binding	24
lawyers	24
stages	24
moves	24
raw	24
inequality	24
oppressed	24
clung	24
bark	24
selected	24
record	24
constituted	24
suffice	24
jump	24
definite	24
proposals	24
college	24
opposing	24
modified	24
elect	24
array	24
xiv	24
piled	24
writers	24
dusty	24
vaguely	24
terrace	24
impeachment	24
autumn	24
horrors	24
bells	24
industrious	24
sunny	24
sinful	24
load	24
push	24
dears	24
kissing	24
fork	24
heaving	24
lighting	24
sounding	24
rags	24
bottles	24
legged	24
coals	24
dimly	24
bidding	24
throws	24
luxury	24
jail	24
growled	24
delicious	24
apprehend	24
honey	24
gossip	24
stretching	24
picturesque	24
acquire	24
contest	24
defiance	24
tray	24
umbrella	24
lads	24
meditation	24
inspection	24
tomb	24
murderous	24
studying	24
advisable	24
artificial	24
ungrateful	24
organ	24
ladder	24
rays	24
giv	24
gratification	24
rascal	24
virgin	24
studied	24
prophet	24
lignum	24
intensity	24
pitiable	24
humiliation	24
mechanically	24
owners	24
beach	24
dawn	24
precision	24
unwelcome	24
pronounce	24
irons	24
eltons	24
fancying	24
defined	24
development	24
corpse	24
rod	24
wing	24
recognised	24
delegated	24
neighboring	24
connecticut	24
virginia	24
evinced	24
cleverness	24
calf	24
vincys	24
sprague	24
dagley	24
bellingham	24
lakeman	24
spencer	23
xviii	23
walter	23
defended	23
proportions	23
grieve	23
foresee	23
root	23
abuses	23
borrow	23
omit	23
snoy	23
solicitor	23
doubting	23
despatched	23
pacification	23
des	23
sealed	23
treason	23
laden	23
artillery	23
dissolved	23
enclosure	23
ce	23
par	23
fourteen	23
forasmuch	23
naked	23
peacock	23
serjeant	23
suppressed	23
butler	23
propositions	23
continues	23
ruins	23
negligence	23
scrupulous	23
shrink	23
choosing	23
provoked	23
labour	23
leagues	23
resolutely	23
clearing	23
brooding	23
barney	23
timber	23
extinguished	23
signature	23
almighty	23
fishing	23
appointing	23
contradiction	23
forlorn	23
primitive	23
xvi	23
sufferings	23
sharply	23
barley	23
mutually	23
infirmity	23
mingle	23
preacher	23
announcement	23
stored	23
effected	23
presenting	23
impertinent	23
prescribed	23
rash	23
despite	23
assemblies	23
fleets	23
absurdity	23
designed	23
plates	23
reluctance	23
bloody	23
unspeakable	23
finishing	23
dictate	23
systems	23
indicate	23
alternate	23
manager	23
identify	23
incomplete	23
ironmaster	23
loaded	23
bored	23
opera	23
shadowy	23
doll	23
noticing	23
rachael	23
comprehension	23
gliding	23
stooped	23
politely	23
lawn	23
sugar	23
destination	23
governess	23
refreshment	23
droll	23
muffled	23
pin	23
swallow	23
naughty	23
pudding	23
brightly	23
tap	23
egg	23
unexpectedly	23
wiping	23
ginger	23
recollections	23
rapidity	23
spray	23
amidst	23
coats	23
tossing	23
innocently	23
caprice	23
dusky	23
propensity	23
grandson	23
beaten	23
successive	23
slate	23
gravel	23
handsomely	23
separately	23
indians	23
impropriety	23
nervously	23
knives	23
habitually	23
insufficient	23
sticks	23
portmanteau	23
winding	23
vocation	23
pipes	23
brightness	23
weariness	23
greece	23
practitioner	23
sights	23
swosser	23
toast	23
clinging	23
bowing	23
beautifully	23
buying	23
waved	23
attach	23
congregation	23
announce	23
seed	23
monkey	23
repugnance	23
mould	23
elaborate	23
traces	23
placid	23
entreaty	23
curse	23
wreck	23
backwards	23
objectionable	23
disadvantages	23
oppressive	23
infancy	23
conspicuous	23
openness	23
punch	23
studio	23
improvements	23
darting	23
deficiency	23
creep	23
barnard	23
walworth	23
drama	23
gunwale	23
ribs	23
concurrent	23
fellowship	23
hell	23
swam	23
scots	22
succour	22
largely	22
conquered	22
deprive	22
comprised	22
extract	22
andreas	22
tasted	22
shipped	22
favoured	22
nous	22
xii	22
interrupt	22
practise	22
courses	22
rests	22
advertisement	22
minority	22
italy	22
lps	22
robe	22
entertaining	22
admits	22
perchance	22
caring	22
afflicted	22
folds	22
confederate	22
natives	22
personages	22
heed	22
leaders	22
defeat	22
spake	22
commons	22
needless	22
alighted	22
ending	22
exhibit	22
ranged	22
cherished	22
fled	22
clumsy	22
thrice	22
unfriendly	22
knitting	22
transport	22
clearer	22
discuss	22
supposes	22
everyone	22
import	22
flock	22
disguise	22
contradict	22
tribunal	22
prompt	22
requisitions	22
misfortunes	22
sly	22
phrases	22
ans	22
remedies	22
zealous	22
obstinacy	22
memories	22
grain	22
ned	22
practically	22
vile	22
eccentric	22
vary	22
parchment	22
usurpations	22
pledge	22
legally	22
promotion	22
mississippi	22
dense	22
threshold	22
folio	22
eloquence	22
tribute	22
blaze	22
vital	22
frock	22
sobbing	22
immovable	22
needn	22
compromise	22
metal	22
roaring	22
hum	22
candour	22
frantic	22
bald	22
agreeably	22
veins	22
crooked	22
wretchedness	22
avenue	22
miniature	22
anne	22
bunch	22
fascinating	22
scrape	22
peeped	22
winking	22
shattered	22
sixpence	22
guns	22
energetic	22
salary	22
unquestionably	22
male	22
piper	22
crack	22
inseparable	22
brighter	22
element	22
irritated	22
toss	22
perseverance	22
significance	22
attribute	22
snuff	22
complacency	22
flash	22
butcher	22
flush	22
discernment	22
charade	22
plank	22
gorgeous	22
beware	22
proprietor	22
sausage	22
dresses	22
traced	22
involuntary	22
inspector	22
hail	22
matrimony	22
harsh	22
wilful	22
bursting	22
struggled	22
personality	22
detected	22
convicts	22
bush	22
thieves	22
courtyard	22
bargemen	22
giants	22
lee	22
tragic	22
offspring	22
beget	22
organization	22
ardor	22
dough	22
miser	22
brassing	22
antique	22
godwin	22
narborough	22
herd	22
partlet	22
dummling	22
avast	22
nantucketer	22
windward	22
windlass	22
radney	22
refers	21
troop	21
wingfield	21
impart	21
affirm	21
verily	21
haghe	21
sinister	21
consultation	21
accomplish	21
munition	21
embark	21
honourably	21
obscure	21
remainder	21
disgraceful	21
reconciliation	21
debate	21
du	21
liberality	21
villiers	21
renewal	21
excellence	21
ses	21
suspecting	21
demonstration	21
chased	21
florins	21
maritime	21
frankly	21
wages	21
acknowledging	21
rebellion	21
fuller	21
perplexed	21
commands	21
recourse	21
pleases	21
bade	21
correspond	21
russel	21
invade	21
englishman	21
prosecution	21
inasmuch	21
accommodate	21
dissolution	21
diversity	21
ripe	21
imminent	21
honours	21
manifested	21
downward	21
judgments	21
dam	21
devices	21
sovereigns	21
embraced	21
xiii	21
custody	21
resume	21
reconcile	21
inducements	21
joining	21
honestly	21
differ	21
aught	21
tormented	21
incurred	21
wards	21
spreading	21
tranquil	21
stamped	21
pernicious	21
guards	21
directing	21
lesser	21
replying	21
commendation	21
neighbouring	21
barrels	21
violated	21
fury	21
heaps	21
steal	21
dies	21
bolt	21
dint	21
dragging	21
contemptible	21
miscellaneous	21
performances	21
mail	21
codes	21
modification	21
screw	21
wintry	21
trivial	21
specific	21
bowl	21
groping	21
heels	21
mothers	21
dedlocks	21
trick	21
eloquent	21
chapel	21
forgiveness	21
porch	21
muttering	21
mutton	21
gaily	21
broom	21
momentous	21
mice	21
volumes	21
beam	21
depressed	21
india	21
drawer	21
confiding	21
casts	21
steam	21
pine	21
prominent	21
tastes	21
conceited	21
elevation	21
dissatisfied	21
exasperating	21
ascertained	21
indication	21
flutter	21
string	21
overpowered	21
developed	21
regions	21
curls	21
investigation	21
hasn	21
palms	21
pile	21
hortense	21
sunset	21
european	21
lapse	21
inspired	21
polish	21
blinder	21
affectionately	21
inconsistent	21
seclusion	21
abominable	21
diverted	21
treasury	21
folks	21
incumbent	21
frowned	21
improbable	21
sprung	21
angle	21
survey	21
confounded	21
overlook	21
spinning	21
deposited	21
productive	21
picking	21
ninety	21
contrive	21
nails	21
distressing	21
bridegroom	21
glided	21
roar	21
imagining	21
loveliness	21
sublime	21
candidate	21
flashed	21
epoch	21
cursed	21
amazing	21
frightful	21
attributed	21
detached	21
feeding	21
hubble	21
vigor	21
portable	21
illusion	21
steamer	21
auctioneer	21
intrusted	21
cognizance	21
curate	21
billows	21
doubloon	21
decks	21
maketh	20
loyal	20
anthony	20
agreeing	20
moneys	20
enterprises	20
kyllygrew	20
richer	20
deferred	20
seals	20
tended	20
trap	20
signor	20
reckoned	20
warrants	20
countrymen	20
ingratitude	20
cannon	20
accompanying	20
vlisshing	20
fr	20
seventeen	20
mutinies	20
conte	20
qui	20
protesting	20
aforesaid	20
oaths	20
dispatch	20
altering	20
diligent	20
calamity	20
ld	20
preventing	20
informing	20
hats	20
aloof	20
gout	20
gent	20
dispositions	20
ex	20
michael	20
tons	20
inheritance	20
replace	20
potent	20
remembrances	20
awaiting	20
graces	20
preliminary	20
identical	20
impossibility	20
plunged	20
mariner	20
handling	20
ports	20
depending	20
conquer	20
blinded	20
plants	20
peaceful	20
physic	20
tenure	20
abruptly	20
vainly	20
unhappiness	20
arranging	20
vacancies	20
boot	20
reckon	20
august	20
kent	20
prime	20
employments	20
beats	20
slaves	20
voyages	20
galley	20
marsh	20
px	20
historical	20
compressed	20
corporation	20
organized	20
swamp	20
springing	20
spontaneous	20
indignantly	20
brink	20
meanness	20
intensely	20
revolving	20
reads	20
princesses	20
frowning	20
partake	20
pet	20
omen	20
blushing	20
tin	20
poker	20
drinks	20
passionately	20
tapped	20
inducement	20
fools	20
pathway	20
blazing	20
sentences	20
scent	20
prescribe	20
temptations	20
seemingly	20
monotonous	20
tails	20
disclosed	20
brimstone	20
sagacious	20
ache	20
alfred	20
prettily	20
barrier	20
fatigued	20
travellers	20
vagabond	20
perched	20
engine	20
button	20
planned	20
pursues	20
lifetime	20
nuts	20
elbows	20
trousers	20
perkins	20
burial	20
poisonous	20
swing	20
dainty	20
mustn	20
triumphantly	20
provoking	20
climbed	20
selfishness	20
guinea	20
gestures	20
sultan	20
dreaming	20
hospitality	20
assert	20
ornaments	20
laughs	20
heavenly	20
abundance	20
impose	20
fascination	20
mildness	20
mortified	20
hey	20
infer	20
uniformity	20
respectfully	20
converse	20
earn	20
accumulation	20
capricious	20
heaved	20
scream	20
dove	20
consternation	20
bridal	20
shuddered	20
despised	20
lighter	20
thief	20
wrinkles	20
soothe	20
gratify	20
devils	20
contended	20
cannibal	20
stain	20
argued	20
kicked	20
guessed	20
boyhood	20
questioning	20
meadow	20
dances	20
endeavor	20
distinguishing	20
civilities	20
forcibly	20
stepping	20
pratt	20
tar	20
ponderous	20
combinations	20
deliberations	20
conclusive	20
wharf	20
assuming	20
alien	20
carolina	20
composing	20
experiments	20
criticism	20
labors	20
consuls	20
vicarage	20
tomahawk	20
tow	20
morbid	20
horrock	20
jim	20
jove	20
ford	20
perth	20
didst	20
juniper	20
raven	20
gabriel	20
ishmael	20
squall	20
dat	20
van	19
necessaries	19
item	19
beale	19
grievous	19
sterling	19
licensed	19
recommending	19
thanking	19
interpret	19
surety	19
flourishing	19
deventer	19
corps	19
customs	19
advocate	19
threaten	19
diminish	19
dig	19
heroic	19
churches	19
posterity	19
injuries	19
conveniently	19
amply	19
seeks	19
persist	19
lament	19
poisoned	19
slain	19
porter	19
offences	19
si	19
bridle	19
icy	19
indisposition	19
fort	19
informs	19
discovering	19
hist	19
ensued	19
prohibited	19
foe	19
nursing	19
beseeching	19
straits	19
stockings	19
avarice	19
agents	19
enlarge	19
sufficiency	19
wisely	19
marking	19
pinch	19
proposing	19
respectful	19
combine	19
safeguard	19
yoke	19
tents	19
resisted	19
thirdly	19
weighed	19
observer	19
reformed	19
amity	19
repaid	19
reject	19
infamous	19
weapon	19
beneficial	19
harvest	19
possesses	19
stray	19
channel	19
steadfastly	19
louis	19
defeated	19
apologies	19
revenues	19
bedford	19
inherited	19
failing	19
carelessly	19
canal	19
deprived	19
connect	19
files	19
imposing	19
appealed	19
deaf	19
detach	19
convert	19
damaged	19
incidental	19
obsolete	19
xi	19
xvii	19
meadows	19
crimson	19
languidly	19
wig	19
consisting	19
innumerable	19
bay	19
beauties	19
asserted	19
timidly	19
curtsy	19
paths	19
panting	19
swelled	19
laughingly	19
rack	19
pint	19
mortifying	19
brilliancy	19
pleasanter	19
contradicted	19
illuminated	19
gaiety	19
accuracy	19
rub	19
poultry	19
arched	19
contrivance	19
thirsty	19
gig	19
depression	19
shuts	19
fascinated	19
wrist	19
exciting	19
tapping	19
remotest	19
inexplicable	19
lunch	19
meditative	19
shameful	19
ray	19
billiard	19
descending	19
contradictory	19
oak	19
imperfectly	19
ridicule	19
warmed	19
doodle	19
unawares	19
surrounding	19
shades	19
gentlemanly	19
fitz	19
grinning	19
schools	19
administer	19
abhorrence	19
handing	19
achieved	19
pumps	19
idleness	19
consequent	19
acute	19
sack	19
probabilities	19
basin	19
blossoms	19
glare	19
overhead	19
projects	19
purport	19
rouse	19
robes	19
eyelids	19
greens	19
woolwich	19
necklace	19
collecting	19
reluctant	19
pouring	19
supremacy	19
tricks	19
strained	19
handful	19
dinners	19
horizontal	19
omission	19
peculiarities	19
professed	19
central	19
stifled	19
aimed	19
concentrated	19
howling	19
cordiality	19
jew	19
confinement	19
lid	19
heave	19
novel	19
indulged	19
conscientious	19
impulses	19
prompted	19
decisions	19
discerning	19
promoted	19
infamy	19
someone	19
familiarity	19
conflict	19
screamed	19
roared	19
straightway	19
spine	19
sadness	19
temperament	19
flopson	19
seventh	19
nick	19
plucked	19
oarsmen	19
merciful	19
infallibly	19
salutary	19
puritan	19
chichely	19
slid	19
hawkins	19
middletons	19
spermaceti	19
whaler	19
whalers	19
porpoise	19
rail	18
browne	18
cod	18
overthrow	18
preserving	18
validity	18
discord	18
annexed	18
abused	18
navarre	18
breaches	18
nassau	18
rd	18
est	18
bristol	18
amsterdam	18
extremities	18
leyden	18
awhile	18
await	18
crowns	18
tokens	18
certify	18
impediment	18
calamities	18
excepted	18
renew	18
embarked	18
treacherous	18
thereabouts	18
yearly	18
deserving	18
quietness	18
contribution	18
tends	18
unity	18
persuading	18
compounding	18
awaited	18
malta	18
griefs	18
provoke	18
weigh	18
exchanged	18
assemble	18
licence	18
wits	18
obeyed	18
gertrudenbergh	18
grows	18
nobles	18
resolving	18
option	18
renounce	18
endowed	18
refrain	18
medemblick	18
rooted	18
prices	18
foreigners	18
respectively	18
funds	18
corrupted	18
pitched	18
publicly	18
associate	18
inviting	18
allotted	18
fruits	18
nicely	18
precedent	18
expresses	18
reproof	18
hostile	18
assisting	18
wronged	18
descent	18
wrath	18
plausible	18
suits	18
communications	18
mute	18
detect	18
devote	18
reservation	18
oldest	18
parcel	18
crews	18
unsettled	18
mend	18
scope	18
hussey	18
arbitrary	18
educational	18
charities	18
perspective	18
originated	18
shakespeare	18
liquor	18
shops	18
appropriate	18
neatly	18
vanish	18
insolent	18
aristocratic	18
shine	18
speechless	18
shaded	18
declining	18
complied	18
bible	18
bewildered	18
quietude	18
affable	18
archway	18
satin	18
trodden	18
heel	18
phenomenon	18
distracted	18
loaf	18
hi	18
stimulated	18
stripped	18
presentiment	18
policeman	18
subsided	18
driver	18
sordid	18
apprehensive	18
perch	18
consulting	18
visions	18
contributed	18
cakes	18
terrified	18
bruised	18
seating	18
emphatic	18
trials	18
herbs	18
hopefulness	18
pained	18
maternal	18
effective	18
slice	18
blinds	18
exclaims	18
specimen	18
inquest	18
inflexible	18
pauses	18
traveller	18
mercenary	18
modesty	18
sobbed	18
curling	18
strings	18
shouldered	18
aristocracy	18
betrothed	18
convincing	18
motherly	18
punctual	18
link	18
jewel	18
dash	18
transparent	18
opponents	18
coolness	18
ham	18
fearfully	18
exemplary	18
blade	18
acquiescence	18
unaffected	18
impressive	18
louder	18
penitence	18
hawdon	18
clapped	18
smells	18
despise	18
paradise	18
groan	18
screaming	18
preoccupied	18
prose	18
functions	18
reverie	18
miracle	18
baked	18
tooth	18
cash	18
ee	18
exceptional	18
unusually	18
threads	18
mature	18
undeniable	18
pathetic	18
warmest	18
couch	18
blessings	18
bribe	18
altar	18
moody	18
idol	18
acquaintances	18
disclosure	18
repressed	18
platform	18
torment	18
dividing	18
pulse	18
raptures	18
refinement	18
steering	18
function	18
disregard	18
springs	18
snatched	18
vivacity	18
exhibition	18
guidance	18
extravagance	18
affirmative	18
meditated	18
enumeration	18
symptom	18
recollecting	18
unpardonable	18
exerted	18
discrimination	18
invitations	18
nostrils	18
elders	18
reckless	18
wearer	18
seaman	18
sting	18
coward	18
hampshire	18
prerogative	18
appellate	18
purely	18
womanhood	18
vapor	18
isles	18
ignominy	18
shewed	18
weymouth	18
allenham	18
berkeley	18
nowadays	18
dwarfs	18
harbor	18
ashputtel	18
falada	18
norreys	17
weakened	17
veteri	17
dutiful	17
assures	17
florence	17
heir	17
champagny	17
es	17
brune	17
downs	17
wales	17
plant	17
besieged	17
drury	17
spaniard	17
cherish	17
promptly	17
hereby	17
starts	17
surrender	17
confine	17
bailiff	17
hollanders	17
ff	17
serves	17
exceeded	17
compounded	17
merrily	17
disordered	17
partially	17
deputed	17
retiring	17
comprehending	17
betraying	17
accuse	17
conspiracy	17
appeased	17
gueldres	17
gertruydenberg	17
dishonour	17
discreet	17
diligently	17
disgraced	17
serviceable	17
disposing	17
grounded	17
stormy	17
godly	17
knight	17
session	17
familiarly	17
renewing	17
nineteen	17
preface	17
unkindness	17
hastening	17
preferment	17
associates	17
reign	17
enforced	17
rejection	17
nobility	17
vent	17
singly	17
naught	17
fortified	17
disturbance	17
observance	17
verbal	17
varying	17
affording	17
attacks	17
undue	17
consumption	17
fugitive	17
rob	17
trades	17
shield	17
revive	17
damned	17
tackle	17
shroud	17
doubly	17
equitable	17
meals	17
piety	17
renders	17
gentility	17
unwillingness	17
gateway	17
pack	17
alliances	17
indicating	17
consequential	17
volunteer	17
includes	17
occurrence	17
sliding	17
grimly	17
obscurity	17
deer	17
boudoir	17
eminently	17
busily	17
quickened	17
indulgent	17
reappeared	17
aggregate	17
acquisition	17
rug	17
confound	17
blended	17
banks	17
area	17
strip	17
apparition	17
quale	17
vinegar	17
identity	17
wider	17
newgate	17
expedients	17
hospitable	17
freshness	17
reflecting	17
sighing	17
dearer	17
applying	17
modestly	17
safer	17
artful	17
dusk	17
footstep	17
snug	17
infernal	17
tribe	17
clothed	17
noisy	17
impetuous	17
carving	17
scented	17
mockery	17
guardians	17
worried	17
enters	17
resuming	17
knowed	17
lounging	17
resumes	17
hoarse	17
paces	17
charmingly	17
phantoms	17
limb	17
selection	17
clerical	17
unwonted	17
reside	17
glove	17
deficiencies	17
incessant	17
lamb	17
composedly	17
soften	17
demon	17
arrow	17
premature	17
alacrity	17
greeting	17
appreciate	17
casual	17
unearthly	17
glistening	17
pronouncing	17
hem	17
owned	17
scornful	17
devoid	17
characteristics	17
kisses	17
brightest	17
plague	17
quebec	17
stake	17
sour	17
saddle	17
possibilities	17
cord	17
faculty	17
monsters	17
anticipation	17
brotherly	17
joyous	17
animosity	17
rural	17
mornings	17
dictates	17
discoveries	17
implying	17
explanations	17
fired	17
exposure	17
teaches	17
pacing	17
flinging	17
silvery	17
thrusting	17
burying	17
violation	17
exalted	17
hearse	17
plea	17
quivering	17
fullest	17
spouts	17
admirers	17
gentlemanlike	17
defy	17
tenants	17
insure	17
meantersay	17
robbers	17
markets	17
cooked	17
willow	17
wi	17
infirmary	17
advocates	17
reasonings	17
controlled	17
proves	17
emergencies	17
posture	17
timidity	17
preach	17
boughs	17
quallingham	17
dollop	17
knowest	17
coles	17
morton	17
harley	17
erskine	17
heinel	17
starboard	17
captured	17
yojo	17
leviathans	17
tackles	17
loth	16
sustain	16
frosty	16
commended	16
diffidence	16
disobedience	16
enmity	16
starve	16
bor	16
bk	16
variance	16
maes	16
medenblicq	16
sworn	16
intrigues	16
homeward	16
blamed	16
rotterdam	16
riches	16
walcheren	16
sparing	16
graciously	16
anyhow	16
counts	16
se	16
champagney	16
net	16
executing	16
intervention	16
hereof	16
reminding	16
appeareth	16
berghes	16
creditor	16
revoked	16
portugal	16
nd	16
stores	16
confidently	16
passengers	16
attacked	16
travail	16
incline	16
lanes	16
thinketh	16
assistant	16
pleasantest	16
burgundy	16
roundly	16
especial	16
englishmen	16
musters	16
sullen	16
forborne	16
loses	16
irish	16
behaving	16
substituted	16
tempestuous	16
hereupon	16
carelessness	16
ordering	16
recital	16
invasions	16
mischiefs	16
burborow	16
fins	16
territories	16
fiercely	16
antiquity	16
hateful	16
pens	16
hired	16
prophecy	16
weapons	16
adjusted	16
reigned	16
mounting	16
dismay	16
hazarded	16
ditch	16
threat	16
supplying	16
satan	16
exclude	16
leak	16
suggests	16
swelling	16
disk	16
transient	16
despotism	16
colonies	16
manly	16
texts	16
additions	16
identification	16
accessible	16
exaggerated	16
cruelly	16
toes	16
muddy	16
worlds	16
fence	16
sufferer	16
wiped	16
cravat	16
undertone	16
orphan	16
cheered	16
ry	16
plump	16
brush	16
strewn	16
flannel	16
coughing	16
warehouse	16
checking	16
unavoidable	16
topics	16
greedy	16
hedge	16
sprinkled	16
cracked	16
heated	16
clasping	16
quaint	16
insensibility	16
clue	16
rattle	16
ghosts	16
doomed	16
choked	16
chimneys	16
sexton	16
titles	16
correspondent	16
skirts	16
pence	16
remarking	16
speaker	16
gasping	16
mechanical	16
narrowly	16
restlessness	16
perpetually	16
lurking	16
tongues	16
facing	16
purchased	16
interchange	16
connexions	16
swills	16
imitation	16
spoon	16
mirrors	16
boyish	16
verses	16
afloat	16
proudly	16
strolled	16
adored	16
joyfully	16
cane	16
pupils	16
lustre	16
overjoyed	16
unwell	16
observant	16
contemplating	16
smelt	16
delusion	16
jokes	16
parliamentary	16
edifice	16
spin	16
refined	16
unlimited	16
finely	16
disappoint	16
ornamental	16
clocks	16
stillness	16
defiant	16
fancies	16
diamond	16
leisurely	16
sized	16
immensely	16
devilish	16
screwed	16
awaken	16
twin	16
pistol	16
bury	16
pondering	16
statue	16
groom	16
manufacturing	16
lowest	16
associations	16
cheering	16
contemptuous	16
hammered	16
luxurious	16
distinctions	16
penance	16
costume	16
profile	16
shoemaker	16
packed	16
knot	16
staggered	16
impertinence	16
searched	16
tracing	16
retirement	16
vicious	16
pitying	16
wickedness	16
worshipped	16
intermediate	16
stuffed	16
fold	16
unfair	16
aims	16
laborious	16
exercising	16
cited	16
palpable	16
treasures	16
simultaneously	16
leaping	16
townsman	16
wealthy	16
dashing	16
inflicted	16
balcony	16
realize	16
entangled	16
retribution	16
sunrise	16
dishes	16
greeted	16
traits	16
pigeon	16
grasping	16
straining	16
obstacle	16
disapprobation	16
miraculous	16
curled	16
grasped	16
discussing	16
flourish	16
awkwardness	16
unexceptionable	16
invaluable	16
complaisance	16
shrubbery	16
fireplace	16
mantel	16
fairest	16
equivalent	16
luckily	16
pleaded	16
successfully	16
blameless	16
affords	16
attachments	16
crowned	16
counteract	16
needles	16
kick	16
clutched	16
foresight	16
deem	16
census	16
outs	16
rhode	16
insurrection	16
anarchy	16
maxims	16
capture	16
swayed	16
discerned	16
flavor	16
garths	16
latitudes	16
exeter	16
pallid	16
borthrop	16
suckling	16
combe	16
gilt	16
grisly	16
roland	16
kywitt	16
oceans	16
binnacle	16
practising	15
naerden	15
reade	15
ordnance	15
succours	15
frontiers	15
erected	15
repayment	15
acquaint	15
der	15
messrs	15
desist	15
overture	15
complaining	15
fulfil	15
monarchy	15
affectioned	15
alexander	15
victual	15
plurality	15
calais	15
termed	15
counsels	15
proposes	15
zome	15
overthrown	15
unsafe	15
patriots	15
testified	15
vous	15
burdened	15
forenoon	15
besiege	15
alleging	15
ordained	15
fought	15
committing	15
messengers	15
memorandum	15
flemish	15
arises	15
injure	15
subjection	15
interpose	15
bowels	15
preceded	15
devise	15
hereabouts	15
scoundrel	15
overtake	15
factions	15
obedient	15
escort	15
converted	15
laboured	15
uttering	15
kindled	15
reputed	15
prosecute	15
italians	15
nancy	15
devoting	15
conformable	15
allies	15
traitors	15
obviate	15
possessions	15
firing	15
protracted	15
resulting	15
brunswick	15
discredit	15
strengthening	15
tempest	15
embracing	15
answerable	15
hotel	15
hare	15
sermons	15
biscuit	15
shift	15
schenk	15
skilful	15
superficial	15
bethink	15
amounts	15
baker	15
rebels	15
swearing	15
oftentimes	15
noses	15
frankness	15
poles	15
lieut	15
valiant	15
channels	15
minding	15
equipped	15
perusal	15
interposition	15
occurrences	15
vigilance	15
invention	15
petition	15
farthing	15
explaining	15
persistent	15
pan	15
ward	15
objecting	15
distrustful	15
juries	15
advantageous	15
frenchman	15
bearers	15
clearness	15
procedure	15
prejudiced	15
compilation	15
instituted	15
abolish	15
unprotected	15
expend	15
transcribe	15
infringement	15
disclaim	15
violates	15
indemnify	15
financial	15
sections	15
unsolicited	15
xix	15
commenced	15
soot	15
leaden	15
ornament	15
goat	15
shire	15
abundantly	15
practitioners	15
incomprehensible	15
matches	15
scores	15
correcting	15
twist	15
distinctness	15
expediency	15
tour	15
graves	15
buttoned	15
dispense	15
clients	15
fluttering	15
fiction	15
accomplishments	15
brushed	15
sternly	15
geese	15
steep	15
sixth	15
stair	15
jug	15
smoked	15
chattering	15
remonstrated	15
shrunk	15
rattling	15
cupboard	15
squeeze	15
ardour	15
attractive	15
transaction	15
speculations	15
watt	15
growlery	15
confidentially	15
rounds	15
poorly	15
maker	15
tame	15
lowly	15
cursitor	15
wax	15
celestial	15
engrossed	15
commonest	15
disregarded	15
blot	15
pierced	15
popularity	15
boiled	15
verdict	15
latest	15
ecstasy	15
malignant	15
diseases	15
slouching	15
admires	15
hangs	15
feelingly	15
coincidence	15
bayham	15
advantageously	15
approving	15
shells	15
foreseeing	15
cave	15
listener	15
soap	15
airs	15
rap	15
bathing	15
reminds	15
irritable	15
womanly	15
abrupt	15
accursed	15
thorns	15
comprehensive	15
fitful	15
confusedly	15
grotesque	15
orchard	15
attract	15
hushed	15
stranded	15
frighten	15
breathless	15
shuffling	15
streams	15
dug	15
thrill	15
stump	15
attributes	15
spider	15
quoted	15
projecting	15
cushion	15
summons	15
watchman	15
guv	15
ner	15
verge	15
visibly	15
adieu	15
awfully	15
scolded	15
closest	15
visage	15
herds	15
riddle	15
ingenuity	15
comb	15
workman	15
exasperated	15
tambourine	15
sewing	15
sacrificed	15
appalling	15
startling	15
framework	15
earned	15
exultation	15
fender	15
comedy	15
lone	15
vigorously	15
comrades	15
thankee	15
inferiority	15
symond	15
crushing	15
prevailing	15
tiger	15
nephews	15
dimensions	15
contending	15
latent	15
questionable	15
unchanged	15
degradation	15
brutal	15
apothecary	15
arduous	15
proportioned	15
uniformly	15
avenger	15
comparing	15
garb	15
pecuniary	15
staid	15
accusation	15
commotion	15
surmise	15
hut	15
soothed	15
foregoing	15
drawings	15
penetration	15
entail	15
lucases	15
downwards	15
societies	15
louisa	15
reel	15
console	15
plead	15
acquit	15
indulging	15
recurring	15
inconsistency	15
ungracious	15
admirer	15
instinctively	15
levelled	15
proving	15
liver	15
eventually	15
anvil	15
lazy	15
student	15
towing	15
dripping	15
befallen	15
candor	15
americans	15
endeavored	15
vicissitudes	15
restraints	15
jersey	15
exclusively	15
democracy	15
imposts	15
flank	15
neighbor	15
quotas	15
exports	15
elective	15
coiled	15
laborers	15
radiance	15
exploring	15
juliet	15
merriment	15
bearded	15
clad	15
babe	15
hazel	15
selina	15
lily	15
strove	15
nash	15
fatality	15
churchills	15
harris	15
cigarette	15
agatha	15
ambergris	15
rib	15
hibbins	15
buoy	15
countryman	15
enchantress	15
tun	15
elijah	15
oarsman	15
digges	14
scott	14
blunt	14
parcels	14
bacon	14
worthier	14
poorer	14
followers	14
oorlogen	14
resolutien	14
indies	14
oblivion	14
divert	14
strengthen	14
arrest	14
persuasions	14
undertook	14
protestation	14
townsmen	14
loyalty	14
solicited	14
bonds	14
naming	14
juan	14
poland	14
goeth	14
memorials	14
lawrence	14
scratch	14
attendants	14
withdrawal	14
orderly	14
mistrust	14
affirmed	14
christendom	14
invest	14
reciprocal	14
desolation	14
drown	14
prejudicial	14
befall	14
salute	14
inst	14
restoring	14
contracts	14
pitiful	14
costly	14
renty	14
obstinately	14
boldness	14
christened	14
imperfections	14
incur	14
revolt	14
condemnation	14
sequel	14
relics	14
successor	14
repairing	14
thankfully	14
decayed	14
rivers	14
presentation	14
detailed	14
records	14
granting	14
desperation	14
misunderstood	14
employing	14
ensigns	14
mantle	14
indisposed	14
resent	14
messages	14
homely	14
asunder	14
discouragement	14
extracts	14
partners	14
notorious	14
allowances	14
transferred	14
expects	14
kinsman	14
transfer	14
wotton	14
rumour	14
dexterity	14
delivering	14
treachery	14
heavier	14
mix	14
crush	14
relatives	14
zealand	14
transported	14
stays	14
verse	14
disputes	14
exclaiming	14
conversations	14
aversion	14
offending	14
cotton	14
paul	14
imperfection	14
comforting	14
outrage	14
rewarded	14
ropes	14
hulks	14
precedents	14
intimately	14
tops	14
transcription	14
unanimous	14
proprietary	14
discontinue	14
inaccurate	14
indemnity	14
ein	14
donation	14
originator	14
network	14
termination	14
experiences	14
holborn	14
peeping	14
haggard	14
transformed	14
unwholesome	14
settlements	14
alternately	14
rapture	14
adviser	14
weaknesses	14
follies	14
retires	14
vehemence	14
barbary	14
windsor	14
pupil	14
maids	14
haired	14
bundles	14
grate	14
borrioboola	14
energies	14
gravy	14
dictated	14
describing	14
needlework	14
sleeper	14
stung	14
prints	14
mysteriously	14
rattled	14
disgusted	14
quicker	14
slighted	14
accurately	14
humming	14
patted	14
radiant	14
wakes	14
pigeons	14
adorned	14
fluttered	14
persevering	14
congenial	14
smitten	14
prettier	14
disconcerted	14
conversing	14
playfully	14
vastly	14
liveliness	14
winged	14
thoughtless	14
reddening	14
morsel	14
eastern	14
hackney	14
prentices	14
flavour	14
manuscript	14
indecision	14
greasy	14
coughs	14
lifts	14
grin	14
cabinet	14
arrives	14
worthless	14
turnpike	14
casually	14
flitting	14
comic	14
brisk	14
arter	14
beau	14
chariot	14
clutch	14
superstition	14
illustrious	14
harp	14
affectation	14
deuce	14
humouredly	14
repairs	14
forgiving	14
similarly	14
salutation	14
rot	14
twitched	14
forefathers	14
dreamy	14
fetching	14
strangest	14
sorely	14
meditating	14
stamp	14
pose	14
calculating	14
passenger	14
phaeton	14
turf	14
pervading	14
combat	14
overcame	14
dive	14
legitimate	14
bliss	14
sings	14
surveying	14
joints	14
spit	14
shelves	14
bart	14
cups	14
wink	14
produces	14
foundations	14
leathern	14
grapes	14
anon	14
stubborn	14
muslin	14
reclining	14
continent	14
preoccupation	14
spectators	14
appropriated	14
shiver	14
poke	14
musician	14
flute	14
parallel	14
sobs	14
sleepy	14
pedestal	14
raises	14
physiognomy	14
brows	14
leech	14
snake	14
wand	14
primary	14
perturbation	14
aspects	14
skies	14
intricate	14
murmuring	14
fondness	14
lifeless	14
relish	14
morality	14
masses	14
susceptibility	14
wearied	14
wrecked	14
investigations	14
muscular	14
embroidery	14
pomp	14
decorated	14
labyrinth	14
anxieties	14
hardship	14
sherry	14
peering	14
landlady	14
valet	14
shrubs	14
periodical	14
unreasonably	14
yorkshire	14
mournful	14
scenery	14
darkly	14
compensation	14
suffrages	14
intrigue	14
formality	14
nasty	14
flowed	14
olive	14
interfering	14
courtship	14
concealing	14
foresaw	14
shyness	14
boundary	14
adoration	14
spots	14
insufferable	14
fuss	14
insulted	14
implies	14
snapped	14
clem	14
incidentally	14
multiplied	14
outline	14
longest	14
dived	14
worshipping	14
misshapen	14
outburst	14
theories	14
dissimilar	14
extension	14
sinner	14
indications	14
subordination	14
maryland	14
adverse	14
agriculture	14
smallness	14
recur	14
preferable	14
honors	14
coloring	14
warp	14
boston	14
childlike	14
imaginative	14
pathos	14
humphrey	14
gleamed	14
larcher	14
lashed	14
befell	14
superstitious	14
resembled	14
oriental	14
fiddler	14
stopt	14
nailed	14
japanese	14
jets	14
spear	14
salem	14
shalt	14
fundevogel	14
doves	14
marleen	14
blanket	14
forts	13
certified	13
consume	13
disagreement	13
urges	13
uttermost	13
pinnaces	13
beseeches	13
ranging	13
staten	13
generaal	13
lets	13
propound	13
gap	13
securities	13
corrections	13
deciphered	13
valentine	13
munitions	13
bankrupt	13
herewith	13
durst	13
enquiry	13
miseries	13
summary	13
flyboats	13
slippery	13
hohenlo	13
goodwill	13
gladness	13
marred	13
armewe	13
sur	13
bien	13
acknowledges	13
communion	13
michaelmas	13
clothing	13
correction	13
narden	13
conversed	13
lame	13
buckhurst	13
shrewd	13
credits	13
raging	13
impute	13
resulted	13
japikse	13
netherlands	13
calculations	13
ap	13
loco	13
peaceable	13
burgers	13
steadfast	13
importing	13
midsummer	13
commanders	13
demanding	13
causing	13
nicholas	13
ceremonies	13
labours	13
litter	13
authorize	13
laudable	13
marvelled	13
attain	13
abolished	13
ague	13
deliverance	13
bigger	13
brace	13
easter	13
portions	13
perish	13
lawful	13
shedding	13
jar	13
madame	13
vehemently	13
replaced	13
kingdoms	13
insufficiency	13
quarrelling	13
satisfying	13
wavering	13
dissatisfaction	13
acquitted	13
stiffly	13
coasts	13
insomuch	13
fulfilment	13
suppress	13
everlasting	13
tyrannical	13
vow	13
circuit	13
politic	13
restoration	13
conveying	13
forbade	13
satisfactorily	13
strangeness	13
evermore	13
decease	13
detain	13
strive	13
spelling	13
alienation	13
beaver	13
flee	13
forcing	13
border	13
caps	13
mock	13
renamed	13
pglaf	13
downloading	13
unlink	13
redistribute	13
binary	13
nonproprietary	13
processing	13
hypertext	13
exporting	13
periodic	13
notifies	13
employees	13
proofread	13
virus	13
distributor	13
punitive	13
merchantability	13
disclaimers	13
types	13
maximum	13
invalidity	13
unenforceability	13
employee	13
deletions	13
synonymous	13
goals	13
ensuring	13
deductible	13
watchung	13
plaza	13
montclair	13
nj	13
usa	13
widespread	13
outdated	13
irs	13
paperwork	13
locations	13
donors	13
international	13
pg	13
newsletter	13
slipping	13
drooping	13
outwardly	13
wigs	13
threadbare	13
squeezed	13
reticule	13
shropshire	13
rocking	13
games	13
moist	13
inscrutable	13
detestable	13
plainer	13
deception	13
smelling	13
cultivation	13
kindest	13
climate	13
actively	13
sulkily	13
rubbish	13
cobwebs	13
odds	13
skins	13
bees	13
larks	13
farmers	13
sung	13
overlooked	13
undecided	13
bedstead	13
artists	13
sketches	13
songs	13
tortured	13
plaintive	13
darkening	13
bee	13
jumping	13
clay	13
conducting	13
realized	13
beams	13
rotten	13
chop	13
unlocked	13
clapping	13
lots	13
dejected	13
partnership	13
lemon	13
spindle	13
fragrance	13
fondly	13
veneration	13
million	13
outstretched	13
dose	13
unmoved	13
drives	13
projected	13
catches	13
patches	13
plunging	13
flattery	13
mischievous	13
buffy	13
slackened	13
dejection	13
despondency	13
commonplace	13
academy	13
fiddle	13
meek	13
models	13
chords	13
scanty	13
blackened	13
resented	13
haunts	13
illustrated	13
coils	13
tough	13
allusions	13
fund	13
ascending	13
solidity	13
strawberries	13
perpendicular	13
chinks	13
sympathetic	13
eternity	13
clashing	13
involving	13
balanced	13
summit	13
swells	13
trifles	13
virtually	13
terminate	13
superintendence	13
stress	13
puff	13
chicken	13
sympathies	13
apologize	13
presided	13
nightmare	13
tearing	13
shrieks	13
woke	13
pump	13
drifting	13
crawling	13
hopelessly	13
flashing	13
hardy	13
forks	13
applies	13
emoluments	13
malady	13
stations	13
suggesting	13
jewelled	13
paleness	13
diamonds	13
scales	13
ark	13
shivered	13
wander	13
ratio	13
implication	13
boasted	13
catastrophe	13
helplessly	13
joshua	13
artistic	13
cheery	13
fervent	13
flashes	13
emerged	13
delights	13
qualification	13
measuring	13
originate	13
trot	13
debilitated	13
foreboding	13
grammar	13
truest	13
paler	13
blasted	13
exterior	13
unconnected	13
medicines	13
retort	13
uplifted	13
solicitous	13
murderer	13
distrusted	13
vindication	13
observable	13
pall	13
inability	13
uneasily	13
spacious	13
nicety	13
vividly	13
parade	13
mixing	13
impartiality	13
scorching	13
scratched	13
revision	13
humorous	13
affinity	13
masculine	13
exaggeration	13
objectors	13
chapters	13
mirth	13
physicians	13
patroness	13
rebuke	13
transition	13
sighted	13
insignificant	13
cows	13
meditations	13
propensities	13
err	13
repulsive	13
repress	13
spars	13
inadequate	13
contrasted	13
latch	13
ram	13
eve	13
administering	13
pantry	13
fluid	13
damn	13
reticence	13
humbug	13
dipped	13
pilgrim	13
hammersmith	13
shrugged	13
downright	13
bentley	13
rowing	13
hoops	13
sable	13
nominal	13
loneliness	13
passive	13
murderers	13
characterized	13
pretense	13
unfavorable	13
essentially	13
humors	13
vide	13
subjected	13
tumultuous	13
ingredients	13
delaware	13
currents	13
magna	13
yearning	13
blond	13
adam	13
winced	13
grassy	13
ugliness	13
actress	13
woven	13
curves	13
camden	13
thesiger	13
inmost	13
fleece	13
snatching	13
floats	13
martins	13
grandmama	13
larkins	13
spilled	13
elf	13
blackness	13
curdken	13
rods	13
prairie	13
polar	13
trowsers	13
fathoms	13
tiller	13
manned	13
tubs	13
bunger	13
cologne	12
delft	12
conform	12
vere	12
reiters	12
ortel	12
default	12
surcease	12
atone	12
undisturbed	12
effusion	12
debated	12
colman	12
standeth	12
variations	12
imparting	12
proclamation	12
comte	12
whiles	12
sandwich	12
albeit	12
bottomed	12
presuming	12
vigilant	12
archduke	12
marginal	12
amounting	12
drum	12
subdue	12
favourably	12
headline	12
signification	12
mindful	12
discourage	12
comme	12
trusts	12
brevity	12
marvel	12
staple	12
nourish	12
nominate	12
knoweth	12
persecution	12
henceforward	12
obeying	12
quarrelled	12
walled	12
intermission	12
appeasing	12
forsake	12
omer	12
maj	12
humours	12
berges	12
sluice	12
alight	12
dishonourable	12
residing	12
richest	12
undoubted	12
dort	12
willingness	12
permitting	12
confines	12
morrys	12
upset	12
marching	12
cipher	12
goodly	12
overwhelmed	12
publication	12
atonement	12
italics	12
broader	12
headlong	12
champaigny	12
undo	12
posts	12
singularly	12
dispensed	12
benefited	12
garment	12
dissuade	12
summon	12
appease	12
thigh	12
homewards	12
dominion	12
mare	12
constraint	12
charging	12
cures	12
response	12
contention	12
fugitives	12
sufficed	12
weal	12
stocks	12
coaches	12
courier	12
pedro	12
escaping	12
retaining	12
digestion	12
obsequious	12
uniting	12
sorrowfully	12
musket	12
imported	12
untouched	12
pry	12
contingencies	12
impediments	12
adrian	12
adjust	12
restriction	12
barbarous	12
marries	12
strokes	12
weakest	12
departing	12
deserts	12
spades	12
boundless	12
wasting	12
betimes	12
weighing	12
approaches	12
horseman	12
rowed	12
hearers	12
affront	12
grossly	12
surmises	12
xxv	12
xxxiii	12
accommodated	12
erroneous	12
columns	12
destructive	12
savages	12
ruler	12
rectitude	12
flakes	12
infection	12
flows	12
loom	12
sinners	12
committee	12
suitors	12
marches	12
wool	12
drip	12
ribbons	12
murmurs	12
gloomily	12
degraded	12
rounded	12
hurting	12
captivating	12
provides	12
african	12
acknowledgments	12
involves	12
cooking	12
matrimonial	12
beckoned	12
marine	12
barouche	12
albans	12
gush	12
robust	12
paved	12
amateur	12
kerchief	12
undergone	12
float	12
perplexities	12
unreserved	12
daybreak	12
stirs	12
growl	12
gasp	12
unfolding	12
pictured	12
stares	12
sabbath	12
whistled	12
weeds	12
hubbard	12
feverish	12
mite	12
expand	12
systematic	12
gin	12
expenditure	12
squared	12
villain	12
disturbing	12
morally	12
complimentary	12
positions	12
tradesmen	12
grease	12
tightly	12
refreshed	12
adore	12
timed	12
glimpses	12
drawback	12
splendour	12
inquisitive	12
crystal	12
generation	12
dingy	12
bolts	12
tries	12
shines	12
denoted	12
leans	12
harmonic	12
allude	12
drying	12
elapsed	12
radical	12
praises	12
calves	12
shipwreck	12
attaching	12
skulls	12
guardianship	12
feebleness	12
crisp	12
dingo	12
mediterranean	12
apologetically	12
softening	12
vulgarity	12
sacrifices	12
steadiness	12
babies	12
diminution	12
unhappily	12
mess	12
jones	12
avowal	12
injunction	12
cooling	12
rustling	12
richly	12
lime	12
resemble	12
whitened	12
unprecedented	12
rejecting	12
mortar	12
veal	12
rubs	12
sarcastic	12
retorts	12
circulation	12
plumage	12
granddaughter	12
eats	12
snap	12
matron	12
strides	12
scatter	12
detective	12
brooch	12
gulf	12
sleepers	12
wager	12
decorum	12
infatuation	12
billiards	12
kinder	12
unfinished	12
toilet	12
detested	12
sweetest	12
humph	12
researches	12
suddenness	12
gleaming	12
slide	12
prettiest	12
comment	12
ancestors	12
venetian	12
fan	12
sparkled	12
infallible	12
equalled	12
retreated	12
mouthful	12
sleepless	12
torches	12
relinquished	12
ceasing	12
mocking	12
worm	12
repelled	12
whirling	12
shriek	12
fragrant	12
encountering	12
limes	12
backing	12
impetuously	12
disapprove	12
preparatory	12
constructed	12
statute	12
clenched	12
disinclination	12
treats	12
tucker	12
wrists	12
contemptuously	12
bet	12
pluck	12
reversed	12
overgrown	12
instantaneous	12
cautiously	12
loitering	12
uppermost	12
noises	12
vibrating	12
shout	12
individually	12
pallor	12
shores	12
sunken	12
scolding	12
solace	12
glimmering	12
velocity	12
piercing	12
cheeked	12
harness	12
bolted	12
edges	12
verdure	12
perverse	12
contracting	12
disappointing	12
nineteenth	12
restricted	12
heroes	12
trimming	12
circumspection	12
unfolded	12
bordering	12
denny	12
rivals	12
scandalous	12
ungenerous	12
incredulous	12
fashions	12
misconduct	12
impunity	12
repented	12
emptied	12
sparks	12
liar	12
invented	12
dramatic	12
slouched	12
blindly	12
visionary	12
badge	12
mike	12
elephants	12
blades	12
click	12
welded	12
hauled	12
recess	12
enchantment	12
quell	12
adrift	12
eastward	12
responded	12
brood	12
analogy	12
jeopardy	12
offenses	12
disciplined	12
innovations	12
sparta	12
figured	12
montesquieu	12
criterion	12
unceasing	12
suffrage	12
furnishes	12
morals	12
organs	12
cords	12
splendor	12
apparatus	12
macedon	12
prerogatives	12
victor	12
naturalists	12
amendments	12
pirates	12
contrivances	12
code	12
insanity	12
farming	12
archangel	12
joys	12
cannibals	12
missy	12
clergymen	12
nerve	12
spotted	12
quaker	12
demeanor	12
wainscoted	12
johnson	12
sensibilities	12
helmsman	12
christy	12
cholera	12
samuel	12
blunder	12
berth	12
patty	12
selby	12
barbaric	12
milky	12
geoffrey	12
pastor	12
wouldst	12
jorinda	12
jorindel	12
holle	12
ravens	12
hatchet	12
ilsabill	12
lina	12
belly	12
manikin	12
ramadan	12
spouting	12
lengthwise	12
shipmate	12
tapering	12
hoisting	12
barbs	12
capstan	12
manxman	12
octavo	12
hemp	12
haul	12
derick	12
um	12
uproar	11
frise	11
diem	11
spoiling	11
estimated	11
inexperienced	11
vlishing	11
hohenloe	11
duplicate	11
accusations	11
manifestly	11
sub	11
loan	11
whereto	11
lasts	11
factious	11
furthermore	11
dit	11
glories	11
patent	11
burgomaster	11
thereon	11
ado	11
bruit	11
relieving	11
cornet	11
gifted	11
stylo	11
items	11
conceives	11
daniel	11
guarantee	11
aided	11
xlv	11
harshly	11
expired	11
courteous	11
font	11
ruinous	11
recommendations	11
amended	11
hostilities	11
imprest	11
lists	11
avowed	11
mastery	11
trained	11
sebastian	11
resident	11
claiming	11
abstracted	11
attainment	11
augment	11
misunderstandings	11
villages	11
extracted	11
concord	11
armuyden	11
revoke	11
impeach	11
writ	11
stubbs	11
romans	11
commodity	11
tarry	11
killing	11
zeland	11
apostile	11
allege	11
consenting	11
noblemen	11
collation	11
proverb	11
apiece	11
imaginations	11
levy	11
reducing	11
correctly	11
notable	11
hardness	11
egmont	11
feigned	11
unquiet	11
milder	11
forbearing	11
repute	11
wilfully	11
thirst	11
contributing	11
whereon	11
ratify	11
natures	11
vehement	11
apostolic	11
infirmities	11
authorised	11
storms	11
remembers	11
encumbered	11
dock	11
deceitful	11
frenchwoman	11
recompense	11
quarrels	11
fails	11
fated	11
conspire	11
misunderstanding	11
timely	11
deputy	11
travels	11
tent	11
ratified	11
insisting	11
admonish	11
detriment	11
tides	11
merited	11
writings	11
ventures	11
comprise	11
annuity	11
colonna	11
frivolous	11
swerve	11
languages	11
holiness	11
loathsome	11
random	11
mislead	11
li	11
quieter	11
narration	11
blocks	11
allowable	11
safest	11
prevails	11
patiently	11
terminated	11
armour	11
muskets	11
inconstancy	11
loading	11
assailed	11
martyrdom	11
abolition	11
armada	11
murdering	11
reviving	11
pike	11
sway	11
defensive	11
renounced	11
rig	11
subtlety	11
impudence	11
troubling	11
venice	11
grants	11
priests	11
offender	11
rebellious	11
penitent	11
meanings	11
residue	11
relinquish	11
annihilation	11
unwarrantable	11
appealing	11
xxx	11
professionally	11
arguing	11
minutely	11
recorded	11
pinching	11
panes	11
echoing	11
rained	11
tangle	11
woodman	11
crash	11
mouldy	11
oaken	11
ceremonious	11
prescription	11
conjunction	11
holidays	11
kneeling	11
donny	11
revelations	11
treading	11
invalid	11
lattice	11
gha	11
choking	11
temples	11
tidy	11
indistinct	11
feebly	11
pins	11
hairs	11
rust	11
sharper	11
stark	11
lumber	11
rung	11
nobly	11
nursed	11
expanse	11
engravings	11
alphabet	11
literally	11
vivacious	11
sympathize	11
designing	11
dazzling	11
unsteady	11
jerk	11
adversary	11
hopefully	11
turret	11
paws	11
grievance	11
creditable	11
engines	11
engraved	11
lashing	11
pooh	11
honesty	11
colder	11
females	11
participation	11
stationed	11
fist	11
cluster	11
tinge	11
extremes	11
audacious	11
coxcomb	11
junior	11
lengthened	11
bricks	11
ivy	11
lamentations	11
allegory	11
helmet	11
explicit	11
customer	11
imperturbable	11
ornamented	11
heerd	11
stroll	11
pillows	11
enthusiastic	11
girdle	11
towers	11
powerfully	11
unmistakable	11
concession	11
wearily	11
affability	11
disguised	11
coodle	11
explains	11
meditatively	11
musing	11
wrung	11
strikingly	11
madly	11
hardest	11
assumption	11
heathen	11
packing	11
kit	11
undergoing	11
congratulated	11
squire	11
divined	11
dignities	11
ignoble	11
coral	11
plunge	11
astray	11
degenerate	11
upside	11
unaccustomed	11
crosses	11
concentration	11
endurance	11
lump	11
apartments	11
significantly	11
wearisome	11
flagrant	11
scorched	11
withhold	11
sheltered	11
penalty	11
imploring	11
solar	11
sarcasm	11
haunting	11
inns	11
fastidious	11
maidens	11
whisker	11
aroused	11
tenant	11
nap	11
arithmetic	11
fabulous	11
instinctive	11
apprenticed	11
idiot	11
squares	11
slumber	11
gallop	11
exercises	11
glaring	11
muscles	11
fills	11
lookee	11
blight	11
tips	11
unprepared	11
purchases	11
climb	11
training	11
aha	11
hardened	11
repressing	11
colony	11
airing	11
warmer	11
disappearance	11
unsuspicious	11
fibres	11
chaplain	11
noiseless	11
cracks	11
chooses	11
punctually	11
mists	11
tremor	11
actuated	11
vibration	11
steeple	11
unbroken	11
kicking	11
noah	11
dip	11
broth	11
obscured	11
enforce	11
moderately	11
delirium	11
strayed	11
prone	11
bestowing	11
resembling	11
flaming	11
rapturous	11
thoughtfulness	11
warped	11
spoilt	11
acquiesced	11
nobler	11
accounting	11
violets	11
augmented	11
tormenting	11
specious	11
planning	11
vale	11
stammered	11
lamented	11
stumbling	11
cultivated	11
puffed	11
wheeled	11
breathes	11
unmanageable	11
penetrated	11
sisterly	11
refrained	11
fairer	11
shadowed	11
tumble	11
sangsby	11
resolves	11
fading	11
player	11
festival	11
pepper	11
perverseness	11
fasten	11
talker	11
warming	11
powdered	11
instantaneously	11
imbecility	11
unfeeling	11
augmentation	11
sagacity	11
conservatory	11
slang	11
streak	11
consciously	11
unanimously	11
unnecessarily	11
machinery	11
sentimental	11
magnanimous	11
devouring	11
handsomer	11
beaux	11
girlish	11
elopement	11
pebbles	11
spectator	11
philosophers	11
playfulness	11
spiteful	11
suppositions	11
indolent	11
adhering	11
exclamations	11
envelope	11
hurts	11
inferences	11
colouring	11
unreserve	11
essence	11
invariable	11
bordered	11
softness	11
serenity	11
equivocal	11
witty	11
dulness	11
disinclined	11
valid	11
fearless	11
overtook	11
enraged	11
vex	11
tombstone	11
curly	11
steered	11
tingling	11
shrouded	11
intimated	11
footed	11
peel	11
bleeding	11
adventures	11
eagle	11
hebrew	11
gilded	11
coercion	11
justices	11
preposterous	11
fuel	11
teacher	11
decisively	11
athens	11
emotional	11
efficient	11
grudge	11
fanciful	11
sluggish	11
goldsmith	11
degrading	11
claw	11
intricacies	11
tablets	11
steer	11
throbbing	11
unbiased	11
lurks	11
neutrality	11
proprietors	11
facilitate	11
speculative	11
georgia	11
multiplication	11
administrations	11
unwise	11
descriptions	11
manufactures	11
theoretic	11
dishonorable	11
deduction	11
precarious	11
ranks	11
persian	11
municipal	11
egyptian	11
guaranty	11
reforms	11
biennial	11
imposition	11
conceptions	11
constituting	11
frequency	11
japan	11
yon	11
steed	11
devout	11
aquinas	11
culture	11
gambling	11
chaps	11
anatomical	11
prick	11
snowy	11
railway	11
breezes	11
snatch	11
preternatural	11
lurked	11
throb	11
westons	11
direful	11
palmers	11
prying	11
mystical	11
kids	11
granite	11
thicket	11
knights	11
hurrah	11
cetology	11
crotch	11
jeroboam	11
baleen	11
cuvier	11
equator	11
clam	11
canoe	11
whalebone	11
perseus	11
mainmast	11
narwhale	11
monomaniac	11
guernsey	11
assistants	10
auditor	10
edmund	10
magazines	10
gotten	10
conversant	10
finances	10
magazine	10
repay	10
envious	10
sow	10
strait	10
findeth	10
conquests	10
disquiet	10
misled	10
tonight	10
fatherly	10
drake	10
gant	10
discharging	10
entertainments	10
threats	10
oysters	10
therewith	10
middelburg	10
hercules	10
bellies	10
ransom	10
whit	10
austria	10
endangered	10
spun	10
predicament	10
dispatched	10
confirming	10
intercepted	10
slander	10
wan	10
scant	10
au	10
confessing	10
idly	10
infantry	10
specification	10
burgesses	10
williams	10
belgium	10
bulwark	10
inquisition	10
meddling	10
formally	10
shifted	10
trod	10
disabled	10
rigorous	10
agrees	10
remonstrances	10
sluse	10
indignity	10
elector	10
departs	10
fitter	10
assault	10
crave	10
frequented	10
mastered	10
seeds	10
jot	10
cantons	10
proclaimed	10
exploit	10
selling	10
column	10
suppression	10
mediation	10
reduction	10
transformation	10
intends	10
greet	10
clauses	10
accepts	10
dissolve	10
essex	10
warrior	10
parley	10
allegiance	10
differing	10
clatter	10
recommends	10
prepares	10
commissioned	10
managing	10
adjustment	10
wounds	10
crimes	10
diffident	10
forbidding	10
conjectured	10
losses	10
levying	10
untrue	10
ravenous	10
lions	10
righteous	10
faulty	10
spy	10
relying	10
stoutly	10
zone	10
malignity	10
thankfulness	10
certificate	10
levied	10
grievances	10
blotted	10
sweetly	10
enlargement	10
importunate	10
dollars	10
unkindly	10
trait	10
soliciting	10
sacks	10
armu	10
admirably	10
borders	10
nourished	10
contributes	10
labouring	10
entreating	10
overtaken	10
incidents	10
diversion	10
usages	10
ruled	10
subsequently	10
conferring	10
concise	10
receiver	10
ant	10
xxvii	10
pledged	10
stature	10
stoop	10
abstained	10
preliminaries	10
lash	10
surmounted	10
route	10
unlawful	10
refresh	10
smothered	10
substantially	10
poll	10
salvation	10
stratagem	10
nursery	10
contemporary	10
halting	10
privileged	10
journeys	10
mounts	10
deciding	10
auxiliary	10
animating	10
potency	10
justifiable	10
azure	10
boundaries	10
xxxi	10
xxxii	10
xxxiv	10
xxxvi	10
xxxix	10
xl	10
xliv	10
xlvi	10
xlix	10
obstruction	10
players	10
blighted	10
borrowing	10
lavender	10
varieties	10
hammers	10
bud	10
rifle	10
sharpness	10
disdainful	10
ascend	10
halo	10
worsted	10
faintness	10
ardently	10
smoothly	10
spar	10
fixedly	10
faltered	10
gem	10
studious	10
downcast	10
civilly	10
discomposed	10
drowsy	10
abashed	10
tarnished	10
untidy	10
nominally	10
kettle	10
brotherhood	10
tavern	10
hostess	10
cages	10
sharpened	10
serenely	10
headache	10
waggoner	10
circular	10
chinese	10
complacent	10
weights	10
incapacity	10
realities	10
benignant	10
develop	10
ouse	10
intervening	10
sleeps	10
stall	10
yawn	10
barn	10
listens	10
dew	10
blest	10
humbled	10
discernible	10
softer	10
compatible	10
rugged	10
deplorable	10
accumulated	10
whim	10
attaining	10
engraving	10
ferocious	10
occupations	10
brickmaker	10
rally	10
diffused	10
taller	10
snoring	10
insolence	10
smilingly	10
imperious	10
kid	10
shady	10
scissors	10
legend	10
reproaches	10
covers	10
anticipating	10
lodges	10
diving	10
burns	10
mingling	10
odour	10
swings	10
uncouth	10
counterpane	10
argumentative	10
scraps	10
groups	10
drunken	10
sustaining	10
suicide	10
jingling	10
habitation	10
gracefully	10
cracking	10
pillar	10
avenues	10
appreciation	10
sage	10
anatomy	10
towel	10
actors	10
wretchedly	10
scratches	10
maps	10
brazen	10
newman	10
hates	10
bilious	10
lined	10
handy	10
legacy	10
politician	10
graver	10
predict	10
stabbed	10
unintelligible	10
consecrated	10
cheerily	10
ludicrous	10
thickly	10
vehicle	10
vein	10
bubbles	10
insects	10
vista	10
beneficent	10
westminster	10
trip	10
ware	10
desperately	10
philosophical	10
hooked	10
echoes	10
waits	10
lightness	10
comer	10
emerging	10
imp	10
baskets	10
preferring	10
spontaneously	10
feat	10
marriages	10
parrot	10
unbecoming	10
average	10
disgusting	10
sunburnt	10
revival	10
bushy	10
enjoys	10
sleek	10
coins	10
truer	10
brushes	10
weaving	10
nonsensical	10
matronly	10
vexatious	10
puzzle	10
inspiration	10
hawk	10
perdition	10
eternally	10
somewheres	10
tramping	10
energetically	10
fife	10
shaggy	10
denominated	10
damask	10
pairs	10
anonymous	10
identified	10
faultless	10
docks	10
survived	10
lurid	10
loft	10
reproached	10
slaughter	10
rousing	10
repulsion	10
piteous	10
inquiringly	10
chorus	10
beak	10
sally	10
supporting	10
pyramid	10
envied	10
irrevocably	10
achievement	10
reared	10
richness	10
prepossessions	10
tribes	10
hind	10
gangway	10
giddy	10
regularity	10
thwarted	10
maddened	10
overflowing	10
skilfully	10
scorned	10
shoots	10
stealing	10
shrug	10
bitterest	10
conceded	10
ignominious	10
betrayal	10
dotted	10
strictest	10
faithfulness	10
scared	10
wittles	10
occurs	10
dangling	10
variation	10
doze	10
perished	10
listlessly	10
taint	10
impending	10
bidden	10
triumphs	10
exclaim	10
funny	10
crowding	10
ard	10
anticipate	10
blossom	10
pitching	10
sweetheart	10
struggles	10
fibre	10
unutterable	10
narrower	10
irrespective	10
favourites	10
rides	10
wrenched	10
cherries	10
complex	10
ash	10
illustrations	10
satire	10
deceiving	10
excusable	10
whichever	10
bennets	10
simpleton	10
refinements	10
accosted	10
draughts	10
unwillingly	10
inattention	10
unison	10
whims	10
handsomest	10
keenest	10
invent	10
heighten	10
jenkinson	10
unsuitable	10
subsist	10
lakes	10
ensuing	10
unfrequently	10
insulting	10
unavoidably	10
flirtation	10
operated	10
disappointments	10
lambton	10
reynolds	10
miniatures	10
exerting	10
perceptible	10
forgetfulness	10
cogent	10
silenced	10
unalterable	10
pirate	10
bony	10
tickler	10
urgency	10
tools	10
twig	10
ox	10
pondered	10
declamation	10
hamlet	10
shouting	10
moored	10
guessing	10
satis	10
sample	10
plaited	10
extinct	10
obnoxious	10
irritating	10
furnace	10
curtly	10
reeled	10
alloy	10
influential	10
exemplified	10
hoist	10
constitutionally	10
founder	10
smote	10
waldengarver	10
clarriker	10
embraces	10
swaying	10
barbed	10
adequately	10
tongs	10
tattooed	10
contrasting	10
psychological	10
ahoy	10
dominant	10
blindness	10
savings	10
chestnut	10
cured	10
disunited	10
excludes	10
constitutes	10
inherent	10
peremptory	10
inland	10
unmixed	10
depositary	10
sacrificing	10
aright	10
fallacious	10
achaeans	10
ascribed	10
determinate	10
doctrines	10
semblance	10
sanctity	10
casualties	10
technical	10
renunciation	10
pleading	10
abounding	10
collector	10
prophetic	10
enamoured	10
poets	10
christians	10
docile	10
providential	10
illumination	10
hurled	10
ridden	10
egoism	10
honored	10
directors	10
florid	10
quadrant	10
crape	10
wedded	10
saints	10
betting	10
laure	10
winifred	10
powderell	10
tory	10
elastic	10
traditions	10
map	10
temporarily	10
codicil	10
woollen	10
ennui	10
burke	10
paced	10
enveloped	10
panic	10
dropt	10
shewn	10
salted	10
smallridge	10
streamed	10
horns	10
ebony	10
crawled	10
hooded	10
vitality	10
coronation	10
glittered	10
gladys	10
pue	10
hadst	10
boon	10
freighted	10
peasants	10
talers	10
fishes	10
chowder	10
albatross	10
brit	10
scoresby	10
commodore	10
landsmen	10
compasses	10
hatches	10
nantucketers	10
headsman	10
lima	10
buffalo	10
bonn	9
owes	9
acceptation	9
waller	9
rammekins	9
memo	9
lending	9
burdensome	9
commissaries	9
subscribed	9
brewing	9
brewed	9
expended	9
papists	9
howbeit	9
unsigned	9
recalling	9
dissension	9
pinnace	9
sidney	9
nederlantsche	9
conservation	9
valour	9
convicted	9
translated	9
schenck	9
dukes	9
giveth	9
germans	9
resign	9
enabling	9
patents	9
courteously	9
plight	9
turbulent	9
courting	9
mondragon	9
stead	9
northward	9
middelburgh	9
inflict	9
patriot	9
lacked	9
maze	9
cant	9
clemency	9
bequeathed	9
newsletters	9
worthington	9
crofts	9
frustrate	9
che	9
luy	9
avoit	9
roy	9
bon	9
sans	9
tout	9
plus	9
surrendered	9
annum	9
cashiered	9
fruitless	9
untimely	9
insupportable	9
queens	9
introductory	9
weakly	9
unheard	9
cromwell	9
turk	9
reigning	9
intelligences	9
granier	9
selecting	9
memoranda	9
chests	9
arenberg	9
meanly	9
misliked	9
prosecuted	9
continuation	9
imputation	9
plainness	9
quieted	9
refreshing	9
pretences	9
disquietude	9
armado	9
furthest	9
surpass	9
translation	9
testify	9
mending	9
advising	9
bergues	9
outrages	9
hourly	9
stocking	9
therefor	9
shorten	9
persisting	9
abridged	9
bottoms	9
privity	9
launched	9
extends	9
tenth	9
risks	9
issuing	9
cleaning	9
denounced	9
plymouth	9
withheld	9
appertain	9
helpful	9
proffered	9
forcible	9
oppress	9
seizure	9
negligent	9
walker	9
conveniences	9
gloss	9
jacob	9
observers	9
accusing	9
deriving	9
publish	9
decree	9
quoth	9
selves	9
cox	9
dealer	9
banquet	9
qualify	9
barges	9
mightily	9
admonition	9
inflamed	9
calumny	9
affects	9
fortify	9
shorter	9
incorporated	9
employer	9
watered	9
carcase	9
perceives	9
multiply	9
detection	9
reforming	9
pregnant	9
ebb	9
chasing	9
erection	9
discovers	9
predecessors	9
inestimable	9
betake	9
imprinted	9
commodities	9
slack	9
fates	9
livelihood	9
yields	9
lull	9
concessions	9
paternal	9
disastrous	9
swords	9
drags	9
leaky	9
avoidance	9
easiest	9
cuts	9
institute	9
convulsions	9
protecting	9
captive	9
warfare	9
oppressions	9
xxvi	9
xxviii	9
xxix	9
xxxv	9
xxxvii	9
xxxviii	9
attorney	9
xli	9
xlii	9
xliii	9
xlvii	9
xlviii	9
coupled	9
sonnets	9
scotch	9
implacable	9
tens	9
heights	9
gunwales	9
stem	9
misty	9
decaying	9
sanctuary	9
sallow	9
trotted	9
potatoes	9
bob	9
prematurely	9
speck	9
stagnant	9
melting	9
ruffled	9
breeches	9
suspects	9
repetitions	9
screens	9
propped	9
unrestrained	9
portfolio	9
portly	9
contingency	9
masterly	9
unreal	9
routine	9
directs	9
nosegay	9
bonnets	9
cooled	9
flickering	9
orphans	9
winked	9
inscription	9
loosely	9
disfigured	9
plaster	9
insignificance	9
hinges	9
hood	9
traps	9
forte	9
detest	9
uncivil	9
moodily	9
pickle	9
discoloured	9
hairy	9
condescending	9
abstraction	9
untried	9
senseless	9
unobserved	9
wanton	9
luggage	9
westward	9
irrational	9
starlight	9
peaks	9
gaping	9
claret	9
sketching	9
exquisitely	9
usefulness	9
reasoned	9
cathedral	9
backgammon	9
condemning	9
pony	9
tire	9
growling	9
doleful	9
felled	9
stomacher	9
aptitude	9
apprenticeship	9
thriving	9
gape	9
dazed	9
incongruous	9
lightest	9
wildest	9
perishing	9
taxed	9
unsatisfactory	9
tact	9
discussions	9
doubled	9
ineffectual	9
infants	9
thundering	9
contagion	9
accountant	9
trespass	9
imbecile	9
construct	9
dairy	9
transcendent	9
oyster	9
inkstand	9
intrusion	9
separating	9
affidavit	9
apologetic	9
bends	9
knocks	9
wardrobe	9
shreds	9
yarn	9
ribbed	9
spectral	9
appellation	9
limp	9
bracelet	9
celebrity	9
describes	9
mended	9
rue	9
gridiron	9
caw	9
signifies	9
unaccountably	9
breasts	9
enlivened	9
profoundly	9
necks	9
premium	9
profoundest	9
spikes	9
predecessor	9
trim	9
endearing	9
encircled	9
forfeit	9
regent	9
puffing	9
brim	9
toiled	9
absorbing	9
indefatigable	9
knuckles	9
servile	9
sucking	9
lazily	9
developing	9
tainted	9
oaks	9
flit	9
histories	9
immaterial	9
oxen	9
whistle	9
descendants	9
attire	9
screws	9
auspices	9
blackstone	9
submitting	9
loveliest	9
lecture	9
walnut	9
hedges	9
ridge	9
heaped	9
bushes	9
profusion	9
frames	9
languor	9
adventurous	9
conciliate	9
buckets	9
juvenile	9
scratching	9
weed	9
sill	9
conveys	9
winks	9
adornment	9
midway	9
cabbage	9
plying	9
stupendous	9
glimmer	9
whitewashed	9
galaxy	9
preached	9
dawned	9
clash	9
mutters	9
stamping	9
swallows	9
sportive	9
cent	9
puffs	9
strangled	9
grimace	9
eyebrow	9
benches	9
limping	9
thenceforth	9
stationary	9
flaring	9
tallest	9
emerge	9
aghast	9
emergency	9
lightened	9
haunt	9
rushes	9
sensibly	9
dozed	9
squod	9
prompting	9
terewth	9
doubtfully	9
butt	9
cab	9
wheeling	9
rejoins	9
godson	9
intruding	9
workmen	9
apprentice	9
logic	9
accountable	9
likenesses	9
casket	9
irksome	9
commiseration	9
tease	9
comical	9
attic	9
lids	9
punctuality	9
donkey	9
pear	9
collapsed	9
stifling	9
vapour	9
unconcern	9
nourishment	9
lonesome	9
misgiving	9
imitated	9
patch	9
swiftness	9
rescued	9
retreating	9
barriers	9
unjustifiable	9
briskly	9
wipe	9
flighty	9
oracle	9
tenor	9
colossal	9
complimented	9
seriousness	9
magnified	9
handkerchiefs	9
rambling	9
preside	9
enduring	9
guarding	9
moaning	9
artless	9
complication	9
fierceness	9
apprentices	9
interfered	9
oddities	9
occupying	9
repel	9
blending	9
paramount	9
rider	9
hah	9
completion	9
frocks	9
averted	9
clearest	9
steals	9
patriotic	9
mob	9
sequence	9
fourths	9
keepers	9
pasture	9
oven	9
partition	9
headstrong	9
secluded	9
expectant	9
swollen	9
perfume	9
bubble	9
striding	9
devour	9
magnifying	9
whipped	9
wharves	9
bolder	9
cats	9
filial	9
philosopher	9
irreconcilable	9
panels	9
decoration	9
diabolical	9
pivot	9
confronted	9
awed	9
inarticulate	9
ceaseless	9
blinding	9
cell	9
amber	9
prevalent	9
derives	9
fainter	9
drapery	9
unfavourable	9
declarations	9
forfeited	9
neglecting	9
sporting	9
vowed	9
penitential	9
meagre	9
exhibits	9
exemption	9
overbearing	9
gardiners	9
drab	9
competition	9
conjecturing	9
eluded	9
entailed	9
petticoat	9
paltry	9
housemaid	9
exposing	9
subsisting	9
rectory	9
challenge	9
eligibility	9
unluckily	9
incessantly	9
assertions	9
agonies	9
humiliating	9
gracechurch	9
rationally	9
elevating	9
consistency	9
edged	9
hardships	9
unqualified	9
scrutiny	9
unprincipled	9
regretting	9
construed	9
unattended	9
exceptionable	9
prudently	9
communicative	9
insincere	9
industriously	9
tacit	9
hypocrisy	9
alonger	9
tilted	9
intermixed	9
oncommon	9
rheumatic	9
clink	9
debating	9
brushing	9
vault	9
marvels	9
puppy	9
crutch	9
neared	9
hypocrite	9
sanctified	9
rul	9
poetic	9
sheer	9
boom	9
popularly	9
obviously	9
bethought	9
hailing	9
locking	9
jaggerth	9
millers	9
grandpapa	9
irrepressible	9
boarding	9
missionary	9
somersetshire	9
disparity	9
innermost	9
riddles	9
gait	9
predominant	9
foolishly	9
cleverer	9
branded	9
kingston	9
hovered	9
unfitness	9
bowsprit	9
shoal	9
steersman	9
sessions	9
expanded	9
wanderer	9
vest	9
politicians	9
sovereignties	9
productions	9
constituent	9
animosities	9
unanimity	9
communities	9
annals	9
commonwealth	9
carthage	9
reveries	9
apportionment	9
infractions	9
distresses	9
penetrate	9
populous	9
finance	9
attitudes	9
consolidation	9
chimerical	9
excluding	9
adherence	9
fettered	9
manufacturer	9
excises	9
angles	9
aggrandizement	9
intrinsic	9
outlines	9
ninth	9
subjecting	9
protestant	9
conceivable	9
remoteness	9
homes	9
scepticism	9
resided	9
classed	9
immortality	9
blunders	9
limitations	9
annually	9
permanently	9
immemorial	9
lengths	9
puritanic	9
tradition	9
impulsive	9
electric	9
topmost	9
mythologies	9
slope	9
petals	9
duodecimo	9
yew	9
disagree	9
irony	9
humored	9
featherstones	9
chaos	9
recklessness	9
recurred	9
swims	9
forsaken	9
kitten	9
poem	9
listeners	9
clew	9
cling	9
isolation	9
cranch	9
devoured	9
curved	9
trough	9
josh	9
gambit	9
submerged	9
hiram	9
cooper	9
silken	9
shewing	9
gruel	9
surry	9
plaister	9
sussex	9
hansom	9
peered	9
crawl	9
java	9
drugged	9
yelled	9
peninsula	9
puritans	9
coffins	9
fairies	9
supernatural	9
magnetic	9
wigwam	9
landsman	9
rumors	9
wren	9
pecked	9
plane	9
heidelburgh	9
cruise	9
stave	9
mapple	9
larboard	9
quohog	9
keels	9
harem	9
credence	8
burgh	8
audley	8
salisbury	8
ton	8
reed	8
conditionally	8
famine	8
oct	8
hose	8
verified	8
corresponded	8
huddilston	8
overmuch	8
princely	8
discouraging	8
commend	8
investiture	8
tolerate	8
suspend	8
endanger	8
victualler	8
chiefs	8
indiscreet	8
graciousness	8
dyke	8
fulness	8
rates	8
nominated	8
quickest	8
bourbourg	8
importeth	8
huesden	8
nemo	8
compel	8
disturbances	8
professing	8
mistaking	8
relented	8
assembling	8
pyne	8
nearness	8
precedence	8
ordain	8
persecuting	8
discouraged	8
mss	8
bravely	8
displease	8
horsebands	8
footbands	8
overyssel	8
desireth	8
enlarging	8
rebel	8
arrogant	8
howsoever	8
unseasonable	8
abusing	8
haughtily	8
cavalry	8
imprisonment	8
nought	8
collections	8
colonels	8
demonstrate	8
generality	8
imprests	8
gentlewoman	8
vlissing	8
constrain	8
inhabited	8
allied	8
geertruydenberg	8
vindictive	8
terrify	8
unprovided	8
warnings	8
abstinence	8
camillo	8
guasto	8
smoothed	8
urgently	8
prope	8
endorsement	8
fortifications	8
besought	8
gospel	8
gertruydenbergh	8
willoughbie	8
quartered	8
cometh	8
defalked	8
apostiles	8
undated	8
deliberating	8
era	8
ticklish	8
del	8
differed	8
fortress	8
ordinance	8
sluce	8
favouring	8
pursuant	8
fortifying	8
walloons	8
adventurers	8
silks	8
redeem	8
supports	8
rumours	8
successors	8
insertion	8
amend	8
tutor	8
reporting	8
wright	8
seduced	8
insight	8
gertrudenberg	8
aysma	8
lacking	8
mansfelt	8
roving	8
hamburg	8
conceits	8
styles	8
hindrances	8
abstain	8
watering	8
gains	8
remonstrate	8
delinquent	8
archbishop	8
geertruydenbergh	8
frustrated	8
imprisoned	8
attested	8
intimation	8
repeal	8
substituting	8
purses	8
imagines	8
disclose	8
conceiving	8
defray	8
inequalities	8
celerity	8
displays	8
withdraws	8
toils	8
scrap	8
iniquity	8
sweat	8
soldierly	8
exposition	8
deposit	8
mistook	8
sidelong	8
griffin	8
plots	8
articled	8
baggage	8
pertaining	8
boarded	8
replenished	8
dissuaded	8
undutiful	8
footman	8
achieve	8
spurs	8
rudeness	8
matched	8
victorious	8
burthen	8
rigged	8
robber	8
unacquainted	8
admonitions	8
soundly	8
provocation	8
invaded	8
forbore	8
disinterestedness	8
deceit	8
insurrections	8
philanthropy	8
liv	8
lvi	8
lunacy	8
blemish	8
quotation	8
splashed	8
throats	8
gowns	8
periodically	8
shuffle	8
insensibly	8
bass	8
prodigiously	8
unhealthy	8
adjacent	8
sundays	8
childless	8
placidity	8
confidences	8
jewellery	8
deferential	8
exaggerate	8
knitted	8
monument	8
inattentive	8
humane	8
reproachful	8
straps	8
chops	8
conveyance	8
superintending	8
biscuits	8
piles	8
thavies	8
inexperience	8
cistern	8
poking	8
candlesticks	8
educating	8
bashful	8
dictation	8
mug	8
cutlets	8
philanthropist	8
heal	8
bluff	8
dipping	8
astir	8
pewter	8
quantities	8
tottering	8
neatness	8
texture	8
claws	8
strolling	8
grains	8
tiptoe	8
chalk	8
shaping	8
crowds	8
depicted	8
oval	8
brightening	8
depreciation	8
transact	8
cheat	8
impersonal	8
halfpence	8
estimable	8
butterflies	8
hinting	8
dozing	8
worry	8
stunned	8
hover	8
literal	8
indistinctness	8
methodical	8
poring	8
pane	8
venturing	8
candidates	8
shrivelled	8
screwing	8
dissipated	8
fastening	8
nat	8
intrusive	8
uninterrupted	8
moaned	8
ferocity	8
cowardice	8
fragile	8
excursion	8
unassuming	8
admonished	8
pail	8
pillars	8
mahogany	8
baize	8
explanatory	8
defendants	8
stale	8
interposes	8
crumpled	8
originating	8
impregnable	8
sweeps	8
consuming	8
hemmed	8
sullenly	8
glides	8
abreast	8
tapers	8
exchanging	8
inexhaustible	8
dispensation	8
joking	8
caressed	8
impress	8
boodle	8
forests	8
patriotism	8
shouts	8
theatrical	8
presiding	8
consultations	8
classic	8
interviews	8
despicable	8
parishes	8
boards	8
measurement	8
deaths	8
pets	8
clouded	8
core	8
abruptness	8
jerking	8
flaxen	8
beset	8
spasmodic	8
lavish	8
barred	8
sloping	8
mournfully	8
gruff	8
rustic	8
melt	8
feudal	8
flitted	8
whirl	8
attends	8
rat	8
sided	8
davy	8
continuous	8
distorted	8
chatting	8
butterfly	8
hire	8
oddity	8
crowning	8
defying	8
gable	8
chastisement	8
hopping	8
footpath	8
earthy	8
monuments	8
reverential	8
penetrating	8
unnoticed	8
drifted	8
crop	8
thoroughfares	8
slices	8
apostle	8
ankles	8
clutching	8
audacity	8
stony	8
repast	8
stab	8
enlist	8
cradle	8
crockery	8
seams	8
triangular	8
relaxed	8
closes	8
parched	8
aiming	8
amusements	8
depressing	8
clattering	8
gasps	8
resisting	8
agitating	8
consoling	8
alluding	8
twain	8
floors	8
appliances	8
speckled	8
howl	8
braces	8
weren	8
blushes	8
curl	8
unchanging	8
tip	8
tramp	8
liz	8
tenderest	8
aspired	8
squeezing	8
apologized	8
forgetful	8
heaviest	8
recklessly	8
squaring	8
cushioned	8
unconcerned	8
faintest	8
dodging	8
hides	8
nimble	8
alert	8
slumbering	8
serpents	8
rake	8
tinker	8
twopence	8
swallowing	8
cunningly	8
hugged	8
terminating	8
slips	8
galling	8
embarrass	8
rouge	8
reigns	8
aggravated	8
prolong	8
majestically	8
suffers	8
condescended	8
ripple	8
contriving	8
pricked	8
groaned	8
hug	8
despising	8
purest	8
glared	8
taper	8
sauntering	8
sociable	8
forgets	8
tinder	8
reappear	8
tissue	8
liquid	8
despotic	8
streaming	8
inconceivable	8
kin	8
gleams	8
detaining	8
sneer	8
deepened	8
frigid	8
fonder	8
foes	8
undergo	8
scarf	8
emaciated	8
tranquilly	8
explore	8
masonry	8
outlived	8
lax	8
regardless	8
failures	8
portentous	8
twigs	8
conversational	8
immoral	8
harnessed	8
bearings	8
nuisance	8
groaning	8
aching	8
pointedly	8
reliable	8
accession	8
chickens	8
authentic	8
hustings	8
retail	8
pardoning	8
persuasive	8
rallied	8
impartially	8
blooded	8
lovelier	8
sane	8
journeyed	8
crouching	8
ducks	8
spires	8
wary	8
twentieth	8
asserting	8
absurdly	8
thump	8
commoner	8
creetur	8
twas	8
dames	8
heeding	8
soothingly	8
juncture	8
coursing	8
mouthed	8
roofs	8
pelted	8
fret	8
ostler	8
grumbling	8
disobeyed	8
hoofs	8
apprised	8
enables	8
abridge	8
dan	8
victims	8
dispassionate	8
raillery	8
aids	8
twisting	8
flirting	8
twine	8
screams	8
sect	8
partisans	8
heroine	8
gratuitous	8
myriad	8
semi	8
merest	8
crammed	8
teasing	8
finery	8
elated	8
hack	8
possessor	8
reprehensible	8
persevered	8
pretension	8
elevate	8
bewitching	8
pleasantness	8
etiquette	8
manifold	8
vestibule	8
flown	8
unanswerable	8
subsisted	8
ostentatious	8
counterbalance	8
wounding	8
arrogance	8
dissipation	8
trunks	8
revealing	8
shifting	8
undeserving	8
enjoyments	8
commencement	8
alarms	8
paintings	8
bosoms	8
successively	8
proportionate	8
frailty	8
culprit	8
limped	8
riveted	8
flats	8
reviewed	8
fervor	8
partook	8
hissing	8
yah	8
scholars	8
kep	8
beggar	8
whosoever	8
shoved	8
jam	8
turnips	8
occupants	8
chemistry	8
gnawed	8
injudicious	8
indentures	8
intellects	8
illustrate	8
portal	8
clap	8
solve	8
toned	8
wreaths	8
futile	8
flip	8
midday	8
ushered	8
blundering	8
races	8
enterprising	8
shares	8
thames	8
plied	8
australia	8
forged	8
wildness	8
convulsive	8
blockhead	8
cupidity	8
gothic	8
diseased	8
hesitatingly	8
molly	8
sensitiveness	8
slavery	8
tempting	8
voted	8
acuteness	8
danish	8
ecclesiastical	8
studded	8
temperate	8
waive	8
yourn	8
intensified	8
distinguishable	8
grizzled	8
sentenced	8
breaths	8
toothpick	8
sneered	8
despairing	8
chips	8
shavings	8
breakers	8
anchors	8
charts	8
supplementary	8
indescribable	8
bandaged	8
horizontally	8
sitter	8
hempen	8
submissive	8
sitters	8
irresistibly	8
seaport	8
heedful	8
spaces	8
bravery	8
divested	8
unequivocal	8
preconceived	8
evince	8
convened	8
pamphlets	8
judiciously	8
endeavors	8
governing	8
succor	8
embarrassments	8
advert	8
grecian	8
leader	8
fallacy	8
colonial	8
progressive	8
weaken	8
flourished	8
practiced	8
conflicts	8
mercantile	8
statesmen	8
diffusive	8
delineated	8
importation	8
commensurate	8
disproportionate	8
residuary	8
violate	8
improperly	8
coequal	8
quickening	8
discriminate	8
creed	8
rotation	8
admissible	8
ingredient	8
turkish	8
armor	8
profane	8
properties	8
permanency	8
credulous	8
ceases	8
crude	8
disapproved	8
mclean	8
denote	8
treatise	8
sensuous	8
farms	8
monk	8
illusions	8
odor	8
schoolmaster	8
chiselled	8
battering	8
hop	8
persistently	8
authorship	8
santa	8
middlemarchers	8
dowager	8
wifely	8
mossy	8
evangelical	8
widening	8
chaplaincy	8
crops	8
plaits	8
slyly	8
voting	8
friendliness	8
sculpture	8
absorption	8
cameos	8
cadence	8
buoyant	8
draper	8
fringed	8
plash	8
cheerless	8
carp	8
kate	8
lipped	8
narrated	8
tumor	8
peru	8
tan	8
lilies	8
frick	8
wreath	8
thickness	8
dishonor	8
dominated	8
raving	8
hetty	8
rivet	8
dumplings	8
longstaple	8
kelso	8
loathed	8
smiting	8
singleton	8
socket	8
laboratory	8
splintered	8
akin	8
betokened	8
pillory	8
deacon	8
briar	8
unicorn	8
slipper	8
gazer	8
jib	8
spouter	8
chart	8
gam	8
squid	8
pliny	8
shoals	8
shrouds	8
perpendicularly	8
harpooned	8
colt	8
canoes	8
spears	8
bulkington	8
towed	8
joppa	8
sag	8
obliquely	8
typhoon	8
taffrail	8
leviathanic	8
huzza	8
vial	8
measureless	8
waif	8
canallers	8
hatchway	8
bowsman	8
mayhew	8
vertebr	8
spinal	8
vishnoo	8
sneezes	8
provost	7
zom	7
parker	7
david	7
suderman	7
tho	7
littleton	7
peck	7
gallons	7
malt	7
confederates	7
verify	7
vouchsafed	7
jacques	7
sieurs	7
seconded	7
tomson	7
persists	7
impudent	7
rents	7
cancelled	7
learns	7
victualling	7
rehearsal	7
unpaid	7
straitly	7
affirming	7
whereat	7
importunity	7
wretches	7
sluyce	7
hoys	7
hound	7
wast	7
erred	7
spark	7
persevere	7
reinforce	7
meaneth	7
complains	7
sed	7
deplore	7
overcharged	7
angleterre	7
dire	7
avec	7
leur	7
ou	7
elle	7
adventurer	7
mal	7
undoing	7
sconces	7
ditches	7
craving	7
abraham	7
dec	7
coleman	7
resteth	7
underhand	7
proportionably	7
whomsoever	7
extraordinarily	7
equals	7
seeketh	7
entitle	7
pallant	7
grenier	7
lamenting	7
provident	7
kindle	7
avaricious	7
drowning	7
enjoined	7
adherents	7
unlooked	7
sakes	7
mightiest	7
potentate	7
alienate	7
misliking	7
investigated	7
motley	7
enclose	7
digest	7
nobleman	7
revocation	7
sometime	7
messieurs	7
ante	7
reserving	7
contradictions	7
seeth	7
slowness	7
disprove	7
imputations	7
spends	7
repine	7
interpreter	7
fared	7
casimir	7
hungary	7
presses	7
encroach	7
conjuncture	7
loaves	7
prolonging	7
tolerated	7
unfurnished	7
choke	7
walloon	7
randall	7
wynox	7
pension	7
ordinances	7
majesties	7
salutations	7
shamefully	7
prevents	7
wight	7
plentiful	7
wonted	7
perused	7
mutable	7
guillaume	7
exacted	7
shortness	7
christ	7
amounted	7
frize	7
bonne	7
boasting	7
reap	7
expel	7
peradventure	7
dilatory	7
protests	7
espouse	7
disdained	7
waggons	7
willughbie	7
substitution	7
commodious	7
employs	7
robbing	7
augusta	7
sharpest	7
deliberated	7
envoy	7
quote	7
merchandise	7
impaired	7
devising	7
annoying	7
advertising	7
reservations	7
roughly	7
stevens	7
extant	7
caesar	7
dismissing	7
prohibit	7
equipage	7
civilians	7
eel	7
hundredth	7
camphyer	7
hen	7
lx	7
courageous	7
dangerously	7
reserves	7
anyways	7
requesting	7
levies	7
appetites	7
sentinels	7
affrighted	7
mainly	7
dismissal	7
crest	7
romish	7
reconciling	7
bake	7
quay	7
forwarded	7
sedition	7
lessened	7
droop	7
subvert	7
excusing	7
reg	7
fraught	7
dislikes	7
drums	7
investing	7
flint	7
exceeds	7
boroughs	7
ancients	7
executioner	7
spurned	7
sceptre	7
helps	7
drift	7
discomfort	7
cession	7
fulfilling	7
starved	7
signifying	7
responding	7
tape	7
acquiesce	7
lii	7
liii	7
lv	7
lvii	7
lviii	7
lix	7
combustion	7
readers	7
investigate	7
historian	7
surgeons	7
umbrellas	7
crust	7
foggy	7
fenced	7
interminable	7
tripping	7
issues	7
murky	7
chancellors	7
proclaim	7
rafters	7
lowness	7
peerage	7
shading	7
dreariness	7
scornfully	7
boarder	7
fervently	7
mellow	7
greenleaf	7
proudest	7
decanter	7
bookcase	7
snuffers	7
ingenuous	7
trimmed	7
courtly	7
merged	7
railings	7
pattens	7
slippers	7
dictating	7
candlestick	7
inky	7
knelt	7
crumbs	7
vehicles	7
tighter	7
thoughtlessness	7
bower	7
christening	7
roasted	7
garret	7
relapsing	7
misgivings	7
scents	7
metropolis	7
waggon	7
tucked	7
counterpart	7
beaming	7
ruddy	7
disappearing	7
unmindful	7
accompaniment	7
attainments	7
cheated	7
slower	7
brambles	7
disparage	7
barren	7
livelier	7
turkey	7
cleaned	7
canary	7
swarthy	7
expanding	7
inclines	7
accompanies	7
recovers	7
anecdote	7
martyr	7
hip	7
repulsed	7
glimmered	7
imperceptibly	7
museum	7
reassured	7
filing	7
dilapidated	7
digging	7
canvassing	7
fervid	7
chairman	7
gusher	7
discoverable	7
witnessing	7
underwent	7
farthest	7
scarred	7
firelight	7
stalwart	7
fullness	7
outlive	7
gunpowder	7
unimaginable	7
smoothing	7
presumptuous	7
glossy	7
tartar	7
sharpening	7
failings	7
liquors	7
mildest	7
shrine	7
slighting	7
disagreeably	7
misplaced	7
rubber	7
peffer	7
courtiers	7
shrunken	7
hovers	7
subterranean	7
implements	7
insurmountable	7
peg	7
plaintiffs	7
filthy	7
hallo	7
irresolute	7
nimrod	7
concludes	7
trembles	7
unpleasantness	7
remnant	7
reaction	7
belt	7
availed	7
tunnel	7
slimy	7
communicates	7
statues	7
inanimate	7
boredom	7
inexpressible	7
tamed	7
convivial	7
arrayed	7
chamberlain	7
patterns	7
ministry	7
shipwrecked	7
heirs	7
undressed	7
fragment	7
deity	7
profited	7
tumbler	7
nautical	7
manhood	7
satirical	7
justifying	7
skylight	7
ribbon	7
surpassed	7
incensed	7
degenerated	7
implicitly	7
chilled	7
mightn	7
caged	7
watchfulness	7
prepossessing	7
unpopular	7
wicket	7
ally	7
vaults	7
alternating	7
betrays	7
friction	7
geological	7
ruling	7
unvarying	7
wakeful	7
stitches	7
estranged	7
experimental	7
heedless	7
unreason	7
bean	7
impenetrable	7
errands	7
trotting	7
cherry	7
escorted	7
milton	7
ramble	7
outskirts	7
plantation	7
shaved	7
fountains	7
nile	7
prowling	7
urn	7
purchasing	7
denomination	7
napkin	7
piling	7
flights	7
factory	7
ud	7
ineffable	7
bids	7
stumbled	7
hugging	7
invests	7
emblem	7
cigar	7
tumblers	7
retreats	7
weird	7
smokes	7
soiled	7
marrow	7
hams	7
smouldering	7
tasting	7
establishes	7
hooks	7
bartholomew	7
smack	7
infantine	7
mumbling	7
modelled	7
killer	7
powerless	7
chip	7
completing	7
broadsword	7
scold	7
tremulously	7
parental	7
snatches	7
twinkle	7
placidly	7
obliges	7
intentionally	7
tunes	7
rogue	7
sports	7
tack	7
mattress	7
dines	7
lurk	7
whistles	7
conflicting	7
polluted	7
nurses	7
consolatory	7
delivers	7
whistling	7
delusive	7
ensure	7
voluminous	7
chatty	7
veteran	7
beguiled	7
colourless	7
unthought	7
customers	7
bygone	7
replete	7
plucking	7
oily	7
paw	7
manifestation	7
hitting	7
tradesman	7
vultures	7
petrified	7
cowards	7
scrambled	7
hob	7
earnings	7
engages	7
jerked	7
sprightly	7
peacefully	7
snarling	7
unlocks	7
mint	7
compulsion	7
famed	7
pouch	7
bluffy	7
bassoon	7
artifice	7
vocal	7
hosts	7
magnificence	7
catechism	7
fraud	7
ankle	7
senator	7
doggedly	7
zest	7
bores	7
eart	7
unscrupulous	7
knotted	7
pat	7
inexpressibly	7
wail	7
accede	7
patched	7
berryin	7
methodically	7
oblivious	7
kiln	7
spoons	7
allured	7
prospered	7
snuffed	7
clogged	7
tankard	7
hypothesis	7
vase	7
balancing	7
steeped	7
intemperate	7
missile	7
scholarly	7
crook	7
matured	7
reluctantly	7
straightforward	7
surveyed	7
toe	7
derision	7
tactics	7
almanac	7
clifford	7
millstone	7
bitten	7
extinction	7
dessert	7
beamed	7
congratulation	7
dimmed	7
renown	7
aspire	7
reins	7
freshly	7
indefinable	7
grip	7
thankless	7
dispensing	7
contentions	7
marbles	7
faltering	7
windy	7
smarting	7
raps	7
embodied	7
inhabitant	7
inventory	7
pantaloons	7
pistols	7
sofas	7
implicit	7
atom	7
mentally	7
pursuance	7
wire	7
peach	7
hymn	7
unpretending	7
exultingly	7
dungeon	7
analysis	7
uglier	7
bruise	7
curve	7
throng	7
reposing	7
deviation	7
compromised	7
skeletons	7
ethereal	7
spiders	7
imparts	7
handcuffs	7
astonish	7
extricate	7
ominous	7
lanterns	7
musty	7
dreading	7
bother	7
cooks	7
immeasurable	7
forbids	7
impede	7
symmetrical	7
persuasively	7
controlling	7
indistinctly	7
humorously	7
confounding	7
furiously	7
liberally	7
sneering	7
yore	7
forgave	7
warehouses	7
perturbed	7
ajar	7
churning	7
mishap	7
obtruding	7
mounds	7
accents	7
perversion	7
remiss	7
enviable	7
sooty	7
products	7
concentrating	7
bait	7
recreation	7
efficacious	7
vacancy	7
novels	7
assiduous	7
critics	7
cynical	7
gravest	7
unsuccessful	7
acutely	7
shocks	7
prig	7
mien	7
piqued	7
cheapside	7
syllables	7
adhered	7
beneficence	7
heiress	7
resides	7
authoritative	7
veracity	7
overspread	7
sanctioned	7
grosvenor	7
waived	7
attributing	7
banish	7
rapturously	7
interruptions	7
minutest	7
characterize	7
incredulity	7
cambridge	7
scrupled	7
flirt	7
indispensably	7
nicest	7
meanest	7
emptiness	7
consoled	7
diffuse	7
superseded	7
fluctuating	7
indolence	7
slit	7
irregularity	7
dispirited	7
breakfasted	7
severest	7
chattered	7
redness	7
madman	7
boil	7
haze	7
tablecloth	7
betters	7
omnipotent	7
bellows	7
gasped	7
erudition	7
jacks	7
rocked	7
tangled	7
vanquished	7
raymond	7
groped	7
seconds	7
dexterous	7
junction	7
appalled	7
ostentatiously	7
ounce	7
bullied	7
journeyman	7
filed	7
concurred	7
rippling	7
waiving	7
moth	7
mithter	7
beheaded	7
strenuous	7
showy	7
grinder	7
spat	7
cork	7
tipped	7
comprising	7
gerrard	7
overhearing	7
circumstanced	7
seared	7
serpent	7
adoring	7
perceptibly	7
actor	7
turnkey	7
finch	7
responsibilities	7
trading	7
participate	7
risked	7
pursuers	7
snapping	7
agen	7
thrush	7
heath	7
imperative	7
vibrated	7
heartless	7
sadder	7
curses	7
parentage	7
vividness	7
tithe	7
bloated	7
unbounded	7
legacies	7
squires	7
toiling	7
irrevocable	7
site	7
jay	7
efficiency	7
convictions	7
compacts	7
fisheries	7
continental	7
contests	7
spheres	7
rivalships	7
pique	7
plainest	7
supplanted	7
culpable	7
illicit	7
delinquencies	7
problematical	7
insular	7
favored	7
sciences	7
revolve	7
dilemma	7
insuperable	7
improbably	7
attainable	7
consonant	7
inverted	7
democratic	7
cherishing	7
relaxation	7
immunities	7
narrowed	7
multiplicity	7
futurity	7
asia	7
indubitable	7
rivalship	7
opulent	7
conducive	7
burdens	7
consolations	7
sophistry	7
mimic	7
fabric	7
achaean	7
nugatory	7
barons	7
similitude	7
greeks	7
christianity	7
inordinate	7
repugnancy	7
proportional	7
valuation	7
determinable	7
interdiction	7
ottoman	7
antecedent	7
uncontrollable	7
authorizes	7
colors	7
vesting	7
tying	7
weaver	7
predicted	7
incompetent	7
ministerial	7
strictness	7
rigor	7
germ	7
redeemed	7
subsistence	7
recurrence	7
subduing	7
improbability	7
scrupulously	7
ascribe	7
multitudinous	7
incurring	7
divides	7
cabal	7
assaults	7
annihilated	7
stigma	7
fletcher	7
glowed	7
tissues	7
tapestry	7
yoked	7
prospective	7
lazarus	7
pigsty	7
staccato	7
adorable	7
relenting	7
cedar	7
absently	7
philanthropic	7
microscope	7
adorn	7
forked	7
slim	7
dubious	7
vatican	7
hospitals	7
valleys	7
ruminating	7
intuitions	7
dictionary	7
bowyer	7
chime	7
botolph	7
loftiest	7
fable	7
securely	7
prophets	7
joyously	7
longitude	7
directness	7
saddest	7
heroism	7
rejoinder	7
houndsley	7
yo	7
tortoise	7
unconquerable	7
recoil	7
outdoor	7
cope	7
pans	7
prescriptions	7
bulky	7
keck	7
brand	7
straightened	7
quivered	7
rumor	7
baltic	7
superstitions	7
disreputable	7
railways	7
onset	7
riverston	7
browed	7
arrows	7
trance	7
cream	7
ants	7
cooler	7
sensual	7
oneself	7
foretell	7
gossips	7
knightleys	7
spruce	7
turnip	7
chatter	7
landau	7
bragge	7
gipsies	7
sucklings	7
cowper	7
sinned	7
enquire	7
countless	7
conduit	7
tragedies	7
deformed	7
mocked	7
romeo	7
weave	7
reminiscences	7
musk	7
ruff	7
coil	7
embalmed	7
hissed	7
manse	7
sam	7
shipmaster	7
torments	7
heathenish	7
gripe	7
swarming	7
mayest	7
sayest	7
isolated	7
outlandish	7
circumference	7
fiends	7
leapt	7
rampion	7
pitchpoling	7
rachel	7
bottomless	7
arctic	7
andes	7
porpoises	7
infidel	7
cable	7
tarshish	7
truck	7
vineyard	7
splice	7
doubloons	7
coiling	7
macey	7
hatch	7
fluke	7
flanks	7
equatorial	7
woof	7
technically	7
spiracle	7
dey	7
unctuous	7
feeder	7
yarman	7
spoutings	7
enderby	7
lbs	7
borlas	6
lieth	6
aerssens	6
wilford	6
edmond	6
sydney	6
briel	6
collated	6
valcke	6
disperse	6
reckonings	6
purposed	6
dyer	6
aggrieved	6
consciences	6
advises	6
canterbury	6
particularity	6
alva	6
arches	6
penned	6
chef	6
conveniency	6
discontents	6
woo	6
flags	6
lillo	6
cables	6
boors	6
mentions	6
remedied	6
seigneur	6
inflicting	6
burgomasters	6
hereinclosed	6
prefers	6
ostende	6
partridge	6
excesses	6
prest	6
principals	6
aremberghe	6
mon	6
mis	6
oranges	6
breda	6
ny	6
une	6
thereafter	6
middelborch	6
computation	6
sal	6
gunners	6
pelting	6
behoves	6
pacify	6
comm	6
diminishing	6
notify	6
countenanced	6
coster	6
belike	6
superficially	6
gall	6
scluse	6
whensoever	6
medenblicke	6
marvellously	6
depose	6
victualled	6
revolted	6
councillors	6
friseland	6
furthered	6
discontentment	6
loath	6
conditioned	6
willowbie	6
richardotte	6
saluted	6
discreetly	6
ramekins	6
impositions	6
bruited	6
peaceably	6
premeditated	6
rehearsed	6
ad	6
herring	6
rainy	6
saxony	6
refractory	6
extinguish	6
protestations	6
reformation	6
lessening	6
blocked	6
quod	6
mansfeld	6
discoursing	6
manchester	6
remaineth	6
bertie	6
reparation	6
confederated	6
importuned	6
requireth	6
tractable	6
partialities	6
planting	6
requisition	6
firstly	6
fortresses	6
backwardness	6
enforcing	6
ramparts	6
meetest	6
appertaining	6
circumspect	6
uphold	6
intermeddle	6
traitor	6
specify	6
heusden	6
agreements	6
philippe	6
conventions	6
contrariwise	6
dearth	6
lighten	6
armuy	6
defrayed	6
commissary	6
breedeth	6
unjustly	6
banishment	6
reputations	6
disorderly	6
avow	6
ordinarily	6
wrest	6
respite	6
dom	6
pr	6
uvedall	6
disgraces	6
newcastle	6
infected	6
hatton	6
carefulness	6
blameable	6
maybe	6
indifferently	6
jars	6
pedigree	6
oddo	6
facto	6
wingfeild	6
infectious	6
groningen	6
lisbon	6
sown	6
jointly	6
standstill	6
reprimand	6
beginnings	6
stumble	6
straws	6
contingent	6
unique	6
intreat	6
redressed	6
promptitude	6
bout	6
appreciated	6
assign	6
reposed	6
displaced	6
counterpoise	6
bewitched	6
repugnant	6
ing	6
languishing	6
cleverly	6
rebellions	6
tenement	6
voiced	6
peremptorily	6
executors	6
proviso	6
confessions	6
severed	6
expiration	6
insinuating	6
overcast	6
prophesy	6
nightly	6
mourn	6
sects	6
divulged	6
shortest	6
delegates	6
shortened	6
harbour	6
thundered	6
petitioner	6
carts	6
almans	6
villainous	6
proximity	6
pamphlet	6
breeds	6
carpenters	6
chivalry	6
trusty	6
converting	6
mills	6
normal	6
sufferable	6
depository	6
appropriations	6
obstructed	6
salaries	6
tyrant	6
lxi	6
immaculate	6
renowned	6
dentist	6
inveterate	6
accumulating	6
tiers	6
prentice	6
floundering	6
solicitors	6
injunctions	6
deterred	6
crumb	6
sonorous	6
mortality	6
pleasantry	6
tickled	6
lapsed	6
rip	6
crows	6
mightier	6
courted	6
freezing	6
equanimity	6
perfections	6
fern	6
gaiters	6
sparkle	6
manufacturers	6
wat	6
talisman	6
examines	6
swoon	6
dolly	6
ticked	6
clasp	6
petting	6
cuffs	6
wrap	6
plum	6
dial	6
twins	6
nook	6
berry	6
conduce	6
pinafore	6
diminutive	6
frayed	6
tallow	6
circulated	6
knob	6
wells	6
bandage	6
carpets	6
committees	6
knobs	6
stains	6
shawls	6
ashy	6
spectre	6
snugly	6
naturedly	6
soda	6
inscriptions	6
engrossing	6
fantastically	6
stateliness	6
grub	6
rambled	6
perspiration	6
precincts	6
tinkling	6
evasions	6
canter	6
barking	6
tiles	6
glazed	6
trout	6
cocked	6
inaptitude	6
tropical	6
wither	6
prostrate	6
penniless	6
sixpences	6
petulant	6
liveliest	6
dissent	6
crippled	6
paddock	6
welcoming	6
buzzing	6
embodiment	6
sealing	6
legatees	6
cobweb	6
rapacious	6
volubility	6
widows	6
extorted	6
interchanged	6
expert	6
pastry	6
pools	6
gentlefolks	6
auditors	6
gentler	6
afternoons	6
grinding	6
reverting	6
blackest	6
prepossession	6
atoms	6
hopped	6
lucifers	6
pounce	6
inclining	6
clump	6
meekness	6
inspiring	6
squint	6
privations	6
bat	6
poetical	6
sparrows	6
slap	6
reservoir	6
adjusts	6
combing	6
distraction	6
chewing	6
peeps	6
patchwork	6
ticking	6
rattles	6
drooped	6
noticeable	6
lithe	6
auspicious	6
depravity	6
characterizes	6
zenith	6
settles	6
beholds	6
painters	6
demonstrations	6
flare	6
animate	6
effusions	6
alights	6
fry	6
gloved	6
thrilling	6
pervade	6
dandyism	6
dandy	6
pea	6
poodle	6
glows	6
panelled	6
creeps	6
oddly	6
counteracted	6
respond	6
exhaustion	6
twelfth	6
timbers	6
tut	6
borrioboolan	6
sponge	6
widower	6
agitate	6
elbowed	6
hummed	6
conscientiously	6
sainted	6
enhanced	6
bewildering	6
fag	6
puddings	6
chuckle	6
plunder	6
jargon	6
indiscriminate	6
flabby	6
hammering	6
melody	6
hushing	6
bustling	6
sucked	6
monopoly	6
usefully	6
darts	6
spasmodically	6
puzzling	6
whips	6
notices	6
uncertainties	6
junk	6
lucrative	6
kerrig	6
treasured	6
oddest	6
indelicate	6
peaches	6
dismounted	6
roadside	6
clusters	6
comely	6
ripening	6
disused	6
sentry	6
smock	6
verdant	6
vanities	6
haughtiness	6
vigour	6
explosion	6
betook	6
stems	6
clustered	6
abated	6
bronze	6
tremendously	6
withering	6
aggravation	6
pastoral	6
contemplative	6
twists	6
buttered	6
debtor	6
fourpence	6
suppressing	6
invites	6
bondage	6
chick	6
paradox	6
fossil	6
rumbling	6
vegetables	6
remonstrates	6
sew	6
discomfiture	6
teacups	6
implicated	6
scraping	6
bowled	6
edifying	6
tributary	6
gulp	6
moustache	6
absorb	6
bosh	6
utters	6
smash	6
eyelashes	6
unfathomable	6
terrier	6
lair	6
afflictions	6
contraction	6
frugal	6
drudge	6
concentrate	6
bursts	6
jest	6
bland	6
brimmed	6
creaking	6
outcast	6
unpleasantly	6
obtrusive	6
loosened	6
contentedly	6
saucer	6
reconcilable	6
halt	6
stroking	6
pronounces	6
dares	6
commence	6
freckled	6
orchestra	6
partaking	6
nettled	6
listless	6
landmarks	6
motioned	6
honouring	6
compunction	6
falters	6
tombs	6
collateral	6
nurtured	6
inventions	6
accumulate	6
firewood	6
aches	6
talkative	6
declaratory	6
splash	6
cramped	6
overhung	6
hoarsely	6
evading	6
unavailing	6
delirious	6
roam	6
inmate	6
sickened	6
acre	6
applause	6
mantelshelf	6
sash	6
monomania	6
bogsby	6
corroborated	6
policemen	6
externally	6
morose	6
mogul	6
grandchildren	6
jurisprudence	6
brilliantly	6
expressively	6
assenting	6
muscle	6
abyss	6
helplessness	6
strung	6
starry	6
perverted	6
fitfully	6
respectably	6
diversified	6
elapse	6
chilling	6
grubble	6
worldliness	6
melodious	6
mistrusted	6
dyed	6
bribed	6
taunton	6
overpowering	6
telescope	6
quadrille	6
impossibilities	6
teachers	6
jackets	6
admissions	6
misses	6
stipulate	6
diary	6
substances	6
impalpable	6
intrude	6
cavern	6
stealthy	6
bribery	6
supplication	6
ledge	6
deservedly	6
digger	6
unfold	6
skipping	6
foreigner	6
meditate	6
inclusive	6
expansion	6
unforeseen	6
cigars	6
footstool	6
journeying	6
vindicated	6
luxuriant	6
connecting	6
prediction	6
exhaust	6
avert	6
connivance	6
ascertaining	6
reassuring	6
thinner	6
cubic	6
hoarding	6
unfortnet	6
awaits	6
divan	6
amazingly	6
smoky	6
superfluity	6
thickest	6
trimmings	6
foliage	6
magnificently	6
unchangeable	6
fringe	6
dome	6
accomplishing	6
imaginable	6
overcoming	6
collectively	6
clings	6
claps	6
celebrate	6
amiably	6
impolitic	6
pickled	6
assemblage	6
armorial	6
girdled	6
vindicate	6
interrupting	6
palpably	6
disclosures	6
beckoning	6
detecting	6
transparency	6
extort	6
scowl	6
superb	6
jupiter	6
railroad	6
rustle	6
tantamount	6
whirled	6
infirm	6
moan	6
nooks	6
expeditiously	6
soles	6
toughey	6
denotes	6
explored	6
unerring	6
vogue	6
mechanic	6
thawed	6
crevice	6
contrition	6
averse	6
undefined	6
endowment	6
swart	6
bubbling	6
tested	6
inherit	6
surround	6
elasticity	6
articulate	6
autumnal	6
crazed	6
unconsciousness	6
artifices	6
priority	6
completeness	6
insipid	6
fielding	6
advent	6
puppets	6
oblique	6
classical	6
realism	6
bingleys	6
heroines	6
ostentation	6
teased	6
archly	6
colds	6
disliking	6
yawned	6
parishioners	6
illiterate	6
disrespect	6
similarity	6
dismission	6
evade	6
combated	6
slacken	6
coincide	6
pigs	6
foretold	6
strenuously	6
sallied	6
collinses	6
prudential	6
officious	6
misrepresentation	6
grieving	6
luncheon	6
mismanagement	6
cautiousness	6
clamorous	6
curricle	6
venting	6
engross	6
hysterics	6
philosophic	6
explicitly	6
cambric	6
noblest	6
saucy	6
irremediable	6
tempers	6
trifled	6
unabated	6
comparisons	6
knit	6
grazed	6
resorting	6
solved	6
praising	6
illnesses	6
howled	6
sauce	6
stipulated	6
diverged	6
annoyances	6
insane	6
exaltation	6
butts	6
grocer	6
brew	6
pills	6
rampage	6
buckle	6
slapped	6
beetles	6
volatile	6
stabbing	6
torrent	6
impostor	6
abject	6
tract	6
fetters	6
rogues	6
sewed	6
untoward	6
stipulations	6
fortun	6
demonstrated	6
gentry	6
ascent	6
gypsy	6
indisputable	6
riotous	6
tusks	6
simplest	6
geographical	6
coiler	6
leaps	6
obstructions	6
razor	6
drawbridge	6
scraped	6
decanters	6
incongruity	6
creamy	6
sap	6
loitered	6
barrow	6
funereal	6
loathing	6
sauntered	6
finches	6
copious	6
blurred	6
undesirable	6
brandley	6
theology	6
shrieked	6
fainting	6
rubies	6
testament	6
sketched	6
particle	6
jackknife	6
wedge	6
thieving	6
measles	6
divinely	6
builders	6
hulls	6
mountainous	6
whimple	6
slighter	6
disaster	6
limekiln	6
tiled	6
bethinking	6
imperceptible	6
gull	6
paddles	6
forfeiture	6
exile	6
wellington	6
auction	6
emolument	6
indiscriminately	6
dismemberment	6
publications	6
fertile	6
perpetuate	6
reprobation	6
violations	6
combining	6
circumscribed	6
competitions	6
determinations	6
fallible	6
arbiter	6
motto	6
overmatch	6
revolutions	6
pervert	6
corresponds	6
jurisdictions	6
obviated	6
trample	6
subservient	6
labored	6
fluctuations	6
erie	6
equilibrium	6
rashly	6
aliens	6
numbered	6
laboring	6
adopting	6
instructive	6
orbs	6
predilection	6
styled	6
instrumentality	6
lust	6
uninteresting	6
historians	6
transmitted	6
usurpers	6
emperors	6
fifteenth	6
ban	6
presides	6
ejaculation	6
subtleties	6
privation	6
fatally	6
savor	6
expound	6
augmentations	6
colorable	6
clamor	6
preclude	6
apprise	6
marched	6
eighth	6
affectedly	6
constructions	6
infringed	6
disadvantageous	6
illimitable	6
versions	6
inviolable	6
volition	6
distinctive	6
innovation	6
offense	6
citizenship	6
attainder	6
inserting	6
coalition	6
magical	6
secondary	6
impious	6
epic	6
outset	6
confining	6
epochs	6
mutability	6
blend	6
intermixture	6
outweigh	6
ostensible	6
prodigy	6
essays	6
problems	6
pascal	6
lausanne	6
insistence	6
fasting	6
amethysts	6
henrietta	6
mutely	6
agricultural	6
wordsworth	6
naive	6
bachelors	6
condense	6
braided	6
vistas	6
scripture	6
maltese	6
lovegood	6
squirrel	6
dimness	6
transfigured	6
toy	6
guttural	6
socially	6
wraps	6
whigs	6
lens	6
reveals	6
pastures	6
odorous	6
stag	6
alms	6
youngster	6
julia	6
rocky	6
schoolroom	6
dimpling	6
fluent	6
bluntly	6
tolerance	6
replacing	6
chalky	6
rivalry	6
poisoning	6
musicians	6
poise	6
divinity	6
oftenest	6
tenacity	6
caresses	6
champagne	6
antiquities	6
wedged	6
exhilarating	6
classification	6
unchecked	6
bounded	6
perceptions	6
wagon	6
infrequent	6
beliefs	6
lashes	6
sipping	6
longings	6
scandals	6
stepson	6
surmised	6
striven	6
portents	6
grampus	6
cheers	6
gamesome	6
fa	6
drain	6
trampling	6
mermaid	6
numberless	6
insurance	6
villa	6
rumpelstiltskin	6
grating	6
unbearable	6
glorified	6
alertness	6
variously	6
wrapt	6
standers	6
chancing	6
abhorred	6
unobtrusive	6
whitwell	6
bathed	6
dorsetshire	6
bartlett	6
cigarettes	6
wakened	6
elaborately	6
individuality	6
torpid	6
nimbly	6
slay	6
splinters	6
vigil	6
schooner	6
stripes	6
sire	6
subtile	6
noontide	6
worshipful	6
jailer	6
requital	6
emigrants	6
capering	6
hieroglyphics	6
grimms	6
grimm	6
korbes	6
knowall	6
jogged	6
turtle	6
forester	6
stepmother	6
tablet	6
clack	6
wert	6
unharmed	6
stromberg	6
spouted	6
prairies	6
remorseless	6
sumatra	6
czar	6
tattooing	6
resurrection	6
brawny	6
scud	6
axis	6
nineveh	6
heeded	6
pagans	6
header	6
handspikes	6
archipelagoes	6
alabama	6
tube	6
girth	6
uprising	6
maul	6
foremast	6
frigate	6
tahiti	6
soundings	6
cabaco	6
shuttle	6
loggerhead	6
chocks	6
sunda	6
bouton	6
corpusants	6
ding	6
loosen	5
pierce	5
sept	5
brett	5
vavasour	5
hender	5
errington	5
wheat	5
freight	5
leoninus	5
hap	5
provisionally	5
allegations	5
propounding	5
spoils	5
overtures	5
particularities	5
rancy	5
slenderly	5
sells	5
framing	5
sar	5
sconce	5
demi	5
limiting	5
denies	5
aremberg	5
chevalier	5
fiscal	5
chiefest	5
middelbourg	5
therefrom	5
greetings	5
compassed	5
electing	5
dissolving	5
catched	5
plotted	5
colston	5
lengthy	5
reprisals	5
galleys	5
dutifully	5
milan	5
luxembourg	5
solicitations	5
nostre	5
vostre	5
yorke	5
surest	5
pyn	5
antico	5
passports	5
ser	5
yesternight	5
writeth	5
darby	5
fittest	5
forego	5
usurp	5
qy	5
warwick	5
terveere	5
champigny	5
madrid	5
ayant	5
veritable	5
cette	5
avois	5
pres	5
faict	5
alonso	5
staggering	5
healed	5
andrew	5
freebooters	5
lacks	5
corrupting	5
enhancing	5
alienated	5
proffer	5
decipher	5
defending	5
underwritten	5
schedule	5
ambroise	5
ducq	5
ende	5
pieter	5
shrewdly	5
swine	5
wrongfully	5
oft	5
crabs	5
reunion	5
severally	5
depute	5
di	5
anglico	5
shifts	5
buck	5
spilt	5
persecuted	5
emulation	5
pawn	5
causeth	5
dykes	5
nun	5
convoy	5
zealously	5
specifying	5
prouder	5
concurring	5
quocunque	5
citadel	5
libel	5
maliciously	5
hangings	5
molested	5
repelling	5
threatens	5
maximilian	5
via	5
forwarding	5
wrongly	5
esteems	5
bruits	5
relies	5
scarecrow	5
booty	5
della	5
pretends	5
octavio	5
luna	5
pensioners	5
anno	5
unsatisfied	5
defences	5
concerneth	5
briell	5
borough	5
fortification	5
receipts	5
dismayed	5
assail	5
plums	5
terrifies	5
dates	5
ob	5
challenged	5
unions	5
inducing	5
renovation	5
despaired	5
desperado	5
resigning	5
fourthly	5
mauris	5
equip	5
appoints	5
mustard	5
debased	5
dikes	5
petitioned	5
tempore	5
omers	5
invective	5
scottish	5
hawks	5
seasoned	5
erroneously	5
da	5
aut	5
ciphers	5
quail	5
distract	5
emboldened	5
spreads	5
launching	5
needy	5
cordage	5
precipitate	5
shunned	5
lineage	5
purge	5
retarded	5
gellee	5
packets	5
parliaments	5
cadiz	5
mustered	5
generals	5
harden	5
blavoet	5
havens	5
gunner	5
taketh	5
mansfield	5
medicis	5
lewis	5
jehan	5
wade	5
upheld	5
holden	5
warden	5
arenberghe	5
shirts	5
cloaks	5
bravest	5
appertaineth	5
universities	5
lawfully	5
proceedeth	5
accusers	5
effectively	5
seasonable	5
notification	5
witted	5
sallies	5
exhorting	5
conformed	5
commendations	5
sped	5
burly	5
soever	5
erecting	5
testimonial	5
ratifying	5
funerals	5
dismembered	5
indebtedness	5
submits	5
prospero	5
hulst	5
lovingly	5
depriving	5
protector	5
brag	5
westmorland	5
imitate	5
bornstra	5
dierick	5
bourboroughe	5
largeness	5
cavil	5
disparagement	5
grievously	5
bax	5
armata	5
deplored	5
dealers	5
rein	5
faire	5
donne	5
entrances	5
prefixed	5
pertains	5
enfeebled	5
values	5
thwart	5
befriend	5
enrolled	5
murders	5
vouchsafe	5
encamped	5
subtly	5
invading	5
enclosures	5
narrowness	5
warlike	5
pardoned	5
covenant	5
impair	5
potentates	5
environs	5
turks	5
converts	5
reiterated	5
investment	5
sentinel	5
justifies	5
credulity	5
export	5
merchantmen	5
ulster	5
runaway	5
collectors	5
bulls	5
wheresoever	5
admirals	5
kinsmen	5
loans	5
follower	5
intents	5
deponent	5
distaste	5
newer	5
creator	5
tyrants	5
naturalization	5
transporting	5
petitions	5
magnanimity	5
canada	5
verona	5
ignorantly	5
mire	5
deposits	5
pestilent	5
horsehair	5
yawning	5
surviving	5
executor	5
deliriously	5
legendary	5
writhed	5
evasion	5
latterly	5
dexterously	5
spits	5
jeweller	5
soaked	5
rabbits	5
littleness	5
frill	5
trophies	5
caprices	5
dancer	5
prostration	5
monotony	5
motioning	5
brighten	5
lectures	5
clicked	5
relent	5
thaw	5
broomstick	5
floored	5
boarders	5
curtsying	5
chatted	5
oblong	5
snuffing	5
overturned	5
pouting	5
forewarned	5
relapsed	5
asses	5
inconsistencies	5
humouring	5
unloading	5
rapt	5
parapet	5
storing	5
package	5
chess	5
ached	5
trappings	5
silvered	5
coaxed	5
bountiful	5
halls	5
bamboo	5
cellars	5
enchanting	5
snort	5
unselfish	5
bygones	5
grated	5
hounds	5
birch	5
gnaw	5
stoops	5
bowls	5
bereft	5
schoolboy	5
constructing	5
inconsolable	5
lamed	5
deepening	5
installed	5
unaffectedly	5
rails	5
crutches	5
wiglomeration	5
eightpence	5
superannuated	5
evenly	5
yell	5
visaged	5
sham	5
unnaturally	5
lounged	5
vortex	5
conciliatory	5
wholesale	5
demure	5
buoyancy	5
superlative	5
consummate	5
vibrate	5
summits	5
necked	5
hazarding	5
lilac	5
neckerchief	5
carve	5
unsuccessfully	5
wafers	5
sheriff	5
backyard	5
raphael	5
staircases	5
swoop	5
awakening	5
unprofitable	5
disappears	5
pulls	5
forensic	5
shovel	5
expands	5
snarls	5
veils	5
fumes	5
embers	5
hurries	5
bystanders	5
propitiation	5
tickets	5
vocalist	5
shutter	5
jurymen	5
circulates	5
straggling	5
hangman	5
pervades	5
pathetically	5
avenging	5
civilization	5
approvingly	5
centaurs	5
sooth	5
mound	5
aslant	5
hotels	5
declines	5
profuse	5
beckons	5
forefingers	5
dimpled	5
confirms	5
surpassing	5
pours	5
comprehends	5
levelling	5
bailey	5
mischance	5
gipsy	5
engendered	5
healing	5
vestry	5
formalities	5
upholsterer	5
daytime	5
summing	5
estimating	5
goblet	5
raked	5
laura	5
consigned	5
conditional	5
resounding	5
poised	5
inheriting	5
perpetuated	5
speculate	5
bah	5
flour	5
excitable	5
expansive	5
boisterous	5
alley	5
caressing	5
chafed	5
quarrelsome	5
irascible	5
rhetoric	5
strips	5
vermin	5
reef	5
foaming	5
fights	5
veiled	5
inkwhich	5
recoiling	5
shrinks	5
thrusts	5
fidgety	5
tasks	5
students	5
refreshments	5
jocosely	5
slumbers	5
unheeded	5
widowed	5
ancestor	5
waywardness	5
anomalous	5
luxuries	5
abeyance	5
postponed	5
spire	5
effigy	5
baffled	5
slopes	5
uncovered	5
maturity	5
pods	5
scare	5
evoked	5
dialogues	5
torrid	5
sultry	5
staved	5
discomposure	5
stools	5
javelin	5
peeled	5
britannia	5
roaming	5
gravesend	5
dullness	5
verbally	5
persecutors	5
amen	5
churned	5
oratory	5
descends	5
thoroughfare	5
woeful	5
sov	5
wale	5
pleads	5
transferring	5
slouch	5
profiting	5
soaring	5
blackfriars	5
patronized	5
fetches	5
bang	5
bouncing	5
beans	5
superadded	5
stretches	5
manger	5
compelling	5
shorn	5
stupor	5
staggers	5
glee	5
incommoded	5
destinies	5
entrapped	5
trivets	5
kettles	5
roasting	5
poked	5
sharer	5
cricket	5
enchanter	5
saucers	5
suggestive	5
resentful	5
secures	5
cubs	5
incautiously	5
impotent	5
strangle	5
unrelieved	5
astley	5
laity	5
uncomfortably	5
assents	5
chisel	5
concourse	5
yelling	5
fresher	5
gownd	5
removes	5
intensest	5
servility	5
film	5
grovelling	5
conjure	5
reddened	5
mace	5
asperity	5
ungovernable	5
chadbands	5
grunt	5
bestows	5
flocks	5
lured	5
suns	5
battered	5
castor	5
remorseful	5
callous	5
diver	5
shouldering	5
anythink	5
illustrative	5
tosses	5
overshadowed	5
vindictiveness	5
collapse	5
shapeless	5
pokes	5
pestilence	5
cartridge	5
appendages	5
monosyllable	5
manifesting	5
mince	5
splashing	5
tanned	5
briton	5
antediluvian	5
refine	5
inaudible	5
desultory	5
chronic	5
floodgates	5
represents	5
repellent	5
circling	5
rainbow	5
imperiously	5
supercilious	5
recited	5
weltering	5
outfit	5
mane	5
wisk	5
outrageous	5
singularity	5
kilns	5
froze	5
shuffled	5
almshouses	5
wanderings	5
restlessly	5
hazy	5
candlelight	5
meshes	5
concerted	5
patrons	5
indoors	5
wipes	5
fuming	5
pushes	5
noodles	5
agonizing	5
creak	5
leering	5
cinder	5
transpired	5
concerts	5
jocose	5
outcry	5
conspiring	5
restorative	5
crumble	5
yells	5
wrinkle	5
intimates	5
rim	5
tenacious	5
referable	5
capacious	5
flapping	5
perches	5
gathers	5
lurch	5
relaxing	5
rigidity	5
jocularity	5
threading	5
inaction	5
beads	5
delicacies	5
distantly	5
vows	5
waned	5
keepsake	5
debtors	5
incoherence	5
mercifully	5
tantalizing	5
sturdy	5
incoherent	5
obdurate	5
visitation	5
patriarchal	5
dewy	5
gatherer	5
glassy	5
hedgerows	5
befriended	5
meritorious	5
recounted	5
queerest	5
dowdy	5
unspeakably	5
facilities	5
coherent	5
grumble	5
entrusted	5
behoof	5
recalls	5
antagonist	5
frontispiece	5
snowed	5
hearthstone	5
astounded	5
bathe	5
hues	5
frightfully	5
nape	5
cousinly	5
fler	5
mercuries	5
nymph	5
subsiding	5
subside	5
corridor	5
recognizes	5
hypothetical	5
exactness	5
woodland	5
grandest	5
unshaken	5
chaste	5
gardeners	5
emerald	5
encounters	5
wishful	5
blanks	5
reasonableness	5
dagger	5
clenching	5
footprints	5
cushions	5
volunteered	5
amiability	5
urbanity	5
reconsideration	5
indefinitely	5
pimples	5
stalked	5
recognizing	5
alleviated	5
slime	5
rotted	5
allus	5
shivers	5
distances	5
wonderingly	5
sanity	5
sinks	5
conductor	5
relapse	5
signing	5
dreamily	5
upstart	5
sulks	5
unimportant	5
responsive	5
blacker	5
apologizing	5
stacks	5
multitudes	5
orthodox	5
acquiring	5
earthquakes	5
processes	5
twinkling	5
wiolinceller	5
harmonious	5
complies	5
coaching	5
divest	5
wilder	5
winded	5
escapes	5
outraged	5
atrocious	5
levels	5
sympathetically	5
hopelessness	5
grades	5
mourner	5
hardihood	5
posting	5
ails	5
mourned	5
attacking	5
decrepit	5
paralysis	5
empowered	5
chivalrous	5
eddying	5
dogged	5
snowing	5
ploughed	5
fainted	5
galloped	5
meridian	5
insinuated	5
deaden	5
undiminished	5
meekly	5
portico	5
strewed	5
disregarding	5
audibly	5
fronts	5
drenched	5
dank	5
thistles	5
devolved	5
bandages	5
incarnation	5
exulting	5
locality	5
lavished	5
dreamer	5
mausoleum	5
owl	5
housed	5
threes	5
mazes	5
hampered	5
addison	5
genus	5
subdivisions	5
eighteenth	5
metaphor	5
independently	5
metaphysics	5
tints	5
climax	5
obeisance	5
scarcity	5
sprained	5
pliancy	5
unaware	5
insipidity	5
slightingly	5
hating	5
horsewoman	5
uncles	5
disarm	5
abominably	5
vouch	5
misunderstand	5
pompous	5
bequest	5
unguarded	5
resentments	5
inmates	5
enumerating	5
perforce	5
surmount	5
hauteur	5
blaming	5
exhibiting	5
abound	5
desponding	5
bewailed	5
deduced	5
incivility	5
duplicity	5
absurdities	5
indelicacy	5
laurel	5
sideboard	5
performer	5
behaves	5
fingering	5
exasperate	5
infliction	5
predominance	5
mediocrity	5
affronted	5
allayed	5
encumbrance	5
luckless	5
uncontrolled	5
censured	5
deter	5
adieus	5
conjugal	5
illiberal	5
overspreading	5
satisfactions	5
livery	5
petulance	5
saloon	5
pyramids	5
criticisms	5
decency	5
blacken	5
curiosities	5
copse	5
admittance	5
decked	5
generously	5
dupe	5
irreproachable	5
withstood	5
widger	5
pirrip	5
partickler	5
eluding	5
collision	5
warmint	5
fetter	5
robbery	5
pitcher	5
clustering	5
villains	5
livid	5
cowardly	5
circumstantial	5
raking	5
sagaciously	5
shopman	5
sup	5
reproachfully	5
knaves	5
punishments	5
fishy	5
rumination	5
totter	5
paroxysm	5
insect	5
din	5
inflammatory	5
vacantly	5
teapot	5
eddies	5
realisation	5
vine	5
avenge	5
gore	5
wrenching	5
cleopatra	5
aspiring	5
toasting	5
ricks	5
barnwell	5
assailant	5
reappearance	5
competency	5
recognise	5
obscurely	5
gallon	5
officiating	5
briskness	5
smithfield	5
jig	5
makeshift	5
guillotine	5
dolefully	5
wreak	5
imbued	5
ungainly	5
unsuited	5
apologised	5
spices	5
thumbs	5
insured	5
shod	5
overlooking	5
wailing	5
tripped	5
belinda	5
architecture	5
acquirements	5
handles	5
sophia	5
poising	5
thicker	5
gang	5
tightened	5
witches	5
entreatingly	5
sinews	5
hauling	5
compromising	5
providentially	5
highway	5
tendons	5
devoutly	5
dryly	5
mutter	5
committal	5
abased	5
wriggling	5
disputing	5
ophelia	5
bust	5
concrete	5
facetious	5
cruet	5
conflagration	5
moses	5
slab	5
felony	5
chirping	5
wrecks	5
toasted	5
blasts	5
voyager	5
furrowed	5
portsmouth	5
dilated	5
solution	5
surplus	5
chained	5
chopping	5
edging	5
enrich	5
snares	5
gushed	5
butchers	5
torch	5
evasively	5
adverted	5
loin	5
towering	5
boatswain	5
complexioned	5
thunderbolts	5
fatigues	5
acquittal	5
vestige	5
sling	5
relax	5
freak	5
steamers	5
tilting	5
exhausting	5
freshened	5
stagnation	5
tilt	5
scourge	5
harassed	5
temperature	5
roundabout	5
natur	5
undivided	5
saddened	5
justness	5
declamations	5
soils	5
inauspicious	5
favors	5
cultivate	5
discordant	5
creates	5
intermissions	5
addicted	5
axiom	5
plutarch	5
marlborough	5
fruitful	5
operating	5
obstruct	5
victories	5
inroads	5
necessitated	5
fleeting	5
endowments	5
refuted	5
infatuated	5
abridgment	5
violating	5
unsteadiness	5
destroying	5
durable	5
legislators	5
delegation	5
depredations	5
impracticability	5
availing	5
freer	5
palliate	5
accommodations	5
overrule	5
inculcated	5
understandings	5
precipice	5
incorporate	5
decrees	5
experiencing	5
signals	5
plausibility	5
levity	5
conjunctures	5
vassals	5
incorporation	5
amphictyonic	5
athenians	5
apollo	5
lycurgus	5
insidious	5
charlemagne	5
eleventh	5
component	5
swiss	5
accommodating	5
hanover	5
animadversion	5
misapprehension	5
montgomery	5
eventual	5
economical	5
enumerate	5
hindering	5
judicatories	5
valor	5
inaccuracy	5
comprehensiveness	5
maladies	5
posse	5
enact	5
paradoxes	5
sustains	5
obligatory	5
mathematics	5
negation	5
ordinate	5
poorest	5
acres	5
landholder	5
ambiguous	5
complexity	5
inadmissible	5
perfidious	5
barbarians	5
felonies	5
inconveniency	5
immoderate	5
mathematical	5
dissimilarity	5
inexcusable	5
dissenting	5
systematically	5
intrepid	5
charter	5
ineligible	5
septennial	5
controls	5
contested	5
negroes	5
albany	5
senatorial	5
orator	5
futility	5
transform	5
lawless	5
amenable	5
differs	5
convening	5
commentaries	5
dictator	5
unattainable	5
risking	5
judicature	5
blamable	5
interpreting	5
diplomatic	5
probates	5
professedly	5
insincerity	5
eliot	5
theresa	5
subtler	5
locke	5
markedly	5
cantering	5
nag	5
wilberforce	5
moles	5
effectiveness	5
mythical	5
measurable	5
interpretations	5
budding	5
completest	5
egyptians	5
jarred	5
capability	5
devotedness	5
consecration	5
jonas	5
fitchett	5
infusion	5
whig	5
pinkerton	5
speechifying	5
keenness	5
freaks	5
bough	5
sportsman	5
classics	5
persistence	5
evergreens	5
spirituality	5
doses	5
bumpkin	5
dimmer	5
nullify	5
unfailing	5
beholder	5
imogen	5
homestead	5
waules	5
outlet	5
swerving	5
sprig	5
labels	5
fevers	5
medlicote	5
naturalist	5
evangelists	5
churchman	5
demise	5
doted	5
firmer	5
settler	5
frustration	5
seer	5
commonness	5
experimenting	5
frogs	5
virgins	5
scanning	5
erudite	5
rev	5
hobby	5
napoleon	5
blinking	5
oncoming	5
calmer	5
moodiness	5
processions	5
flexible	5
casaubons	5
hearer	5
worshipper	5
longs	5
negations	5
vet	5
impelling	5
prophecies	5
concentric	5
adroitly	5
flirted	5
wonderment	5
logs	5
chuckled	5
chettams	5
venom	5
legatee	5
hyena	5
deliverer	5
flooded	5
braids	5
hopkins	5
innate	5
emissary	5
antipathy	5
dante	5
quill	5
peddling	5
wag	5
worthies	5
violin	5
hev	5
rinform	5
humoredly	5
tufted	5
mincing	5
wrapping	5
predominating	5
sweeter	5
receding	5
prestige	5
vesalius	5
shun	5
smite	5
unfairly	5
competence	5
stalk	5
socks	5
unobstructed	5
doctrinal	5
farebrothers	5
summers	5
agencies	5
spying	5
magnet	5
ugliest	5
dolphin	5
kell	5
chewed	5
reptile	5
dominate	5
moisture	5
transgressed	5
maimed	5
incarnate	5
apprehensiveness	5
hysterical	5
faithless	5
decently	5
chusing	5
quarto	5
bateses	5
flurry	5
coxes	5
hodges	5
gilbert	5
ballroom	5
otway	5
owning	5
unsuspected	5
forebodings	5
enquiries	5
climbing	5
tattered	5
betty	5
dawlish	5
donavan	5
expatiate	5
sheath	5
grasshopper	5
tasselled	5
masterpiece	5
flowerlike	5
buzzed	5
quiver	5
slanting	5
dartmoor	5
devereux	5
seething	5
orchids	5
rosalind	5
uncivilized	5
glistened	5
sulphur	5
instincts	5
webster	5
hideousness	5
aromatic	5
turbaned	5
tawny	5
slew	5
humped	5
jagged	5
inlaid	5
burnished	5
ruxton	5
monmouth	5
malays	5
waning	5
thitherward	5
cub	5
quakers	5
hued	5
decapitated	5
pitiless	5
thronged	5
behooves	5
sacredness	5
remorselessly	5
fantasy	5
witchcraft	5
handfuls	5
untutored	5
heavenward	5
conjoined	5
tellest	5
dell	5
berries	5
storied	5
cliffs	5
wheelbarrow	5
seam	5
lightnings	5
greenwood	5
havoc	5
wares	5
begone	5
grete	5
castaway	5
promontory	5
spitzbergen	5
chace	5
trucks	5
surf	5
euroclydon	5
climes	5
iceberg	5
anchored	5
goin	5
revelry	5
bedfellow	5
tropic	5
yarns	5
billow	5
rearing	5
washington	5
cosy	5
hosea	5
slabs	5
marchant	5
transom	5
hav	5
harbors	5
revolved	5
tierce	5
headsmen	5
antarctic	5
navies	5
islanders	5
dismasted	5
linn	5
vertical	5
designated	5
belshazzar	5
dents	5
tash	5
squalls	5
groves	5
stun	5
goney	5
archy	5
undeviating	5
zodiac	5
intolerably	5
langsdorff	5
loomed	5
vengeful	5
manilla	5
hindoo	5
vapory	5
critters	5
unconditional	5
oakum	5
cavity	5
jungfrau	5
barb	5
mincer	5
tranquo	5
tranque	5
casembroot	4
footband	4
aug	4
baskerville	4
powell	4
monthly	4
chr	4
oats	4
herrings	4
soundest	4
wherewithal	4
briars	4
reciprocally	4
reigneth	4
scudamore	4
wronging	4
ferrara	4
duchy	4
allows	4
jean	4
countersigned	4
informations	4
proportionately	4
malcontents	4
prounincq	4
sa	4
majest	4
jamys	4
victuallers	4
tuns	4
hotman	4
wilkes	4
meurs	4
transportation	4
middelborough	4
implore	4
faille	4
aldegonde	4
praiseworthy	4
bounty	4
lorraine	4
alsace	4
chateau	4
witholding	4
defeats	4
conseil	4
superscription	4
conferences	4
el	4
ferdinand	4
supped	4
worcum	4
chimay	4
bostock	4
herman	4
disarmed	4
plat	4
devastation	4
beggars	4
shameless	4
graveling	4
lieutenants	4
gelders	4
overissel	4
revenged	4
fait	4
monseigneur	4
mais	4
espagnols	4
quand	4
donn	4
commandeur	4
avoir	4
lui	4
ceux	4
tel	4
heut	4
car	4
ont	4
correspondences	4
puis	4
vie	4
nos	4
encore	4
grieves	4
confusions	4
lovell	4
mowris	4
counselled	4
mediator	4
soonest	4
giles	4
harbours	4
stivers	4
rated	4
nourishing	4
worthiness	4
worded	4
looketh	4
rychert	4
roels	4
esq	4
knollis	4
aground	4
weakening	4
foster	4
platt	4
wolves	4
haye	4
ruining	4
huisden	4
warrantable	4
prevention	4
ministered	4
armuye	4
guerre	4
rigour	4
incommodious	4
encloses	4
memoirs	4
frizeland	4
brederode	4
exhorted	4
stephens	4
mothe	4
readier	4
unseemly	4
norrys	4
edw	4
bedchamber	4
cosmo	4
enquiring	4
carlo	4
mischievously	4
enriched	4
countenancing	4
negotiate	4
neuter	4
lunched	4
mm	4
truce	4
geneva	4
tickle	4
assignment	4
invincible	4
surpasses	4
intendeth	4
shots	4
redeeming	4
experimented	4
followeth	4
offenders	4
procrastination	4
quid	4
accords	4
basta	4
hannibal	4
comp	4
trains	4
amaze	4
nieuport	4
draweth	4
antiquo	4
burghe	4
digested	4
cicell	4
despatches	4
commandments	4
arenbergh	4
authorise	4
decays	4
arrests	4
flexibility	4
falleth	4
credible	4
throughly	4
seaward	4
dissolute	4
overseer	4
abstracts	4
sluices	4
irresolution	4
forsaking	4
altezza	4
forwardness	4
zeelanders	4
guiltless	4
placard	4
entice	4
medemblicq	4
storehouse	4
exhort	4
discords	4
unserviceable	4
baptista	4
oostende	4
propos	4
dean	4
rochester	4
scribbled	4
hereunto	4
parte	4
sua	4
hazards	4
unworthiness	4
mo	4
adolf	4
instigation	4
placards	4
unworthily	4
arctioris	4
scot	4
confesses	4
punishing	4
piteously	4
christopher	4
flissingues	4
castles	4
nowise	4
croftes	4
expostulation	4
conspiracies	4
conspirators	4
untainted	4
disquieted	4
ch	4
ferdinando	4
reconcilement	4
kindnesses	4
conformably	4
signatures	4
deprivation	4
ducats	4
terra	4
francisco	4
allegation	4
advisedly	4
contagious	4
tacitly	4
sores	4
perusing	4
doubteth	4
doer	4
graynier	4
borborow	4
pacified	4
burborowe	4
worships	4
idem	4
ammunition	4
navigable	4
wingefield	4
exiled	4
facile	4
arrear	4
envelop	4
edinburgh	4
naples	4
inclosed	4
methought	4
slanderous	4
amicable	4
gertruydenberghe	4
regained	4
mendoza	4
undeceive	4
sever	4
meetkerke	4
ult	4
prizes	4
crafty	4
progenitors	4
irritate	4
pacifying	4
patrimony	4
prostitute	4
mistrusting	4
hazardous	4
disagreements	4
avons	4
ourself	4
commissioner	4
tost	4
displace	4
thouraise	4
dutchman	4
por	4
listed	4
altercation	4
languish	4
rightfully	4
enlighten	4
antony	4
wooing	4
tenable	4
hitherward	4
uselessly	4
suffices	4
unthankful	4
maintains	4
utrick	4
scouts	4
informer	4
atheism	4
harmed	4
shirte	4
afterward	4
displacing	4
capts	4
impiety	4
refugees	4
cheques	4
perfected	4
behindhand	4
expelled	4
delighting	4
massacre	4
accomplices	4
incense	4
arrears	4
evoke	4
omnibus	4
disservice	4
atoned	4
pestilential	4
lucid	4
treads	4
groine	4
descry	4
abate	4
trustworthy	4
interim	4
pollard	4
remonstrant	4
abiding	4
gen	4
correspondents	4
vindicating	4
avenged	4
civilian	4
detract	4
amplified	4
temporal	4
constraining	4
indecent	4
hugh	4
symbols	4
porte	4
welch	4
causeway	4
taxing	4
commendable	4
effecting	4
impel	4
abolishing	4
suspending	4
legislate	4
dickens	4
lxii	4
lxiii	4
lxiv	4
lxv	4
lxvi	4
lxvii	4
chronicled	4
professors	4
contenting	4
drunkard	4
waddling	4
drizzle	4
tenaciously	4
brigs	4
looming	4
hoary	4
affidavits	4
padded	4
lunatic	4
peer	4
impaling	4
slides	4
vanishes	4
miry	4
foreground	4
flagged	4
groomed	4
eke	4
glades	4
dressmaker	4
callings	4
hooking	4
jewellers	4
sheen	4
sladdery	4
librarian	4
tyler	4
interrupts	4
stitched	4
badness	4
sinfulness	4
neckcloth	4
wrapper	4
livers	4
instruct	4
darkest	4
inexpressive	4
colonnade	4
philanthropists	4
jellybys	4
stifle	4
jaded	4
niger	4
succeeds	4
extensively	4
smoothness	4
opportunely	4
wick	4
evenness	4
applications	4
passively	4
colonists	4
circulars	4
puss	4
smearing	4
geography	4
overnight	4
epithet	4
curtsied	4
disowned	4
labelled	4
huddled	4
gnarled	4
tresses	4
suavity	4
chocolate	4
feigning	4
rascals	4
namesake	4
barnet	4
steaming	4
demonstrative	4
intuitive	4
rheumatism	4
easterly	4
whimsical	4
lovable	4
cornered	4
brocade	4
abounded	4
jingle	4
guileless	4
bunches	4
bleed	4
frankest	4
aprons	4
overhanging	4
hilarious	4
bowers	4
violoncello	4
enthralled	4
gruffly	4
quarterly	4
perplexing	4
renouncing	4
childishness	4
depreciate	4
stalking	4
roan	4
wistfully	4
kennel	4
pattering	4
reposes	4
torchlight	4
shyer	4
dismisses	4
greedily	4
leagued	4
morbury	4
balustrade	4
pickles	4
preserves	4
drone	4
rotting	4
peeling	4
rhyme	4
wordy	4
impassioned	4
polling	4
egbert	4
threepence	4
baleful	4
confusing	4
inured	4
banked	4
inexorable	4
robinson	4
harum	4
scarum	4
parenthesis	4
misdirected	4
volley	4
lucifer	4
gentlest	4
lusty	4
guaranteed	4
interferes	4
penton	4
chord	4
blotting	4
wreathed	4
revisit	4
invisibly	4
internally	4
juice	4
sheepskin	4
tooting	4
manages	4
lounge	4
ceilings	4
balustrades	4
deferentially	4
vampire	4
finishes	4
conducts	4
furtively	4
parlours	4
spelt	4
paupers	4
sawdust	4
garland	4
gums	4
insists	4
sich	4
strains	4
pauper	4
abomination	4
boastful	4
brittle	4
scattering	4
ancestral	4
athwart	4
rend	4
clipped	4
gusty	4
sighs	4
ape	4
rooks	4
panel	4
avignon	4
puppet	4
simpering	4
hunts	4
quenched	4
swooning	4
towelling	4
foodle	4
noodle	4
retinue	4
crease	4
asserts	4
traceable	4
furs	4
worshippers	4
steadier	4
adapt	4
embarrassing	4
gaieties	4
guitar	4
bespeaks	4
traversing	4
consign	4
dustman	4
presentable	4
decorations	4
tumbles	4
tremblingly	4
mews	4
whites	4
condescendingly	4
fencing	4
informant	4
leniently	4
lingers	4
imbue	4
wooman	4
kensington	4
gammon	4
weathercock	4
medley	4
slyness	4
scan	4
deranged	4
windmill	4
ecstasies	4
notoriety	4
overwhelming	4
sledge	4
chafing	4
patting	4
lodgers	4
workers	4
strife	4
patrician	4
swarm	4
settlers	4
traditional	4
unfamiliar	4
goaded	4
scamper	4
mouthfuls	4
drizzly	4
deftly	4
winder	4
devious	4
gaming	4
purser	4
contradicting	4
figurative	4
swab	4
edifices	4
countenances	4
magnify	4
bard	4
coachmen	4
stiffness	4
wooded	4
symmetrically	4
ripened	4
nets	4
cucumbers	4
vegetable	4
garlands	4
aggression	4
blushingly	4
gouty	4
watchfully	4
patronize	4
cosmopolitan	4
plantations	4
ooze	4
bushel	4
petticoats	4
buckler	4
switzerland	4
chaff	4
constantinople	4
palladium	4
canals	4
ramsgate	4
strand	4
parsley	4
announces	4
admonitory	4
grimy	4
cautioned	4
passionless	4
dun	4
drains	4
hapless	4
partaken	4
thrive	4
meats	4
baking	4
gnawing	4
violet	4
penknife	4
lobster	4
reclines	4
waitress	4
seductive	4
polly	4
babel	4
snail	4
enlisting	4
fixture	4
trenchant	4
shrugging	4
pawnbroker	4
trump	4
smacking	4
purposeless	4
pats	4
drunkenness	4
contemplates	4
dwells	4
begat	4
discarded	4
connects	4
drat	4
attired	4
spangled	4
arranges	4
scrapes	4
loiter	4
twitching	4
jade	4
magpie	4
dwindled	4
snappish	4
whew	4
middling	4
sizes	4
leer	4
toad	4
smartly	4
subsides	4
belongings	4
chary	4
exasperation	4
metallic	4
waterloo	4
decides	4
feats	4
condescends	4
targets	4
target	4
consistently	4
retention	4
mattresses	4
flings	4
alleys	4
heaves	4
counters	4
unsettle	4
devotedly	4
resplendent	4
munificent	4
gloomier	4
forlornly	4
sorting	4
overflows	4
irradiated	4
liverpool	4
espied	4
sidling	4
intruder	4
sofy	4
garters	4
examinations	4
hardening	4
labourer	4
forfeits	4
starred	4
moons	4
dab	4
searches	4
dwellings	4
trampled	4
compilers	4
swindlers	4
chested	4
requisites	4
sidle	4
elevates	4
novelties	4
bile	4
denoting	4
throttled	4
fungus	4
ugh	4
breathlessly	4
husky	4
retains	4
economically	4
combed	4
assiduity	4
slapping	4
barrack	4
rampart	4
saves	4
ablutions	4
insinuate	4
fumbling	4
growls	4
trail	4
shabbily	4
feasts	4
cousinship	4
paralysed	4
prot	4
anomaly	4
performs	4
elms	4
educate	4
unblemished	4
mistresses	4
gilding	4
dryer	4
moorish	4
distraught	4
discomfited	4
glitter	4
startle	4
welsh	4
highland	4
introductions	4
teller	4
bankruptcy	4
familiarized	4
commencing	4
milliner	4
duets	4
cheaply	4
saucepan	4
nutshells	4
unmarried	4
awry	4
emancipation	4
transports	4
ballad	4
apropos	4
vacated	4
kneeled	4
casements	4
entanglement	4
ambush	4
sentimentally	4
melvilleson	4
unrequited	4
knack	4
noiselessly	4
sickening	4
washes	4
crumbled	4
bloodshot	4
apoplectic	4
croaking	4
respiration	4
pelt	4
undertaker	4
perplex	4
bayonet	4
wicker	4
kicks	4
dragoon	4
knocker	4
resentfully	4
inflexibility	4
arraying	4
embellished	4
survivors	4
preserver	4
vocabulary	4
remotely	4
overflowed	4
watcher	4
dens	4
grammatical	4
pumpkin	4
inspiriting	4
nymphs	4
brightens	4
sparkles	4
fickle	4
bounding	4
peal	4
gauzy	4
coughed	4
repudiate	4
retrospect	4
inscribed	4
blinks	4
belated	4
turnings	4
unhesitatingly	4
makers	4
champions	4
fixes	4
unclean	4
unsullied	4
lank	4
necessitates	4
oppressor	4
roamed	4
snarl	4
reverberating	4
needing	4
bedrooms	4
menacing	4
screened	4
tradespeople	4
inconstant	4
damaging	4
obliterated	4
firmest	4
combines	4
gaudy	4
undulations	4
goats	4
pavements	4
railing	4
ironically	4
pertinacious	4
unworldly	4
papered	4
captivated	4
nests	4
unpersuadable	4
airily	4
surprises	4
sojourn	4
enhance	4
descriptive	4
staving	4
indiaman	4
feasible	4
despondent	4
dilating	4
brutality	4
deeming	4
binds	4
dives	4
disable	4
questioner	4
somethink	4
dustn	4
featured	4
lambs	4
confoundedly	4
impetuosity	4
asylum	4
knowd	4
hallowed	4
coldest	4
darken	4
mansions	4
metals	4
incumbrance	4
revert	4
flaw	4
feasting	4
cookery	4
cleansing	4
cement	4
saws	4
unassisted	4
glide	4
righted	4
fretted	4
predominated	4
thinning	4
rover	4
wrinkling	4
infinity	4
desks	4
fittings	4
ordeal	4
demeanour	4
yawns	4
honoria	4
exordium	4
spasm	4
menace	4
murderess	4
eventful	4
dispenses	4
handkercher	4
snaps	4
graced	4
railroads	4
meteor	4
couples	4
torrents	4
paints	4
wringing	4
distractedly	4
vanishing	4
avoids	4
charmers	4
indicates	4
caravan	4
dashes	4
apoplexy	4
underground	4
purify	4
mouldering	4
sodden	4
surly	4
floundered	4
unceasingly	4
drivers	4
broiled	4
ridges	4
augur	4
divorce	4
opiate	4
inclement	4
dispel	4
unaltered	4
patrolling	4
eaves	4
elude	4
dawning	4
bustled	4
fade	4
designation	4
singed	4
unbolted	4
testator	4
boilers	4
coupling	4
aback	4
muslins	4
buoyed	4
admiringly	4
miserly	4
desisted	4
juggler	4
unborn	4
pecking	4
beaters	4
twos	4
masterpieces	4
minuteness	4
unamiable	4
mannered	4
ruthless	4
buff	4
cynicism	4
pettiness	4
historically	4
artfully	4
bully	4
dedication	4
rightful	4
deigned	4
overhear	4
inoffensive	4
symmetry	4
performers	4
lease	4
pies	4
prized	4
rashness	4
cheating	4
needlessly	4
influencing	4
injuring	4
wisher	4
gaped	4
suitableness	4
folios	4
seconding	4
muffin	4
dishonest	4
probity	4
stanzas	4
inspires	4
encroaching	4
outdone	4
canvassed	4
inventing	4
healthful	4
shopping	4
pales	4
guiding	4
overpower	4
trepidation	4
conciliating	4
dinnertime	4
cottagers	4
keener	4
impressing	4
groundwork	4
obtruded	4
younge	4
unfelt	4
increases	4
discreditable	4
overset	4
coarseness	4
heartedness	4
repining	4
authorizing	4
creative	4
agitations	4
improves	4
woody	4
lobby	4
glen	4
unpleasing	4
predominate	4
clapham	4
epsom	4
licentiousness	4
spiritless	4
requited	4
loser	4
impassable	4
confidante	4
abominate	4
undervalued	4
sedate	4
sportsmen	4
abhorrent	4
luckiest	4
allurements	4
obligingly	4
unexampled	4
doubtingly	4
overrated	4
tombstones	4
nettles	4
han	4
rains	4
beacon	4
sufferers	4
grab	4
ironed	4
jammed	4
elth	4
fished	4
mincemeat	4
earthenware	4
coarser	4
stakes	4
bites	4
crunching	4
reaping	4
monumental	4
flowered	4
penalties	4
juicy	4
irritably	4
sleeplessness	4
alarmingly	4
savory	4
appreciative	4
tool	4
taunting	4
venerated	4
baffle	4
joes	4
afeerd	4
mayn	4
jails	4
corduroys	4
inspected	4
hunch	4
draped	4
trinkets	4
waxwork	4
bawling	4
genteelly	4
vigils	4
bullying	4
reflectively	4
luminous	4
circulate	4
expounded	4
episode	4
plaintively	4
brooded	4
remoter	4
weedy	4
skipped	4
irrelevant	4
sanguinary	4
surroundings	4
stolidity	4
architect	4
pageant	4
pews	4
swindling	4
inexcusably	4
scorning	4
sirs	4
plumed	4
descrying	4
misrepresentations	4
cain	4
frenzy	4
reopened	4
cleverest	4
lustily	4
initial	4
incompetence	4
savagely	4
immeasurably	4
disaffection	4
confronting	4
cancel	4
sech	4
untasted	4
purposing	4
snorting	4
immensity	4
huskily	4
blacks	4
heightening	4
mildewed	4
dimples	4
covent	4
incoherently	4
wrestling	4
brewer	4
emptying	4
compress	4
idolized	4
hatched	4
waiters	4
plebeian	4
grindstone	4
comments	4
outbreak	4
nostril	4
dusting	4
amphibious	4
chasm	4
stinger	4
arbour	4
suspension	4
spanning	4
outright	4
festoon	4
metropolitan	4
pettishly	4
manufacture	4
knowingly	4
acid	4
stowed	4
conventional	4
aspirations	4
mop	4
incompatibility	4
congratulating	4
slung	4
strutting	4
invulnerable	4
bide	4
realise	4
contiguous	4
primeval	4
jewish	4
thankye	4
exhaled	4
summoning	4
habituated	4
themes	4
prescribing	4
unwittingly	4
breasted	4
buffaloes	4
consorted	4
blankness	4
dismally	4
flap	4
broker	4
pervaded	4
unfaithful	4
tatters	4
banners	4
cathedrals	4
quarry	4
dubiously	4
fangs	4
seafaring	4
transacted	4
vouchers	4
forsook	4
carted	4
chaffinch	4
forging	4
clubs	4
welled	4
bedridden	4
grog	4
unopened	4
eddy	4
credentials	4
irresponsible	4
mania	4
shrieking	4
furlongs	4
unprofessional	4
opportune	4
arabian	4
skilled	4
phases	4
meaner	4
coated	4
detestation	4
smuggling	4
licked	4
flatly	4
reaches	4
buoys	4
mastering	4
emigrant	4
shallows	4
oared	4
nearing	4
capsized	4
shaft	4
flowering	4
logical	4
downfall	4
mints	4
intolerant	4
votaries	4
tenets	4
precede	4
deluded	4
disposes	4
monarchs	4
monarchies	4
bounties	4
cabinets	4
pretenses	4
umpire	4
embroiled	4
operative	4
seduce	4
vermont	4
favorably	4
consumers	4
coincident	4
overrun	4
coextensive	4
insulated	4
integral	4
calms	4
militate	4
usurped	4
curing	4
opprobrium	4
democracies	4
varies	4
fostering	4
prohibitory	4
progression	4
prohibitions	4
impotence	4
concentred	4
ascendant	4
interwoven	4
contraband	4
treble	4
momentum	4
antidote	4
prevalence	4
degrade	4
decrease	4
discretionary	4
frail	4
inflame	4
presumable	4
populousness	4
disobedient	4
unsubstantial	4
unconstitutional	4
infect	4
wantonness	4
polity	4
amphictyons	4
sacrilegious	4
lacedaemonians	4
xerxes	4
abbe	4
egypt	4
syrian	4
germanic	4
colleges	4
stadtholder	4
unequivocally	4
subversive	4
counterbalanced	4
prevalency	4
radically	4
axioms	4
unconfined	4
clamors	4
incapacitated	4
rectify	4
deduce	4
insurgents	4
tumultuously	4
transforming	4
stride	4
fulfill	4
diverting	4
disquisitions	4
ethics	4
abstruse	4
fairness	4
unwarranted	4
empowers	4
insert	4
vented	4
annul	4
disproportion	4
exorbitant	4
subdivided	4
speakers	4
scanned	4
predetermined	4
gradations	4
indeterminate	4
crete	4
solon	4
discerns	4
revising	4
emit	4
withholding	4
designate	4
annapolis	4
recommendatory	4
marque	4
destroys	4
piracies	4
grade	4
supplemental	4
inconsiderately	4
vagabonds	4
casualty	4
comprises	4
inventors	4
indiscretion	4
fences	4
annulled	4
frustrating	4
resorted	4
overruled	4
critic	4
legislator	4
officio	4
founders	4
archives	4
alleviation	4
despots	4
plato	4
rigorously	4
pretexts	4
proverbial	4
estimates	4
exaggerating	4
counteracting	4
effaced	4
voters	4
ascendency	4
variable	4
tribunes	4
analogous	4
pristine	4
anti	4
verdicts	4
overbalanced	4
favoritism	4
progeny	4
asiatic	4
expire	4
precedes	4
misconception	4
epithets	4
tampered	4
pardons	4
collisions	4
resembles	4
transitory	4
adroit	4
veto	4
delude	4
avocation	4
virtual	4
ranked	4
bargains	4
marshalled	4
affixed	4
refutation	4
habeas	4
corpus	4
inhabit	4
indefiniteness	4
impressiveness	4
solicitudes	4
yearned	4
scholarship	4
pout	4
pier	4
emeralds	4
sockets	4
liret	4
gum	4
aroma	4
illuminate	4
peaked	4
contemporaries	4
conjectural	4
costumes	4
comparable	4
genuineness	4
cherub	4
jerusalem	4
romilly	4
initiation	4
peremptoriness	4
girlhood	4
impetus	4
cocks	4
intangible	4
earls	4
companionable	4
cuttle	4
methodistical	4
beneficed	4
baptism	4
sprinkling	4
abandonment	4
layman	4
clumps	4
covert	4
metaphors	4
goal	4
methodist	4
laxity	4
filigree	4
renfrew	4
protege	4
innkeeper	4
parallels	4
grilled	4
innuendo	4
chaucer	4
purplish	4
grimaces	4
senior	4
disobey	4
bulstrodes	4
outlook	4
unread	4
pharisee	4
awarded	4
reformer	4
cursing	4
flatteries	4
pursing	4
accrue	4
veined	4
playmate	4
mechanism	4
shapen	4
infecting	4
averages	4
discoverer	4
pathology	4
bichat	4
gauze	4
desirability	4
swerved	4
enshrined	4
epaulets	4
elegancies	4
landscapes	4
quadruped	4
amour	4
parishioner	4
arsenic	4
flavors	4
alternatives	4
unimpeachable	4
ariadne	4
susceptibilities	4
enigmatical	4
canopy	4
pearly	4
philistine	4
acquitting	4
sublimity	4
listlessness	4
helpmate	4
honeymoon	4
mobile	4
talons	4
fossils	4
queenly	4
duteous	4
planet	4
retract	4
deficit	4
sceptical	4
flatterer	4
deferring	4
contralto	4
cincinnatus	4
crane	4
ailment	4
dulled	4
ungentlemanly	4
taft	4
parable	4
jelly	4
pelisse	4
spiritually	4
foretaste	4
egoistic	4
archdeacon	4
outpouring	4
palate	4
innuendoes	4
magician	4
jovial	4
trouser	4
ironical	4
programme	4
handbills	4
quilt	4
suck	4
unfitting	4
saturnine	4
stinging	4
transplantation	4
gurgling	4
imitative	4
lends	4
halsell	4
quaintness	4
brougham	4
bagster	4
editor	4
ply	4
outlay	4
tories	4
rats	4
luxuriance	4
milking	4
backbone	4
phraseology	4
unlock	4
religions	4
flea	4
predictions	4
manliness	4
conquering	4
blent	4
mermaids	4
pore	4
tollers	4
charlatan	4
hesitations	4
hiss	4
broadly	4
waked	4
transplanted	4
righteousness	4
groans	4
anointed	4
cob	4
misdeeds	4
yankees	4
ogni	4
rudely	4
awaking	4
spokes	4
bragging	4
staves	4
timothy	4
disagreeables	4
brownie	4
nightingale	4
barked	4
sheaves	4
warbling	4
scriptural	4
marquee	4
blameworthy	4
reseated	4
abasement	4
automatically	4
inventive	4
streaked	4
sculptured	4
breakfasting	4
elusive	4
pincers	4
averting	4
bilkley	4
impenitent	4
phial	4
glazier	4
agonized	4
confidant	4
gayety	4
bunyan	4
vagrant	4
gamekeeper	4
prefigured	4
shrubberies	4
scramble	4
prodigies	4
richardson	4
na	4
mantelpiece	4
unbidden	4
charades	4
pert	4
poignant	4
freeze	4
chuses	4
dixons	4
mortify	4
pangs	4
mule	4
stokes	4
flourishes	4
sposo	4
dreamt	4
swisserland	4
reproaching	4
fagged	4
nervousness	4
annuities	4
affluence	4
gales	4
pointer	4
careys	4
showers	4
sashes	4
reaped	4
willoughbys	4
plagued	4
elliott	4
curacy	4
accelerate	4
rascally	4
ethical	4
clamped	4
narcissus	4
turquoise	4
recreate	4
lacquer	4
unspotted	4
orleans	4
medi	4
fermor	4
treadley	4
tulips	4
victoria	4
tawdry	4
palmy	4
doublet	4
turbid	4
psychology	4
isaacs	4
picturesqueness	4
berwick	4
egotism	4
turmoil	4
bleached	4
piazza	4
opal	4
tapestries	4
patti	4
gautier	4
raiment	4
hermit	4
symbolize	4
kneel	4
chopin	4
lamplight	4
carbuncles	4
layers	4
procopius	4
sicilian	4
crystals	4
dolphins	4
circus	4
handiwork	4
convulsively	4
contour	4
trailing	4
cleft	4
grinned	4
thousandth	4
chapman	4
ferrol	4
folk	4
cells	4
hawthorne	4
vignette	4
breastplate	4
brig	4
cargo	4
adown	4
vertically	4
snugness	4
tarpaulins	4
snore	4
whirlpool	4
unquestionable	4
jollity	4
maw	4
indestructible	4
scythe	4
evanescent	4
graveyard	4
stitch	4
noteworthy	4
bestirred	4
pines	4
deformity	4
writhing	4
agone	4
erring	4
bale	4
tension	4
averred	4
plaything	4
thresholds	4
elfish	4
charger	4
deacons	4
unsavory	4
morbidness	4
deadliest	4
enveloping	4
winthrop	4
awfulness	4
firmament	4
direst	4
apparelled	4
seemly	4
cruisers	4
beards	4
lees	4
undulating	4
callest	4
lookest	4
expiring	4
holiest	4
normalized	4
wilhelm	4
elves	4
roguery	4
jip	4
tu	4
snored	4
biggest	4
thunders	4
wrens	4
chandelier	4
kills	4
stepdaughter	4
sands	4
crabb	4
hoe	4
warriors	4
hurricane	4
specksnyder	4
arsacides	4
nuee	4
hugest	4
gills	4
iceland	4
colnett	4
cachalot	4
bennett	4
distended	4
interlude	4
patagonian	4
aboriginal	4
sloop	4
plug	4
limber	4
primal	4
meridians	4
headway	4
scalding	4
offing	4
sabbee	4
dented	4
unrecorded	4
feeds	4
reeling	4
paddle	4
mowers	4
punchbowl	4
bracing	4
lubber	4
capting	4
brine	4
vertebra	4
globular	4
dyspepsia	4
deuteronomy	4
locker	4
craven	4
regal	4
deeps	4
likened	4
generic	4
rounding	4
corporeal	4
grooves	4
scar	4
mizzen	4
wad	4
soliloquized	4
vapors	4
walrus	4
mealy	4
fishers	4
inert	4
ringed	4
mizen	4
crosswise	4
tropics	4
glued	4
visual	4
hearties	4
maelstrom	4
brimming	4
unsounded	4
predestinated	4
pagoda	4
manx	4
shirr	4
disasters	4
profundities	4
stagger	4
prometheus	4
russian	4
earthquake	4
propontis	4
atmospheric	4
whaleboats	4
ducking	4
rad	4
chicha	4
barricade	4
crescentic	4
andromeda	4
dromedary	4
garnery	4
becalmed	4
budge	4
jamming	4
tendinous	4
leaks	4
pleated	4
crater	4
pod	4
unctuousness	4
unmolested	4
swears	4
mounttop	4
arsacidean	4
tertiary	4
burtons	4
hearses	4
caulking	4
greffier	3
clarke	3
overleaf	3
champernon	3
amersford	3
bannister	3
officials	3
profitably	3
stipends	3
disburse	3
hogshead	3
leakage	3
mused	3
killegrew	3
puddle	3
loze	3
enquired	3
diffidences	3
joins	3
rembursed	3
revered	3
laurence	3
intercepting	3
jaques	3
misused	3
tediousness	3
olivares	3
peruse	3
reiterates	3
refuses	3
redemption	3
perrenot	3
artois	3
edict	3
anyway	3
bardesen	3
senoy	3
fares	3
gravelines	3
bishops	3
piques	3
hooke	3
valke	3
bannaster	3
skenk	3
sacked	3
ste	3
slanders	3
leonard	3
genoa	3
harass	3
incursions	3
ct	3
selon	3
apes	3
cypher	3
cum	3
estat	3
arc	3
amor	3
sino	3
mores	3
conwaye	3
wafted	3
armew	3
feasted	3
partridges	3
pottere	3
mutinied	3
groenvelt	3
kamminga	3
adjoined	3
lewd	3
lancashire	3
nouvelles	3
vers	3
cela	3
encor	3
persecute	3
commandement	3
estoient	3
noz	3
peu	3
ils	3
teste	3
tres	3
aucune	3
quelle	3
estant	3
toucher	3
propre	3
encores	3
ceste	3
coeur	3
beaucoup	3
passer	3
rien	3
attendre	3
royne	3
gens	3
tous	3
sont	3
monde	3
aux	3
seroit	3
mars	3
augmenting	3
waged	3
gelderland	3
medenblyck	3
troubleth	3
horne	3
procurement	3
avouch	3
verbatim	3
hage	3
referreth	3
lamentable	3
certifying	3
broached	3
venlo	3
wingefeild	3
imprested	3
theologians	3
capitulations	3
antonio	3
calumnies	3
waad	3
conjecturally	3
fowler	3
deport	3
calendared	3
ancaster	3
disband	3
tat	3
disbursements	3
defalcations	3
hunte	3
gueldre	3
carsillis	3
vanden	3
furred	3
credibly	3
affirmeth	3
sheltering	3
worketh	3
willemstadt	3
burgher	3
acquainting	3
compels	3
molest	3
quo	3
comings	3
nedl	3
courtesies	3
ceremoniously	3
neuport	3
medenblik	3
delaying	3
partaker	3
berg	3
undertakes	3
correspondency	3
translate	3
strengthens	3
toys	3
presumes	3
incorrect	3
sig	3
obviating	3
belgio	3
carrieth	3
bloodshed	3
quoting	3
locum	3
loca	3
contra	3
jus	3
nihil	3
builded	3
horace	3
sedan	3
arming	3
sweden	3
meredith	3
algernon	3
essayed	3
rudder	3
contravene	3
effectuate	3
miscarry	3
mislikes	3
parapets	3
malefactors	3
sithence	3
barlamont	3
manriques	3
regts	3
coradin	3
carondelet	3
discoursed	3
northumberland	3
aggravate	3
responce	3
estats	3
valck	3
censors	3
hagh	3
dict	3
snoye	3
insinuation	3
disclaiming	3
tompson	3
decreed	3
drafts	3
zoome	3
practises	3
disloyal	3
rembursement	3
cavilling	3
testimonials	3
fines	3
occurrents	3
colloquies	3
alteze	3
realms	3
imprudently	3
una	3
norfolk	3
eaton	3
callis	3
treasuries	3
brunt	3
platforms	3
dweller	3
brugys	3
advices	3
angliae	3
greyhounds	3
requite	3
emden	3
tractaturi	3
furthering	3
ut	3
verbis	3
straitened	3
pensionary	3
getruidenbergh	3
knollys	3
lambert	3
gertruidenberg	3
hawking	3
squadron	3
pleaseth	3
junius	3
embassy	3
conspired	3
saviour	3
willers	3
wastes	3
fulford	3
piped	3
mutinous	3
robin	3
brazil	3
exploits	3
negotiated	3
presidents	3
hereto	3
peoples	3
insertions	3
postiles	3
disjoin	3
pliant	3
showeth	3
catholics	3
discontentments	3
bringeth	3
demerit	3
answereth	3
castilliano	3
jovanni	3
savoy	3
noircarmes	3
fresin	3
manriquez	3
billy	3
receiveth	3
calamitous	3
bounden	3
cambresis	3
cambray	3
terlone	3
commends	3
galleons	3
gonzaga	3
pietro	3
conty	3
monte	3
engineer	3
unsound	3
protestants	3
culprits	3
utrique	3
sufferance	3
barque	3
soit	3
bavaria	3
galled	3
vlissinghe	3
escluse	3
precipitately	3
subtlest	3
warily	3
overreach	3
contrarieties	3
admonishing	3
consisteth	3
oversight	3
deane	3
maim	3
stuffs	3
enjoin	3
pilots	3
amicitiae	3
weightier	3
niceness	3
dennis	3
anthonie	3
solms	3
bullen	3
anglo	3
hotly	3
brags	3
intentioned	3
accoutrements	3
livings	3
erased	3
mening	3
undertakings	3
gertruidenbergh	3
discountenance	3
considerately	3
reprehension	3
olden	3
waging	3
bas	3
robles	3
busied	3
prefixing	3
forsooth	3
affirmance	3
killygrew	3
deported	3
undeserved	3
camfier	3
distractions	3
haply	3
unadvised	3
ter	3
subverted	3
shields	3
executions	3
commits	3
mortuary	3
hinders	3
incomes	3
examiner	3
homme	3
pasted	3
discourses	3
recapitulate	3
killigrewe	3
inconveniently	3
lettres	3
voir	3
maturely	3
admiralties	3
bacx	3
muyden	3
sty	3
inter	3
borbourgh	3
seymour	3
slackness	3
suivant	3
thoughtlessly	3
antelope	3
iselstein	3
guyses	3
erington	3
burrowes	3
behest	3
shovels	3
cleansed	3
fealty	3
routed	3
permits	3
willoghby	3
beggary	3
papist	3
labourers	3
inforced	3
query	3
lyeth	3
cashier	3
revenging	3
countess	3
impeached	3
demandable	3
puissant	3
bourborgh	3
aver	3
deducted	3
willoby	3
judgement	3
convoys	3
cheshire	3
entreats	3
reporters	3
traitorous	3
constrains	3
dudley	3
syse	3
gorcum	3
marvelling	3
sowed	3
copias	3
afoot	3
whetstone	3
rages	3
alienating	3
withall	3
heresy	3
achieves	3
misinterpreted	3
meddled	3
incitement	3
sixtus	3
condole	3
unskilful	3
voided	3
skincke	3
minions	3
gelder	3
printing	3
watts	3
coll	3
regt	3
cos	3
abridging	3
pensions	3
amicably	3
professes	3
enlightenment	3
sacking	3
deposed	3
scum	3
pekott	3
vendor	3
comforters	3
embarking	3
sonoie	3
deceits	3
sellers	3
auto	3
jefferson	3
etext	3
retrieval	3
carrier	3
priced	3
facsimiles	3
etexts	3
organizing	3
evinces	3
fatiguing	3
unacknowledged	3
fundamentally	3
perfidy	3
merciless	3
conjured	3
consanguinity	3
revised	3
telescopic	3
transcriber	3
columbus	3
snowflakes	3
defiled	3
waterside	3
skipper	3
nether	3
balloon	3
warded	3
matted	3
registrar	3
drawl	3
exhausts	3
maces	3
regulars	3
curtained	3
plaintiff	3
grandmothers	3
legion	3
nosed	3
botheration	3
outermost	3
begludship	3
inflated	3
sepulchral	3
relatively	3
deadened	3
unfashionable	3
tardy	3
topped	3
vases	3
latticed	3
omniscient	3
stud	3
conjuror	3
parks	3
retainer	3
ken	3
singer	3
subservience	3
humanly	3
priceless	3
toying	3
ensues	3
stitching	3
ty	3
wrappings	3
milestone	3
comers	3
dirtiest	3
drawling	3
leant	3
biography	3
devotes	3
hoop	3
missis	3
marshy	3
unpacking	3
boiler	3
wires	3
mislaid	3
corkscrew	3
envelopes	3
flocking	3
coaxing	3
confuses	3
priscilla	3
purblind	3
scaled	3
crib	3
nosegays	3
conductress	3
hanger	3
scrolls	3
eared	3
frosted	3
pressingly	3
abear	3
scouring	3
muddle	3
tigerish	3
abstractedly	3
salaried	3
muddled	3
linnets	3
stoppage	3
chalked	3
bargaining	3
notched	3
perseveringly	3
postilion	3
uphill	3
tarts	3
uneven	3
crayons	3
bodice	3
substitutes	3
festoons	3
movables	3
whitest	3
openings	3
confidingly	3
concedes	3
jocularly	3
dislocated	3
hilariously	3
lengthen	3
singling	3
muse	3
grooms	3
helper	3
pitchfork	3
breezy	3
supersede	3
tendencies	3
foreheads	3
droops	3
worrying	3
beacons	3
jams	3
trellis	3
suckle	3
assumptions	3
satellites	3
waltzing	3
instructing	3
stoned	3
accustom	3
subscriptions	3
sisterhood	3
tracts	3
tockahoopo	3
oswald	3
halfpenny	3
boned	3
noisily	3
teel	3
antagonism	3
condoled	3
clipping	3
shyly	3
sturdiest	3
simile	3
resounded	3
scoundrels	3
unparalleled	3
empower	3
cauldron	3
functionary	3
uncrossing	3
scrutinizing	3
planing	3
wines	3
pentonville	3
outlets	3
coarsely	3
foolscap	3
quills	3
recumbent	3
crowing	3
wooed	3
calico	3
workhouse	3
licenses	3
turnstile	3
holders	3
foreshortened	3
entries	3
attorneys	3
coke	3
wull	3
unction	3
pharaoh	3
licking	3
renews	3
exchanges	3
unassailable	3
telegraph	3
undergoes	3
taunts	3
involutions	3
beknown	3
johnny	3
juryman	3
wen	3
shuffles	3
melts	3
applauded	3
tippy	3
tol	3
nestled	3
beastly	3
reeking	3
spanned	3
rumble	3
headless	3
elysian	3
doctoring	3
unclasped	3
lounges	3
elm	3
incited	3
croak	3
taps	3
feline	3
tightness	3
indefinably	3
perfumes	3
starched	3
neckcloths	3
newest	3
tailors	3
presidency	3
contends	3
assigns	3
shudders	3
corporations	3
quicksilver	3
mines	3
theatres	3
flattened	3
chelsea	3
superintend	3
indicative	3
biographical	3
crippler	3
excursions	3
antipodes	3
imitations	3
trustful	3
bridesmaid	3
ramification	3
plaid	3
munching	3
scrambling	3
fretful	3
acceded	3
smartened	3
busts	3
censorious	3
strapped	3
flapped	3
wristbands	3
garnished	3
tricked	3
weavers	3
drudgery	3
reconsidering	3
disheartened	3
mournfulness	3
compensated	3
ral	3
stumps	3
alphabets	3
excitements	3
enriching	3
spiked	3
neckett	3
chandler	3
dropsy	3
earning	3
stack	3
joked	3
resenting	3
contentious	3
intellectually	3
mirthful	3
outlaw	3
vagrants	3
parasites	3
drips	3
lamplighter	3
jist	3
lar	3
stow	3
gamester	3
befriending	3
reverentially	3
chipping	3
minerva	3
untroubled	3
regretful	3
friendless	3
steadfastness	3
qualifying	3
mewlinnwillinwodd	3
prolixity	3
fervour	3
hiring	3
hothouse	3
blandly	3
occupant	3
hedgehog	3
lining	3
gayest	3
entertainer	3
interlacings	3
ladders	3
encompassed	3
quixote	3
courtier	3
retaliation	3
shoeless	3
teak	3
nightingales	3
tenderer	3
ticket	3
weeps	3
knotty	3
cataract	3
howls	3
bowling	3
nestling	3
gorging	3
wield	3
thousing	3
quiets	3
unfulfilled	3
stalks	3
obliterating	3
conversion	3
nutriment	3
muffins	3
hitch	3
nicer	3
ninepence	3
eliciting	3
cobbler	3
austerity	3
dabs	3
confronts	3
smears	3
loads	3
saunters	3
blunted	3
metaphorically	3
weazen	3
resents	3
doe	3
roe	3
elfin	3
profundity	3
benignity	3
tablecloths	3
promenade	3
rums	3
apex	3
carpeted	3
fo	3
vagueness	3
damme	3
pitfall	3
hobgoblin	3
grandchild	3
sobriety	3
divinities	3
meteors	3
ideality	3
phrenological	3
skinned	3
webs	3
unwary	3
judith	3
coarsest	3
trays	3
decorative	3
allegorical	3
superintends	3
indubitably	3
kneaded	3
chuckling	3
scrubbing	3
discharges	3
goblin	3
imprecations	3
mixes	3
evincing	3
adjective	3
sinewy	3
billeted	3
roomed	3
bureau	3
scorpion	3
shrilly	3
unoffending	3
swagger	3
evidences	3
moistened	3
racket	3
boxing	3
begrimed	3
smear	3
gutter	3
generated	3
grained	3
nectar	3
dresser	3
spasms	3
creaked	3
undefinable	3
fades	3
flits	3
toughy	3
brickmakers	3
mollified	3
skulking	3
demons	3
whiter	3
stealthily	3
pumping	3
riveting	3
implored	3
avoidable	3
grouped	3
mechanics	3
bask	3
encircling	3
essentials	3
untied	3
batch	3
creditably	3
closeted	3
elicit	3
capitally	3
adjourned	3
ensign	3
changeable	3
estrangement	3
roughs	3
akimbo	3
matting	3
roughness	3
beggared	3
buzz	3
tramped	3
waxy	3
ledger	3
redoubled	3
picks	3
composes	3
warms	3
recipient	3
smashed	3
calomel	3
reprobate	3
unimproved	3
roost	3
spies	3
quake	3
unmarked	3
nero	3
swans	3
broiling	3
tinkers	3
passable	3
singeing	3
unfort	3
ups	3
hobbling	3
assists	3
fleshy	3
pants	3
windpipe	3
shave	3
veinous	3
rigidly	3
tattoo	3
joker	3
volcano	3
rustily	3
trio	3
semicircle	3
complement	3
uninterested	3
distrustfully	3
whitefriars	3
surrey	3
elongated	3
primer	3
resonant	3
unbending	3
acquiescing	3
pattening	3
reappearing	3
banishing	3
ranges	3
felicitations	3
dudgeon	3
conundrums	3
unaccompanied	3
ottomans	3
sympathizing	3
dumbly	3
saxon	3
resists	3
comprehensible	3
intact	3
comfortless	3
barrows	3
despises	3
slights	3
dedicated	3
corroboration	3
secreted	3
tongued	3
quaintly	3
gazette	3
submissively	3
widened	3
closets	3
mats	3
tidied	3
clearance	3
unpromising	3
lustrous	3
everywheres	3
unabashed	3
pilgrimage	3
seclude	3
troublous	3
warder	3
bleared	3
fathomless	3
blink	3
benefactors	3
abed	3
testamentary	3
fastenings	3
unpremeditated	3
tainting	3
proprietorship	3
confirmatory	3
recrossing	3
detects	3
producible	3
plotting	3
chalking	3
suffocating	3
undid	3
adult	3
phoenix	3
insatiate	3
drowsily	3
uninjured	3
entertains	3
supposititious	3
shambling	3
apostrophe	3
beetle	3
hag	3
professionals	3
inflammable	3
gases	3
corroborative	3
hyde	3
pop	3
foil	3
splashes	3
bagnets	3
toughness	3
disconsolately	3
relinquishing	3
gibraltar	3
perennial	3
propitiate	3
melchisedech	3
endearments	3
damsels	3
blissful	3
spotless	3
rottenness	3
depreciated	3
tortures	3
demolition	3
ungenteel	3
sweetbread	3
sipped	3
likings	3
restoratives	3
gossiping	3
incurious	3
terraces	3
unpitying	3
snarled	3
moped	3
pitchers	3
sayings	3
cozily	3
solitudes	3
piping	3
postponing	3
misconstructions	3
kindling	3
captious	3
commoners	3
milling	3
cramp	3
waggish	3
tubes	3
middlesex	3
surname	3
parochial	3
woebegone	3
coerced	3
halves	3
precipices	3
extraneous	3
chafe	3
seeker	3
rapping	3
prosperously	3
lounger	3
unused	3
possessors	3
riddance	3
reflects	3
delving	3
transfers	3
narratives	3
archness	3
lapses	3
nudging	3
depositing	3
pocketing	3
doodleites	3
coodleites	3
dispersing	3
galleries	3
ruminated	3
ripples	3
canes	3
triumphed	3
abandoning	3
sip	3
grasps	3
eclipsed	3
attest	3
repentant	3
lightsome	3
toppling	3
wench	3
repassed	3
encourager	3
introduces	3
somers	3
arethusa	3
festivities	3
haphazard	3
playthings	3
chink	3
cloudless	3
weightily	3
herald	3
untold	3
lightening	3
morbidly	3
flora	3
liabilities	3
dye	3
capstans	3
sheds	3
tigers	3
intrepidity	3
drawbacks	3
disputation	3
splitting	3
moot	3
pursuer	3
chivied	3
excrescence	3
excitedly	3
purer	3
hollowed	3
obtains	3
tart	3
occupies	3
disjointed	3
surveys	3
yit	3
cabins	3
flushes	3
carbine	3
confides	3
hollower	3
inspecting	3
woodcot	3
anywheres	3
athletic	3
clinking	3
hisself	3
tags	3
darkens	3
confers	3
looms	3
heartfelt	3
ticks	3
grossness	3
inhabiting	3
noting	3
celebration	3
distinguishes	3
substantive	3
overleap	3
centres	3
indulgences	3
pedestrian	3
clappings	3
impresses	3
blandishments	3
harping	3
compares	3
grenadiers	3
consolidate	3
ecod	3
wrangle	3
fingered	3
irregularly	3
confuse	3
fondest	3
unwearying	3
goddess	3
parenthetically	3
unstudied	3
swooped	3
uncongenial	3
assorted	3
intervened	3
astounding	3
cogitation	3
handcuffed	3
persuadable	3
untying	3
friendliest	3
axles	3
bereaved	3
acquiescent	3
diminishes	3
disappear	3
painstaking	3
accomplice	3
lute	3
woes	3
tampering	3
candidly	3
overdid	3
bewilderment	3
staked	3
piers	3
wayward	3
unfitted	3
soldiering	3
wane	3
schooled	3
accuser	3
moans	3
encumber	3
impassive	3
peachy	3
dazzle	3
avails	3
stertorous	3
buttoning	3
slinking	3
solitaries	3
retrace	3
toll	3
jackson	3
density	3
wheelwright	3
beck	3
eyelid	3
undermining	3
loftily	3
firmaments	3
constellations	3
partings	3
necklaces	3
sounder	3
simultaneous	3
unexpressed	3
deathlike	3
traversed	3
narrowest	3
oozed	3
slovenly	3
genially	3
hilarity	3
lethargy	3
wins	3
rummage	3
reciprocated	3
fie	3
reduces	3
trowel	3
pits	3
furnaces	3
fireworks	3
babylon	3
polishing	3
indomitable	3
officered	3
officially	3
colonnades	3
jasmine	3
religiously	3
animates	3
abusive	3
farce	3
testifying	3
curb	3
mongrel	3
illumined	3
sylph	3
captivate	3
sandwiches	3
depressions	3
team	3
publisher	3
charing	3
thomson	3
enthralling	3
exalt	3
projection	3
unostentatious	3
choicest	3
appreciably	3
rarest	3
inhuman	3
depicting	3
coleridge	3
marital	3
utterances	3
survivor	3
thrills	3
pampered	3
provokingly	3
fearlessness	3
diana	3
barbara	3
prognostics	3
dawson	3
vexing	3
rs	3
barefaced	3
associating	3
easiness	3
conceals	3
defied	3
excel	3
nothingness	3
regimentals	3
nind	3
puddles	3
nourishes	3
witticisms	3
piquet	3
panegyric	3
propitious	3
flogged	3
iniquitous	3
disrespectful	3
ordination	3
rites	3
nnight	3
ponies	3
circulating	3
lottery	3
bets	3
disgracing	3
unforgiving	3
unsocial	3
impenetrably	3
tithes	3
complimenting	3
observances	3
dissemble	3
cents	3
refusals	3
coquetry	3
peevish	3
abatement	3
barbarously	3
scheming	3
separates	3
hackneyed	3
cleanse	3
spleen	3
jumbled	3
paling	3
fronted	3
toilette	3
controverted	3
superlatively	3
proficiency	3
drily	3
provocations	3
instability	3
unknowingly	3
refute	3
valueless	3
upbraided	3
harboured	3
chaperon	3
improprieties	3
youths	3
vexations	3
beauteous	3
gayer	3
regain	3
parasol	3
peak	3
birmingham	3
chambermaid	3
falsely	3
gloried	3
reproofs	3
unembarrassed	3
construing	3
chestnuts	3
annesley	3
discompose	3
retrospective	3
benefiting	3
flutterings	3
fretfulness	3
balm	3
irretrievable	3
condolence	3
seduction	3
afflicting	3
apprehending	3
concisely	3
nuptials	3
untamed	3
battled	3
wavered	3
venison	3
hermitage	3
congratulatory	3
pollution	3
intersected	3
pollards	3
gibbet	3
loops	3
larceny	3
foreshadowed	3
moulding	3
pill	3
bolting	3
operates	3
snappishly	3
requirement	3
rind	3
clammy	3
dunghill	3
doorstep	3
carols	3
crusaders	3
unceremoniously	3
tacked	3
cleanliness	3
unacceptable	3
accoucheur	3
cornchandler	3
sandy	3
feebler	3
whooping	3
vivaciously	3
trapped	3
joviality	3
arid	3
dispelled	3
frantically	3
whitewash	3
dram	3
pilfering	3
slumberous	3
eyesight	3
theological	3
bumping	3
ode	3
schooling	3
doo	3
divorced	3
shortcomings	3
expeditions	3
brisker	3
alighting	3
uninformed	3
afire	3
stiffest	3
seedsman	3
satins	3
transfixed	3
humiliated	3
fasts	3
vat	3
evaporated	3
testily	3
howsever	3
artlessness	3
defaced	3
bibles	3
nevvy	3
blazes	3
rumple	3
patronise	3
basement	3
toady	3
proprieties	3
bristling	3
physically	3
inefficacy	3
cooing	3
offshoot	3
omitting	3
daintily	3
butted	3
bloodthirsty	3
tangles	3
accessory	3
construe	3
tuft	3
aggravating	3
argumentation	3
lated	3
rallying	3
vagaries	3
mauled	3
tuition	3
hillside	3
sunders	3
headers	3
camberwell	3
unemployed	3
retaken	3
undesignedly	3
complications	3
exultant	3
theoretically	3
jiggered	3
gloated	3
advisers	3
subterfuge	3
quailed	3
scooped	3
felon	3
grudging	3
sternness	3
sported	3
tearful	3
scuffle	3
packages	3
detrimental	3
amelia	3
bothering	3
habraham	3
latharuth	3
spooney	3
embellishment	3
mottled	3
disembodied	3
unholy	3
interment	3
castors	3
affianced	3
disinherited	3
varnish	3
encroached	3
insuring	3
mining	3
dyes	3
traded	3
lunar	3
steaks	3
lamentation	3
nurture	3
foregone	3
vellum	3
installation	3
snaky	3
bounce	3
concussion	3
doubling	3
crackers	3
imperilled	3
rumpled	3
adepts	3
director	3
publican	3
waxed	3
taming	3
impressibility	3
fawned	3
tarpaulin	3
teacup	3
egress	3
gardening	3
reticent	3
keyhole	3
fatten	3
slop	3
hoot	3
gangs	3
hinge	3
verb	3
esquimaux	3
youthfulness	3
goings	3
vintage	3
trumps	3
uprose	3
wreaked	3
captor	3
roars	3
engendering	3
diadem	3
toothache	3
applaud	3
affluent	3
wafer	3
reviewing	3
insinuations	3
enjoyable	3
typified	3
ruffles	3
farthingale	3
tonic	3
twinge	3
expensively	3
realised	3
rueful	3
clover	3
postboy	3
hatband	3
sneeze	3
discloses	3
unbend	3
pantomime	3
unwound	3
widen	3
straying	3
porcelain	3
mortally	3
stabs	3
streaks	3
infused	3
entrap	3
lighthouse	3
recoiled	3
laundress	3
chrisen	3
ull	3
colonist	3
shorts	3
muzzled	3
wagoner	3
raved	3
swum	3
settee	3
hummums	3
rushlight	3
tester	3
tense	3
documentary	3
launch	3
fostered	3
hoarded	3
predatory	3
garter	3
overtaking	3
bo	3
cringes	3
monks	3
teachings	3
swamps	3
pegging	3
revengeful	3
blistered	3
tracked	3
spluttering	3
camels	3
faring	3
octagonal	3
blundered	3
reeds	3
truckle	3
noose	3
summed	3
sneaking	3
ins	3
chucked	3
flared	3
hawsers	3
cleaving	3
barge	3
bedded	3
apportioned	3
steerer	3
shackled	3
singleness	3
tucking	3
outspread	3
onnecessary	3
errant	3
releasing	3
aggrandize	3
disingenuous	3
stigmatized	3
ambiguity	3
philadelphia	3
wellinformed	3
monopolized	3
ablest	3
assimilate	3
invidious	3
pericles	3
phidias	3
peloponnesian	3
athenian	3
triple	3
cabals	3
ferments	3
projectors	3
domineering	3
carnage	3
importunities	3
reprisal	3
mably	3
territorial	3
desolated	3
reclaim	3
participating	3
unpropitious	3
avidity	3
machinations	3
advertiser	3
empires	3
postpone	3
reinstate	3
soldiery	3
enhances	3
embody	3
enslaved	3
distempered	3
disfigure	3
decried	3
fabrics	3
excellences	3
standards	3
monarchical	3
incurable	3
modifications	3
lycian	3
subsists	3
moneyed	3
clog	3
desideratum	3
unduly	3
soar	3
workings	3
circuitous	3
campaign	3
exportation	3
trader	3
domination	3
indissoluble	3
multiplying	3
climates	3
patrols	3
reproduce	3
coincides	3
computing	3
demonstrable	3
facilitated	3
misguided	3
insecurity	3
corporate	3
adhere	3
preponderancy	3
commotions	3
supervision	3
auxiliaries	3
vassal	3
subversion	3
bribes	3
macedonian	3
cleomenes	3
compliances	3
supplement	3
legislating	3
tolls	3
nerveless	3
sixteenth	3
deformities	3
preeminence	3
judicatory	3
approves	3
deputations	3
barometer	3
defeating	3
product	3
legerdemain	3
receptacle	3
intrust	3
moulder	3
pledges	3
illusory	3
theoretical	3
appropriation	3
enigma	3
arsenals	3
descents	3
baneful	3
instigated	3
disuse	3
invaders	3
fettering	3
inculcate	3
demerits	3
intermingled	3
seditions	3
tenfold	3
embryo	3
preponderate	3
masked	3
disciplining	3
comitatus	3
evolutions	3
fanaticism	3
kentucky	3
rave	3
concede	3
temporizing	3
fraudulent	3
deprecate	3
unsophisticated	3
geometrical	3
unruly	3
batteries	3
analyze	3
inexpedient	3
prohibiting	3
adduced	3
frugality	3
consumer	3
expeditious	3
seducing	3
dissect	3
deliberative	3
predetermination	3
vitiated	3
metaphysical	3
delineations	3
moderating	3
cloudy	3
deviations	3
draco	3
defensible	3
thirteenth	3
criticised	3
analyzed	3
unauthorized	3
masks	3
misapplied	3
undisciplined	3
veterans	3
unvaried	3
vulnerable	3
misconstruction	3
stimulate	3
impairing	3
impeded	3
jobs	3
intemperance	3
misconstrue	3
embitter	3
frowns	3
exaggerations	3
counterfeit	3
appointable	3
removable	3
predominates	3
prescribes	3
imputable	3
leaven	3
triennial	3
misinformed	3
accelerating	3
punishable	3
computed	3
actuates	3
oral	3
assimilating	3
degeneracy	3
undermine	3
statesman	3
quorum	3
annihilate	3
opposers	3
saratoga	3
poisons	3
delusions	3
undervalue	3
convene	3
delineation	3
disqualification	3
espoused	3
executives	3
elucidate	3
cato	3
unites	3
misdemeanors	3
adjournment	3
nominating	3
denizens	3
fairs	3
weightiest	3
clothe	3
perquisites	3
precipitancy	3
maturer	3
unperceived	3
interpreters	3
deducible	3
statutes	3
pleadings	3
modify	3
constructive	3
prelude	3
finale	3
romances	3
jeremy	3
fervidly	3
electricity	3
prearranged	3
gems	3
sobre	3
seest	3
shiny	3
humphry	3
cartwright	3
whiskered	3
slovenliness	3
thinker	3
acquaintanceship	3
bloomed	3
archangelic	3
bernard	3
seasonably	3
presupposing	3
sites	3
wilfulness	3
revulsion	3
scourged	3
fad	3
thorn	3
burton	3
uninterruptedly	3
foreshadowing	3
critically	3
wording	3
blinked	3
avalanche	3
amorous	3
unsaid	3
believer	3
millet	3
onwards	3
thinkers	3
mummy	3
sages	3
voracity	3
pennies	3
vortices	3
genealogies	3
epigrams	3
coexist	3
brookes	3
continuity	3
vienna	3
grander	3
outlast	3
perversity	3
armholes	3
surer	3
symphony	3
oracles	3
greenish	3
renaissance	3
deafness	3
laced	3
rugby	3
mungo	3
augury	3
acquirement	3
aristotle	3
plodding	3
fixity	3
disapproval	3
morass	3
flatness	3
slackening	3
inspect	3
bitters	3
flightiness	3
lydgates	3
hicks	3
padding	3
calculable	3
dandies	3
faultiness	3
io	3
blondness	3
spaniel	3
pritchard	3
sugars	3
remnants	3
pities	3
midland	3
burdock	3
thatch	3
walnuts	3
syrup	3
tint	3
oracular	3
manganese	3
hereabout	3
starving	3
codicils	3
dissipate	3
blackbird	3
disbelief	3
enslave	3
bargained	3
misanthropic	3
reflex	3
knave	3
nucleus	3
gnat	3
unflattering	3
morsels	3
distrusting	3
bequests	3
sheaf	3
merton	3
waverley	3
apprenticing	3
babes	3
valves	3
inhaled	3
vibrations	3
exclusiveness	3
statistics	3
canting	3
typical	3
compacted	3
distilled	3
diction	3
dramas	3
minutiae	3
biology	3
comforter	3
foibles	3
deprecated	3
lancet	3
wakley	3
mortem	3
jovially	3
singers	3
arresting	3
moulded	3
pathological	3
inaccessible	3
ideally	3
assizes	3
wainscot	3
dissenter	3
shallowness	3
exhaustive	3
proverbs	3
forestall	3
backwoods	3
pythagorean	3
microscopic	3
pollen	3
incantations	3
carcass	3
oust	3
wince	3
frilling	3
essay	3
quotations	3
kinship	3
personalities	3
electioneering	3
worthiest	3
sch	3
puritanism	3
noonday	3
dagon	3
frescos	3
manifestations	3
weighted	3
snare	3
sifting	3
iteration	3
angered	3
numbness	3
reined	3
surrounds	3
digesting	3
explosions	3
unthinkingly	3
illuminating	3
amuses	3
offhand	3
deafened	3
eulogy	3
compeers	3
nonce	3
tamburlaine	3
volcanoes	3
architectural	3
baseness	3
desecration	3
ingeniously	3
divineness	3
homeric	3
hyperbolical	3
paracelsus	3
goethe	3
caress	3
murray	3
forthcoming	3
aerial	3
drizzling	3
enamelled	3
roarer	3
spurred	3
slavish	3
matrons	3
scoured	3
pronouns	3
dowry	3
ploughing	3
hanmer	3
honorably	3
monetary	3
blackguard	3
grunted	3
convulsed	3
druggist	3
multitudinously	3
quarantine	3
forecast	3
profanely	3
phials	3
feud	3
colorless	3
disenchanted	3
quivers	3
brasenose	3
unwritten	3
liberated	3
shoreless	3
citations	3
busiest	3
undiscerning	3
magnanimously	3
trustfulness	3
shuttlecock	3
mittens	3
quilling	3
spells	3
sepulchre	3
idiots	3
amenity	3
pursed	3
stroked	3
chillest	3
daisies	3
cud	3
belts	3
landlords	3
trinity	3
mercer	3
valuing	3
lawing	3
narrator	3
retractation	3
bretton	3
yearnings	3
hock	3
unreflecting	3
unloving	3
sequences	3
lifelong	3
receptive	3
overstrained	3
autobiography	3
grocers	3
bearable	3
stingy	3
retrogressive	3
blanche	3
braver	3
leveret	3
stint	3
flavell	3
hypo	3
thrashing	3
woon	3
learnedly	3
isaiah	3
playfellows	3
swaggering	3
adonis	3
parlors	3
spoonful	3
expiation	3
fascinate	3
sneers	3
lullaby	3
sublimely	3
beseechingly	3
lordly	3
caro	3
hermits	3
persecutions	3
goby	3
rescuing	3
index	3
rumored	3
abstemious	3
blister	3
versed	3
daringly	3
criticising	3
caste	3
curt	3
voter	3
idiotic	3
excites	3
choir	3
joyless	3
mummies	3
synoptical	3
tabulation	3
agitator	3
schal	3
sobering	3
fists	3
bouddha	3
clogging	3
ego	3
braved	3
sustainment	3
eden	3
greed	3
cognac	3
cue	3
bashaw	3
pocketbook	3
ella	3
cheltenham	3
triton	3
motiveless	3
uninhabited	3
resistant	3
unwearied	3
beevor	3
satisfies	3
yoddrell	3
aw	3
newfoundland	3
checkered	3
tailoring	3
unwinding	3
pointless	3
unendurable	3
compliant	3
strands	3
silversmith	3
impassibility	3
guido	3
connoiss	3
workmanship	3
clintup	3
sharpen	3
guydo	3
lass	3
discount	3
benumbed	3
immersed	3
presentiments	3
deprecating	3
prophesied	3
expectantly	3
allay	3
sophy	3
misbehave	3
credited	3
seniors	3
dyspeptic	3
omniscience	3
shudderings	3
alluring	3
wincing	3
braced	3
blindman	3
rehearsing	3
starvation	3
stirrings	3
sustenance	3
genealogy	3
crabbe	3
dill	3
barber	3
baldwin	3
hypothetically	3
sanitary	3
equivocation	3
fang	3
nakedness	3
unchristian	3
saintly	3
glorify	3
stings	3
unwarrantably	3
dogma	3
leper	3
meaningless	3
pensive	3
disentangling	3
fearlessly	3
hallucination	3
tearless	3
palpitating	3
flamed	3
und	3
zu	3
guiltiness	3
peers	3
diluted	3
amours	3
sunbeams	3
pears	3
obscuring	3
woodhouses	3
broadway	3
perrys	3
suppers	3
serle	3
hazle	3
inimitable	3
bella	3
elegantly	3
quicken	3
conversable	3
cromer	3
absences	3
putrid	3
snows	3
stept	3
powered	3
usher	3
foundling	3
suspiciously	3
rencontre	3
undaunted	3
impertinently	3
wallis	3
dumpling	3
shews	3
casement	3
felicities	3
southward	3
excellently	3
aladdin	3
hughes	3
asparagus	3
bickerton	3
relic	3
strawberry	3
humourist	3
spurn	3
chili	3
ponds	3
conundrum	3
unmerited	3
foreboded	3
arrowroot	3
secresy	3
pent	3
attestation	3
bandied	3
adelaide	3
tricking	3
imbibed	3
stanhill	3
waistcoats	3
crimsoned	3
ensured	3
mab	3
inelegant	3
uncheerful	3
rambles	3
annamaria	3
apricot	3
twill	3
frightens	3
accustomary	3
frosts	3
hartshorn	3
rupture	3
malevolence	3
ellison	3
mall	3
bespeak	3
salts	3
apologising	3
somerset	3
fir	3
lombardy	3
extremest	3
dissembling	3
hussy	3
oscar	3
wilde	3
caliban	3
fascinates	3
daisy	3
overdressed	3
idolatry	3
endures	3
whitechapel	3
survival	3
broods	3
purification	3
formless	3
bareheaded	3
vermilion	3
subaltern	3
egad	3
mayfair	3
wainscoting	3
leaded	3
blazed	3
cupids	3
depresses	3
crucible	3
psychologists	3
euston	3
twitch	3
curving	3
temperaments	3
cinnamon	3
radley	3
incorrigible	3
val	3
popping	3
pilgrims	3
unreality	3
deadlier	3
spied	3
sterile	3
poppies	3
tier	3
winsome	3
disks	3
lotus	3
flake	3
seventeenth	3
defile	3
florentine	3
mouldings	3
stainless	3
parisian	3
cloths	3
rumoured	3
snakes	3
horned	3
rio	3
ruby	3
sewn	3
napkins	3
medallions	3
velvets	3
pomegranates	3
joyousness	3
foulness	3
overladen	3
orgies	3
ashton	3
prate	3
blasphemy	3
rickety	3
clotted	3
flickered	3
disguises	3
blanc	3
gorges	3
turban	3
beater	3
omens	3
bartered	3
nathaniel	3
osgood	3
autobiographical	3
segment	3
decorous	3
wapping	3
phase	3
idler	3
intertwined	3
natal	3
imbedded	3
vicissitude	3
subserve	3
palsied	3
ticonderoga	3
niagara	3
spiritualized	3
bales	3
mason	3
foundered	3
dazzlingly	3
throes	3
isaac	3
congregated	3
unsightly	3
ann	3
whipping	3
penal	3
ancestry	3
darksome	3
unrelenting	3
elizabethan	3
heterogeneous	3
captivity	3
ceremonial	3
tunic	3
brackett	3
prithee	3
alchemy	3
tossings	3
quaff	3
scorch	3
stubbornly	3
throbs	3
irreverent	3
whirlwind	3
unintelligent	3
elvish	3
morn	3
manufactured	3
convex	3
thinkest	3
sundering	3
humblest	3
investigator	3
nathan	3
lore	3
overbury	3
miner	3
burrs	3
eccentricities	3
disciples	3
veriest	3
thinnest	3
defunct	3
scroll	3
mumbled	3
gibberish	3
portent	3
prominence	3
effluence	3
fragmentary	3
fiercer	3
unflinching	3
mightest	3
babble	3
hillock	3
gushing	3
hieroglyphic	3
contortions	3
outlaws	3
profounder	3
valiantly	3
scriptures	3
quench	3
sires	3
desperadoes	3
whiff	3
couldst	3
sorrowed	3
typo	3
clumsily	3
sausages	3
whu	3
jollily	3
crowed	3
cudgel	3
bung	3
seashore	3
bestir	3
lick	3
hangest	3
gangest	3
dales	3
mockingly	3
workshop	3
brushwood	3
crab	3
ferry	3
urchin	3
frolic	3
benjamin	3
planed	3
croaked	3
fleecy	3
popped	3
pedlars	3
bled	3
laces	3
ween	3
lighthearted	3
hick	3
ducat	3
cinders	3
wooer	3
sickle	3
lathe	3
gudgeons	3
hobblety	3
bearskin	3
sphynx	3
schoolmasters	3
cassock	3
stowing	3
hackluyt	3
wallow	3
cetus	3
icelandic	3
tuileries	3
seethe	3
parmacetti	3
spermacetti	3
sperma	3
ceti	3
purchas	3
circumnavigation	3
sibbald	3
sturgeon	3
obed	3
macy	3
rainbows	3
ross	3
mutineer	3
miriam	3
belted	3
mole	3
clinched	3
athirst	3
tranced	3
hunks	3
gomorrah	3
knots	3
implement	3
goblets	3
skrimshander	3
aint	3
labrador	3
whittling	3
hamper	3
peddler	3
tanning	3
grego	3
psalmody	3
stash	3
minus	3
skylarking	3
coopers	3
blacksmiths	3
musky	3
tailed	3
buckskin	3
flowery	3
incommunicable	3
masoned	3
robustness	3
nelson	3
invoked	3
foundering	3
clinch	3
surging	3
burglar	3
frighted	3
pricking	3
appal	3
kelson	3
benediction	3
phrenologically	3
presbyterian	3
idolator	3
rokovoko	3
paddled	3
scythes	3
calabash	3
tornadoes	3
greenness	3
clams	3
illinois	3
mexico	3
alps	3
chowders	3
tit	3
toed	3
typhoons	3
grenadier	3
wantest	3
crunched	3
marling	3
spike	3
vesture	3
ungodly	3
planets	3
congregational	3
sharkish	3
confluent	3
mayhap	3
riggers	3
holloa	3
rigger	3
continents	3
fearfulness	3
unrestingly	3
graze	3
fanning	3
beaches	3
marines	3
uncounted	3
constellation	3
substantiated	3
unmanufactured	3
drought	3
castaways	3
radiating	3
halyards	3
azores	3
icebergs	3
quito	3
helmeted	3
unwaning	3
juggling	3
barnacled	3
cetacea	3
lac	3
grope	3
opine	3
angular	3
gregarious	3
thrasher	3
sheeted	3
tusked	3
bended	3
bigness	3
housings	3
emir	3
mundane	3
inwards	3
glacier	3
altitude	3
bowditch	3
pecks	3
unreasoning	3
bison	3
refill	3
demoniac	3
unerringly	3
tows	3
portuguese	3
lunging	3
keeled	3
topsails	3
jollies	3
longitudes	3
prows	3
accompaniments	3
personified	3
gorge	3
invoking	3
plains	3
ohio	3
albino	3
evangelist	3
canted	3
muteness	3
elucidated	3
deified	3
width	3
consecutive	3
vulture	3
cetacean	3
enormousness	3
lionel	3
inhale	3
preluding	3
cranes	3
skewer	3
hollows	3
cleat	3
royals	3
stunsail	3
bowlines	3
crozetts	3
voyagings	3
whelmed	3
consort	3
lexicon	3
effeminacy	3
dons	3
hove	3
capitals	3
senor	3
manhandle	3
ringleader	3
pinioned	3
purporting	3
articulated	3
undulated	3
zones	3
diameter	3
luff	3
hee	3
massa	3
gor	3
slappin	3
mout	3
eber	3
fritters	3
fejee	3
semicircular	3
dodge	3
isinglass	3
stript	3
unsupplied	3
subterraneous	3
gash	3
mosses	3
epidemic	3
siamese	3
lard	3
membrane	3
unhinged	3
joists	3
sulk	3
peruvian	3
boneless	3
baling	3
quoin	3
infiltrated	3
lavater	3
physiognomically	3
joist	3
spans	3
capsizing	3
corroded	3
fleetness	3
cripple	3
gallied	3
drugg	3
mustering	3
males	3
cinque	3
dent	3
jeopardized	3
eternities	3
soapstone	3
aries	3
leo	3
alow	3
mallet	3
boomer	3
reefed	3
snodhead	3
pupella	3
formations	3
adamite	3
bashee	3
antilles	3
smoothe	3
shank	3
sunwards	3
hooped	3
sporty	3
gamy	3
jesty	3
joky	3
hoky	3
poky	3
inboard	3
loadstone	3
tahitian	3
dong	3
daft	3
cobbling	3
shears	3
methodic	3
reiterating	2
maitre	2
horseband	2
pelham	2
ric	2
bingham	2
mathew	2
champernowne	2
oliver	2
acton	2
corporals	2
trench	2
waggener	2
bouchier	2
carie	2
huddy	2
moiety	2
guilders	2
recompensed	2
imbursement	2
effectuated	2
huygens	2
pottle	2
delff	2
colleague	2
loozen	2
walgrave	2
dispossessed	2
howard	2
biervliet	2
laments	2
frivolity	2
middelborowe	2
loos	2
burrough	2
prayeth	2
sudermann	2
coffers	2
este	2
mantua	2
gathereth	2
ancona	2
barques	2
untruly	2
institutes	2
cannons	2
granville	2
renaix	2
messire	2
vasseur	2
guesses	2
acquittance	2
crofte	2
buren	2
burgrave	2
sortie	2
fama	2
trenches	2
cristal	2
verborum	2
brakel	2
graveline	2
husbanded	2
earldom	2
baiting	2
tyre	2
playts	2
bases	2
burgonian	2
su	2
turfs	2
isendike	2
bess	2
barnevelt	2
colon	2
rutters	2
unseasonably	2
wester	2
reimbursement	2
eschevins	2
walkeren	2
departement	2
bemoan	2
intercession	2
ancien	2
burchgrave	2
superintendent	2
hollande	2
maison	2
malcontent	2
bie	2
quae	2
las	2
fittingly	2
occurents	2
libellous	2
slanderously	2
incommodities	2
pheasants	2
grunevelt	2
gerard	2
discounts	2
gatherings	2
brydges	2
osteyn	2
nel	2
mi	2
gli	2
muses	2
sue	2
famas	2
augustin	2
villanueva	2
tiens	2
maches	2
serat	2
idiacques	2
goutte	2
tousjours	2
duc	2
autant	2
aultre	2
temps	2
combien	2
afin	2
aussi	2
fus	2
estoit	2
pied	2
trouver	2
quoy	2
lors	2
vis	2
tellement	2
ment	2
lettre	2
fut	2
hors	2
tort	2
eu	2
affaires	2
paix	2
mesme	2
avant	2
parole	2
jamais	2
zellande	2
eut	2
ces	2
voulu	2
moyen	2
verit	2
voy	2
dieu	2
honneur	2
armes	2
quelque	2
toutes	2
autre	2
chasteau	2
entre	2
roussal	2
sealand	2
femoye	2
cleve	2
spenser	2
bourbouroughe	2
gaynt	2
berk	2
berck	2
upsetting	2
randolph	2
aggrandise	2
defender	2
louvain	2
absolve	2
papal	2
docquet	2
quoins	2
brides	2
nederl	2
middelbourch	2
hurleston	2
disabling	2
plausibly	2
dormer	2
pryce	2
isley	2
dunkirker	2
appareled	2
postilled	2
tarried	2
kine	2
hearsay	2
oration	2
excuseth	2
assureth	2
modo	2
nec	2
tractandi	2
disclaims	2
tendeth	2
conserved	2
littiere	2
gents	2
statu	2
prius	2
champagnie	2
harbart	2
wolley	2
sluis	2
ingrate	2
debates	2
indignities	2
gronevelt	2
besieging	2
enticing	2
guelders	2
imputing	2
odenboroughe	2
tilled	2
horsed	2
licenced	2
mustermaster	2
goring	2
odenburch	2
nicolas	2
opus	2
incomiendo	2
etienne	2
countermanded	2
oversee	2
secondarily	2
armyn	2
cond	2
procurer	2
rochelle	2
displeases	2
intimating	2
incontinently	2
montdragon	2
punctilio	2
cleves	2
liege	2
rehearse	2
amplify	2
loci	2
regis	2
enim	2
hic	2
brake	2
lobetius	2
jametz	2
disbanded	2
rhine	2
archbishops	2
silesia	2
berne	2
croix	2
strasbourg	2
mercies	2
gruenevelt	2
eased	2
grudges	2
vitals	2
succoured	2
meuse	2
conjointly	2
ordam	2
sta	2
wylsford	2
exonerated	2
nescio	2
res	2
unready	2
ballanson	2
hernando	2
gonzague	2
agilar	2
gaston	2
marq	2
nicolo	2
apio	2
olivero	2
ambrosio	2
banditos	2
almains	2
arundel	2
rebelling	2
coup	2
shamed	2
graynyer	2
monsignor	2
moeurs	2
overyssell	2
copie	2
willichby	2
avery	2
harte	2
edm	2
wagons	2
borborgh	2
behoved	2
camphyre	2
waft	2
pretendeth	2
collen	2
bomeny	2
alio	2
hisp	2
blauvet	2
conjunctions	2
prepareth	2
enchuysen	2
sonnoy	2
villars	2
sith	2
remit	2
continueth	2
yester	2
householders	2
marshals	2
annunciation	2
rem	2
embrance	2
guardable	2
casenbroet	2
questo	2
infamia	2
aboccamento	2
jure	2
stanza	2
honore	2
mio	2
vero	2
quel	2
bono	2
poco	2
fatto	2
suo	2
brughes	2
complices	2
couched	2
mote	2
crippes	2
hoyes	2
buckling	2
jesuits	2
roper	2
generalty	2
mutineers	2
remitted	2
imprimis	2
cristall	2
wolfwinckle	2
excellencies	2
garrisoned	2
gurtruydenberg	2
suborned	2
wisdoms	2
epitome	2
casembrot	2
rendezvous	2
vlasshen	2
landward	2
culverins	2
principali	2
negotio	2
praet	2
richardotto	2
lambeth	2
leastwise	2
holdeth	2
sureties	2
undigested	2
pheasant	2
keepeth	2
collating	2
hamburgh	2
colleyn	2
nobis	2
burburgh	2
aiding	2
overblown	2
bardezius	2
telinck	2
sylla	2
mutined	2
sonoye	2
neuwenar	2
quantum	2
ca	2
oudenbourch	2
deputation	2
lochem	2
drossart	2
inducias	2
legation	2
invocation	2
trumpery	2
straightly	2
myddelbroughe	2
fras	2
prests	2
angelots	2
harshness	2
curtailed	2
publishing	2
margate	2
leest	2
zutphen	2
rectius	2
tumults	2
mathias	2
infringe	2
viiith	2
specie	2
burdenous	2
increaseth	2
safeguards	2
licences	2
ernest	2
varte	2
beginneth	2
principale	2
dommages	2
quem	2
irreparable	2
blavett	2
horton	2
barker	2
strent	2
hake	2
travailed	2
viceroy	2
gwasto	2
castellano	2
oliviero	2
amadeo	2
lara	2
mont	2
ferando	2
speaketh	2
behoveth	2
conyers	2
preamble	2
unprincely	2
innocency	2
docko	2
leeuwaerden	2
extirpation	2
violences	2
renti	2
manrique	2
promiseth	2
amiens	2
liketh	2
sacrament	2
arembergh	2
tertian	2
ailments	2
maius	2
confesseth	2
discontinuance	2
treslong	2
camfere	2
vlissinge	2
tacite	2
inepta	2
bommel	2
arnhem	2
lochum	2
terzos	2
patton	2
arscot	2
bossu	2
nuova	2
santio	2
leva	2
verdugo	2
biche	2
filippo	2
deletion	2
ro	2
unrecoverable	2
thereat	2
wylloby	2
grayner	2
uno	2
quester	2
craves	2
burgen	2
concurrency	2
audiences	2
divines	2
citadels	2
royally	2
brandenburg	2
hesse	2
mortgaged	2
cranmer	2
importune	2
intercede	2
familiars	2
bastantissima	2
sendeth	2
durham	2
sucquet	2
thereabout	2
cassed	2
reunited	2
haeghe	2
seigneurs	2
gravelyn	2
callys	2
aggregation	2
pawned	2
stephen	2
utrech	2
reclaimed	2
morice	2
frysland	2
reede	2
omne	2
mesmes	2
dissimulation	2
finesse	2
riseth	2
hurly	2
conceiveth	2
ms	2
yieldeth	2
dilucidatio	2
kingly	2
reciprocity	2
apostilles	2
udall	2
rhenen	2
solmes	2
overmatched	2
newhaven	2
champany	2
understandeth	2
camphier	2
dorso	2
breviate	2
zelande	2
champanie	2
delivereth	2
reversion	2
capesuazo	2
edwin	2
reinforced	2
pillage	2
layeth	2
bagnall	2
coronet	2
bringer	2
michiel	2
grootebrouch	2
ripeness	2
hofflin	2
miraculously	2
fran	2
mostart	2
raid	2
brielle	2
cui	2
bourbourgh	2
choses	2
fera	2
middelbergh	2
memoire	2
despatching	2
redressing	2
distributes	2
commune	2
peterson	2
charnickman	2
cnaop	2
braemsloot	2
drurie	2
intreating	2
untruths	2
convulsion	2
harming	2
evertssen	2
cumbered	2
lieutenancy	2
ensueing	2
veluti	2
ransomed	2
rejoices	2
revere	2
roussel	2
suquet	2
treasons	2
disaffected	2
preachers	2
countervail	2
dorte	2
middelberg	2
interrogatories	2
wellobe	2
heartburnings	2
temperately	2
distasted	2
vlisshinge	2
mistakings	2
loathe	2
morrice	2
pertinent	2
junii	2
avez	2
quelques	2
personne	2
ya	2
apparence	2
ung	2
sommes	2
apres	2
ur	2
jour	2
rounder	2
falsify	2
colleagues	2
borborough	2
partie	2
vos	2
mer	2
empescher	2
aultant	2
mandate	2
vurne	2
wholesomely	2
sited	2
noue	2
gordayn	2
virgil	2
deus	2
solus	2
brits	2
meteren	2
confiscate	2
confiscation	2
sequestered	2
hombre	2
junto	2
brittany	2
pending	2
rec	2
expostulations	2
wesop	2
vlushing	2
blois	2
ordaining	2
sojourning	2
midleburgh	2
seymer	2
monies	2
darcey	2
carey	2
amersfort	2
averring	2
pickaxes	2
disbursement	2
pensioner	2
haarlem	2
clowns	2
ranchy	2
conceipt	2
renforce	2
chris	2
heareth	2
unreasonableness	2
seamor	2
sluyse	2
cleanliest	2
ultra	2
distasteful	2
dehema	2
hiddema	2
bruin	2
condolences	2
atoning	2
middleburg	2
borboroughe	2
burborough	2
resumption	2
evacuation	2
naturals	2
bulleyn	2
looker	2
seditious	2
smother	2
flyboat	2
skirmished	2
pact	2
knibbe	2
manmaker	2
baton	2
procures	2
suitably	2
incursion	2
sakers	2
ecclesiastics	2
dilate	2
lading	2
piracy	2
unspoiled	2
upland	2
venetians	2
gallies	2
bargen	2
borrough	2
bretons	2
treacheries	2
calles	2
buyer	2
marten	2
madox	2
reliefs	2
lester	2
mydelbrough	2
esquire	2
frowlicke	2
lecester	2
crosby	2
hoesden	2
snipping	2
ambuscade	2
oostergoo	2
doco	2
absented	2
otherwhere	2
postcript	2
rifled	2
dutches	2
cheque	2
batter	2
unset	2
absolved	2
unremoved	2
rebus	2
stirrups	2
ullas	2
ipsius	2
inferioribus	2
provinciis	2
suae	2
neque	2
civitates	2
vel	2
upshot	2
delegate	2
lopez	2
nova	2
carpen	2
martyrs	2
tarries	2
audiencier	2
befits	2
belgian	2
disciple	2
justinus	2
abbreviating	2
vechio	2
adventured	2
piggott	2
levantine	2
hessell	2
ostergho	2
paget	2
distributions	2
jn	2
ricalde	2
medina	2
levant	2
cur	2
comrs	2
rie	2
unrigged	2
boume	2
standley	2
grene	2
skenck	2
nieuwenar	2
mortgage	2
domains	2
dorrius	2
asseliers	2
definitive	2
captiously	2
tardiness	2
jesus	2
mediate	2
papot	2
lor	2
diversities	2
diverse	2
carolus	2
pradillia	2
marquises	2
capuchuca	2
passeth	2
unlikelihood	2
disavow	2
instigations	2
ills	2
prosper	2
almaynes	2
rowlston	2
axel	2
minstrel	2
grande	2
discontinued	2
poly	2
halforde	2
applicant	2
pewe	2
gwin	2
ther	2
ithell	2
parr	2
tanner	2
exactions	2
overthrows	2
estrange	2
dishonoured	2
brittain	2
recipisse	2
pierre	2
documentation	2
ref	2
punctuation	2
dissolutions	2
obstructing	2
swarms	2
quartering	2
charters	2
abdicated	2
mercenaries	2
sexes	2
sharpshooters	2
interlopers	2
parsimony	2
parsimonious	2
lewes	2
negligently	2
cornelia	2
baudi	2
bianchini	2
prebendary	2
rheims	2
lizard	2
undistinguishable	2
blinkers	2
jostling	2
kentish	2
collier	2
wheezing	2
wrathful	2
husbandman	2
rawest	2
densest	2
assort	2
uninitiated	2
owlish	2
dais	2
monied	2
wearying	2
conglomeration	2
enlivening	2
hatreds	2
defendant	2
bulbous	2
blowers	2
reams	2
trickery	2
chizzle	2
mizzle	2
outstanding	2
shirking	2
broadcast	2
mlud	2
parisians	2
punctured	2
crackle	2
coppice	2
truthful	2
heyday	2
thrift	2
converses	2
buries	2
gulliver	2
mercers	2
impulsively	2
dozes	2
patter	2
austere	2
birthdays	2
rejoicings	2
orphaned	2
confessedly	2
stagecoach	2
furry	2
donnys	2
piccadilly	2
geraniums	2
distracting	2
cloisters	2
gravestones	2
mincingly	2
attracts	2
superabundant	2
nonentity	2
winchester	2
milkman	2
bump	2
railed	2
amanuensis	2
bruises	2
tunbridge	2
loquacious	2
encrusted	2
dawdle	2
perversely	2
lumpy	2
methuselah	2
repassing	2
melodiously	2
wardrobes	2
blacking	2
crackled	2
disapproving	2
ripped	2
shopkeepers	2
grubbed	2
moonshine	2
wafered	2
crouches	2
regaining	2
piecemeal	2
panelling	2
wickedly	2
wasteful	2
jogging	2
straggled	2
equable	2
suburbs	2
windmills	2
milestones	2
troughs	2
whittington	2
diverge	2
sympathized	2
jolted	2
raspberry	2
branched	2
mangles	2
haymaking	2
steeples	2
pincushions	2
football	2
neglectful	2
adjuration	2
buoyantly	2
engraven	2
smoother	2
sevenpence	2
compositions	2
hits	2
habitable	2
glisten	2
halter	2
pricks	2
opener	2
uncompanionable	2
beguile	2
raindrops	2
inactivity	2
frisking	2
weathers	2
dependents	2
saucepans	2
consents	2
divesting	2
straggle	2
magnates	2
confectioner	2
banging	2
cartloads	2
disentangle	2
reminder	2
shipton	2
residents	2
directory	2
mediaeval	2
denominations	2
felix	2
recruit	2
stolidly	2
overturning	2
astonishes	2
lark	2
adapting	2
drawed	2
washin	2
onwholesome	2
babby	2
galloping	2
highwayman	2
loudest	2
heartiest	2
ogre	2
despot	2
roundness	2
superlatives	2
bloodhound	2
laudation	2
numskull	2
blockheads	2
baronets	2
execrable	2
myrmidons	2
ruffians	2
perfumery	2
denunciation	2
recoils	2
stamps	2
inkstands	2
cutlery	2
pints	2
frothy	2
partnerships	2
cherishes	2
scrubby	2
complainings	2
unequalled	2
achievements	2
titian	2
skimming	2
superciliousness	2
solaces	2
maggots	2
roomy	2
speechlessly	2
overburdened	2
balmy	2
twirl	2
deserting	2
emporium	2
extinguishes	2
guttered	2
vapid	2
smacks	2
unfeelingly	2
abandons	2
wisp	2
duplicates	2
scrawled	2
potboy	2
watchmen	2
intensifying	2
choruses	2
summonses	2
pieman	2
skittles	2
skittle	2
glutinous	2
spittoons	2
pendant	2
chubby	2
mooney	2
bagatelle	2
parentheses	2
eels	2
edification	2
graceless	2
hooted	2
stritched	2
dee	2
prophetically	2
upraised	2
villainy	2
barbarism	2
ointment	2
benighted	2
chases	2
crookedly	2
manes	2
chequered	2
domino	2
quack	2
ariel	2
reviews	2
greenly	2
resigns	2
knightly	2
dispraise	2
marseilles	2
countrywomen	2
relapses	2
elongation	2
threescore	2
enliven	2
hangers	2
waisted	2
exquisites	2
leadership	2
cuffy	2
puffy	2
managers	2
politest	2
necromancer	2
rook	2
demagogue	2
palely	2
anticipates	2
boating	2
fracture	2
clods	2
contaminating	2
meritoriously	2
participated	2
rouged	2
anniversary	2
disparaging	2
dating	2
hulk	2
successes	2
ploughman	2
recrossed	2
frills	2
turveydrops	2
bemoaned	2
rakish	2
instructor	2
proficient	2
inextinguishable	2
apostrophizing	2
develops	2
pavilion	2
degenerating	2
benignly	2
irate	2
spinach	2
cooped	2
luminary	2
speculators	2
bluster	2
undesigning	2
opposites	2
uninvited	2
asthma	2
careworn	2
combative	2
nankeen	2
suds	2
compassionately	2
follerers	2
inharmonious	2
repined	2
vizier	2
dewdrop	2
disconsolate	2
gulfs	2
tenements	2
gaps	2
sowing	2
jostled	2
munches	2
destitution	2
coco	2
tee	2
recommences	2
aspiration	2
bail	2
samson	2
plies	2
git	2
elaboration	2
reassurance	2
midshipmen	2
earrings	2
lemonade	2
neophyte	2
jog	2
humdrum	2
alters	2
rosebud	2
accredited	2
repays	2
crumlinwallinwer	2
expatiating	2
descendant	2
dusted	2
jingled	2
vacillations	2
ludicrously	2
jestingly	2
fortunatus	2
unravel	2
pimple	2
profligate	2
shallowest	2
brainless	2
marrows	2
mellowed	2
slugs	2
encroachment	2
pomps	2
towered	2
ringer	2
unmeaning	2
childishly	2
exacting	2
personification	2
correspondingly	2
wrappers	2
wettest	2
iced	2
adversity	2
blights	2
initiated	2
unowned	2
pant	2
simmering	2
pensiveness	2
handmaid	2
crusty	2
edified	2
recipe	2
writin	2
thieved	2
ventilation	2
lassitude	2
disarranged	2
fatness	2
tinted	2
chafes	2
fledgling	2
facetiously	2
lolling	2
cloistered	2
deptford	2
butting	2
terrestrial	2
artificially	2
patriarchs	2
adamant	2
consults	2
viands	2
stuffing	2
eruptions	2
blotches	2
triumvirate	2
rims	2
relishing	2
teens	2
cheshires	2
enlistment	2
shakspeare	2
rummaging	2
chins	2
pals	2
responds	2
fourteenpenny	2
impromptu	2
cleaner	2
borrows	2
originals	2
bespattered	2
identically	2
discounting	2
fictions	2
twofold	2
doubles	2
extricated	2
fronting	2
cinderella	2
modelling	2
sinbad	2
curtsys	2
cherubim	2
crushes	2
chatterer	2
jackdaw	2
charwoman	2
grandsire	2
druidical	2
pouncing	2
chew	2
thighs	2
tion	2
releases	2
sweltering	2
fans	2
pittance	2
saul	2
soars	2
disapproves	2
combats	2
tartary	2
exhibitions	2
shabbiness	2
skylights	2
archery	2
seamed	2
tacking	2
conventionally	2
bedding	2
trustiest	2
ponder	2
dips	2
evaporates	2
conductors	2
sickens	2
carrots	2
whereabouts	2
laconic	2
beehive	2
pleasurable	2
unsettling	2
category	2
ingenuously	2
soho	2
suffused	2
rewards	2
sear	2
tarnish	2
dirtier	2
prosing	2
reproved	2
swordsman	2
badgered	2
baited	2
strode	2
holyhead	2
bundled	2
beaded	2
guardsman	2
rifles	2
partitioned	2
unpainted	2
screening	2
redly	2
boastfully	2
freshen	2
harnessing	2
coursers	2
whirls	2
coronets	2
evaded	2
dentistical	2
nocturnal	2
savoury	2
mangy	2
giggle	2
gentile	2
flawed	2
cataleptic	2
brutes	2
recording	2
frilled	2
treadmills	2
bullies	2
branding	2
promissory	2
unmerciful	2
interchangeable	2
runaways	2
nothings	2
sittin	2
clerkenwell	2
saffron	2
nate	2
firework	2
throwed	2
cornwall	2
cleans	2
apertures	2
recite	2
commemorative	2
defiantly	2
descries	2
extinguisher	2
prospering	2
clawing	2
paralytic	2
padlock	2
believers	2
salutes	2
unobjectionable	2
offensively	2
conjuration	2
hideously	2
sedately	2
centring	2
whisking	2
barracks	2
theayter	2
sanded	2
pannikins	2
artilleryman	2
unyielding	2
hospitably	2
penn	2
orth	2
porth	2
utensils	2
platters	2
underhanded	2
relieves	2
evolution	2
cumber	2
intensifies	2
hearths	2
proclaims	2
lapsing	2
resurrections	2
rosary	2
obliteration	2
glib	2
snorts	2
foreman	2
boastfulness	2
diametrically	2
valets	2
redolent	2
jogg	2
gondola	2
superbly	2
othello	2
treasuring	2
fickleness	2
suitability	2
bridesmaids	2
reassure	2
littered	2
hurrahed	2
ungenial	2
pinned	2
redder	2
cowering	2
hovel	2
stolbuns	2
sprinkle	2
compassionating	2
chirped	2
negus	2
uncomplaining	2
argus	2
adjuring	2
wa	2
frothed	2
laggard	2
freshening	2
sniffs	2
hastens	2
boguey	2
bibo	2
dummy	2
defiles	2
nauseous	2
coating	2
charred	2
inbred	2
occurring	2
reporter	2
cloves	2
jolting	2
helmets	2
crannies	2
impressible	2
shrub	2
pertinacity	2
haggardly	2
surmounting	2
patriarch	2
prancing	2
discoverers	2
hootings	2
hydrogen	2
frenchmen	2
enfolded	2
sneaks	2
whitening	2
lookye	2
wry	2
whitewashing	2
smoothings	2
appendage	2
corrugated	2
marketing	2
sunshiny	2
vitae	2
nickname	2
distressfully	2
forgivingly	2
widder	2
mollifying	2
encomiums	2
con	2
sued	2
recesses	2
freeing	2
deploy	2
invigorating	2
monitions	2
unperformed	2
endlessly	2
alleviate	2
twinkled	2
giddily	2
mistrusts	2
vitally	2
disappoints	2
vacate	2
housewife	2
madeira	2
tambour	2
builder	2
extolling	2
thatched	2
resound	2
pined	2
opponent	2
surge	2
bats	2
porches	2
retraced	2
pitiably	2
saddled	2
palpitations	2
adage	2
roundest	2
hilly	2
stoutish	2
looseness	2
massively	2
expatiated	2
taints	2
covertly	2
confidantes	2
accountability	2
touchstone	2
overleaping	2
prosaic	2
whimsically	2
stormed	2
eruption	2
waltzes	2
unpolite	2
whisked	2
crusts	2
oasis	2
jocoseness	2
bronchial	2
recommenced	2
snuffling	2
fretting	2
worthily	2
indisputably	2
cannibalism	2
gorged	2
scalping	2
ixion	2
bloodless	2
sows	2
digestive	2
rejoin	2
rekindled	2
loungers	2
refolding	2
solaced	2
cartload	2
assembles	2
gags	2
ferment	2
fiendish	2
swan	2
booked	2
metamorphosed	2
forelock	2
beseems	2
truncheon	2
fleck	2
ancestress	2
flutters	2
regale	2
booths	2
pageants	2
restores	2
circumjacent	2
inadvertently	2
twould	2
stolid	2
cohesion	2
exemplify	2
fernal	2
procurable	2
feint	2
hesitates	2
baronetcy	2
dower	2
humbler	2
roller	2
proclaiming	2
ascends	2
propitiatory	2
brooms	2
gropes	2
vixen	2
staringly	2
prisons	2
illustrating	2
gossamer	2
slatternly	2
nectarines	2
reclined	2
wallflowers	2
sanctum	2
clip	2
comicality	2
encourages	2
administrative	2
idlest	2
pictorial	2
refrains	2
giddiness	2
misapprehend	2
tendered	2
zig	2
zag	2
paled	2
scars	2
unmatched	2
diffusing	2
reconnoitre	2
portmanteaus	2
usurers	2
fatter	2
puny	2
grazes	2
constables	2
polemical	2
propagates	2
norman	2
obscenity	2
strolls	2
footsore	2
surgery	2
wretchedest	2
swampy	2
scours	2
amazedly	2
restrains	2
wishermaydie	2
chopped	2
adjurations	2
nowheres	2
doos	2
ony	2
genlmn	2
shambles	2
revolves	2
kneading	2
augurs	2
cognizant	2
rations	2
deplorably	2
tacks	2
filth	2
knowin	2
goads	2
anthem	2
apace	2
bedlam	2
cumfbler	2
agin	2
speakin	2
furder	2
prayin	2
berried	2
comin	2
gropin	2
reverends	2
loll	2
orb	2
nough	2
chargers	2
garnish	2
extinguishers	2
flambeaux	2
adapts	2
parry	2
transparently	2
precluded	2
undeceiving	2
pitilessly	2
weirs	2
mingles	2
unavailingly	2
noun	2
speciality	2
smarts	2
drilled	2
upheaving	2
scaly	2
tendon	2
ostrich	2
mugs	2
bungle	2
inducted	2
flinty	2
tingle	2
wholesomer	2
terseness	2
unequally	2
sociality	2
eclipse	2
godfather	2
dotes	2
mozart	2
percentage	2
remunerated	2
practicability	2
thunderstruck	2
upholstery	2
specks	2
neatest	2
prostrated	2
prescriptive	2
pieced	2
plough	2
regretfully	2
godsend	2
radiantly	2
windings	2
indelibly	2
fluctuate	2
heartiness	2
rougher	2
remand	2
rummaged	2
occasioning	2
enjoins	2
sharpens	2
appreciates	2
worms	2
horseflesh	2
emblazoned	2
taker	2
scribe	2
discourages	2
empties	2
adjured	2
rectifying	2
consigning	2
adherent	2
unstrung	2
zample	2
depict	2
enormity	2
sculptor	2
bracelets	2
statuary	2
headaches	2
marmalade	2
expedite	2
ejaculates	2
julius	2
relentless	2
pave	2
probing	2
leastways	2
jostle	2
luring	2
wayside	2
involvement	2
parlay	2
overdo	2
wadding	2
venus	2
tigress	2
accomplishes	2
enfolding	2
gazes	2
unsteadily	2
heirlooms	2
traverse	2
existent	2
tunnels	2
chaotic	2
tribulation	2
clasps	2
testifies	2
gravelled	2
guy	2
corkscrewed	2
thunderbolt	2
overshadows	2
racked	2
downy	2
virulence	2
stumbles	2
acquires	2
missive	2
ebbed	2
lulls	2
jumble	2
scrawls	2
spicy	2
basins	2
homeless	2
stoppages	2
woodpecker	2
fypunnote	2
naturalest	2
lunnun	2
wisiting	2
crashing	2
ostlers	2
bleakness	2
crystallized	2
untaxed	2
festivals	2
outshone	2
blots	2
obeys	2
couches	2
deadens	2
freshest	2
brawling	2
abortion	2
wanders	2
mooted	2
compensate	2
sacredly	2
swiftest	2
gutters	2
extol	2
moor	2
housekeepers	2
signally	2
banking	2
demonstrates	2
mattered	2
deems	2
heartlessly	2
untiring	2
drollery	2
forsworn	2
tain	2
showering	2
vaporous	2
scapegrace	2
squeezes	2
brigade	2
manoeuvre	2
garlanded	2
woodbine	2
beneficently	2
speculated	2
walcot	2
eradicated	2
tremenjous	2
sidled	2
woolsack	2
knell	2
profanation	2
defies	2
stirrup	2
dwindling	2
yellower	2
treatises	2
sonorously	2
chandeliers	2
thunderings	2
footfall	2
purified	2
diviner	2
chuck	2
proofreading	2
ruskin	2
saintsbury	2
chiswick	2
whittingham	2
tooks	2
burlesque	2
parody	2
devotees	2
fewest	2
retrenched	2
naturalness	2
footlights	2
novelist	2
mannish	2
savagery	2
smollett	2
insatiable	2
damsel	2
mentor	2
ladylike	2
hells	2
cynic	2
epicurean	2
dissecting	2
paste	2
discarding	2
thackeray	2
dooming	2
retailing	2
fordyce	2
attractiveness	2
competitor	2
overdone	2
healthiest	2
cruscans	2
argemone	2
beatrix	2
hypocritical	2
fretfully	2
endeared	2
knighthood	2
mayoralty	2
pedantic	2
concerto	2
silliest	2
lizzie	2
ancles	2
scampering	2
netting	2
undervaluing	2
daresay	2
sonnet	2
precipitance	2
negatived	2
tires	2
insufferably	2
inflexibly	2
complaisant	2
philipses	2
digressions	2
inhumanity	2
dishonesty	2
dictatorial	2
misrepresented	2
proxy	2
endurable	2
unsubdued	2
cautioning	2
upbraiding	2
unappeasable	2
prefaced	2
gratulation	2
uvre	2
singled	2
unasked	2
dawdled	2
misleading	2
preservative	2
boisterously	2
disbelieving	2
envying	2
angelic	2
disclaimed	2
designedly	2
dispelling	2
extenuating	2
impurities	2
duped	2
defection	2
desertion	2
healthfulness	2
antechamber	2
cassino	2
anecdotes	2
costing	2
stubbornness	2
disputable	2
acutest	2
unalloyed	2
humbling	2
wantonly	2
grossest	2
profligacy	2
hatefully	2
domestics	2
sharers	2
commissioning	2
cucumber	2
workbags	2
outrun	2
volatility	2
exuberant	2
sameness	2
disturbers	2
querulous	2
matlock	2
dovedale	2
sedateness	2
outstripped	2
gretna	2
exigence	2
eloped	2
invectives	2
tremblings	2
duel	2
nightcap	2
lagged	2
haggerston	2
exuberance	2
gouldings	2
stoke	2
purvis	2
eloping	2
connubial	2
stratagems	2
palatable	2
fidgets	2
intervene	2
premeditation	2
super	2
simpered	2
aunts	2
recede	2
speediest	2
outstrip	2
mortifications	2
fluently	2
fidget	2
parading	2
moralize	2
photographs	2
flints	2
alder	2
darn	2
sumever	2
goo	2
numbed	2
unhooped	2
nutmeg	2
bib	2
paged	2
squally	2
sawed	2
hewed	2
freemasonry	2
gulped	2
pounced	2
guiltily	2
elixir	2
accuses	2
conwict	2
verification	2
dripped	2
smeared	2
nothin	2
mercilessly	2
dustpan	2
vicariously	2
blithe	2
banns	2
cle	2
pumblechookian	2
drumsticks	2
smartingly	2
naterally	2
lug	2
prodigal	2
squeaker	2
contumaciously	2
disagreed	2
invitingly	2
necessitate	2
smacked	2
nob	2
stimulating	2
dissociate	2
slanted	2
pounded	2
manacled	2
dregs	2
drearily	2
pompeyed	2
liquidation	2
rented	2
denouncing	2
elaborated	2
expending	2
epistle	2
ope	2
os	2
wigor	2
couplet	2
perspicuity	2
horseshoe	2
replenish	2
trips	2
harrowed	2
bulbs	2
coachmaker	2
chemist	2
dodged	2
accessories	2
babyhood	2
communing	2
bumped	2
ignominiously	2
monstrosity	2
preyed	2
inquisitively	2
hardens	2
intentional	2
stunning	2
felicitous	2
cocking	2
gypsies	2
lookers	2
anywise	2
stupefied	2
superciliously	2
toadies	2
humbugs	2
dots	2
blotchy	2
rebuff	2
jerkings	2
fermenting	2
chemical	2
slipperiness	2
greenhouse	2
grape	2
sponging	2
ravaging	2
cuff	2
retaliations	2
smiths	2
depreciatory	2
bounced	2
calc	2
sut	2
partick	2
ler	2
basest	2
beholden	2
malevolent	2
inscrutably	2
commercials	2
exult	2
lunnon	2
unexplained	2
earthwork	2
sprat	2
ulterior	2
dolge	2
limbed	2
dunder	2
shrew	2
clench	2
sedative	2
procrastinating	2
reconsider	2
manacle	2
reconsidered	2
aberration	2
denounce	2
patronised	2
conclusively	2
sarcastically	2
interrogative	2
stammer	2
astride	2
paraded	2
veritably	2
grazing	2
currant	2
sliced	2
blankets	2
miscreant	2
apostrophising	2
flaccid	2
ecstatic	2
amalgamation	2
vastness	2
bedtime	2
overlying	2
britons	2
capes	2
harrow	2
velveteen	2
twitchy	2
grit	2
bulging	2
roadway	2
farden	2
hown	2
hany	2
mas	2
booby	2
blustered	2
doorsteps	2
chipped	2
frowzy	2
lookout	2
unreservedly	2
piecing	2
benefactress	2
insurer	2
insurers	2
chartering	2
ceylon	2
buffets	2
incipient	2
observatory	2
alick	2
exploding	2
serpentine	2
enlisted	2
crackered	2
awkwardly	2
poultice	2
lunching	2
amenities	2
tal	2
catcher	2
cove	2
denunciations	2
niggardly	2
stewed	2
repeater	2
inveigled	2
flagstaff	2
bestirring	2
freehold	2
heating	2
felonious	2
caldron	2
sauces	2
gayly	2
baring	2
boorish	2
obtuseness	2
lagging	2
inappropriate	2
wrestles	2
washerwoman	2
growed	2
playacting	2
likeways	2
roscian	2
contrairy	2
collars	2
shay	2
playfellow	2
blusterous	2
spurious	2
sleight	2
knobbed	2
choleric	2
mudbank	2
dormouse	2
inaccessibility	2
pester	2
trailed	2
greener	2
exceptionally	2
loop	2
twined	2
smirked	2
culminated	2
ejected	2
codfish	2
chum	2
pegs	2
derisively	2
peals	2
moralizing	2
elocution	2
complacently	2
tightening	2
fatty	2
recorder	2
turnkeys	2
suppliants	2
defenceless	2
calculates	2
hilted	2
unintentional	2
lloyd	2
remunerative	2
jewelery	2
cupid	2
focus	2
intoxication	2
warders	2
housing	2
intercept	2
emergence	2
surpassingly	2
vainglorious	2
notoriously	2
saltcellar	2
virtuously	2
anticipations	2
shaker	2
negativing	2
straightening	2
disheartening	2
southwark	2
battlements	2
undeterred	2
coopering	2
warehousing	2
moat	2
kite	2
distrusts	2
oiled	2
operas	2
reverted	2
tracks	2
destroyer	2
peerless	2
untenable	2
moths	2
boor	2
distortions	2
rove	2
stronghold	2
progressing	2
gusts	2
arterwards	2
repulse	2
draggled	2
wotever	2
abhorring	2
engender	2
chronically	2
diner	2
prolix	2
grubber	2
uns	2
botany	2
disguising	2
fledged	2
antecedents	2
parrots	2
deviate	2
bondsman	2
winnings	2
muzzle	2
repaying	2
residences	2
insides	2
poacher	2
booth	2
drivelling	2
misdemeanor	2
feign	2
smeary	2
legible	2
smithies	2
imploringly	2
injuriously	2
readiest	2
straddling	2
perforated	2
inhospitable	2
potentially	2
stealth	2
rakes	2
gloucester	2
housewives	2
gruffandgrim	2
truculent	2
ounces	2
unconscionable	2
watermen	2
boatmen	2
ominously	2
swabs	2
confute	2
plenipotentiary	2
unmanned	2
conceding	2
hornpipe	2
noticeably	2
lighters	2
cringe	2
unscrewed	2
lacerated	2
boldest	2
halfway	2
unfrequented	2
chimes	2
priory	2
discursive	2
collectedly	2
steadiest	2
tragically	2
inkling	2
magisterially	2
loosening	2
falser	2
excavation	2
ineffectually	2
goad	2
gloating	2
dreads	2
scowling	2
plummet	2
unbound	2
lotion	2
thanksgiving	2
throbbed	2
sympathise	2
colliers	2
coasting	2
traders	2
glasgow	2
bobbing	2
shaving	2
knobby	2
festooned	2
ballast	2
squat	2
stilts	2
cheeky	2
likeliest	2
recognisable	2
abided	2
cairo	2
hymen	2
unintentionally	2
thriven	2
unsay	2
indelible	2
stilled	2
sheriffs	2
civic	2
imprisonments	2
herb	2
tenancy	2
teemed	2
existences	2
penitently	2
indite	2
nigher	2
humps	2
annuals	2
overdoing	2
coverlet	2
frowningly	2
watercresses	2
gratitoode	2
countryside	2
schoolhouse	2
rustled	2
harmoniously	2
hale	2
antagonists	2
loudness	2
disdains	2
propagated	2
highways	2
unoccupied	2
comprehensively	2
prussia	2
senates	2
adjudications	2
aggressions	2
borderers	2
actuate	2
opposes	2
compensations	2
doge	2
cheaper	2
navigators	2
harmonize	2
prowess	2
dwindle	2
abounds	2
uncandid	2
hive	2
delineate	2
enmities	2
favorites	2
theft	2
renewals	2
bigotry	2
predilections	2
incentives	2
wellregulated	2
sated	2
antipathies	2
extinguishing	2
aragon	2
ungranted	2
anterior	2
dismember	2
embroil	2
preferences	2
exclusions	2
denominate	2
importations	2
temerity	2
extinguishment	2
mitigation	2
trite	2
legislations	2
jarring	2
labyrinths	2
invader	2
battles	2
adventitious	2
infringements	2
superiors	2
dispassionately	2
balances	2
amelioration	2
orbit	2
commonwealths	2
nurseries	2
republicanism	2
corruptions	2
unstable	2
aliment	2
ambitiously	2
convulse	2
turbulence	2
assimilated	2
proportionally	2
outnumber	2
republicans	2
threefold	2
reinforcement	2
erelong	2
carriers	2
competitors	2
elucidation	2
unproductive	2
politically	2
plume	2
europeans	2
vivify	2
incitements	2
prolific	2
succors	2
coinciding	2
mutilated	2
excise	2
bays	2
cargoes	2
unsupported	2
purchasers	2
citing	2
juster	2
petulantly	2
unhallowed	2
compendious	2
precipitating	2
declension	2
contradistinguished	2
bane	2
belied	2
confirmations	2
applauding	2
delinquency	2
aggressing	2
tamper	2
surreptitious	2
omissions	2
feudatories	2
retainers	2
fiefs	2
oppressors	2
dependants	2
tyrannized	2
thebans	2
persia	2
dupes	2
inefficiency	2
phocians	2
abetted	2
stricter	2
praetors	2
aratus	2
unprovoked	2
supplicating	2
intermeddling	2
tyrannies	2
illustrates	2
diets	2
austrian	2
aulic	2
insecure	2
abortive	2
pitted	2
westphalia	2
contumacious	2
defaulters	2
antiquated	2
topographical	2
homogeneous	2
grotius	2
stadtholdership	2
monitory	2
responses	2
solecism	2
contravening	2
discriminated	2
supporters	2
opulence	2
ushering	2
umbrage	2
merchandises	2
procrastinate	2
contradicts	2
sixtieth	2
compromises	2
inlet	2
prostitution	2
overbalance	2
prop	2
shackles	2
unprejudiced	2
framers	2
improvidently	2
promulgated	2
cavils	2
womb	2
censures	2
defenseless	2
insults	2
inversion	2
maine	2
lysander	2
impairs	2
delegating	2
depress	2
presuppose	2
contaminate	2
enforcement	2
upholding	2
odium	2
expertness	2
yeomanry	2
deducing	2
execration	2
supine	2
equipping	2
avowedly	2
declaim	2
necessitous	2
impost	2
geometry	2
divisibility	2
finite	2
disingenuity	2
reasoner	2
entangle	2
interferences	2
exported	2
inexpediency	2
virulent	2
exterminated	2
tautology	2
redundancy	2
reasoners	2
plebian	2
comitia	2
predominancy	2
unambitious	2
expenditures	2
overstocked	2
payer	2
infuse	2
artisans	2
wealthiest	2
landholders	2
bypaths	2
consumptions	2
assessments	2
spectres	2
fallibility	2
infallibility	2
cursory	2
disquisition	2
delineating	2
definitions	2
assuaging	2
theseus	2
lawgiver	2
tullius	2
hostilius	2
lawgivers	2
alludes	2
selects	2
hearkening	2
objector	2
affirms	2
votary	2
impeachable	2
consolidated	2
partakes	2
defining	2
purview	2
coinage	2
swarmed	2
congresses	2
irregularities	2
precept	2
unthinking	2
legions	2
seacoast	2
hostage	2
sinew	2
embassies	2
chartered	2
studiously	2
illegitimate	2
africans	2
counterfeiting	2
adjudged	2
dissatisfactory	2
diversify	2
currency	2
residuum	2
unredressed	2
affirmation	2
ligaments	2
journals	2
yokes	2
misconceived	2
homer	2
didactic	2
elementary	2
emphatical	2
organizations	2
overruling	2
discriminating	2
transcend	2
assumes	2
remedial	2
revisions	2
arraigned	2
censorial	2
revise	2
devolve	2
majorities	2
misrule	2
alterable	2
charta	2
enacted	2
hanoverian	2
conversely	2
inapplicable	2
assimilation	2
fifths	2
fellowcitizens	2
presupposes	2
compile	2
constitutents	2
oligarchy	2
gradation	2
reapportionments	2
declaimed	2
incorporating	2
primarily	2
debasement	2
perpetuation	2
weaned	2
repealing	2
indiscretions	2
speculating	2
damps	2
hemlock	2
superseding	2
ephori	2
regenerate	2
condemns	2
inimical	2
unawed	2
uninfluenced	2
ostracism	2
confounds	2
assigning	2
instituting	2
misbehavior	2
perverting	2
voluptuousness	2
visages	2
metamorphose	2
resemblances	2
tolerant	2
cite	2
applauses	2
unfounded	2
unfairness	2
khan	2
dissimilitude	2
tallies	2
revisionary	2
reprieves	2
adjourn	2
prorogue	2
publicity	2
menaced	2
soundness	2
tincture	2
dilatoriness	2
miscarriage	2
annex	2
debase	2
comports	2
indued	2
overturn	2
prolongation	2
essentiality	2
unhinge	2
commences	2
enaction	2
inadvertence	2
expounding	2
benign	2
fiat	2
dispenser	2
venalty	2
bartering	2
liquidate	2
mitigating	2
gainer	2
stipend	2
specifically	2
litigation	2
judicatures	2
immunity	2
broadest	2
sec	2
dictio	2
intricacy	2
jurors	2
promiscuously	2
multiplies	2
authoritatively	2
indictment	2
aphorisms	2
relinquishment	2
concealments	2
aspersions	2
lxviii	2
lxix	2
lxx	2
lxxi	2
lxxii	2
lxxiii	2
lxxiv	2
lxxv	2
lxxvi	2
lxxvii	2
lxxviii	2
lxxix	2
lxxx	2
lxxxi	2
lxxxii	2
lxxxiii	2
lxxxiv	2
lxxxv	2
lxxxvi	2
moors	2
toddled	2
soared	2
theresas	2
alternated	2
certitude	2
foundress	2
marriageable	2
presumably	2
laborer	2
apostles	2
devotee	2
qualms	2
irrelevance	2
hooker	2
chronology	2
poincon	2
deprecation	2
complexions	2
pirouetting	2
emblems	2
merging	2
falteringly	2
fireplaces	2
caressingly	2
trae	2
cabeza	2
yelmo	2
sancho	2
pues	2
mambrino	2
cervantes	2
cavalier	2
triviality	2
draining	2
southey	2
vaudois	2
twitted	2
catholicism	2
biblical	2
religiousness	2
starch	2
horsemanship	2
grosser	2
bookworm	2
budded	2
labyrinthine	2
thoroughness	2
erratic	2
thimbleful	2
zigzags	2
rhamnus	2
topography	2
parnassus	2
falsified	2
asceticism	2
ascetic	2
pippin	2
niceties	2
outcome	2
setters	2
sleekly	2
weasel	2
parasitic	2
trivialities	2
artificiality	2
reverently	2
questionings	2
exalting	2
doctrinally	2
catechise	2
embittered	2
dice	2
mediums	2
stealer	2
unmixedly	2
catarrhs	2
symbolized	2
intonation	2
recitative	2
severer	2
cawing	2
mandolin	2
interjectional	2
ly	2
polities	2
lure	2
commentator	2
rampant	2
miserliness	2
bladder	2
colic	2
horrified	2
diplomatist	2
irradiate	2
tendance	2
rill	2
symbolically	2
previsions	2
conservative	2
minuet	2
deanery	2
desdemona	2
reels	2
pulpy	2
unconstrained	2
shortening	2
greensward	2
windowed	2
smirking	2
wifehood	2
unmanifested	2
harmonies	2
graphic	2
villagers	2
skinny	2
unceremonious	2
aeolian	2
exploration	2
receptivity	2
masquerade	2
embryos	2
analogies	2
facial	2
tartarean	2
stoics	2
manuscripts	2
aloofness	2
asides	2
coquette	2
quackery	2
shafts	2
adaptation	2
aspirates	2
surprisingly	2
fluctuation	2
herodotus	2
extras	2
partisanship	2
retailed	2
profiles	2
delved	2
tetchy	2
teas	2
grasses	2
whisperingly	2
marl	2
jews	2
react	2
tchah	2
powderells	2
sermonizing	2
messiah	2
antithesis	2
shrewdness	2
sardonically	2
detesting	2
indirectness	2
physique	2
slightness	2
presupposed	2
vaguer	2
elevations	2
nettle	2
callers	2
coadjutor	2
seductions	2
diagnosis	2
regimen	2
unhandsome	2
froth	2
eying	2
twenties	2
simmons	2
troil	2
roguishness	2
disgracefully	2
curates	2
crowse	2
colossi	2
ridiculed	2
blistering	2
mammon	2
rarer	2
rasselas	2
unbiassed	2
makdom	2
fairnesse	2
vocations	2
conforming	2
severance	2
surgical	2
rarefied	2
graduates	2
herschel	2
pianists	2
retarding	2
immortals	2
druggists	2
organism	2
structures	2
befalls	2
physiognomies	2
benevolently	2
baritone	2
provencale	2
galvanism	2
dote	2
deprecatingly	2
criminals	2
tegg	2
strype	2
potato	2
astonishingly	2
melodies	2
batti	2
niobe	2
deprecatory	2
rubbers	2
typhoid	2
testing	2
phosphorescence	2
unexhausted	2
fogies	2
factor	2
slits	2
nipped	2
disadvantageously	2
womankind	2
hobbies	2
stagnate	2
entomology	2
orthoptera	2
israelites	2
monograph	2
trawley	2
prologue	2
disinfecting	2
barter	2
humoring	2
obstructive	2
scurvy	2
pithy	2
likable	2
currying	2
begotten	2
adhesion	2
fortuitous	2
superfluously	2
creased	2
grapple	2
apothecaries	2
uselessness	2
distaff	2
romanticism	2
idled	2
immoderately	2
torso	2
petal	2
quakerish	2
geistlicher	2
madonna	2
amateurish	2
antigone	2
connoisseur	2
insistent	2
ridiculously	2
afeard	2
hemisphere	2
campagna	2
historic	2
picnic	2
titanic	2
ideals	2
forlornness	2
ruminant	2
recitation	2
deities	2
commenting	2
psyche	2
unpublished	2
hyperbole	2
unmistakably	2
onlookers	2
improvisation	2
isolate	2
stultifying	2
toughest	2
sedulously	2
salon	2
poste	2
restante	2
frankfort	2
vaunted	2
annihilating	2
correctness	2
metamorphosis	2
pliable	2
pas	2
vegetation	2
migrations	2
clearings	2
dissertations	2
thrones	2
pronunciation	2
satirically	2
wasps	2
prettiness	2
gnashing	2
throned	2
cameo	2
heretic	2
radiates	2
mizraim	2
poems	2
permissible	2
adieux	2
whate	2
materialistic	2
swapping	2
unspecified	2
implanted	2
lindley	2
diagrams	2
jockeys	2
fibs	2
gambler	2
alcoholic	2
nomenclature	2
asseveration	2
unsanitary	2
endowing	2
dappled	2
timbered	2
slates	2
intermittent	2
funnier	2
pasty	2
enunciation	2
epigram	2
felling	2
drainage	2
boring	2
builds	2
blake	2
truant	2
ignored	2
lymphatic	2
ellen	2
cartridges	2
parsons	2
ire	2
explosive	2
chant	2
farmhouse	2
adroitness	2
dyeing	2
densely	2
fibrous	2
disbelieved	2
falsehoods	2
haberdasher	2
caustic	2
crystalline	2
furtive	2
bouquets	2
mythological	2
scrupulosity	2
embitterment	2
timorous	2
mapped	2
stupidly	2
hurl	2
trash	2
odors	2
consecrating	2
stethoscope	2
resignedly	2
prevision	2
unclasping	2
influx	2
compulsory	2
corridors	2
entanglements	2
underclothing	2
falcon	2
mixtures	2
thrilled	2
definiteness	2
desirableness	2
appropriateness	2
exiles	2
subtilty	2
squinting	2
sarcasms	2
wetter	2
wheedling	2
woolly	2
problematic	2
unhopeful	2
jeersteen	2
snack	2
ivanhoe	2
wage	2
opaque	2
imperatively	2
prospectively	2
scarfs	2
chilliness	2
bisons	2
interrogatively	2
surplice	2
encouragingly	2
unbecomingness	2
hobbes	2
symbolical	2
charmant	2
fodder	2
eatables	2
articulation	2
bequeath	2
dribbling	2
investments	2
figuratively	2
posterior	2
scamp	2
macerated	2
jesuit	2
sparring	2
unstreaked	2
crudely	2
titled	2
gander	2
liberals	2
outcries	2
advocacy	2
buyers	2
dispassionateness	2
freemen	2
extraction	2
huskisson	2
shelley	2
burrowing	2
beatrice	2
conservatories	2
worker	2
ringlets	2
intentness	2
undress	2
sciolism	2
grandparents	2
ladislaws	2
doubleness	2
cadwalladers	2
whiggish	2
leeches	2
stinginess	2
carte	2
eccentricity	2
tickling	2
unhesitating	2
chanting	2
stammering	2
mysticism	2
poaching	2
crite	2
farmyard	2
freeman	2
tethered	2
marbled	2
feller	2
upo	2
meean	2
postman	2
unrestrainedly	2
engineering	2
flippant	2
lumbering	2
cajoling	2
nonplussed	2
plaguing	2
baboon	2
highroad	2
embittering	2
harassing	2
unbelieving	2
angrier	2
indigestion	2
quixotic	2
dissociated	2
laennec	2
deft	2
roulades	2
trencher	2
supremely	2
bric	2
brac	2
adores	2
captives	2
oppositions	2
fac	2
purifying	2
statistical	2
oxygen	2
boluses	2
lieges	2
lengthening	2
cetera	2
hypocrites	2
dibbitts	2
squitchineal	2
cancer	2
pulmonary	2
thermometer	2
coadjutors	2
flinch	2
sixes	2
sevens	2
separable	2
graveyards	2
galen	2
aquello	2
ripen	2
comet	2
metres	2
brained	2
speechify	2
energumen	2
cheapest	2
gingerbread	2
pouted	2
usurper	2
tinkering	2
checkmated	2
rarity	2
dragons	2
tuckers	2
skirting	2
growths	2
chancel	2
aisle	2
shortsighted	2
cyrus	2
hymns	2
benumbing	2
stringency	2
passivity	2
wizard	2
executrix	2
repression	2
impish	2
daphnis	2
widowhood	2
tempering	2
grocery	2
currants	2
noways	2
converging	2
couplets	2
schedules	2
clutches	2
clews	2
machines	2
collared	2
chatham	2
pitt	2
althorpe	2
brimful	2
cam	2
seedy	2
propitiating	2
plungingly	2
caricature	2
ifs	2
conspicuously	2
thirsted	2
enviously	2
genuinely	2
sinning	2
exhortation	2
deathly	2
chastisements	2
superhuman	2
aren	2
protrusion	2
abjectly	2
lei	2
chi	2
vigo	2
changeless	2
stowage	2
depreciating	2
regenerating	2
sloped	2
episodes	2
grinsell	2
hindoos	2
stateliest	2
submarine	2
nohow	2
foal	2
catarrh	2
plenteous	2
foon	2
secular	2
zigzag	2
canells	2
wiry	2
manageable	2
reproving	2
rationality	2
viscount	2
rapped	2
puzzles	2
callum	2
stylish	2
reopen	2
buds	2
ian	2
giraffe	2
simpletons	2
medicinal	2
unintended	2
sock	2
lout	2
wakefield	2
mengan	2
brusquely	2
quietest	2
tempts	2
caeteras	2
disconnected	2
enormously	2
generalizing	2
enkindling	2
untarnished	2
thinness	2
tug	2
fleshly	2
promptings	2
irritability	2
spa	2
emmaus	2
ure	2
starlit	2
perishable	2
ignore	2
unvisited	2
tilling	2
pleas	2
providences	2
unrighteous	2
solidly	2
bitterer	2
directest	2
pencilled	2
orlando	2
alternation	2
weepers	2
beginner	2
waymarks	2
tic	2
wavy	2
pest	2
underlying	2
sordidness	2
untruth	2
plymdales	2
bitingly	2
closeness	2
maddening	2
justest	2
visitants	2
horsedealer	2
meditativeness	2
hypothetic	2
gamble	2
proffering	2
precautionary	2
blasting	2
handedness	2
bribing	2
tormentor	2
alcohol	2
unsympathetic	2
humiliations	2
unaided	2
swaller	2
unravelled	2
economies	2
clo	2
studs	2
faulkner	2
saracen	2
insistently	2
understan	2
nothingk	2
rued	2
cemetery	2
perpetrate	2
procedures	2
dishonored	2
malpractices	2
chicanery	2
hisses	2
palavering	2
dissentient	2
remonstrantly	2
demesne	2
unmitigated	2
sullied	2
interloper	2
affectionateness	2
crises	2
lopped	2
plaisirs	2
unanswered	2
disproved	2
galls	2
guarantees	2
momentarily	2
sheaths	2
champion	2
panther	2
torpor	2
sobbings	2
slough	2
anodyne	2
sneak	2
unsuspecting	2
godhead	2
lozenge	2
spins	2
undisguised	2
overtired	2
quiescence	2
heedlessness	2
probed	2
brokenly	2
grappled	2
nestle	2
badinage	2
rebuked	2
unrolled	2
mouthpiece	2
truberry	2
trapping	2
poachers	2
mindedness	2
heady	2
incorruptible	2
coax	2
warningly	2
jilting	2
roofed	2
esteeming	2
hannah	2
encouragements	2
boasts	2
companionableness	2
minced	2
scalloped	2
unfeigned	2
clownish	2
uncouthness	2
ingratiating	2
irksomeness	2
fogs	2
incommoding	2
illegitimacy	2
inconsiderate	2
agreeableness	2
transcribed	2
stupidest	2
celibacy	2
doating	2
embrocation	2
wholesomeness	2
dryness	2
tranquillised	2
solicitously	2
lateness	2
separations	2
ulcerated	2
coxe	2
eclat	2
alleviations	2
retentive	2
absenting	2
doated	2
huswife	2
apologise	2
checker	2
engrafted	2
disgustingly	2
fried	2
deadening	2
sashed	2
capabilities	2
broadwood	2
giver	2
everyday	2
passant	2
surprizes	2
unfeignedly	2
dawdling	2
wedging	2
commandingly	2
gilberts	2
aired	2
reprobating	2
mourners	2
soothings	2
bashfulness	2
doatingly	2
mediocre	2
cara	2
penury	2
quits	2
wittier	2
rout	2
packs	2
aspersion	2
mails	2
cheerfuller	2
morrows	2
puppyism	2
puppies	2
tippet	2
softest	2
hows	2
hautboy	2
eatable	2
medals	2
corals	2
hotter	2
crossness	2
bragges	2
hems	2
abhor	2
disengage	2
underrated	2
ungraciously	2
waded	2
extenuation	2
accordant	2
fathomed	2
outgrown	2
drills	2
doat	2
seaside	2
turkeys	2
weddings	2
inheritor	2
indecorous	2
neighbourly	2
minuter	2
inquietude	2
affronting	2
endeavoring	2
jointure	2
showery	2
lastingly	2
westerly	2
spraining	2
pardonable	2
honiton	2
prescience	2
dispatches	2
exhilaration	2
certainties	2
extorting	2
surfaces	2
promontories	2
newness	2
assiduities	2
softener	2
unwounded	2
biased	2
merrier	2
salmon	2
violins	2
disclosing	2
splendidly	2
ellisons	2
mulberry	2
colicky	2
davies	2
bespoke	2
indigence	2
heroically	2
courtland	2
conjurer	2
richardsons	2
froid	2
doting	2
libertine	2
tediously	2
embellishments	2
laburnum	2
immobile	2
ensconced	2
petalled	2
restaurant	2
immorality	2
duet	2
curzon	2
eton	2
hellenic	2
bewilder	2
plastic	2
viol	2
feverishly	2
wanes	2
hedonism	2
amethyst	2
squabble	2
georgian	2
carlington	2
grumbled	2
titan	2
burdon	2
vandeleur	2
warbled	2
iridescent	2
bacchante	2
willis	2
primers	2
satinwood	2
quatorze	2
lohengrin	2
crescent	2
esprit	2
myriads	2
analyse	2
stalls	2
mercutio	2
arden	2
glamour	2
stereotyped	2
greenroom	2
capulet	2
unpoetical	2
vivisecting	2
sulphurous	2
sicken	2
agate	2
grotesqueness	2
sybil	2
tableau	2
geniuses	2
prattled	2
shirted	2
bushrangers	2
nugget	2
furrow	2
underlip	2
musically	2
achilles	2
melodramatic	2
dramatically	2
optimism	2
jerkin	2
flaunt	2
individualism	2
spiritualize	2
sways	2
mannerly	2
overemphasized	2
lightens	2
cordelia	2
crouched	2
drunkards	2
rumbled	2
iris	2
nacre	2
rimmed	2
aeon	2
divinest	2
prussic	2
mauve	2
emancipated	2
fateful	2
gwendolen	2
misanthrope	2
brocades	2
convent	2
montaigne	2
viler	2
cassone	2
gauntleted	2
bestial	2
uncomely	2
perfumed	2
flutes	2
renunciations	2
exotic	2
realization	2
necktie	2
crouch	2
tabernacle	2
robed	2
chalice	2
distilling	2
oils	2
frankincense	2
aloes	2
monotonously	2
scourging	2
diaz	2
jordan	2
alchemist	2
sapphires	2
steeds	2
blazoned	2
smyrna	2
turquoises	2
fleurs	2
lis	2
plumaged	2
orphreys	2
crucifixion	2
peacocks	2
algiers	2
canons	2
surcoat	2
vit	2
tiara	2
harlot	2
debauchery	2
seltzer	2
staveley	2
scuffling	2
mildew	2
iniquities	2
hertford	2
citron	2
eau	2
devant	2
ade	2
marbre	2
escalier	2
sunless	2
sphinxes	2
berkshire	2
battened	2
raced	2
marring	2
fetid	2
chemicals	2
unadulterated	2
mediocrities	2
sprawled	2
collet	2
trop	2
prefix	2
clouston	2
sprawling	2
vileness	2
mackintosh	2
factories	2
ochre	2
charcoal	2
malay	2
unstained	2
rechristened	2
orchid	2
romanticists	2
swathed	2
yacht	2
omened	2
cultured	2
san	2
artistically	2
nocturne	2
idolatrous	2
unripe	2
unbarred	2
presentment	2
hallock	2
foote	2
ipsen	2
kindlier	2
mandrake	2
authenticity	2
banner	2
eider	2
grizzly	2
schooners	2
yankee	2
wearisomely	2
cloaked	2
trode	2
persecutor	2
atmospheres	2
survives	2
subordinates	2
democrat	2
bellow	2
smuggled	2
harvesting	2
husks	2
revolutionary	2
fourscore	2
clarion	2
fours	2
sunniest	2
toilsome	2
cumbrous	2
bipeds	2
quadrupeds	2
bayonets	2
crevices	2
heraldic	2
ellery	2
unutterably	2
fig	2
lettered	2
halifax	2
chirography	2
jonathan	2
authenticated	2
lucubrations	2
unmercifully	2
corpses	2
moonbeams	2
exhaling	2
ether	2
shove	2
pith	2
ejectment	2
surveyorship	2
democrats	2
careering	2
fantasies	2
briefer	2
appellations	2
hoods	2
hutchinson	2
religionist	2
befitted	2
transgressor	2
fertility	2
sumptuary	2
maternity	2
sinless	2
heartlessness	2
venomous	2
preternaturally	2
phantasmagoric	2
crumbling	2
mishaps	2
feelest	2
wailings	2
frenzied	2
simples	2
beholdest	2
drained	2
shouldst	2
enticed	2
tempter	2
townward	2
ruffs	2
gorgeously	2
typify	2
fictitious	2
reviled	2
concoct	2
irrepressibly	2
babbled	2
intimations	2
tinged	2
imbibing	2
sprite	2
intangibility	2
unsympathizing	2
anathemas	2
rankle	2
uprooted	2
freakish	2
antics	2
paternity	2
monkish	2
hellish	2
wayfarers	2
urchins	2
dauntless	2
stucco	2
plentifully	2
caper	2
flanked	2
chronicles	2
cabbages	2
ailed	2
selfsame	2
soberly	2
duskier	2
wellnigh	2
babbling	2
scrutinized	2
intuition	2
supernaturally	2
burrow	2
askance	2
unspoken	2
forebode	2
prickly	2
riotously	2
etherealized	2
pentecost	2
vilest	2
introspection	2
stiffen	2
jeering	2
inextricable	2
pealing	2
reverberated	2
slumberers	2
reverberations	2
hags	2
muffling	2
waxing	2
margined	2
meteoric	2
phenomena	2
betokening	2
duskily	2
pastime	2
tougher	2
permanence	2
transfiguration	2
prophetess	2
eventide	2
nuptial	2
betoken	2
pebble	2
intelligently	2
irreverence	2
underbrush	2
anemones	2
columbines	2
contiguity	2
invigorated	2
sunbeam	2
oneness	2
ledst	2
legends	2
gesticulating	2
wilds	2
blasphemous	2
jests	2
craftily	2
unsolved	2
craftsmen	2
beaker	2
shimmer	2
throbbings	2
passiveness	2
effervescence	2
wearest	2
wampum	2
flasks	2
drug	2
honorary	2
busying	2
scowled	2
broidered	2
lapland	2
plaintiveness	2
magnetism	2
israel	2
particles	2
tottered	2
inactive	2
hater	2
philosophically	2
initials	2
recluse	2
edgar	2
halted	2
hie	2
espying	2
spindles	2
trumpets	2
hares	2
growler	2
bewail	2
plumes	2
clambered	2
gothel	2
sanna	2
wagged	2
ragamuffin	2
cutter	2
coined	2
nibble	2
nibbling	2
fattening	2
godless	2
homesick	2
bucketful	2
snips	2
strew	2
lentils	2
bawl	2
bawled	2
greediness	2
jeered	2
spill	2
krr	2
cheeses	2
landmark	2
pedlar	2
bier	2
bleated	2
quilts	2
rumbles	2
wights	2
spice	2
suffocated	2
cardinals	2
shinest	2
comest	2
circled	2
menial	2
unconsumed	2
hew	2
loins	2
sugarloaf	2
doctored	2
nudged	2
chilly	2
solemnized	2
rabble	2
bewailing	2
tugging	2
scorches	2
braying	2
nutshell	2
tugged	2
caves	2
melville	2
etymology	2
loomings	2
nightgown	2
gilder	2
epilogue	2
tech	2
grammars	2
hvalt	2
vaulted	2
baleine	2
genesis	2
psalms	2
paunch	2
rabelais	2
pikes	2
shetland	2
asiatics	2
von	2
solander	2
finny	2
flounders	2
sprout	2
resounds	2
cheever	2
comstock	2
rebounds	2
alcoves	2
beech	2
waterward	2
woodlands	2
overlapping	2
tribulations	2
monopolising	2
concernment	2
grapnels	2
congealed	2
tophet	2
copestone	2
curbstone	2
moluccas	2
temperance	2
tepid	2
yeast	2
deceptive	2
hyperborean	2
aggregated	2
dismantled	2
mown	2
mower	2
javan	2
villanous	2
icicles	2
molasses	2
brawn	2
plaguy	2
notches	2
bedfellows	2
airley	2
airth	2
fireboard	2
kink	2
wallet	2
congo	2
sacrificial	2
bagging	2
tattooings	2
cretan	2
unmethodically	2
extracting	2
strainings	2
harpooning	2
tawn	2
ledyard	2
siberia	2
sheepfold	2
beefsteaks	2
sou	2
bespeaking	2
bumpkins	2
canaan	2
emblematical	2
candelabra	2
patagonia	2
ezekiel	2
voids	2
elephanta	2
jackal	2
pulpits	2
midships	2
jaffa	2
spile	2
context	2
exposes	2
appals	2
bleeds	2
heeds	2
cringing	2
masterless	2
warring	2
repenting	2
vomited	2
commodores	2
deliciousness	2
fiftieth	2
cringed	2
sociably	2
collectedness	2
booming	2
wolfish	2
magnets	2
jabbering	2
cronies	2
ergo	2
condensed	2
clout	2
sapling	2
thickets	2
baptized	2
cocoanuts	2
punctilious	2
tink	2
cruises	2
greenhorn	2
eddystone	2
behring	2
portentousness	2
texas	2
cuba	2
riots	2
climbs	2
landless	2
nightfall	2
belie	2
stiggs	2
concocted	2
junks	2
ethiopian	2
thews	2
interlacing	2
lingo	2
gettest	2
parmacetty	2
anomalously	2
scandinavian	2
unclad	2
reminiscence	2
shad	2
utilitarian	2
mong	2
squaw	2
tistig	2
gayhead	2
ramadans	2
dere	2
spose	2
ninetieth	2
appellative	2
skirted	2
tarred	2
dogging	2
quakeress	2
ladle	2
hatchways	2
strives	2
dood	2
narrating	2
overseeing	2
handspike	2
cased	2
meads	2
vernal	2
gainst	2
landlessness	2
defilements	2
carrion	2
continuously	2
vancouver	2
krusenstern	2
commonplaces	2
bolivia	2
chronicler	2
kith	2
undiscovered	2
yale	2
harvard	2
anoint	2
anointing	2
bottled	2
outfits	2
superstitiousness	2
costliest	2
renegades	2
stumped	2
unfearing	2
pugnacious	2
hereditarily	2
javelins	2
unvitiated	2
moose	2
fitly	2
ahasuerus	2
isolatoes	2
vineyarder	2
whitish	2
peels	2
superstitiously	2
grimness	2
auger	2
cloven	2
redundant	2
humorousness	2
gritted	2
tamely	2
presto	2
merman	2
unshored	2
immensities	2
zoology	2
desmarest	2
movable	2
lungless	2
externals	2
physeter	2
mysticetus	2
beaked	2
humpbacked	2
eludes	2
tusk	2
ferule	2
flogging	2
duodecimoes	2
algerine	2
gamesomeness	2
erections	2
architects	2
sultanism	2
indomitableness	2
rollicking	2
defyingly	2
maned	2
shinbones	2
quarried	2
baronial	2
palsy	2
tranquillize	2
missouri	2
indolently	2
narwhales	2
undiscernible	2
pantheistic	2
clubbed	2
dollar	2
nailing	2
girdling	2
chilian	2
hoof	2
seizings	2
maledictions	2
schoolboys	2
unfaltering	2
embattled	2
bantering	2
gurglings	2
lirra	2
skirra	2
maty	2
azore	2
bitts	2
jinglers	2
brahma	2
heeva	2
palmed	2
swashing	2
pell	2
mell	2
jago	2
whang	2
anaconda	2
assailants	2
unfrequent	2
povelson	2
ubiquitous	2
gainsaid	2
surmisings	2
pyramidical	2
aforethought	2
pitches	2
curds	2
fathom	2
lung	2
hudson	2
unfathomably	2
sanely	2
corporeally	2
skiff	2
siam	2
mastership	2
iroquois	2
affrights	2
heightens	2
ghostliness	2
requiem	2
tally	2
cascade	2
trappers	2
friar	2
untravelled	2
dreaminess	2
lacquered	2
adroop	2
headlands	2
altitudes	2
backwoodsman	2
muskiness	2
phrensies	2
affright	2
oregon	2
incantation	2
cosmetic	2
cordon	2
yellowish	2
bengal	2
circumnavigating	2
tallied	2
reliably	2
timor	2
miguel	2
davis	2
justinian	2
dardanelles	2
quiescent	2
interblending	2
slantingly	2
deceitfulness	2
mainyard	2
diabolism	2
backbones	2
inculcating	2
lowerings	2
tyro	2
rammed	2
ignited	2
phrensy	2
outriders	2
glens	2
suffusing	2
hurtling	2
wallowing	2
crests	2
helter	2
skelter	2
leaking	2
heedfulness	2
beelzebub	2
plata	2
southerly	2
seethings	2
jetted	2
unnearable	2
treacherously	2
barrens	2
hails	2
gamming	2
steers	2
reciprocating	2
abaft	2
gallipagos	2
cruisings	2
ontario	2
michigan	2
polynesian	2
mackinaw	2
afric	2
slily	2
pulverize	2
slashing	2
clanged	2
cozening	2
sweating	2
backstays	2
unrivalled	2
dominic	2
canaller	2
brigandish	2
spilling	2
bulkhead	2
clanking	2
flog	2
lifelessly	2
gag	2
lanyard	2
teneriffe	2
charted	2
swimmer	2
unresting	2
stacked	2
cocoa	2
sculptures	2
presentations	2
corpulence	2
undulates	2
binder	2
baden	2
platonian	2
huggins	2
stoven	2
tutored	2
triumphal	2
inshore	2
ruefully	2
busks	2
hawaiian	2
trophy	2
workmanlike	2
incognita	2
effulgent	2
fabled	2
swaths	2
immemorially	2
wading	2
crier	2
simultaneousness	2
igniting	2
galliot	2
kee	2
circlings	2
pacifics	2
sterning	2
brooks	2
agonizingly	2
abating	2
anticipatingly	2
tandem	2
argosy	2
lobes	2
mumblings	2
gouge	2
longingly	2
woraciousness	2
gobern	2
wid	2
dention	2
roanoke	2
joosy	2
bressed	2
spiced	2
vintages	2
epicures	2
gourmand	2
incalculable	2
viciously	2
hawser	2
careens	2
heavers	2
consistence	2
linear	2
surtout	2
beaks	2
roods	2
unharming	2
stripping	2
steeply	2
ballasted	2
topsail	2
fanatic	2
scaramouch	2
neskyeuna	2
shakers	2
freshet	2
vials	2
blasphemer	2
heedfully	2
unappalled	2
slaughtered	2
slacked	2
jub	2
lockers	2
vomit	2
swap	2
switching	2
porthole	2
oughts	2
orlop	2
kidnapping	2
wondrously	2
portcullis	2
imprecate	2
ringbolts	2
crested	2
fissure	2
hogs	2
bristles	2
cranial	2
impotently	2
distension	2
sheaved	2
oozy	2
pendulous	2
obstetrics	2
makest	2
daintiest	2
hearsed	2
tombed	2
bumps	2
phrenologist	2
manipulated	2
belfry	2
physiognomical	2
magian	2
crocodile	2
livingly	2
egotistical	2
champollion	2
chaldee	2
rudimental	2
undeveloped	2
phrenologists	2
cerebellum	2
bremen	2
slewed	2
feeders	2
yaw	2
halloo	2
unmannerly	2
piratical	2
stoutest	2
foiled	2
sterns	2
perilously	2
lowers	2
pads	2
fraternity	2
philistines	2
shaster	2
vedas	2
commentators	2
tigris	2
headland	2
mosque	2
unintermitted	2
mistifying	2
inhaling	2
camel	2
olfactories	2
undisputed	2
strata	2
wielded	2
peaking	2
prehensile	2
malacca	2
danes	2
islets	2
zoned	2
caravans	2
bluish	2
infernally	2
battalions	2
porus	2
becharmed	2
spiralling	2
centrally	2
concubines	2
lothario	2
waifing	2
doxology	2
ellenborough	2
viciousness	2
savesoul	2
fobbing	2
plowdon	2
furled	2
exhale	2
booms	2
diddled	2
inglorious	2
incorruption	2
cemeteries	2
excavating	2
smeer	2
casked	2
tolland	2
effulgences	2
poltroon	2
evaporate	2
uncompromised	2
concreted	2
lumps	2
globules	2
decanting	2
allures	2
recondite	2
gaffman	2
gaff	2
kentuckian	2
endwise	2
frigates	2
pronged	2
emblazonings	2
freshets	2
lye	2
aglow	2
sweatings	2
toilings	2
livelong	2
libra	2
equinox	2
daboll	2
taurus	2
gemini	2
sagittarius	2
archer	2
aquarius	2
navel	2
unscrew	2
hish	2
marlingspike	2
sammy	2
rattler	2
syren	2
coopman	2
texel	2
ankers	2
vertu	2
thinkings	2
vines	2
admeasurements	2
fossiliferous	2
vesuvius	2
antichronical	2
disinterred	2
saturn	2
himmalehs	2
planisphere	2
wails	2
tweezers	2
smut	2
sneezing	2
heron	2
lowermost	2
welding	2
weld	2
glue	2
razors	2
nomine	2
hickory	2
hollowly	2
basketed	2
stilly	2
speakest	2
rainbowed	2
cruellest	2
sieve	2
tri	2
mene	2
pallidness	2
placeless	2
lashings	2
bubblingly	2
transpointed	2
spool	2
dams	2
bodings	2
caulk	2
ferrule	2
monsieurs	2
swooping	2
tarquin	2
stunsails	2
scrolled	2
breaching	2
splinter	2
goest	2
bodiless	2
befooled	2
