folio	line_id	locus_type	lang	hand	illus	quire	para_start	para_end	line_words
f1r	f1r.1	P	A	1	T	A	1	0	fachys ykal ar ataiin shol shory cthres y kor sholdy
f1r	f1r.2	P	A	1	T	A	0	0	sory ckhar or y kair chtaiin shar ase cthar cthar dan
f1r	f1r.3	P	A	1	T	A	0	0	syaiir sheky or ykaiin shod cthoary cthes daraiin sy
f1r	f1r.4	P	A	1	T	A	0	0	soiin oteey oteos roloty cthiar daiin okaiin or okan
f1r	f1r.5	P	A	1	T	A	0	0	sair y chear cthaiin cphar cfhaiin
f1r	f1r.6	P	A	1	T	A	0	1	ydaraishy
f1r	f1r.7	P	A	1	T	A	1	0	odar shol cphoy oydar sh s cfhoaiin shodary
f1r	f1r.8	P	A	1	T	A	0	0	yshey shody okchoy otchol chocthy os chy dain chor kos
f1r	f1r.9	P	A	1	T	A	0	0	daiin shos cfhol shody
f1r	f1r.10	P	A	1	T	A	0	1	dain os teody
f1r	f1r.11	P	A	1	T	A	1	0	ydain cphesaiin ols cphey ytain shoshy cphodal es
f1r	f1r.12	P	A	1	T	A	0	0	oksho kshoy otairin oteol okan shodain sckhey daiin
f1r	f1r.13	P	A	1	T	A	0	0	shoy ckhey kodaiin cphy cphodaiils cthey sho oldain d
f1r	f1r.14	P	A	1	T	A	0	0	dain oiin chol odaiin chodain chdy okain d?n cthy kod
f1r	f1r.15	P	A	1	T	A	0	0	daiin shckhey eo r char shey kol chol chol kor chal
f1r	f1r.16	P	A	1	T	A	0	0	sho chol shodan kshy kchy d or chodaiin sho koeam
f1r	f1r.17	P	A	1	T	A	0	0	ycho tchey chekain sheo pshol dydyd cthy daiy
f1r	f1r.18	P	A	1	T	A	0	0	yto shol she kodshey cphealy dar ain dain ckhyds
f1r	f1r.19	P	A	1	T	A	0	0	dchar shcthaiin okaiir chey @192;chy @130;tol cthols dloo
f1r	f1r.20	P	A	1	T	A	0	0	shok chor chey dain ckhey
f1r	f1r.21	P	A	1	T	A	0	1	otol daiiin
f1r	f1r.22	P	A	1	T	A	1	0	cpho shaiin shokcheey chol tshodeesy shey pydeey cha ro dar
f1r	f1r.23	P	A	1	T	A	0	0	ydoin chol dain cthal dar shear kaiin dar shey cthar
f1r	f1r.24	P	A	1	T	A	0	0	cho ?o kaiin shoaiin okol daiin far cthol daiin ctholdar
f1r	f1r.25	P	A	1	T	A	0	0	ycheey okeey oky daiin okchey kokaiin o?chol k?dchy dal
f1r	f1r.26	P	A	1	T	A	0	0	dcheo shody koshey cthy ok chey keey keey dal chtor
f1r	f1r.27	P	A	1	T	A	0	0	?eo? chol chok choty chotey
f1r	f1r.28	P	A	1	T	A	0	1	dchaiin
f1v	f1v.1	P	A	1	H	A	1	0	kchsy chydaiin olo l tchey char cfhar am
f1v	f1v.2	P	A	1	H	A	0	0	yteey char or ochydcho lkody okodar chody
f1v	f1v.3	P	A	1	H	A	0	0	da ckhy ckhockhy shydksheey cthy kotchody dal
f1v	f1v.4	P	A	1	H	A	0	1	dol chokeo dair damsochey chokody
f1v	f1v.5	P	A	1	H	A	1	0	potoy shol dair cphoaldar chey tody otoaiin shoshy
f1v	f1v.6	P	A	1	H	A	0	0	choky chol ctho l shol okaldolchey chodo lol chy cthy
f1v	f1v.7	P	A	1	H	A	0	0	qo ol choees cheol dol ctheyykol dol dolo ykol do lchiody
f1v	f1v.8	P	A	1	H	A	0	0	okolshol kol kechy chol kychol cthol chody chol daiin
f1v	f1v.9	P	A	1	H	A	0	0	shor okol chol dol ky darshol dchor o tcho dar shody
f1v	f1v.10	P	A	1	H	A	0	1	taor chotchey dal chodyschody pol chodar
f2r	f2r.1	P	A	1	H	A	1	0	kydainy ypchol daiin otchalypchaiin ckholsy
f2r	f2r.2	P	A	1	H	A	0	0	dorchorychkar sshor cthy
f2r	f2r.3	P	A	1	H	A	0	0	qotaiincthey ychor chy ydychaiin
f2r	f2r.4	P	A	1	H	A	0	0	aiidychtod dycphy dalschokaiin d
f2r	f2r.5	P	A	1	H	A	0	0	otochor alshodaiinchol danytchaiin dan
f2r	f2r.6	P	A	1	H	A	0	0	saiin dain ddkol sorytoldydchol dchy cthy
f2r	f2r.7	P	A	1	H	A	0	1	shor ckhy daiinychol dan
f2r	f2r.8	P	A	1	H	A	1	0	kydain shaiin qoy s shol fodanyksh olsheey daiildy
f2r	f2r.9	P	A	1	H	A	0	0	dls sho kol sheey qokey ykody sochol yky dain daiisol
f2r	f2r.10	P	A	1	H	A	0	0	qo'ky cholaiin shol sheky daiincthey keol saiin e'a'iin
f2r	f2r.11	P	A	1	H	A	0	0	ychain dal chy dalor shan danolsaiin sheey ckhor
f2r	f2r.12	P	A	1	H	A	0	0	okol chy chor cthor yor an chansaiin chety chyky sal
f2r	f2r.13	P	A	1	H	A	0	1	sho ykeey chey daiin chcthy
f2r	f2r.14	L	A	1	H	A	0	0	ytoail
f2r	f2r.15	L	A	1	H	A	0	0	ios an on
f2v	f2v.1	P	A	1	H	A	1	0	kooiin cheo pchor otaiin odain chordair shty
f2v	f2v.2	P	A	1	H	A	0	0	kcho kchy sho shol qotcho loeees qotychor daiin
f2v	f2v.3	P	A	1	H	A	0	0	otchy chor lshy chol chody chodainchcthy daiin
f2v	f2v.4	P	A	1	H	A	0	1	sho cholo cheor chodaiin
f2v	f2v.5	P	A	1	H	A	1	0	kchor shy daiiin chms shey dor chol daiin
f2v	f2v.6	P	A	1	H	A	0	0	dor chol chor chol keol chy chtydaiin o tchor chan
f2v	f2v.7	P	A	1	H	A	0	0	daiin chotchey qoteeey chokeoschees chr cheaiin
f2v	f2v.8	P	A	1	H	A	0	1	chokoishe chor cheol chol dolody
f3r	f3r.1	P	A	1	H	A	1	0	tsheos qopal chol cthol daimg
f3r	f3r.2	P	A	1	H	A	0	0	ycheor chor dam qotcham cham
f3r	f3r.3	P	A	1	H	A	0	0	ochor qocheor chol daiin cthy
f3r	f3r.4	P	A	1	H	A	0	0	schey chor chal chag cham cho
f3r	f3r.5	P	A	1	H	A	0	0	qokol chololy s cham cthol
f3r	f3r.6	P	A	1	H	A	0	0	ychtaiin chor cthom otaldam
f3r	f3r.7	P	A	1	H	A	0	0	otchol qodaiin chom shom damo
f3r	f3r.8	P	A	1	H	A	0	0	ysheor chor chol oky dago
f3r	f3r.9	P	A	1	H	A	0	0	sho vor sheoldam otchody ol
f3r	f3r.10	P	A	1	H	A	0	1	ydar cholcthom
f3r	f3r.11	P	A	1	H	A	1	0	pcheol shol sols sheol shey
f3r	f3r.12	P	A	1	H	A	0	0	okadaiin qokchor qo schodam octhy
f3r	f3r.13	P	A	1	H	A	0	0	qokeey qot shey qokody qokshey cheody
f3r	f3r.14	P	A	1	H	A	0	1	chor qodair okeey qokeey
f3r	f3r.15	P	A	1	H	A	1	0	tsheoarom shor or chor olchsy chom otchomoporar
f3r	f3r.16	P	A	1	H	A	0	0	oteol chol s cheol ekshy qokeom qokol daiinsoleeg
f3r	f3r.17	P	A	1	H	A	0	1	soeom okeom yteody qokeeodal sam
f3r	f3r.18	P	A	1	H	A	1	0	pcheoldom shodaiin qopchor qopol opchol qotyotolom
f3r	f3r.19	P	A	1	H	A	0	0	otchor ol cheor qoeor dair qoteol qosaiinchor cthy
f3r	f3r.20	P	A	1	H	A	0	1	ycheor chol odaiin chol s aiin okol or am
f3v	f3v.1	P	A	1	H	A	1	0	koaiin cphor qotoy sha ckhol ykoaiin s oly
f3v	f3v.2	P	A	1	H	A	0	0	daiidy qoteeol okeeor okor olytol dol dar
f3v	f3v.3	P	A	1	H	A	0	0	okom chol shol seees chom cheeykam okai
f3v	f3v.4	P	A	1	H	A	0	0	qodar ees eey kcheol okal do r chear een
f3v	f3v.5	P	A	1	H	A	0	0	ychear otchal cho r char ckha
f3v	f3v.6	P	A	1	H	A	0	1	or cheor kor chodaly chom
f3v	f3v.7	P	A	1	H	A	1	0	tchor otcham chor cfham s
f3v	f3v.8	P	A	1	H	A	0	0	ykchy kchom chor chckhol oka
f3v	f3v.9	P	A	1	H	A	0	0	ytcheear okeol cthodoaly chor cthy
f3v	f3v.10	P	A	1	H	A	0	0	ochos daiin qokshol daiim chol okary
f3v	f3v.11	P	A	1	H	A	0	0	sho shockho ckhy tchor chodaiin chom
f3v	f3v.12	P	A	1	H	A	0	0	osh chodair ytchy tchor kcham s
f3v	f3v.13	P	A	1	H	A	0	0	shar shkaiin qokchy yty cthal chky
f3v	f3v.14	P	A	1	H	A	0	1	dain sheam y keam
f4r	f4r.1	P	A	1	H	A	1	0	kodalchy chpady sheol ol sheey qoteydoiin chor ytoy
f4r	f4r.2	P	A	1	H	A	0	0	dchor shol shol cthol shtchy chaiin @163;schoraiin chom
f4r	f4r.3	P	A	1	H	A	0	0	otchol chol chy chaiin qotaiindaiin shain
f4r	f4r.4	P	A	1	H	A	0	1	qotchol chy yty daiin okaiin cthy
f4r	f4r.5	P	A	1	H	A	1	0	pydaiin qotchy dy tydy
f4r	f4r.6	P	A	1	H	A	0	0	chor shytchy dytcheey
f4r	f4r.7	P	A	1	H	A	0	0	qotaiin cthol daiin cthom
f4r	f4r.8	P	A	1	H	A	0	0	shor shol shol cthy cpholdy
f4r	f4r.9	P	A	1	H	A	0	0	daiin ckhochy tchy kor aiin
f4r	f4r.10	P	A	1	H	A	0	0	odal shor shyshol cphaiin
f4r	f4r.11	P	A	1	H	A	0	0	qotchoiin sheor qoty
f4r	f4r.12	P	A	1	H	A	0	0	soiin chaiin chaiin
f4r	f4r.13	P	A	1	H	A	0	1	daiin cthey
f4v	f4v.1	P	A	1	H	A	1	0	pchooiin ksheo kchoy chopchy doldsdlod
f4v	f4v.2	P	A	1	H	A	0	0	ol chey chy cthy shkchor sheo cheorycholdy
f4v	f4v.3	P	A	1	H	A	0	0	sho sho chaiin shaiin daiin qodaiino aram
f4v	f4v.4	P	A	1	H	A	0	0	qokshy qocthy choteol daiin ctheychoaiin
f4v	f4v.5	P	A	1	H	A	0	0	shor sheey otoiin shey qotchoiinchodain
f4v	f4v.6	P	A	1	H	A	0	1	ytchoy shokchy cphody
f4v	f4v.7	P	A	1	H	A	1	0	torchy sheeor chor chokchy cphydy
f4v	f4v.8	P	A	1	H	A	0	0	oleeeb chor cthol sho otor cthory
f4v	f4v.9	P	A	1	H	A	0	0	qooko iiin cheog chcthy shoky daiin
f4v	f4v.10	P	A	1	H	A	0	0	otaiin sheo okeody chol chokeody
f4v	f4v.11	P	A	1	H	A	0	0	sho kcheor shody shtaiin qotol daiin
f4v	f4v.12	P	A	1	H	A	0	0	qokey sho okeol s keey shar char ody
f4v	f4v.13	P	A	1	H	A	0	0	shody s cheor chokody shodaiin qoty
f4v	f4v.14	P	A	1	H	A	0	1	ochody chy key chtody
f5r	f5r.1	P	A	1	H	A	1	0	kchody fchoy chkoy oaiin oar olsy chody dkshy dy
f5r	f5r.2	P	A	1	H	A	0	0	ochey okey qokaiin sho ckhoy cthey chey okas otol
f5r	f5r.3	P	A	1	H	A	0	0	qoaiin otan chy daiin oteeeb chocthy otchy qotchody
f5r	f5r.4	P	A	1	H	A	0	1	otain sheody chan s cheor chocthy
f5r	f5r.5	P	A	1	H	A	1	0	tchy shody qoaiin cholols sho qotcheo daiin shodaiin
f5r	f5r.6	P	A	1	H	A	0	0	sho cheor chey qoeeey qoykeeey qoeor cthy shotshy dy
f5r	f5r.7	P	A	1	H	A	0	1	qotoeey keey cheo kchy shody
f5v	f5v.1	P	A	1	H	A	1	0	k o cheor chor ytchey pshod chols chodaiin ytoiiin daiin
f5v	f5v.2	P	A	1	H	A	0	0	dchol chol otaiin dain cthor chots ychopordg
f5v	f5v.3	P	A	1	H	A	0	0	qotcho ytor daiin daiin otchor daiin q'o darchor do
f5v	f5v.4	P	A	1	H	A	0	0	qotor shees otol ykoiin shol daiin cthor okch y taiin
f5v	f5v.5	P	A	1	H	A	0	0	shokeeol chor cheotol otchol daiin dal chol chotaiin
f5v	f5v.6	P	A	1	H	A	0	1	otol chol dairodg
f6r	f6r.1	P	A	1	H	A	1	0	foar y shol cholor cphol chor chchopchol otcham
f6r	f6r.2	P	A	1	H	A	0	0	daiin chckhy chor chor kar cthycthor chotols
f6r	f6r.3	P	A	1	H	A	0	0	foeear kshor choky os cheoeeesykeor ytaiin dam
f6r	f6r.4	P	A	1	H	A	0	0	dar cho s sheor choy otchamyaiir chy
f6r	f6r.5	P	A	1	H	A	0	0	tar okoiin shees ytaly cthaiinodam
f6r	f6r.6	P	A	1	H	A	0	0	or al daiin ckham okom cthaiinydaiin
f6r	f6r.7	P	A	1	H	A	0	0	daiin qodaiin cho s chol okaiin s
f6r	f6r.8	P	A	1	H	A	0	0	ychol ckhor pchar sheo ckhaiin
f6r	f6r.9	P	A	1	H	A	0	0	dar sheol skaiiodar otaiin chory
f6r	f6r.10	P	A	1	H	A	0	0	tchor ctheod chy shor od she od
f6r	f6r.11	P	A	1	H	A	0	0	ychar olchaj ol chokaiin
f6r	f6r.12	P	A	1	H	A	0	0	or shol cthom chor cthy
f6r	f6r.13	P	A	1	H	A	0	0	qocthol yodaiin cthy
f6r	f6r.14	P	A	1	H	A	0	1	ysho taiin y kaiim
f6v	f6v.1	P	A	1	H	A	1	0	koary sar cheekar qoor shor chapchy s chear char otchy
f6v	f6v.2	P	A	1	H	A	0	0	oees chor chckhy qoekchar cheas odaiiin kchey chor chaiin
f6v	f6v.3	P	A	1	H	A	0	0	qoair ckhy chol oechockhy chekchoy ckhy okolrychos
f6v	f6v.4	P	A	1	H	A	0	0	y shckhy ytchoy s os y jajy dchy dey okodyytody
f6v	f6v.5	P	A	1	H	A	0	1	dair chodam dam okor otydoldom
f6v	f6v.6	P	A	1	H	A	1	0	tchody shocthol choy s
f6v	f6v.7	P	A	1	H	A	0	0	ychos ychol daiin cthol dol
f6v	f6v.8	P	A	1	H	A	0	0	ychor chor okchey qokom
f6v	f6v.9	P	A	1	H	A	0	0	oeeo dal chor cthom s
f6v	f6v.10	P	A	1	H	A	0	0	qokchod ychear kchdy
f6v	f6v.11	P	A	1	H	A	0	0	lor char otam ctho m dy
f6v	f6v.12	P	A	1	H	A	0	0	ytchos shy qokam cthy
f6v	f6v.13	P	A	1	H	A	0	0	yodaiin cthy s chor oees or
f6v	f6v.14	P	A	1	H	A	0	0	qokor chol cthol tchalody
f6v	f6v.15	P	A	1	H	A	0	0	chockhy s or chy s ain ar
f6v	f6v.16	P	A	1	H	A	0	0	ochy cthar cthar cthy
f6v	f6v.17	P	A	1	H	A	0	0	y chaies ckhal cthodam dy
f6v	f6v.18	P	A	1	H	A	0	0	ytchocthol ches or
f6v	f6v.19	P	A	1	H	A	0	0	ocholy kchos chy dor
f6v	f6v.20	P	A	1	H	A	0	0	dchor choldar okol daiin
f6v	f6v.21	P	A	1	H	A	0	1	ycheor chor octham
f7r	f7r.1	P	A	1	H	A	1	0	fchodaiin shopchey qkoshey qoos sheey charochy
f7r	f7r.2	P	A	1	H	A	0	0	dcheey keo r shor dolddchey kchey otchy cheody
f7r	f7r.3	P	A	1	H	A	0	0	oeeees cheodaiin sheeyytcheey qotchy chald
f7r	f7r.4	P	A	1	H	A	0	0	qokcho cho lochey daiinychey kchos odaiin
f7r	f7r.5	P	A	1	H	A	0	1	oaiirotaiin
f7r	f7r.6	P	A	1	H	A	1	0	ksholo chey qotoees chkoldyotchor choaiin
f7r	f7r.7	P	A	1	H	A	0	0	dshoy cthol chol otchol dainshody shol chotchy
f7r	f7r.8	P	A	1	H	A	0	0	okchey deeeese choty qokchyshol keey choty dain
f7r	f7r.9	P	A	1	H	A	0	0	qokechy ol choiin chol cpheyshckhy chochy kchod
f7r	f7r.10	P	A	1	H	A	0	1	s chain chor daiin chckhy
f7v	f7v.1	P	A	1	H	A	1	0	polyshy shey tchody qopchy otshol dy daiin tshodody
f7v	f7v.2	P	A	1	H	A	0	0	chochy cthy daiin qoky chy daiin cthol cthy cthd
f7v	f7v.3	P	A	1	H	A	0	0	qokchy dykchy chkeey kshy ky ty dor cheey o l cheol dy
f7v	f7v.4	P	A	1	H	A	0	0	choteeeb oeear choschy dain sho kshy shol deees dol
f7v	f7v.5	P	A	1	H	A	0	1	dchodaiin qotchy cheey tcheey
f7v	f7v.6	P	A	1	H	A	1	0	kchor sheod sheodaiin sho daiin oksho lshol dair qos
f7v	f7v.7	P	A	1	H	A	0	0	okshodeeeb chorcheor odaiin shotchodol dol dor aiin
f7v	f7v.8	P	A	1	H	A	0	0	qoteeeo r cho cheeody qotchey teyo kcho r daiin
f7v	f7v.9	P	A	1	H	A	0	1	sho keeo daiir chokchy dor deol dydol daiin
f8r	f8r.1	P	A	1	H	A	1	0	pshol chor otshal chopycphol chody shy cfhodar shor
f8r	f8r.2	P	A	1	H	A	0	0	tchty sh kcheals shookche do dchy dain al
f8r	f8r.3	P	A	1	H	A	0	0	chodar shy sychodaiin shokchy chor dy
f8r	f8r.4	P	A	1	H	A	0	0	qotor chor chor sheeydchol shesed chof chy dam
f8r	f8r.5	P	A	1	H	A	0	0	okchey do r cheeey dy kyscho chky ooaiin chy taiin
f8r	f8r.6	P	A	1	H	A	0	0	tosh cheey koltoldyshy choety cheeody sol
f8r	f8r.7	P	A	1	H	A	0	0	choto kchoan choor dain
f8r	f8r.8	P	A	1	H	A	0	1	dcho dain
f8r	f8r.9	P	A	1	H	A	1	0	tchoep sho pcheey pcheyofchey dsheey sholdaiin shor
f8r	f8r.10	P	A	1	H	A	0	0	daiin cheey teeodan dycheocthy oksheo dol dairg
f8r	f8r.11	P	A	1	H	A	0	0	shol cheodaiin daiin doy tchody chot choty otariin
f8r	f8r.12	P	A	1	H	A	0	0	qo chodaiin shotokodychotol
f8r	f8r.13	P	A	1	H	A	0	1	okokchodg
f8r	f8r.14	P	A	1	H	A	1	0	o ey shol chofydysho chey kshey lody cholal
f8r	f8r.15	P	A	1	H	A	0	0	dchey ckhol chol chey kcchy daiin dol daiiiry ckhy
f8r	f8r.16	P	A	1	H	A	0	0	ychey kchekchy chsey kchyscheaiin cthaiar cthy dar
f8r	f8r.17	P	A	1	H	A	0	0	chol dchy qokar chlaiin chean y char chaiin
f8r	f8r.18	P	A	1	H	A	0	0	okar cfhaiin chaiin daiin chor cha rchealcham
f8r	f8r.19	P	A	1	H	A	0	0	sair cheain cphol darshol kaiin shol kaiin dai kam
f8r	f8r.20	P	A	1	H	A	0	0	or cho kesey shey o kalchal
f8r	f8r.21	P	A	1	H	A	0	1	schol saim
f8v	f8v.1	P	A	1	H	A	1	0	od soosol shol otol chol opcheaiin opydaiin saiin
f8v	f8v.2	P	A	1	H	A	0	0	shcthal sarchor sheaiin shor chykchy otaiin y
f8v	f8v.3	P	A	1	H	A	0	0	qody cheal sychorychear shol chaiin shaiin dolas
f8v	f8v.4	P	A	1	H	A	0	0	dshol sholdolchean cthar shealy daiin chary
f8v	f8v.5	P	A	1	H	A	0	0	chol chol darotchar etaiin cthol dar
f8v	f8v.6	P	A	1	H	A	0	0	daiin cthanytchy chey kaiin dain ar
f8v	f8v.7	P	A	1	H	A	0	0	sho kcholdar shey cthar chotain ry
f8v	f8v.8	P	A	1	H	A	0	0	okcholkshchol chol chol cthaiin dain
f8v	f8v.9	P	A	1	H	A	0	0	shol orchlchokchy chol cthor chaiin
f8v	f8v.10	P	A	1	H	A	0	0	scharchyoeesody kchey pchy cpharom
f8v	f8v.11	P	A	1	H	A	0	1	sorain
f8v	f8v.12	P	A	1	H	A	1	0	pchar cho rol dalshear chchotaiin chal daiin
f8v	f8v.13	P	A	1	H	A	0	0	kchor otchar okychokain keoky otorchy satar
f8v	f8v.14	P	A	1	H	A	0	0	shor okol lokaiinshol kol char cthey tchy ckham
f8v	f8v.15	P	A	1	H	A	0	0	or chol chan chychor cheain char cheeky chor ry
f8v	f8v.16	P	A	1	H	A	0	0	chor cheor chearoteey dchor chodey cho raiin
f8v	f8v.17	P	A	1	H	A	0	1	dain chear daiin
f9r	f9r.1	P	A	1	H	B	1	0	tydlo choly cthor orchey s shy odaiin saryshor cthy
f9r	f9r.2	P	A	1	H	B	0	0	oykeey chol ytaiin okchody toeoky okoiin dyor chaiin
f9r	f9r.3	P	A	1	H	B	0	0	toiin cphy qotod otaiin cthy okor cheyctho d ram
f9r	f9r.4	P	A	1	H	B	0	0	yshy chokcho chcthod shor shaiin otar dorytol dayty
f9r	f9r.5	P	A	1	H	B	0	1	daiin chor sor cthy chokoiin shol dsholdyotchol ot dy
f9r	f9r.6	P	A	1	H	B	1	0	pshoain cthoaiin okaiir odoral sharsyshydal chdy
f9r	f9r.7	P	A	1	H	B	0	0	or chol chy tchy tchol ytor qotol chykychodar aiin
f9r	f9r.8	P	A	1	H	B	0	0	qotcho qokchy cthey koraiin okain ddals olshocthy
f9r	f9r.9	P	A	1	H	B	0	0	ocho cthy choy chodykchy saiin dchydaiin
f9r	f9r.10	P	A	1	H	B	0	1	ytchas oraiin chkor
f9v	f9v.1	P	A	1	H	B	1	0	fochor oporody opy shor daiin qopchypcho qofol shol cfhol daiin
f9v	f9v.2	P	A	1	H	B	0	0	dchor qoaiin chkaiin cthor chol chor cphol dyoty qokaiin dy
f9v	f9v.3	P	A	1	H	B	0	0	ykey chor ykaiin daiin cthy otaiin okyoeees daiin
f9v	f9v.4	P	A	1	H	B	0	1	ytey tch y kaiin cthor otol oty toldy
f9v	f9v.5	P	A	1	H	B	1	0	pchor ypcheey qotor ypchy olcfholy toarchty daiiin
f9v	f9v.6	P	A	1	H	B	0	0	odol choy ksheody chodydainotchy cthodyko
f9v	f9v.7	P	A	1	H	B	0	0	qo chol chol chy daiinotaldordaim
f9v	f9v.8	P	A	1	H	B	0	0	soiin daiin qokcho rokyddaly
f9v	f9v.9	P	A	1	H	B	0	0	daiin chy tor chyty daryytoldy
f9v	f9v.10	P	A	1	H	B	0	0	oty kchol chol chy kyty
f9v	f9v.11	P	A	1	H	B	0	0	ychor chshoty oky kaiin
f9v	f9v.12	P	A	1	H	B	0	1	chkaiin ckhy chor
f10r	f10r.1	P	A	1	H	B	1	0	pchocthy shor octhody chorchy pchodol chopchal ypch kom
f10r	f10r.2	P	A	1	H	B	0	0	dchey cthoor char chty os chair otytchol oky daiin etyd
f10r	f10r.3	P	A	1	H	B	0	0	qotor o tchy daiin chocthy qotchy chol or yty dy dy
f10r	f10r.4	P	A	1	H	B	0	0	sor chaiin chcthy ctho ckhy or aiin chtchor doiir ody
f10r	f10r.5	P	A	1	H	B	0	1	qokchy qotchol chol cthy
f10r	f10r.6	P	A	1	H	B	1	0	ycheor cthy chor cthaiin qoctholy dychy taiin shy
f10r	f10r.7	P	A	1	H	B	0	0	dchy qokchol y kchaiin yty daiin cthdain dair am
f10r	f10r.8	P	A	1	H	B	0	0	qotchor chor otol chol cholorchol daiin dar
f10r	f10r.9	P	A	1	H	B	0	0	oykchor shor chor chy kaiiin dychodaiin
f10r	f10r.10	P	A	1	H	B	0	0	oqotor otor cfhy cthor osainytoiin
f10r	f10r.11	P	A	1	H	B	0	0	@135;otchoshor qoty qotor cthydotar
f10r	f10r.12	P	A	1	H	B	0	1	@135;odaiin daiin qotchy qotor
f10v	f10v.1	P	A	1	H	B	1	0	paiin daiin sheo pcheey qoty daiin cthor otydy sain
f10v	f10v.2	P	A	1	H	B	0	0	dain daiin ckhy chcthor choiin qot chodaiin cthy daiin
f10v	f10v.3	P	A	1	H	B	0	1	dsho ytey kchol ol ty chol dy
f10v	f10v.4	P	A	1	H	B	1	0	qotchytor shoiin daiin qotchey shy ytor dain
f10v	f10v.5	P	A	1	H	B	0	0	sho ykeey daiin qotchy qotor chol daiin qokchy ky
f10v	f10v.6	P	A	1	H	B	0	0	shoiin chor shcthy qoty qotoiin qokol chor aiin
f10v	f10v.7	P	A	1	H	B	0	1	qokol chy ky chol cheky daiin dain chckhan
f11r	f11r.1	P	A	1	H	B	1	0	tshol schoal cfhy shfydaiin cphy shey tchody shoyty
f11r	f11r.2	P	A	1	H	B	0	0	socthody qodor y kshy daiin ytchy ytchoky kchol daiin
f11r	f11r.3	P	A	1	H	B	0	0	qoty chol cthy dor ykychy choty dain chaiin daiin dod
f11r	f11r.4	P	A	1	H	B	0	1	dchol chy kchy dy daiin
f11r	f11r.5	P	A	1	H	B	1	0	tchol shor shor dky y daiin cthy d y chodl daiin
f11r	f11r.6	P	A	1	H	B	0	0	odl d s y otol chaiin ykchor dair chody cthy s daiin
f11r	f11r.7	P	A	1	H	B	0	1	qotchy okchol cthy dy
f11v	f11v.1	P	A	1	H	B	1	0	poldchody shcphy shordy qotyshol cphar dan y
f11v	f11v.2	P	A	1	H	B	0	0	shol dy chckhy shcthy daiin damykchy dain dchy
f11v	f11v.3	P	A	1	H	B	0	0	otchor dy kchy tchy @152;ar qokchdoky choldy dy
f11v	f11v.4	P	A	1	H	B	0	0	qokchor cholol chyky dchy qokyctho tchey tu
f11v	f11v.5	L	A	1	H	B	0	0	dd
f11v	f11v.6	P	A	1	H	B	0	0	soydy qoteey qot chor dy ddycthor shy arg
f11v	f11v.7	P	A	1	H	B	0	1	ycheor ksho dor cthey s chold
f13r	f13r.1	P	A	1	H	B	1	0	torshor opchy shol dy qopchy shol opchor dypchy dchg
f13r	f13r.2	P	A	1	H	B	0	0	dchol chol dol shkchy ydal shy ykchy qot?y daiin s y
f13r	f13r.3	P	A	1	H	B	0	0	s y dchor shaiin oeees ykor chor ytshy ykchy kchy dar
f13r	f13r.4	P	A	1	H	B	0	1	qodchy ytchy otchor
f13r	f13r.5	P	A	1	H	B	1	0	shorodo shy tshy kchol dpchy qopchy otchol cfholdy
f13r	f13r.6	P	A	1	H	B	0	0	tchor dor daiin qotchol okchy okchor oiin chckhy d
f13r	f13r.7	P	A	1	H	B	0	0	dchy qoky chol dy qoy d oldyokchor doaiin
f13r	f13r.8	P	A	1	H	B	0	0	shochy qokchy torchy ks okchey daiin
f13r	f13r.9	P	A	1	H	B	0	0	oldy shey chol doiin ykolyokchal daldy
f13r	f13r.10	P	A	1	H	B	0	1	sotchy kchy okorory
f13v	f13v.1	P	A	1	H	B	1	0	koair chtoiin otchy kchod otol otchy octhos
f13v	f13v.2	P	A	1	H	B	0	0	oko qokol chodal otchol cphol choty
f13v	f13v.3	P	A	1	H	B	0	0	qokchy qokod chy otchy cthody
f13v	f13v.4	P	A	1	H	B	0	0	o l s chey okos oaiin okshy qo
f13v	f13v.5	P	A	1	H	B	0	1	qoky daiin
f13v	f13v.6	P	A	1	H	B	1	0	foldaiin olcphy shol dyoty shor qotyddairod
f13v	f13v.7	P	A	1	H	B	0	0	dain okal chy qokchorydchy kokydaiinshon
f13v	f13v.8	P	A	1	H	B	0	0	otchy daiin y dain ykolokchy o kaldd y taiin
f13v	f13v.9	P	A	1	H	B	0	0	tchtod otal cthor ytaly cho talsho qocthy
f13v	f13v.10	P	A	1	H	B	0	1	y ol chy kchey kchor dal
f14r	f14r.1	P	A	1	H	B	1	0	pcho daiin chopol shoiin daiin dain
f14r	f14r.2	P	A	1	H	B	0	0	o ykeey soiiin chok qokchy da okol
f14r	f14r.3	P	A	1	H	B	0	0	ydaiin olchy kchor daiin olol
f14r	f14r.4	P	A	1	H	B	0	0	ochkchor kol shy daiin dorody
f14r	f14r.5	P	A	1	H	B	0	0	qokchol dar dalo qotolo
f14r	f14r.6	P	A	1	H	B	0	0	ychol oir okor choor ockhy
f14r	f14r.7	P	A	1	H	B	0	1	otcho dain chckhy
f14r	f14r.8	P	A	1	H	B	1	0	soshy @137;chol shor cheos ykaiin s
f14r	f14r.9	P	A	1	H	B	0	0	sody chody otchody qotchy koiin sysho ty dy
f14r	f14r.10	P	A	1	H	B	0	0	qotchor chod shoty chody dol dy dyokchydy
f14r	f14r.11	P	A	1	H	B	0	0	dchokchy schol dy shey dar qotyykeeyky
f14r	f14r.12	P	A	1	H	B	0	0	oeeeb chey keor chey tchykychodalg
f14r	f14r.13	P	A	1	H	B	0	1	sodaiin chy kchy kchy ykeody
f14v	f14v.1	P	A	1	H	B	1	0	pdychoiin yfodain otyshy dy ypchor daiin kol ydain
f14v	f14v.2	P	A	1	H	B	0	0	okchor d chytshy oty chy cthy otchy ty chol daiin
f14v	f14v.3	P	A	1	H	B	0	0	ychy dy daiin chcthy yk ykaiin dytchy y ky dy
f14v	f14v.4	P	A	1	H	B	0	0	ytychy ksho ykshy shokshor yty darody dyoty ds
f14v	f14v.5	P	A	1	H	B	0	0	okshy daiin okchor chky qotchy daiin cthor oty
f14v	f14v.6	P	A	1	H	B	0	0	qoty choky cthy chokchy dy dy dy chckhy dchyd n
f14v	f14v.7	P	A	1	H	B	0	0	oy kshy cho ty dydy odyd otchy o kchy dshy dardy
f14v	f14v.8	P	A	1	H	B	0	0	chokshor daiinokshody daiindol dair dam
f14v	f14v.9	P	A	1	H	B	0	1	dykchy ctholdgdchckhy
f15r	f15r.1	P	A	1	H	B	1	0	tshor shey tchalyshy chtols shey daiin
f15r	f15r.2	P	A	1	H	B	0	0	otchor qokchor olyokor shy koly
f15r	f15r.3	P	A	1	H	B	0	0	qokaiin qotchy tydydaiin chol cthy
f15r	f15r.4	P	A	1	H	B	0	0	scheaiin chodaiin chlsol ckhaiin sal
f15r	f15r.5	P	A	1	H	B	0	0	qotchy r shor cthydaiin cthy dy
f15r	f15r.6	P	A	1	H	B	0	0	dchy ko kaiin chdysaiin okear
f15r	f15r.7	P	A	1	H	B	0	0	daiin shkaiin cthysho keocthy
f15r	f15r.8	P	A	1	H	B	0	0	shocthy tol kaiin sdain ctholy
f15r	f15r.9	P	A	1	H	B	0	0	octhain qokaiin chosodaiin cthl s y
f15r	f15r.10	P	A	1	H	B	0	0	ychain chy okshysaiiin dolchds
f15r	f15r.11	P	A	1	H	B	0	0	okaiin otaiin chl sychor choross
f15r	f15r.12	P	A	1	H	B	0	0	qotor shor tcheor chycthaiinshan
f15r	f15r.13	P	A	1	H	B	0	0	ykshol dor sheey cthy dainskyshor shoty
f15r	f15r.14	P	A	1	H	B	0	0	otcho kchy chol daiin arytol dor dom
f15r	f15r.15	P	A	1	H	B	0	1	qotchor chaiin chy kol daky
f15v	f15v.1	P	A	1	H	B	1	0	poror orshy choiin dtchan opchordy
f15v	f15v.2	P	A	1	H	B	0	0	@138;chor or oro r aiin cthy ?ain dar
f15v	f15v.3	P	A	1	H	B	0	0	cthor daiin qokor okeor okaiin
f15v	f15v.4	P	A	1	H	B	0	0	doiin choky shol qoky qotchod
f15v	f15v.5	P	A	1	H	B	0	0	otchor chor chor ytchor cthy s
f15v	f15v.6	P	A	1	H	B	0	0	qotchey choty kaiin otchy r aiin
f15v	f15v.7	P	A	1	H	B	0	0	y choiin sho ? chy s chy tor ols
f15v	f15v.8	P	A	1	H	B	0	0	ytchor chor ol oiin oty shol daiin
f15v	f15v.9	P	A	1	H	B	0	0	otchol octhol chol chol chody kan
f15v	f15v.10	P	A	1	H	B	0	0	sor chor cthoiin cthy qokaiin
f15v	f15v.11	P	A	1	H	B	0	0	sol oiin cheor chol daiin cthy
f15v	f15v.12	P	A	1	H	B	0	1	daiin cthor chol chor
f16r	f16r.1	P	A	1	H	B	1	0	pocheody qopchey sykaiin opchy dor ychydaiin dychor orom
f16r	f16r.2	P	A	1	H	B	0	0	ychykchy otey kol shor ody otody qoyoeesordy
f16r	f16r.3	P	A	1	H	B	0	0	ydor sheal okchy qoy koiin choky ykair
f16r	f16r.4	P	A	1	H	B	0	1	dainod ychealod
f16r	f16r.5	P	A	1	H	B	1	0	tchor chor chs y kch shocthy opchy ty ky
f16r	f16r.6	P	A	1	H	B	0	0	oshaiin dyky oeees deeeod aiin d toaiin
f16r	f16r.7	P	A	1	H	B	0	0	daiin dalchy dyky schy s aiin doal qoky
f16r	f16r.8	P	A	1	H	B	0	0	shotchy ydain yky shody otol daiin
f16r	f16r.9	P	A	1	H	B	0	1	saiin ytaiin
f16r	f16r.10	P	A	1	H	B	1	0	toror daly dal opchy fchol ypcho okal
f16r	f16r.11	P	A	1	H	B	0	0	sokchy qokol choty okchy cthy chy kchy
f16r	f16r.12	P	A	1	H	B	0	0	dy cho kchy shcthy shtshy sho tchokyd
f16r	f16r.13	P	A	1	H	B	0	1	qokor dl dy shey
f16v	f16v.1	P	A	1	H	B	1	0	pchroiin otchor chpchol chpchey s pchoy
f16v	f16v.2	P	A	1	H	B	0	0	ytchor y ky chokchy qokchocthor shory
f16v	f16v.3	P	A	1	H	B	0	0	ykchy dy choy qoty chy kchy koshet
f16v	f16v.4	P	A	1	H	B	0	0	dchol chcthody cphod chotol dal
f16v	f16v.5	P	A	1	H	B	0	0	ytchy chyty chor chol ytchy dan
f16v	f16v.6	P	A	1	H	B	0	1	sor ch kar oty chkar chol dairin
f16v	f16v.7	P	A	1	H	B	1	0	pchocthy chypchy qotchy chy sy
f16v	f16v.8	P	A	1	H	B	0	0	daiin chol y daiin chcthy qot char chor sholo
f16v	f16v.9	P	A	1	H	B	0	0	dshy okaiin okaiin chol chor cthor ty chody
f16v	f16v.10	P	A	1	H	B	0	0	qokchy chy dy ykchy chckhy otain cthor cthy
f16v	f16v.11	P	A	1	H	B	0	0	okytaiin chkchy saiin
f16v	f16v.12	P	A	1	H	B	0	0	daiin yky otor chody
f16v	f16v.13	P	A	1	H	B	0	1	sokar oaorar
f17r	f17r.1	P	A	1	H	C	1	0	fshody daram ydar chog opydy ypod chop otchy dody oldckhy
f17r	f17r.2	P	A	1	H	C	0	0	ydair choky okshy qodar ckhody dor otchol qodcthy ods
f17r	f17r.3	P	A	1	H	C	0	1	chol or chy qodam okor chor okchom
f17r	f17r.4	P	A	1	H	C	1	0	tcho@154; shol qokol qor olaiin opydgsom ypchy ypaim
f17r	f17r.5	P	A	1	H	C	0	0	ychekchy cthy chor shor cphor cphaldydair cthey qody
f17r	f17r.6	P	A	1	H	C	0	1	tsho qof cho qokcheor cheteg
f17r	f17r.7	P	A	1	H	C	1	0	ksheo qokchy choldshy zepchydopchordy
f17r	f17r.8	P	A	1	H	C	0	0	dchchy dychear schar ykchy
f17r	f17r.9	P	A	1	H	C	0	0	soy chckho o das chypcham
f17r	f17r.10	P	A	1	H	C	0	0	dar chear dcheor sain y mol
f17r	f17r.11	P	A	1	H	C	0	0	otchol cthar okaiin chol daiiin
f17r	f17r.12	P	A	1	H	C	0	1	ychod y chotom
f17r	f17r.13	L	A	1	H	C	0	0	oteeeon oiil
f17v	f17v.1	P	A	1	H	C	1	0	pchodol chor pchy opydaiin odal dy
f17v	f17v.2	P	A	1	H	C	0	0	ycheey keeor cthodal okol odaiin okal
f17v	f17v.3	P	A	1	H	C	0	0	oldaig odaiin okal oldaiin chockhol olol
f17v	f17v.4	P	A	1	H	C	0	0	kchor fchol cphol olcheol okeeey
f17v	f17v.5	P	A	1	H	C	0	0	ychol chol dolcheey tchol dar ckhy
f17v	f17v.6	P	A	1	H	C	0	0	oekor or okaiin or otaiin d
f17v	f17v.7	P	A	1	H	C	0	0	sor chkeey poiis cheor os s aiin
f17v	f17v.8	P	A	1	H	C	0	0	qokeey kchar ol dy choldaiin sy
f17v	f17v.9	P	A	1	H	C	0	0	ycheol shol kchol choltaiin ol
f17v	f17v.10	P	A	1	H	C	0	0	oytor okeor okar okol daiir ar
f17v	f17v.11	P	A	1	H	C	0	0	qokcheo qokoiir ctheol chol
f17v	f17v.12	P	A	1	H	C	0	0	oy choy keaiin chckhey ol chor
f17v	f17v.13	P	A	1	H	C	0	0	ykeor chol chol cthol chkor sheol
f17v	f17v.14	P	A	1	H	C	0	0	olo r okeeol chodaiin okeol tchory
f17v	f17v.15	P	A	1	H	C	0	0	ychor cthy che'eky cheo otor oteol
f17v	f17v.16	P	A	1	H	C	0	0	okcheol chol okeol cthol otcheolom
f17v	f17v.17	P	A	1	H	C	0	0	qoain sar she dol qopchaiin cthor
f17v	f17v.18	P	A	1	H	C	0	0	otor cheeor ol chol dor chr or eees
f17v	f17v.19	P	A	1	H	C	0	0	dain chey qoaiin cthor cholchom
f17v	f17v.20	P	A	1	H	C	0	0	ykeey okeey cheor chol sho odaiin
f17v	f17v.21	P	A	1	H	C	0	0	oal sheor sholor or shecthy cpheor daiin
f17v	f17v.22	P	A	1	H	C	0	0	qokeee dar chey keeor cheeol ctheey cthy
f17v	f17v.23	P	A	1	H	C	0	1	chkeey okeor shar okeom
f18r	f18r.1	P	A	1	H	C	1	0	pdrairdy darod yoar ykchol dar om chckhyocthor dal
f18r	f18r.2	P	A	1	H	C	0	0	otshol qokchol chykchy okchal daiin dychol dain
f18r	f18r.3	P	A	1	H	C	0	0	qokchor chor ey or chey qokchol dyytcharg
f18r	f18r.4	P	A	1	H	C	0	1	chor cthor okeor ykchol okain
f18r	f18r.5	P	A	1	H	C	1	0	tchor shor cthaiin cthol chlol chom
f18r	f18r.6	P	A	1	H	C	0	0	ychy kchor dair ytol chcthy dar dar dal
f18r	f18r.7	P	A	1	H	C	0	0	oshor shaiin cthy sholdy doldydoldaiin
f18r	f18r.8	P	A	1	H	C	0	0	qokchor ckhol olody okal dydary
f18r	f18r.9	P	A	1	H	C	0	0	chol chcthal okshal chykald
f18r	f18r.10	P	A	1	H	C	0	0	dar shor qokchol ol ydaiin
f18r	f18r.11	P	A	1	H	C	0	0	sotchaiin chokchy chckhol chor g
f18r	f18r.12	P	A	1	H	C	0	0	ychair cthol daiin qokchy cthy
f18r	f18r.13	P	A	1	H	C	0	0	or shaiin cthar cthal okal dar
f18r	f18r.14	P	A	1	H	C	0	1	ychekch y kchaiin
f18v	f18v.1	P	A	1	H	C	1	0	told shor ytshy otchdal dchal dchy ytdg
f18v	f18v.2	P	A	1	H	C	0	0	qoeees or oaiin shy@140; okshy qokchy qokchy s g
f18v	f18v.3	P	A	1	H	C	0	0	orshy qoky qoky chkchy qokshy qokam
f18v	f18v.4	P	A	1	H	C	0	0	qotchy qokay qokchy ykcho ydl dar
f18v	f18v.5	P	A	1	H	C	0	0	ychoees ykchy qol kchy qotchol daiir om
f18v	f18v.6	P	A	1	H	C	0	0	qotor chor otchy qokeees chy s ar ykar
f18v	f18v.7	P	A	1	H	C	0	0	ychol dor chod qokol daiin qokol dar dy
f18v	f18v.8	P	A	1	H	C	0	0	tolol sh cphoy daror ddy ytor ykam
f18v	f18v.9	P	A	1	H	C	0	0	okchor qotchy qokchy ytol doky dy
f18v	f18v.10	P	A	1	H	C	0	1	yko dshy dair ykol dom
f19r	f19r.1	P	A	1	H	C	1	0	pchor qodchy qotshy dy tchy qotchy qoky daiin dchydy
f19r	f19r.2	P	A	1	H	C	0	0	dshy chor y tchy chol dytchy chordy daiin dyty @241; cho@242;
f19r	f19r.3	P	A	1	H	C	0	0	oscheor shy tdaiin chol dor yky
f19r	f19r.4	P	A	1	H	C	0	0	qokorar daiin chckhy shy kchor
f19r	f19r.5	P	A	1	H	C	0	0	otchy tchy qoky daiin @243;
f19r	f19r.6	P	A	1	H	C	0	0	yshor shy daiin otytchy daiin
f19r	f19r.7	P	A	1	H	C	0	0	qo'k cho ky cthar dor chan dar
f19r	f19r.8	P	A	1	H	C	0	0	or chor daky dal chor dorl shy
f19r	f19r.9	P	A	1	H	C	0	0	qotchor dy dor y tchy kchy shdaiin
f19r	f19r.10	P	A	1	H	C	0	0	daiin cthor chol ykchor chordy
f19r	f19r.11	P	A	1	H	C	0	0	qotchy qolody choldy cthyd
f19r	f19r.12	P	A	1	H	C	0	0	ykchor chor daiin daiinol
f19r	f19r.13	P	A	1	H	C	0	1	os octhor ytchor
f19v	f19v.1	P	A	1	H	C	1	0	pochaiin cthor chpcheos opchey py kchy
f19v	f19v.2	P	A	1	H	C	0	0	qokchy kchol sor qokchos ykchy darom
f19v	f19v.3	P	A	1	H	C	0	0	otchy chol daiin qotol ytol daiiin
f19v	f19v.4	P	A	1	H	C	0	0	ytch chcthy qotol daiin daiin
f19v	f19v.5	P	A	1	H	C	0	0	qotchy qoteey daiin doty qot
f19v	f19v.6	P	A	1	H	C	0	0	ychoy kchor cthol chocthy s
f19v	f19v.7	P	A	1	H	C	0	1	ycho r chaiin cthor
f19v	f19v.8	P	A	1	H	C	1	0	toy tchey qo dchol qokchs dom
f19v	f19v.9	P	A	1	H	C	0	0	ychor oky chor ytol chol oky ddor
f19v	f19v.10	P	A	1	H	C	0	0	daiin chor daiin qokor y okchan
f19v	f19v.11	P	A	1	H	C	0	0	qotol dor okchor daiin cthor otam
f19v	f19v.12	P	A	1	H	C	0	0	otch okchodshy daiin or otaiin dais
f19v	f19v.13	P	A	1	H	C	0	0	yees ykchol oty ytor ytar ytchor ytaiin
f19v	f19v.14	P	A	1	H	C	0	1	otchol cheaiin cthol
f20r	f20r.1	P	A	1	H	C	1	0	kdchody chopy cheey qotchol qotoeey dchor chaiin
f20r	f20r.2	P	A	1	H	C	0	0	chod ey cthey chotol odaiir qotchy cthody chodchy
f20r	f20r.3	P	A	1	H	C	0	0	qoteey cho chodaiin sho qochy chey tcheodal daral
f20r	f20r.4	P	A	1	H	C	0	1	ochol ol teey otolchey
f20r	f20r.5	P	A	1	H	C	1	0	pchocthy chokoaiin y cheeeb opchey shosaiin @243;
f20r	f20r.6	P	A	1	H	C	0	0	choees okchor qotol cheey daiin chy choiin daiin
f20r	f20r.7	P	A	1	H	C	0	0	ocho lshod daiin choteol chol dol shol otaiin
f20r	f20r.8	P	A	1	H	C	0	1	schodain cheo r cheody
f20r	f20r.9	P	A	1	H	C	1	0	fchodees shody qotchey qokchey qocphy chokoldy
f20r	f20r.10	P	A	1	H	C	0	0	ochoaiin chor sody pchodaiin chetody choky dchy toy
f20r	f20r.11	P	A	1	H	C	0	0	dchod qoteeody ytchy qo tshey dchaiin chol ody
f20r	f20r.12	P	A	1	H	C	0	0	shoiin cheody otchey otchy tchy qoteey daiin dar
f20r	f20r.13	P	A	1	H	C	0	1	ochaiin chor chor cheey tchey
f20v	f20v.1	P	A	1	H	C	1	0	faiis ar okoy shy pofochey opchy qopy choldy opydy cphy
f20v	f20v.2	P	A	1	H	C	0	0	sos ykoiin cheol chol choiin checthy otol chol chodaiin oty
f20v	f20v.3	P	A	1	H	C	0	0	okchy sho kchol shol chcthy qoty chy tolshy qotchy
f20v	f20v.4	P	A	1	H	C	0	1	sho or aiin shol daiin
f20v	f20v.5	P	A	1	H	C	1	0	tshol folchol otor shol shor fshodchy otchy chcphy dy
f20v	f20v.6	P	A	1	H	C	0	0	doiiin chockhy dan cheoy shos cheos char aiin
f20v	f20v.7	P	A	1	H	C	0	0	shocthy sho cthy daiin sheoy tey ssoaiin
f20v	f20v.8	P	A	1	H	C	0	0	shain choraly sho ar chy daiin d s
f20v	f20v.9	P	A	1	H	C	0	0	ykchy keody cho cthy chol shd qoty d@244;
f20v	f20v.10	P	A	1	H	C	0	0	shokaiin chocthy chol daiin chy chor ety
f20v	f20v.11	P	A	1	H	C	0	1	okoiin chey ol chory
f21r	f21r.1	P	A	1	H	C	1	0	pchor o eeockhy o fychey ypchey qopcheody otaiin chan
f21r	f21r.2	P	A	1	H	C	0	0	saiin chcphy oky sheaiin qotchol oteos sheey cthy daiin
f21r	f21r.3	P	A	1	H	C	0	1	qotol shy o l cheor chy qokchey chey keey dy
f21r	f21r.4	P	A	1	H	C	1	0	pchofychy daiin cthain o tolosheey qocthey tolchory
f21r	f21r.5	P	A	1	H	C	0	0	ykeey daiin chosy qokoiin otol chol qotcheol okeoaiin
f21r	f21r.6	P	A	1	H	C	0	0	dchor y kol y ky chol kol qokeol chol ol qoteeol dady
f21r	f21r.7	P	A	1	H	C	0	1	shoeor cheor chokeody cho cthor shy
f21r	f21r.8	P	A	1	H	C	1	0	fcho kshy otor sheol ocphal opsheas cthodaiin oty
f21r	f21r.9	P	A	1	H	C	0	0	okaiin sho tshaiin chkaiin sh cthey cthody cthy s
f21r	f21r.10	P	A	1	H	C	0	0	totchy keor chy ky qotaiin qotchol ty ctheey otaiin
f21r	f21r.11	P	A	1	H	C	0	0	shol chol shol tchol chcthy otyky shey yteol shody
f21r	f21r.12	P	A	1	H	C	0	1	ykeey chor sheey ysheol chor chol daiin chkaiin
f21v	f21v.1	P	A	1	H	C	1	0	toldshy chofchy qofshey shckhol odaiin shey ckholy
f21v	f21v.2	P	A	1	H	C	0	0	oeeesoy qokchy chody qotchy qokchy choty tchol daiin
f21v	f21v.3	P	A	1	H	C	0	0	qotol keeees chotchy tcho choty chor qotol daiin dal
f21v	f21v.4	P	A	1	H	C	0	0	sho chodaiin choty chol daiin daiin chtychtol
f21v	f21v.5	P	A	1	H	C	0	0	osho deey ctho l sho cthy daiin dait oky
f21v	f21v.6	P	A	1	H	C	0	0	sho tsho chotshol chol todaiin daiin
f21v	f21v.7	P	A	1	H	C	0	0	ykcho lchol cho l chaiin otchy s sheaiin
f21v	f21v.8	P	A	1	H	C	0	1	cho l kchochaiin
f22r	f22r.1	P	A	1	H	C	1	0	pol olshy fcholy shol dpchy oty okoly daiin opchy s ocphy
f22r	f22r.2	P	A	1	H	C	0	0	ol oiin shol o kor qokchol daiin okaiin cthor dain ckhy dom
f22r	f22r.3	P	A	1	H	C	0	1	qokol dykaiin o kchy daiin cthol ctholo dar shain
f22r	f22r.4	P	A	1	H	C	1	0	pchaiin ofchy daiin cfhy doroiin ypchol syschor daiin
f22r	f22r.5	P	A	1	H	C	0	0	ol daiin qokchy dar daiin chor oldor okyy choldchy
f22r	f22r.6	P	A	1	H	C	0	1	y chokshchy ctheeb
f22r	f22r.7	P	A	1	H	C	1	0	kchol shol dsheor chdoly ytaiin olotchy cphal
f22r	f22r.8	P	A	1	H	C	0	0	dchor oty daiin ctholy qoky chotaiin chocthydo@203;iin dchor
f22r	f22r.9	P	A	1	H	C	0	1	odaiin dain cthy ctheo r oraiino
f22r	f22r.10	P	A	1	H	C	1	0	kchol chor daiin cthoiin dchor chey qokol dyopchol oldam
f22r	f22r.11	P	A	1	H	C	0	0	doiin yckhody qokchy oky otoldy yty dol ordchchy daiin
f22r	f22r.12	P	A	1	H	C	0	0	odchaiin cthy okchy kchy dchol daiinydaiin
f22r	f22r.13	P	A	1	H	C	0	1	dchor dy dain qockhy ykol okain
f22v	f22v.1	P	A	1	H	C	1	0	pysaiinor ofchar oky tchy otdysor shy qo'd
f22v	f22v.2	P	A	1	H	C	0	0	daiin y kaiin qotchy kchy otchyddshor ychy
f22v	f22v.3	P	A	1	H	C	0	0	qoky kchorl otchy cthy otchykyytchol otam
f22v	f22v.4	P	A	1	H	C	0	0	otchaiin shoty qokysaiinodaiin ytaiin
f22v	f22v.5	P	A	1	H	C	0	1	dor y kcheor daiin
f22v	f22v.6	P	A	1	H	C	1	0	fshor shy tchor otaiin
f22v	f22v.7	P	A	1	H	C	0	0	ychor chor qokchol chory
f22v	f22v.8	P	A	1	H	C	0	0	qotchy cthy qokol daiin dam
f22v	f22v.9	P	A	1	H	C	0	0	okshor shody chol tchol otaiin daiin
f22v	f22v.10	P	A	1	H	C	0	0	qokchy daiin sor ytal
f22v	f22v.11	P	A	1	H	C	0	0	sokaiin oty dy
f22v	f22v.12	P	A	1	H	C	0	0	ychky daiin cthy
f22v	f22v.13	P	A	1	H	C	0	0	okchain chkoldy shotoly
f22v	f22v.14	P	A	1	H	C	0	0	qotchy olshly shol daiin
f22v	f22v.15	P	A	1	H	C	0	0	sho cthy chocthy qokchy dory
f22v	f22v.16	P	A	1	H	C	0	1	saiinchy daldalol
f23r	f23r.1	P	A	1	H	C	1	0	pydchdom chy fcholdy oty otchol shy opyaiin y' yfchy daiin ololdy dal
f23r	f23r.2	P	A	1	H	C	0	0	to ar chor daiin chk dain otchy lolchor daiin dam okchol dain g
f23r	f23r.3	P	A	1	H	C	0	1	dchar ykor y kaiin daiin cth? g
f23r	f23r.4	P	A	1	H	C	1	0	qokoldy okaiir ykaiil g qokeey ofchol dain yfchor olfchor otchald
f23r	f23r.5	P	A	1	H	C	0	1	ychor qokchol ytym chol dair chol ar ol ol dol dain
f23r	f23r.6	P	A	1	H	C	1	0	tshol y kor qokaiin yky dar okol dchey daiidal dam ytcho ldals
f23r	f23r.7	P	A	1	H	C	0	0	okar olchar shaiin qokchol dar qokchol dairo r ol daiin alg
f23r	f23r.8	P	A	1	H	C	0	0	qokshy char daiir qokaiin olol qoaiin ykchy sdal okchy
f23r	f23r.9	P	A	1	H	C	0	0	okol ok shy qokol dydal dshe qokeees y olydaiin dal
f23r	f23r.10	P	A	1	H	C	0	0	qok okaiin chkchy syteain odal chal dydar ykain
f23r	f23r.11	P	A	1	H	C	0	1	ykyka dalory
f23v	f23v.1	P	A	1	H	C	1	0	podairol odaiiily sho al dy opchol otol ol chcphy qotchar s
f23v	f23v.2	P	A	1	H	C	0	0	qottor chy okchaldy qokchey dolotchol chal otchg
f23v	f23v.3	P	A	1	H	C	0	0	ycho okaiin okeol eees o l daiin okeeordaiin qotcholg
f23v	f23v.4	P	A	1	H	C	0	0	okchey dair sholol ol dalotchor dar
f23v	f23v.5	P	A	1	H	C	0	1	dor chear shor dol oaldary
f23v	f23v.6	P	A	1	H	C	1	0	tshol shor shkshy okol daiinotshor olsar
f23v	f23v.7	P	A	1	H	C	0	0	otor oiin sho shol qokol daiinsol daiin ylg
f23v	f23v.8	P	A	1	H	C	0	0	qokaiin dain qokor okal g damchor olol dam
f23v	f23v.9	P	A	1	H	C	0	0	otshy dal dar oldar ar orqoto l chees g
f23v	f23v.10	P	A	1	H	C	0	0	dor chy kshol chol ctho?otol oloiir
f23v	f23v.11	P	A	1	H	C	0	0	y okaiin doroiin olols oiinol cheeb ols
f23v	f23v.12	P	A	1	H	C	0	1	ol aiios oloro eeeoly
f24r	f24r.1	P	A	1	H	C	1	0	por or y chor opchar she cheol daiin or
f24r	f24r.2	P	A	1	H	C	0	0	qotaiin char odaiin okaial oky
f24r	f24r.3	P	A	1	H	C	0	0	ycthar cthal okol qotar ckhy
f24r	f24r.4	P	A	1	H	C	0	0	or chckhaly cthar eeor chees da
f24r	f24r.5	P	A	1	H	C	0	0	qodar cho r chey cthy cthe keom
f24r	f24r.6	P	A	1	H	C	0	0	oeeeos cthor otal qocthol qoky
f24r	f24r.7	P	A	1	H	C	0	0	q@145;kar chtar s cheor cthol qodol
f24r	f24r.8	P	A	1	H	C	0	0	ychor s om qoear daiin qokeol
f24r	f24r.9	P	A	1	H	C	0	0	odaiin ckham qodaiy dol dal
f24r	f24r.10	P	A	1	H	C	0	0	q?or cfhar chor s am chotaiin dy
f24r	f24r.11	P	A	1	H	C	0	0	sar cheoiees okeem cheor qokain
f24r	f24r.12	P	A	1	H	C	0	0	qokchy qotchy tol tod ckhy
f24r	f24r.13	P	A	1	H	C	0	0	oees ol s chey chcth s ar
f24r	f24r.14	P	A	1	H	C	0	0	qor cheey qod char cthal
f24r	f24r.15	P	A	1	H	C	0	0	ockhoees oeees ol dal s
f24r	f24r.16	P	A	1	H	C	0	0	sham okeal dal dam dal
f24r	f24r.17	P	A	1	H	C	0	0	sshey otam sham cthoj oky
f24r	f24r.18	P	A	1	H	C	0	0	ycheol chol daiin chol s
f24r	f24r.19	P	A	1	H	C	0	0	yol kol chol shom otacphy
f24r	f24r.20	P	A	1	H	C	0	1	sam chorly
f24v	f24v.1	P	A	1	H	C	1	0	tchodar chocfhey opom shod chcphy opshody ocphoraiin o k o@146;am
f24v	f24v.2	P	A	1	H	C	0	0	ydals ckhor shy cho dchor otol otaiirotchos okchom okcho
f24v	f24v.3	P	A	1	H	C	0	0	octhyl odchees oesearies okam chcth
f24v	f24v.4	P	A	1	H	C	0	0	ydal sh okol okaiin odaiin dlos
f24v	f24v.5	P	A	1	H	C	0	1	oeor oraiin tchar oro
f24v	f24v.6	P	A	1	H	C	1	0	tochol chor arsa r
f24v	f24v.7	P	A	1	H	C	0	0	ycheol daid dar olom
f24v	f24v.8	P	A	1	H	C	0	0	kochky chcthy shol sain
f24v	f24v.9	P	A	1	H	C	0	0	ychol chol or chor om
f24v	f24v.10	P	A	1	H	C	0	0	okoeor ctheod choy keol
f24v	f24v.11	P	A	1	H	C	0	0	ydaiin chear qodom okodaiin
f24v	f24v.12	P	A	1	H	C	0	0	ksho foar o sho qokch ok okchal
f24v	f24v.13	P	A	1	H	C	0	0	oeeey cheol chol odor sho do otolodal
f24v	f24v.14	P	A	1	H	C	0	0	doiir cheeodam sho sho dy
f24v	f24v.15	P	A	1	H	C	0	0	dchey kchod dchal ochdy
f24v	f24v.16	P	A	1	H	C	0	1	otchol odaiim
f25r	f25r.1	P	A	1	H	D	1	0	fcholdy soshy daiin y shody daiin ocholdy cpholdy sy
f25r	f25r.2	P	A	1	H	D	0	0	otor chor chsky chotchy shair qod shachy kchy chkain
f25r	f25r.3	P	A	1	H	D	0	0	qotchy qotshy cheesees sheear s chain daiin chain dan
f25r	f25r.4	P	A	1	H	D	0	0	dchckhy shocthy ytchey cthor s chan chaiin qotchain
f25r	f25r.5	P	A	1	H	D	0	0	qotcheaiin dchain cthain daiin daiin cthain qotaiin
f25r	f25r.6	P	A	1	H	D	0	0	okal chotaiin
f25r	f25r.7	P	A	1	H	D	0	1	dair otaiir otosy
f25v	f25v.1	P	A	1	H	D	1	0	poeeaiin qo ky shy daiin qopchey otchey qofchor sos
f25v	f25v.2	P	A	1	H	D	0	0	dchor cthor chor daiin s okeeaiin daiin ckhey daiin
f25v	f25v.3	P	A	1	H	D	0	0	orcho kchor chol daiin shcfho r daiin dshey daiity
f25v	f25v.4	P	A	1	H	D	0	0	qokaiin qokcho shol daiin ckhear ckhol daiin chkear
f25v	f25v.5	P	A	1	H	D	0	0	dar chokeey dshor dshey qochol dol cho daiin daiin
f25v	f25v.6	P	A	1	H	D	0	0	qokcho r ochy qotchy qotoralcho @147; chain deeaiir s
f25v	f25v.7	P	A	1	H	D	0	1	o chkey daiiol daiin shckhorchaiin
f26r	f26r.1	P	B	2	H	D	1	0	psheoky odaiir qoyofshod chypchey ypchedy ainchofo chedy
f26r	f26r.2	P	B	2	H	D	0	0	dchey @138;aiin adeeodyykecthey chedy ytedy dychecthedy ls
f26r	f26r.3	P	B	2	H	D	0	0	oaiin shcthy cthedy oloyykeedy olchedy daly sheey s aiin s
f26r	f26r.4	P	B	2	H	D	0	0	qokedy cheos ytedy qokedyytedy chekedydaiin odam s aldy
f26r	f26r.5	P	B	2	H	D	0	0	saiin shedy eedy eedy s chydaiin cthedyqokeedy qokedy cthey
f26r	f26r.6	P	B	2	H	D	0	1	rchedy qokedy
f26r	f26r.7	P	B	2	H	D	1	0	pcho qokedy dar sheo ypchseds saiinsha p chedyfchy dalchedy sar
f26r	f26r.8	P	B	2	H	D	0	0	daiin shedy qokeedy qoteedar sokolytedy qokeedy qokedy
f26r	f26r.9	P	B	2	H	D	0	0	tcheoshy dchdy okedy chckhy sdydyykeechy okeedy cheky
f26r	f26r.10	P	B	2	H	D	0	1	shese aiin sheos cheodyotal
f26v	f26v.1	P	B	2	H	D	1	0	pchedar qodary daiiin pcheety s air shedy ypchedy ypchdy qopy shdy
f26v	f26v.2	P	B	2	H	D	0	0	saraiir chekedy qokedy otedy sar y etedy qokedy or ae alys chedy
f26v	f26v.3	P	B	2	H	D	0	0	pchdar opar dar cheeol ofchdy otedy dy odar chedy ytedy okchdy g
f26v	f26v.4	P	B	2	H	D	0	0	yckheody qokedy deey saldy okedor or cheos oraiin okeo chekaiin
f26v	f26v.5	P	B	2	H	D	0	0	deeol cheody qoteedy qokody qotedy qotedy opchedy ofchy chs ar
f26v	f26v.6	P	B	2	H	D	0	0	toeedy keody shedy dar chedy sches or cheeky dar chey cheky yteedy
f26v	f26v.7	P	B	2	H	D	0	0	pchedy dar cheoet chy sair chees odaiiin chkeeey ykey sheey
f26v	f26v.8	P	B	2	H	D	0	0	tchedy okeeos cheeos ysaiin okcheey keody s aiin cheeos qokes ory
f26v	f26v.9	P	B	2	H	D	0	1	ysheey okeshy shody peshy todydy
f27r	f27r.1	P	A	1	H	D	1	0	ksor shey shoteo chforaiin shyshod chary
f27r	f27r.2	P	A	1	H	D	0	0	dy ain shol dain dar shokyddchol cthey ds
f27r	f27r.3	P	A	1	H	D	0	0	chol shy keol chol chy shol chydaiin chey dam
f27r	f27r.4	P	A	1	H	D	0	0	qokey chor char chy dchy keeychos cthody
f27r	f27r.5	P	A	1	H	D	0	0	dor chees ctho shy ar ydaiin dair
f27r	f27r.6	P	A	1	H	D	0	1	chy t chols chor cholaiinshy kchal dy
f27r	f27r.7	P	A	1	H	D	1	0	kchey chey kcheol pcho schey lychals cham
f27r	f27r.8	P	A	1	H	D	0	0	ytchy chy t chol dy t chey dainchol dal
f27r	f27r.9	P	A	1	H	D	0	0	dchey keeod shotchey chol otychy tolg
f27r	f27r.10	P	A	1	H	D	0	0	qotchey shes s y chy tchey dy
f27r	f27r.11	P	A	1	H	D	0	0	chol daiiin chees chos ey dan
f27r	f27r.12	P	A	1	H	D	0	0	dain cheokeey chey cthey otal
f27r	f27r.13	P	A	1	H	D	0	1	otchodeey
f27v	f27v.1	P	A	1	H	D	1	0	pochof chof cho sho soly shol ytchar opchory kchor chor
f27v	f27v.2	P	A	1	H	D	0	0	dchy chkar otchy shy shy dchy dshy kchy cheo daidy dchy
f27v	f27v.3	P	A	1	H	D	0	0	kchey kchy dchokchy dsho dr chodchy etcheody shld
f27v	f27v.4	P	A	1	H	D	0	0	okcho chy kcheed chl chol kodo oksho do cheesg
f27v	f27v.5	P	A	1	H	D	0	0	qoky sh keeo scho dar shkolchotchy ctho dol
f27v	f27v.6	P	A	1	H	D	0	0	dsho kchrrr okeedydchschysotchdy
f27v	f27v.7	P	A	1	H	D	0	0	sho shoykcho shdydchdchschsyotchdy
f27v	f27v.8	P	A	1	H	D	0	1	okshes okchokshy
f28r	f28r.1	P	A	1	H	D	1	0	pchodar shod chocphy opchol daiinotchol chy qo ldy
f28r	f28r.2	P	A	1	H	D	0	0	otchor otchor cthol y ctheol dydchar chakod dly
f28r	f28r.3	P	A	1	H	D	0	0	qotchaiin shor cthol cthol shorchotchy tchodar
f28r	f28r.4	P	A	1	H	D	0	0	choty chtol otol chotchy ctholotol choky qoty
f28r	f28r.5	P	A	1	H	D	0	0	oksho otorchy kchoror chodaiinsho cthody okoy
f28r	f28r.6	P	A	1	H	D	0	0	qokchol qodaiin otcholchy daiincho qokol o kam
f28r	f28r.7	P	A	1	H	D	0	0	sho otor shockhy shocthy otoldydshor dol dar
f28r	f28r.8	P	A	1	H	D	0	0	oschotshl daiin okchey kol daiinshol dsho otaiin
f28r	f28r.9	P	A	1	H	D	0	1	ytchol deey yteol deaiin
f28v	f28v.1	P	A	1	H	D	1	0	kshol qooiiin shor pshoiiin shepchy qoty dy shory
f28v	f28v.2	P	A	1	H	D	0	0	ykcholy qoty chy dy qokchol chor tchy qokchody cheor o
f28v	f28v.3	P	A	1	H	D	0	1	chor chol chy choiin
f28v	f28v.4	P	A	1	H	D	1	0	tshoiin cheor chor o chty qotol sheol shor daiin qoty
f28v	f28v.5	P	A	1	H	D	0	0	otol chol daiin chkaiin shoiin qotchey qotshey daiiin
f28v	f28v.6	P	A	1	H	D	0	1	daiin chkaiin
f28v	f28v.7	P	A	1	H	D	1	0	pchol oiir chol tsho daiin shotchy chtshy dair am
f28v	f28v.8	P	A	1	H	D	0	0	okain chan chain cthor dainykchydaiin cthol
f28v	f28v.9	P	A	1	H	D	0	1	sor chear chl choly dar
f29r	f29r.1	P	A	1	H	D	1	0	posaiin she aiin chep oty chy qotchy qoty cheecthy
f29r	f29r.2	P	A	1	H	D	0	0	dshe ykchy choty oky cho l chchoty choky chy ty dy
f29r	f29r.3	P	A	1	H	D	0	0	qokchy qoty kchaiin shear cthordchor choly
f29r	f29r.4	P	A	1	H	D	0	1	chocthy qoos chos
f29r	f29r.5	P	A	1	H	D	1	0	kcheol cheor sheos sheey teey dashos o
f29r	f29r.6	P	A	1	H	D	0	0	chokshy shocthy shor shor daiinqokaiiin
f29r	f29r.7	P	A	1	H	D	0	0	qokchy chol shokchy qokaiin choetychoty kaiin
f29r	f29r.8	P	A	1	H	D	0	0	shor chor shosheky shy qoty kodydaiin cthy
f29r	f29r.9	P	A	1	H	D	0	1	qokshe qor chey kor cheod ychom
f29v	f29v.1	P	A	1	H	D	1	0	kooiin shor chetchy ol ls shytchy cthy shycho shy daiin
f29v	f29v.2	P	A	1	H	D	0	0	qotcheaiin s chol chol cthy chey ctholdytchor dary
f29v	f29v.3	P	A	1	H	D	0	0	chol chol kor shey odaiin qotchy taiins she otey sy
f29v	f29v.4	P	A	1	H	D	0	1	ysho otshy okaiin cthy oltchy sshot sho okaiin
f29v	f29v.5	P	A	1	H	D	1	0	tochon chain shan shotychshyshy
f29v	f29v.6	P	A	1	H	D	0	0	dchor chol chaiin shaiin cthoddarchsshody
f29v	f29v.7	P	A	1	H	D	0	0	qotcho kchor daiin ykaiin dyshdychocthy sheky
f29v	f29v.8	P	A	1	H	D	0	0	otol shotchor cholody dainchchy cthody dol
f29v	f29v.9	P	A	1	H	D	0	1	sho chokor chor chy ydaiin choykeeboaiin
f29v	f29v.10	P	A	1	H	D	1	0	qokoiin okaiin chochydchykar
f29v	f29v.11	P	A	1	H	D	0	0	daiin chteor octhydarchytotody
f29v	f29v.12	P	A	1	H	D	0	1	qekeochor otchey s y
f30r	f30r.1	P	A	1	H	D	1	0	okeeesy chey shorchey fcheody shey tchy ches d o shey
f30r	f30r.2	P	A	1	H	D	0	0	ychody chey chkeey ksho keeor cheor shey she keeodol sy
f30r	f30r.3	P	A	1	H	D	0	0	chodaiin cho ry chey doiin sain chorain cheey keem
f30r	f30r.4	P	A	1	H	D	0	0	qokechy qoko qop char soin chan qot chaiin
f30r	f30r.5	P	A	1	H	D	0	0	choko qokochy deeey dkeeor cheoldain chory
f30r	f30r.6	P	A	1	H	D	0	0	dchorol sho chor cho ro raiin dor chseeor dy
f30r	f30r.7	P	A	1	H	D	0	1	qor chain cthorchy
f30r	f30r.8	P	A	1	H	D	1	0	opchol ol chesey scheo r chey okealdcheo rchey
f30r	f30r.9	P	A	1	H	D	0	0	dchey qochar chol keeaiin chctheychor cheky
f30r	f30r.10	P	A	1	H	D	0	0	chokchaiin dchor chkchean qotchychctho rchody
f30r	f30r.11	P	A	1	H	D	0	0	qotchor cheor chey cheor chey soeebydeysor daiin
f30r	f30r.12	P	A	1	H	D	0	0	dcheey ckhey ckhey daiin chkeaiin darchorychdain
f30r	f30r.13	P	A	1	H	D	0	1	chodaiin chtchey chear shy keey
f30v	f30v.1	P	A	1	H	D	1	0	sain shosaiin chocthey sho chepchy shor sheaiin
f30v	f30v.2	P	A	1	H	D	0	0	qotchor chy she kchor chory keor ol chy daiin ctholdy
f30v	f30v.3	P	A	1	H	D	0	0	chotchol daiin cthol doiin daiin chokeor dal chtoy
f30v	f30v.4	P	A	1	H	D	0	0	otchey daiin chor checkhy qotchod daiin
f30v	f30v.5	P	A	1	H	D	0	0	dain choty chkol ytor cheoldy
f30v	f30v.6	P	A	1	H	D	0	0	qokeeor chokol chokeody dair y
f30v	f30v.7	P	A	1	H	D	0	0	chakchy sho kcho tcho ctho sos
f30v	f30v.8	P	A	1	H	D	0	0	oyshy cheotol cphoaiin cphey
f30v	f30v.9	P	A	1	H	D	0	0	qotchor chor sheey cheolsos
f30v	f30v.10	P	A	1	H	D	0	0	sho sheoldy otcheor daiin
f30v	f30v.11	P	A	1	H	D	0	1	sol chokcheey daiin kchydy
f31r	f31r.1	P	B	2	H	D	1	0	keedey qofchedy shee s aiin qokee@149; chepakeo
f31r	f31r.2	P	B	2	H	D	0	0	dcheey daiin okeedy qokees s aiin shekeey qef
f31r	f31r.3	P	B	2	H	D	0	0	qokeey chey daiin qokeey sair chekey s aiin da?
f31r	f31r.4	P	B	2	H	D	0	0	qotar chy dar lo r ar cheey keeol chedy qokey
f31r	f31r.5	P	B	2	H	D	0	1	daiin sheeody qokeor
f31r	f31r.6	P	B	2	H	D	1	0	tshokeody qokedy qotedy chepos cheda s aiin dal
f31r	f31r.7	P	B	2	H	D	0	0	ykeedar saiin checkhey sheol qokedy ykeedy chedy ldy
f31r	f31r.8	P	B	2	H	D	0	0	shedy qokedy cheol cheod qokeody cheol checthy
f31r	f31r.9	P	B	2	H	D	0	1	daiir sheeo shcthey okeol
f31r	f31r.10	P	B	2	H	D	1	0	tol shso okedy okedy qokedy qokeedy dar shedshey
f31r	f31r.11	P	B	2	H	D	0	0	olsheol qokchy dal chey deey kchy keey okaiiin ykeey
f31r	f31r.12	P	B	2	H	D	0	0	qoaiin yches okedy sheey chedaiin dar
f31r	f31r.13	P	B	2	H	D	0	0	olsheor qoekedy otedy ykedy dals
f31r	f31r.14	P	B	2	H	D	0	0	saiis or chedy daiin okeedy
f31r	f31r.15	P	B	2	H	D	0	0	yshedair sheol cheky okedam
f31r	f31r.16	P	B	2	H	D	0	1	oteor aiicthy
f31v	f31v.1	P	B	2	H	D	1	0	podair sheedy otedy oteedy qotolcheo s ar ar oteey dkchrar als
f31v	f31v.2	P	B	2	H	D	0	0	ytchos ockhey okeeo s cheody okeey keeody daiin cheody keedy
f31v	f31v.3	P	B	2	H	D	0	0	ykeeo daiin shedal okedy okey keo dy okchey sair okees o lkedy
f31v	f31v.4	P	B	2	H	D	0	0	dair cthedy qokedy okeody chedar oked al ockhedy okeedy otas
f31v	f31v.5	P	B	2	H	D	0	1	ykeos cheeoy or aiin
f31v	f31v.6	P	B	2	H	D	1	0	pcheeody qop chedal checfhy chefchol or cheef alaiin opal sheo otar
f31v	f31v.7	P	B	2	H	D	0	0	olkeedam ches chol keeol checkhy okeol okal oky cheokar okor ary
f31v	f31v.8	P	B	2	H	D	0	0	ykaiin chee ksheey ychekeeor cheor o r checthy okechoked lchey okam
f31v	f31v.9	P	B	2	H	D	0	0	ytecheol sheoeky okeos aiin aedy chkaiin chetchey ctheey okear
f31v	f31v.10	P	B	2	H	D	0	0	dar choar al kar oeeeos cheos aiin o ckhey okeo kor okeol ain
f31v	f31v.11	P	B	2	H	D	0	1	saiin ar ckheos chedy okeey qoear oraiin cheam
f32r	f32r.1	P	A	1	H	D	1	0	fchaiin shykeody daiiody dainsho tchy oty qopy
f32r	f32r.2	P	A	1	H	D	0	0	okor okchor sheor ckhy daldshodar qotchol
f32r	f32r.3	P	A	1	H	D	0	0	qokchor chor cthol chol doldcheodain daiin
f32r	f32r.4	P	A	1	H	D	0	0	schor dshor ytsho daindaiin choddal
f32r	f32r.5	P	A	1	H	D	0	1	qotchy qokchy daiin
f32r	f32r.6	P	A	1	H	D	1	0	fcho tcheychedy
f32r	f32r.7	P	A	1	H	D	0	0	otol dol ol dair
f32r	f32r.8	P	A	1	H	D	0	0	qo ar daiin dam
f32r	f32r.9	P	A	1	H	D	0	0	dytchor dary
f32r	f32r.10	P	A	1	H	D	0	0	dchor ctho daiin
f32r	f32r.11	P	A	1	H	D	0	0	shos chckhol n
f32r	f32r.12	P	A	1	H	D	0	0	shodaiin @150;tol
f32r	f32r.13	P	A	1	H	D	0	0	otcho rol dain daiin cthy
f32r	f32r.14	P	A	1	H	D	0	0	schey qot shey daiin cths
f32r	f32r.15	P	A	1	H	D	0	0	qokchy qotol doiir ol
f32r	f32r.16	P	A	1	H	D	0	0	otchol chey soty
f32r	f32r.17	P	A	1	H	D	0	0	chokeol dchoty
f32r	f32r.18	P	A	1	H	D	0	0	doiin sho shy
f32r	f32r.19	P	A	1	H	D	0	1	dol dchol dan
f32v	f32v.1	P	A	1	H	D	1	0	kcheodaiin chol kechy qotaiin daiioamo chofchody
f32v	f32v.2	P	A	1	H	D	0	0	daiin odar chy daiin chey tchy l dydain teor
f32v	f32v.3	P	A	1	H	D	0	0	shor daiin chckhy dsho dain daiin sshokey ka
f32v	f32v.4	P	A	1	H	D	0	0	or chr chor dor chaiin qotcho r chydcho daiin
f32v	f32v.5	P	A	1	H	D	0	0	chokchy daiin shy chor qo kaiin daindchol dosg
f32v	f32v.6	P	A	1	H	D	0	1	o kchan chol shal dchcthy
f32v	f32v.7	P	A	1	H	D	1	0	ksho cphos she sheaiin otshcho r dainshckhy s odan
f32v	f32v.8	P	A	1	H	D	0	0	otchol daiin daiin ctho daiin qotaiinotchy dshan
f32v	f32v.9	P	A	1	H	D	0	0	qotchy cfhy skey chocthy daiin cthaiindaiin
f32v	f32v.10	P	A	1	H	D	0	0	sho keol chor chol daiin cpho l cthol daar
f32v	f32v.11	P	A	1	H	D	0	1	ol sho chy
f33r	f33r.1	P	B	2	H	E	1	0	tshdar shdor shepchdy cphody yfoldy qofody otchedy lfchdy daiin
f33r	f33r.2	P	B	2	H	E	0	0	ytchedy qokar cheky okaldy qokaldy otor oldar qotar otar otardam
f33r	f33r.3	P	B	2	H	E	0	0	laiin y cheky qokedy shedy chdal chechdaiin qokchy ody chekeedy ykam
f33r	f33r.4	P	B	2	H	E	0	0	taiin chekey or al aiiin saiin okaiin dar cheedy chkeey far aiin s
f33r	f33r.5	P	B	2	H	E	0	0	pair or aiin otaiin ol kor aiin okal otal chdal shekal qokar otam
f33r	f33r.6	P	B	2	H	E	0	0	yteey shody kchedy dy chekar okaiin okaiin daiin okal
f33r	f33r.7	P	B	2	H	E	0	1	dar chos aiin or aiin cheekaiin okain ar okeeey
f33v	f33v.1	P	B	2	H	E	1	0	tar ar daiinydain cthey dolssheky ar aiin
f33v	f33v.2	P	B	2	H	E	0	0	kchdy dam dyokyotal dain chdyytam otam cham
f33v	f33v.3	P	B	2	H	E	0	0	dar chckhy dydykyckhdy oky damokar dy kam dy
f33v	f33v.4	P	B	2	H	E	0	0	tokar shdy dalqokar shdotody chedyykedy dodl dain
f33v	f33v.5	P	B	2	H	E	0	0	tchdy chody okaiinchckhy dor arlcthy dy ty dyykar cheky dy
f33v	f33v.6	P	B	2	H	E	0	1	ycheo dar olaiin okar chdy chdy oldyokar chdy
f33v	f33v.7	P	B	2	H	E	1	0	tshdy shefchdy shckhdy oltedy daiin okycheol orainchdyshdy porar
f33v	f33v.8	P	B	2	H	E	0	0	dar ar sheey keedy okchy okar okedy chydaiin dy' dydar aiin okary
f33v	f33v.9	P	B	2	H	E	0	0	sar or aiin chor or shkair shol or chckhyar aiinokain dal dy
f33v	f33v.10	P	B	2	H	E	0	0	lcho ar or chey lodaiin o or okeedy okaly
f33v	f33v.11	P	B	2	H	E	0	1	tar al keey oram
f34r	f34r.1	P	B	2	H	E	1	0	pcheoepchy olar ylyfody okedody shod ololdy dar ytey
f34r	f34r.2	P	B	2	H	E	0	0	ytar sheody o lamocthedy otedy chdain oltey kchy ty
f34r	f34r.3	P	B	2	H	E	0	0	qotedy chyty chdalydar chd otedy qotol okedy dody ody kam
f34r	f34r.4	P	B	2	H	E	0	0	ytedy daiin chey aiinshy chckhyoltchedy otedy dam checthy
f34r	f34r.5	P	B	2	H	E	0	0	qoteedy shedy shedy olokes arykeed l chedy otey okaiin
f34r	f34r.6	P	B	2	H	E	0	0	oteol chekey chetey ollchesydaiin cheky fas aiir amg
f34r	f34r.7	P	B	2	H	E	0	0	qokedy dal chdyolchyykchyykedy qokchdy s as oldam
f34r	f34r.8	P	B	2	H	E	0	0	otchy qokyolkcheckhyys air air chodar tam
f34r	f34r.9	P	B	2	H	E	0	1	ykchdy qodarchayor lchey todaly okaiin dardy
f34r	f34r.10	P	B	2	H	E	1	0	tcheo olchckhy olyotchdy chefalchhs
f34r	f34r.11	P	B	2	H	E	0	0	qokeey sh kaldaiincheky cthdalyotchedy chty s aiin
f34r	f34r.12	P	B	2	H	E	0	0	char aiin okor ar tolqokar chckhy chdal ked qokar ar daiin dam
f34r	f34r.13	P	B	2	H	E	0	0	ykeo lor ochey olyokaly kechdy qokchdy chor ar aiiin daly
f34r	f34r.14	P	B	2	H	E	0	0	or ar y kar ol al okychody qokal chedy chcthedy cheky daram
f34r	f34r.15	P	B	2	H	E	0	1	sair chekar cheky shekcholchedy qokedy yk cheolchcthy
f34v	f34v.1	P	B	2	H	E	1	0	ke'chdy chdy chefchy shdy qopchdy shdydy chdalchdy ypchdy chcthdy spaiin
f34v	f34v.2	P	B	2	H	E	0	0	tol qokchy dychedy okchy chckhdy chdaiin ckhy loees ykar aiin oldam
f34v	f34v.3	P	B	2	H	E	0	0	ytal shor chdal olchdy char or ol kedaiiin chcthy okchdy chckhy dasam
f34v	f34v.4	P	B	2	H	E	0	0	tchdaiin chekal shedy qokedar chdaiin oldar qoldar chedy daiin otam
f34v	f34v.5	P	B	2	H	E	0	1	lshaiir or air shedy chechey dykey kair chedy qokar chekaly chalky
f34v	f34v.6	P	B	2	H	E	1	0	pchedar shear qokchdy qokees cheol ypchdaiin chedy lr ar chedain
f34v	f34v.7	P	B	2	H	E	0	0	olchdaiin chedy chey keedy chy kedy dy qokedy okey s air chkain otain
f34v	f34v.8	P	B	2	H	E	0	0	ysheos otar ar choraiin cheky olchdaiin or oldar chdar okam
f34v	f34v.9	P	B	2	H	E	0	0	lsheody cphy qokeey keedy kchdy chedy qokedy chdy kal shs oldaiin
f34v	f34v.10	P	B	2	H	E	0	0	daiin chdy tedy kchdy okeedy checkhy chdy kain chear or okedy okam
f34v	f34v.11	P	B	2	H	E	0	1	yshos ody s aiin okey okal shedy
f35r	f35r.1	P	A	1	H	E	1	0	oo r choly y choty char dy
f35r	f35r.2	P	A	1	H	E	0	0	qokeeaiin chokaiin qo tchy daiin
f35r	f35r.3	P	A	1	H	E	0	0	dchaiin cthey qotchey taiin cthory
f35r	f35r.4	P	A	1	H	E	0	0	qotchy shet chy ckhol cheey daiin dainl
f35r	f35r.5	P	A	1	H	E	0	0	otchor sho tcheey scheey daiin dain or
f35r	f35r.6	P	A	1	H	E	0	0	schaiin char chan daiin
f35r	f35r.7	P	A	1	H	E	0	0	shosaiin tchor choky
f35r	f35r.8	P	A	1	H	E	0	1	qokeey ky kaiin daiin
f35r	f35r.9	P	A	1	H	E	1	0	paiin chear aiin chear shorchaiin
f35r	f35r.10	P	A	1	H	E	0	0	o aiin chaiin ckhy r chl s chochy daiin
f35r	f35r.11	P	A	1	H	E	0	0	sheaiin chol cthaiin l chaiin lchal daldair aldy n
f35r	f35r.12	P	A	1	H	E	0	0	olor chy chaiin chy taiin kchey koldychetchaiin
f35r	f35r.13	P	A	1	H	E	0	0	qokoiin chaiin qokchaiin lshy lodalyoteey taiin
f35r	f35r.14	P	A	1	H	E	0	0	cthol chol aiin qotchy otchor daiinshol qotaiin
f35r	f35r.15	P	A	1	H	E	0	1	ochor s chiin daiin ytain
f35v	f35v.1	P	A	1	H	E	1	0	parchor chocthy roaiin ar
f35v	f35v.2	P	A	1	H	E	0	0	qotchy o tchey kchor yty
f35v	f35v.3	P	A	1	H	E	0	0	dchor choty chyty daiin
f35v	f35v.4	P	A	1	H	E	0	0	ytchy qotchy dchy cthy
f35v	f35v.5	P	A	1	H	E	0	0	dchokchy chocthy chckhor
f35v	f35v.6	P	A	1	H	E	0	0	shol tcheey chkcheeu chcthaiin
f35v	f35v.7	P	A	1	H	E	0	0	tcho tchor shol sho kol daiin
f35v	f35v.8	P	A	1	H	E	0	0	oaiin tchor cho chotchy dchold
f35v	f35v.9	P	A	1	H	E	0	0	qokchaiin cho ksho l choiin
f35v	f35v.10	P	A	1	H	E	0	0	okcheey chosar shory
f35v	f35v.11	P	A	1	H	E	0	0	qotcheeaiin chodaiin
f35v	f35v.12	P	A	1	H	E	0	0	dchaiin d aiin d aiin dal s
f35v	f35v.13	P	A	1	H	E	0	0	ol char od ar chear
f35v	f35v.14	P	A	1	H	E	0	0	tcheain shy tar dain
f35v	f35v.15	P	A	1	H	E	0	0	ykol cheol okchy tch
f35v	f35v.16	P	A	1	H	E	0	0	ydaiin okeey d aiin
f35v	f35v.17	P	A	1	H	E	0	0	daiin dain chkaly choly
f35v	f35v.18	P	A	1	H	E	0	0	daiin qokeeeb chokeeo r
f35v	f35v.19	P	A	1	H	E	0	0	schokey y keol chol daiin
f35v	f35v.20	P	A	1	H	E	0	0	sodaiin shy dchy ckhy dan
f35v	f35v.21	P	A	1	H	E	0	1	doiin chor chor
f36r	f36r.1	P	A	1	H	E	1	0	pcha@151;dan qorain chcfhal soiin cphor shaiin cthy dair
f36r	f36r.2	P	A	1	H	E	0	0	oral shor ytaiin qotaiin qooldy chty chol dy tor
f36r	f36r.3	P	A	1	H	E	0	1	qotchy tchy daiin @152;aiin dolsain
f36r	f36r.4	P	A	1	H	E	1	0	podaiir cphy qoypchol somchy dchy fchom dar
f36r	f36r.5	P	A	1	H	E	0	0	daiin qor chol ctholy sorchy sychytaroiin
f36r	f36r.6	P	A	1	H	E	0	0	okaiin cthor y kaiiin sdain andan
f36r	f36r.7	P	A	1	H	E	0	0	qotol cthol okol dy okchyytororysold
f36r	f36r.8	P	A	1	H	E	0	0	ytchor cthol chaiin yd
f36r	f36r.9	P	A	1	H	E	0	1	ytodaly daiin otaro
f36v	f36v.1	P	A	1	H	E	1	0	pchar asy qoforom shoaiin tchey chy otaiin cphar daiin
f36v	f36v.2	P	A	1	H	E	0	0	qotor chol daiin otaiin qotor ytar ochor chety ckhor dom
f36v	f36v.3	P	A	1	H	E	0	0	dchytchy ytor sotaiin qopchor otar otchaiin s
f36v	f36v.4	P	A	1	H	E	0	1	qotchor y ky ty dydaiin cthor
f36v	f36v.5	P	A	1	H	E	1	0	tchor ckhoiin daiin cphchar
f36v	f36v.6	P	A	1	H	E	0	0	daiin cthor daiin dal dys
f36v	f36v.7	P	A	1	H	E	0	0	qoky keol okchor o s chy shan
f36v	f36v.8	P	A	1	H	E	0	0	ykshy ytchy dol y tydy yky
f36v	f36v.9	P	A	1	H	E	0	0	okaiin y kcholqod chory
f36v	f36v.10	P	A	1	H	E	0	0	ykchotchy daiin daiild
f36v	f36v.11	P	A	1	H	E	0	0	oty chcthy ytoryd
f36v	f36v.12	P	A	1	H	E	0	0	ytol kchy oty chd
f36v	f36v.13	P	A	1	H	E	0	0	oky she cthol oty
f36v	f36v.14	P	A	1	H	E	0	1	soiin chtain
f37r	f37r.1	P	A	1	H	E	1	0	tocphol shaiin qotor ofchor oty chory daiin otod or
f37r	f37r.2	P	A	1	H	E	0	0	ykoiin cthor okaiin qo tchy ytody qokaiin sho ytaiin
f37r	f37r.3	P	A	1	H	E	0	1	qo shy qokaiin cthol dy ckhor oky dy
f37r	f37r.4	P	A	1	H	E	1	0	pchotchy daiin cfholdar chol daiinyd
f37r	f37r.5	P	A	1	H	E	0	0	yky qokchy qotchor chkol otoly
f37r	f37r.6	P	A	1	H	E	0	0	shor shol qokchy qotomodydchol daiin
f37r	f37r.7	P	A	1	H	E	0	1	sor chey kor qokor daiin
f37r	f37r.8	P	A	1	H	E	1	0	koiin chorody qokaiin ory otalshor sheor dar
f37r	f37r.9	P	A	1	H	E	0	0	ykchody qotchy ykaiin chy qotordyotcho loldaiin
f37r	f37r.10	P	A	1	H	E	0	0	qoto o kchochor dchor chy shy daiinychey kol daiir
f37r	f37r.11	P	A	1	H	E	0	1	okchor daiin ckhy dain daiin
f37v	f37v.1	P	A	1	H	E	1	0	tshody qocthy qotoldy chopdain sol
f37v	f37v.2	P	A	1	H	E	0	0	dor chol cthor orchochor daiin
f37v	f37v.3	P	A	1	H	E	0	0	qokchon shy chon daiin dy
f37v	f37v.4	P	A	1	H	E	0	0	dshor dytory dshor daiin
f37v	f37v.5	P	A	1	H	E	0	0	dchor qotol ykchon dain
f37v	f37v.6	P	A	1	H	E	0	0	yokor ytchor saiin oty
f37v	f37v.7	P	A	1	H	E	0	1	qotchor daiin
f37v	f37v.8	P	A	1	H	E	1	0	qotor choiin chetchy daiin
f37v	f37v.9	P	A	1	H	E	0	0	dor chor sho daiiin daiin
f37v	f37v.10	P	A	1	H	E	0	0	soiin ey o koiin chey tom
f37v	f37v.11	P	A	1	H	E	0	0	qotoiin choror cthol daiin
f37v	f37v.12	P	A	1	H	E	0	0	chor shyly sheaiin do tody
f37v	f37v.13	P	A	1	H	E	0	1	sotoiiin
f37v	f37v.14	P	A	1	H	E	1	0	todain cphaiin cphorods
f37v	f37v.15	P	A	1	H	E	0	0	soiiin cheoky daiin dain
f37v	f37v.16	P	A	1	H	E	0	0	qotor daiin chotaiin
f37v	f37v.17	P	A	1	H	E	0	0	sokchor qokoiiin ykeeols
f37v	f37v.18	P	A	1	H	E	0	0	oyteey daiin daiinody
f37v	f37v.19	P	A	1	H	E	0	0	daiin qkaiin qotal daiin
f37v	f37v.20	P	A	1	H	E	0	0	y choy ykol daiin s
f37v	f37v.21	P	A	1	H	E	0	0	oshctho do daiin cthols
f37v	f37v.22	P	A	1	H	E	0	0	qotol ytoiin choy
f37v	f37v.23	P	A	1	H	E	0	1	yto chol daiin
f38r	f38r.1	P	A	1	H	E	1	0	tolor chockhyoky choiin okshol oly oky
f38r	f38r.2	P	A	1	H	E	0	0	okshey chodysytoiin otaiin otaiin cthar
f38r	f38r.3	P	A	1	H	E	0	0	qokor okaiinotaiin qo kchol chokokor
f38r	f38r.4	P	A	1	H	E	0	0	ychok chey chckhchy chko r odaiin d aiin sy
f38r	f38r.5	P	A	1	H	E	0	0	o kor chey kainchor ctho dain ckholdy
f38r	f38r.6	P	A	1	H	E	0	1	ysho sho kosdaiin okoy chochor daiin
f38v	f38v.1	P	A	1	H	E	1	0	okchop chol shotol oteol okeea schor d aiin d
f38v	f38v.2	P	A	1	H	E	0	0	choiin shey key sho oiin s chol ldyokeaiin o kom
f38v	f38v.3	P	A	1	H	E	0	0	qokeey keor daiin okey keey daiindair daiin s
f38v	f38v.4	P	A	1	H	E	0	0	okeey d aiin qokeey chotey todyoky aiiin d
f38v	f38v.5	P	A	1	H	E	0	0	qoty daiin chol oteeol dodycheod chody
f38v	f38v.6	P	A	1	H	E	0	0	sho keeey key tey daiin daiiindain dain
f38v	f38v.7	P	A	1	H	E	0	0	daiin qol chy dain @153; or daiindain daldy
f38v	f38v.8	P	A	1	H	E	0	1	o aiin char chshol chokaiin
f39r	f39r.1	P	B	2	H	E	1	0	tedo chshd cphhofy chdain shey fshy dy orain cheepaiin ofy shey kaly dy
f39r	f39r.2	P	B	2	H	E	0	0	olchey cheky qokedy shekshey qolain chy chdy dair shckhey dold
f39r	f39r.3	P	B	2	H	E	0	0	qokalchdy chekaiin checkhy darshed qokeedar eeedy dar ar cheey dyckhy
f39r	f39r.4	P	B	2	H	E	0	0	tchedy chdy olaiin chedy shckhdchy chol or ordy chees aly okalcheg
f39r	f39r.5	P	B	2	H	E	0	1	dchdy chdy ykaiin
f39r	f39r.6	P	B	2	H	E	1	0	pchdaiin she dam qofchedy shedy kchdy dydy opchekaiin shoy shdalo ry
f39r	f39r.7	P	B	2	H	E	0	0	dchdar chedy cholal qokedar chdy chckhdy dar ar al ydy eee s aiiin
f39r	f39r.8	P	B	2	H	E	0	0	lchedy shedy qokaiin chkeey fchedy okam chy saiin chckhy daisog
f39r	f39r.9	P	B	2	H	E	0	1	tchedy shol odal qokaiin shdaiin
f39r	f39r.10	P	B	2	H	E	1	0	pchdar shedy ar aiir okair ykeols shedy qockhdy laiin ky
f39r	f39r.11	P	B	2	H	E	0	0	dshdy ar aiin y yken chdy ykal olkaiin qokaldar cheol dar aiin
f39r	f39r.12	P	B	2	H	E	0	0	tolchdaiin chckhy s aiin olor chls aiin oky ches aiin dal
f39r	f39r.13	P	B	2	H	E	0	0	ytor chdar shey qokaiin chor kar sheolkedy otedy tedy s aiin
f39r	f39r.14	P	B	2	H	E	0	0	daiin shckhy chekl ol daiin chedy ykeey daiin otal chdam qokam
f39r	f39r.15	P	B	2	H	E	0	0	qolkain ol cheol daiin dar ol dld ar ador aiin ofcheefar
f39r	f39r.16	P	B	2	H	E	0	1	oteol cholkal qokal dar ykdy
f39v	f39v.1	P	B	2	H	E	1	0	pdair chdy fdykain or air sheykaiiin ofchy kar or aiin dolky oshdy
f39v	f39v.2	P	B	2	H	E	0	0	sor shy kar chol qoty kchdy olky dar chdy ykar olkedaiin ody dy
f39v	f39v.3	P	B	2	H	E	0	0	daiin chor okain okaii fchody saiin or aiin qokaiin ytodaiin okam
f39v	f39v.4	P	B	2	H	E	0	0	y okeey chody cheor aiin okody chodal ykedy qokedy dal o d aiin shky
f39v	f39v.5	P	B	2	H	E	0	0	ytedykor or sheky kain otar or aiin okaiin ckhol ol kor oto r ofchy
f39v	f39v.6	P	B	2	H	E	0	1	lkedy okchey shor qoykam cho ckhy or aly shody
f39v	f39v.7	P	B	2	H	E	1	0	pardy shedy qokar sheedy oralyolaiir okar ar
f39v	f39v.8	P	B	2	H	E	0	0	oar aiin olkaiin olky dar aldshek chek qokchy dar ain
f39v	f39v.9	P	B	2	H	E	0	0	tar aiin dal ar ain cheor ydamshody okal shd y kshy or
f39v	f39v.10	P	B	2	H	E	0	0	dar ar ykar or yky chdy fchorqokain ar sheedy olchef
f39v	f39v.11	P	B	2	H	E	0	0	sarol chedy shekam qokar chlykeedy chckhy dalor dy
f39v	f39v.12	P	B	2	H	E	0	0	paiin alaiin otal chd okar amokar cheodal ockhy
f39v	f39v.13	P	B	2	H	E	0	0	dain ockhedy otedy okedylchdy okaiin daiiin y
f39v	f39v.14	P	B	2	H	E	0	1	tar aiin okaiin cholody
f40r	f40r.1	P	B	2	H	E	1	0	pchey k eodar aldydyqoky okal shdy olkedy opches ar ordaiin
f40r	f40r.2	P	B	2	H	E	0	0	qokar okar okedy darykchey kaiin okas chedy okar a ralos
f40r	f40r.3	P	B	2	H	E	0	0	shy qokal chdy chckhdotor aiir o ky okolchy qokar okam
f40r	f40r.4	P	B	2	H	E	0	0	or aiin chekody darqokol okaiin okar oky okoldy ol
f40r	f40r.5	P	B	2	H	E	0	0	lokar qokar okarokol ol chedy qokchd ar ar or dag
f40r	f40r.6	P	B	2	H	E	0	0	tor or ar shok or amo lshedy qokam chdy kar oraiin
f40r	f40r.7	P	B	2	H	E	0	1	yaiin chekaiin okyycheey
f40r	f40r.8	P	B	2	H	E	1	0	ksheo keeey dar aigkcheo cfhdy or ain chefal daiin dg
f40r	f40r.9	P	B	2	H	E	0	0	taiin ol olaiin ordain okaiin okaiin okaiin daram
f40r	f40r.10	P	B	2	H	E	0	0	saiin olcheey chdyychey ka@154;ar oky ykedy okair ody
f40r	f40r.11	P	B	2	H	E	0	1	toar ykaiin ory dal
f40v	f40v.1	P	B	2	H	E	1	0	pchedain chefaiin oldy
f40v	f40v.2	P	B	2	H	E	0	0	todar qokaiin ol arag
f40v	f40v.3	P	B	2	H	E	0	0	s air ain okaiin okam
f40v	f40v.4	P	B	2	H	E	0	0	taraiin okaiin ch
f40v	f40v.5	P	B	2	H	E	0	0	solaiin okar oly chckhy
f40v	f40v.6	P	B	2	H	E	0	0	qoeedaiin ol chedy daiin
f40v	f40v.7	P	B	2	H	E	0	0	shody qokol chedy s ar
f40v	f40v.8	P	B	2	H	E	0	0	chodaiin chkalykedy okal
f40v	f40v.9	P	B	2	H	E	0	0	tchy pchody pchdy kor ol
f40v	f40v.10	P	B	2	H	E	0	0	tchkaiin tchedy qokaiin oraiin
f40v	f40v.11	P	B	2	H	E	0	0	schedy qokol chedy dalor ay
f40v	f40v.12	P	B	2	H	E	0	1	ycheekeey daiin okaiin
f40v	f40v.13	P	B	2	H	E	1	0	toees chedy kedy olfchedy qokedydaiin chefain
f40v	f40v.14	P	B	2	H	E	0	0	saiin o lchey kchedy okar qokchdy dyqokees am chdy
f40v	f40v.15	P	B	2	H	E	0	0	qokchey qody or aiiin o kaiin o ckhysheod faimy
f40v	f40v.16	P	B	2	H	E	0	0	shol kedy lor ar okar qoky kedy ryteey qokam
f40v	f40v.17	P	B	2	H	E	0	0	tochey qokeedy qokaiin okeos qokarokees ar oky
f40v	f40v.18	P	B	2	H	E	0	0	saiin otain chckhy okal okair arolqokey okary
f40v	f40v.19	P	B	2	H	E	0	1	pchedy chetar ofair arody
f41r	f41r.1	P	B	5	H	F	1	0	pshey kedaleey oked seekeeeyopshes opchd qotchedy shkakeedy
f41r	f41r.2	P	B	5	H	F	0	0	ykeeo alshey ykedy kesh dy dydor ycheoky qokeed chpy qokedy dy
f41r	f41r.3	P	B	5	H	F	0	0	qok say qokedy ychdykchdyqokedy qokedy shekchy cheky daly
f41r	f41r.4	P	B	5	H	F	0	0	chdchy ytcheeky ypchedy schdyytedy y chees oteey otal dam
f41r	f41r.5	P	B	5	H	F	0	1	qotchy sal yteedy kchdydchedy keedy dchedy dalain
f41r	f41r.6	P	B	5	H	F	1	0	shedey polchedy qokeey chekedy yteychkeeodypchedpy shepy shedy
f41r	f41r.7	P	B	5	H	F	0	0	parchdy kchey yteedy qokeodookedy chkedy qokedy chedy qokedy
f41r	f41r.8	P	B	5	H	F	0	0	dair chedy chckhy qokey lchdyqokedy qokal chekedy qodar ag
f41r	f41r.9	P	B	5	H	F	0	0	qokeedy okedy chekedy chedychckheody chekol daiin cheo al otedy
f41r	f41r.10	P	B	5	H	F	0	0	sshok shedy qekchdy dchdaldyykedy qokeedy qokedy qokeg
f41r	f41r.11	P	B	5	H	F	0	1	ykeod ykeedy chekeedy cheked
f41v	f41v.1	L	B	5	H	F	0	0	keeredal
f41v	f41v.2	P	B	5	H	F	1	0	pcheody qofcheepy ofchdy cfhekchdyypchedy chepchefy shdchdy qotal dar
f41v	f41v.3	P	B	5	H	F	0	0	dshedy tchey s aiin shekey okedy okalydaiin okedy ykeeody choy keoy dam
f41v	f41v.4	P	B	5	H	F	0	0	qokeody okey qokeody oleeol lkedylkeeody qokeedy okeey qokol sheols
f41v	f41v.5	P	B	5	H	F	0	0	ycheos olchey daiin or cholalaiinoteedy qoteol oteodar orain
f41v	f41v.6	P	B	5	H	F	0	0	tadaiin ol cheos yteedy okal oldoteol qokal or oteody
f41v	f41v.7	P	B	5	H	F	0	0	ykeey okey ykeeol ckhdy chdalykeo aiin okeody oly
f41v	f41v.8	P	B	5	H	F	0	1	daiin olkeeo lkol chedy okeey
f42r	f42r.1	P	A	1	H	F	1	0	o ofaiin cthay otcheey pchear
f42r	f42r.2	P	A	1	H	F	0	0	solkaiin char cheky otshaiin daiiry
f42r	f42r.3	P	A	1	H	F	0	0	toshy chtshar chotar chain dal
f42r	f42r.4	P	A	1	H	F	0	0	shor chetar chotais dar cthaiin
f42r	f42r.5	P	A	1	H	F	0	0	qokar chockhy chotor chy kary
f42r	f42r.6	P	A	1	H	F	0	1	dorain ar
f42r	f42r.7	P	A	1	H	F	1	0	pcho chy kshaiin shotaiin cham shan
f42r	f42r.8	P	A	1	H	F	0	0	yshol chees cthol shor shol ety char y
f42r	f42r.9	P	A	1	H	F	0	0	qotchar otchol ctho kchodan chkchory
f42r	f42r.10	P	A	1	H	F	0	0	choty dol ksheo cthor otol cthol cholshol dain
f42r	f42r.11	P	A	1	H	F	0	0	qotor cho chody daiin shol ctheey darchy daiidy
f42r	f42r.12	P	A	1	H	F	0	0	dcheey chol shol chokaiin choeky ddain dal
f42r	f42r.13	P	A	1	H	F	0	0	qopor shol shot shol shol daiin dain scheam
f42r	f42r.14	P	A	1	H	F	0	0	sho kshey choty chdain chodaiin daiindam
f42r	f42r.15	P	A	1	H	F	0	1	pchody otshey dodaiin
f42r	f42r.16	P	A	1	H	F	1	0	pydaiin sheor shaiin tsh olchy sholy
f42r	f42r.17	P	A	1	H	F	0	0	shotol shol chety daiin chokchy chkaiin
f42r	f42r.18	P	A	1	H	F	0	0	qody cthochy otaiin shy kshes chorain
f42r	f42r.19	P	A	1	H	F	0	0	otchoty daiin chot sho y s os
f42r	f42r.20	P	A	1	H	F	0	0	shol chol shoky okol sho chol shol chal
f42r	f42r.21	P	A	1	H	F	0	0	shol chol chol shol oiin s odan
f42r	f42r.22	P	A	1	H	F	0	0	kchaiin chos ckhaiin choro r chaiin
f42r	f42r.23	P	A	1	H	F	0	1	okchol shol kolschees
f42v	f42v.1	P	A	1	H	F	1	0	@156;cho sheey qocho taiin sholschol chor dain
f42v	f42v.2	P	A	1	H	F	0	0	dshey tchey y kchey chtchy y dandain otol daiin
f42v	f42v.3	P	A	1	H	F	0	0	sho chotody chotol oky chol choldl chcthy otoy
f42v	f42v.4	P	A	1	H	F	0	0	qotchy chkchy sar dyodaiilykchy o kol dg
f42v	f42v.5	P	A	1	H	F	0	0	chokeeo r chey chetans aryokol chetaiin
f42v	f42v.6	P	A	1	H	F	0	0	okeokear cheotcharsysaiin cthar d am
f42v	f42v.7	P	A	1	H	F	0	0	chok sheo key keeeydchekeesshy
f42v	f42v.8	P	A	1	H	F	0	1	sodal saiin
f42v	f42v.9	P	A	1	H	F	1	0	posheor sho char chekchey qokodsho cpheo rchy
f42v	f42v.10	P	A	1	H	F	0	0	schor okchey chy shol olor cheaiinchy tcheeb d
f42v	f42v.11	P	A	1	H	F	0	0	qo aiin qokeey kchol cheal o t eoldshey teaiin d
f42v	f42v.12	P	A	1	H	F	0	0	chotcheey chol ol chaiin oteeaiinchkchy taiin y
f42v	f42v.13	P	A	1	H	F	0	0	sho chey teor shey chey daiinchokeey daiin
f42v	f42v.14	P	A	1	H	F	0	0	qoteey chy kchy cthy ees cholysarar aral
f42v	f42v.15	P	A	1	H	F	0	0	chokey chol okey
f42v	f42v.16	P	A	1	H	F	0	1	okor odeey
f43r	f43r.1	P	B	2	H	F	1	0	tarodaiin ytedy eeody ofchtar chcphedy ypar shol folor aiin cphey dar
f43r	f43r.2	P	B	2	H	F	0	0	yteody oteol ytedy ar chety dar aiir okaldy daral otchdy daiin dals
f43r	f43r.3	P	B	2	H	F	0	0	yty yty oty she ody shy olor yteedy kaiin chky qotydy dar aiin ykam
f43r	f43r.4	P	B	2	H	F	0	0	das ar ytey tedy kar arar she kalchdy cholky qotaly chedy oty otam
f43r	f43r.5	P	B	2	H	F	0	0	ykar chedy shekody qotody qotar okedy dar choetchy dam otain y tam
f43r	f43r.6	P	B	2	H	F	0	1	kchedy chedy daly cheody cheolkeepchy
f43r	f43r.7	P	B	2	H	F	1	0	pshesy otey kshdy opchdy kedar okedy chdy shoy dyty dy pchdy kedy dam
f43r	f43r.8	P	B	2	H	F	0	0	ytchedy chedy cheody shy qoiiin sheeeky chedy dain shy ykolor otaiin old
f43r	f43r.9	P	B	2	H	F	0	1	dshedy qotedy dor cheey odain
f43r	f43r.10	P	B	2	H	F	1	0	pshdar shed ody qotedy yfchdy qody opchdy daiin qokedy dydydy qotar
f43r	f43r.11	P	B	2	H	F	0	0	ytchedy ty shol toldy shody oteedy shdy otolol shd olky ytol otary cheky dy
f43r	f43r.12	P	B	2	H	F	0	0	dor shol qokol shedy qotedy qokeedy qokody okeedy otedy shedy oty yty dy saiin
f43r	f43r.13	P	B	2	H	F	0	0	tshed qosheckhey odeeedy qeokeey qotedy daiin shodody shochol chckhy y kedydy
f43r	f43r.14	P	B	2	H	F	0	1	ykeody checkhy choteey odain chy chokoraiin
f43v	f43v.1	P	B	2	H	F	1	0	pdsairy dalteoshy doly sheet or arodl lkeo r araiin otedy opolde
f43v	f43v.2	P	B	2	H	F	0	0	shedy octhy otedy chedy dar chesy okeody oky okaldy kchdy okar
f43v	f43v.3	P	B	2	H	F	0	0	tody teedy qot chocthy chky oky chdy okedy ykaiin chey ody dary
f43v	f43v.4	P	B	2	H	F	0	0	dey ykeedy chees ain shy qocthedy chey qokar checkhy okam
f43v	f43v.5	P	B	2	H	F	0	1	qokchedy oralody otedol chcthdy chtey
f43v	f43v.6	P	B	2	H	F	1	0	tolkchdy okedy qokedal shedy okedal shedy pchdol otey dalorain
f43v	f43v.7	P	B	2	H	F	0	0	ytshedy ykeody oykeedy chedy tedy chcthy otam ot ytaiin otas
f43v	f43v.8	P	B	2	H	F	0	0	shetcheodchs ochedy oteody chedy chody daiin sheody ykar chef
f43v	f43v.9	P	B	2	H	F	0	1	ytchdy olos aiin ockhy
f43v	f43v.10	P	B	2	H	F	1	0	tarchor ar aldar chdy daldar chepy yteedy s ypchey pchedy yfor
f43v	f43v.11	P	B	2	H	F	0	0	ysheey or air yteey cheody ar sheo qody chckhy chdy choty she
f43v	f43v.12	P	B	2	H	F	0	0	yshee kedy dar chey qotedy etaiin chedy cthey oteol or aiin odain
f43v	f43v.13	P	B	2	H	F	0	0	dshedy tedy ckhedy chekcheey dy keody otedy cheetam okedar amam
f43v	f43v.14	P	B	2	H	F	0	0	dykeedain chedy okeedy chedal olkey cheky choal chedy oteorom
f43v	f43v.15	P	B	2	H	F	0	0	oteod qolkeey kaldy chy darody qokeey kol dary taros
f43v	f43v.16	P	B	2	H	F	0	1	ol eees aiin oloaiin oteos qoky chey
f44r	f44r.1	P	A	1	H	F	1	0	tshodpy oray koees ypsholy shy otoloaiin
f44r	f44r.2	P	A	1	H	F	0	0	ydsh dyeees y ty oky okchey qykchey dchy dy
f44r	f44r.3	P	A	1	H	F	0	0	oair ekokeey kshotol otal daiin ototaykal
f44r	f44r.4	P	A	1	H	F	0	1	ychor ykchey ykchy chody dam
f44r	f44r.5	P	A	1	H	F	1	0	toy shysho qoteey char cheeky sheey ytey daiin
f44r	f44r.6	P	A	1	H	F	0	0	dshor y tchol shy o @190;cheekchy qotchy otchy dar
f44r	f44r.7	P	A	1	H	F	0	1	qot oqd shol qotshy oyty chom
f44r	f44r.8	P	A	1	H	F	1	0	pshy opchey qopchy ofchey roiry sholos ykchy
f44r	f44r.9	P	A	1	H	F	0	0	otchol ol dchckhy qoky qotchy qokchy qokyd
f44r	f44r.10	P	A	1	H	F	0	0	qokchor okchy qoto ykol choky choky chol dam
f44r	f44r.11	P	A	1	H	F	0	1	ytsho qockhy okchody
f44v	f44v.1	P	A	1	H	F	1	0	tsho qotshy cthol d chor otol shol tol qotshol otoldy
f44v	f44v.2	P	A	1	H	F	0	0	yolkol cheol qokchain daly otchol daiin shol qotor ar
f44v	f44v.3	P	A	1	H	F	0	1	tol okchor shcthy otol daiin cthy cthy
f44v	f44v.4	P	A	1	H	F	1	0	yokalod shaiin shor shorody shky sho y tchy opchod opy
f44v	f44v.5	P	A	1	H	F	0	0	oain shol cthy cphaiin ykchor otchy qoty ytchear cthain
f44v	f44v.6	P	A	1	H	F	0	0	tol dair ytaiin dol y kchain oty keey otchol ytaiin dy
f44v	f44v.7	P	A	1	H	F	0	1	oky tchaiin cthol dy cheol ololy
f44v	f44v.8	P	A	1	H	F	1	0	tsheody cthaiin odaiin shol shey cthyykodaol
f44v	f44v.9	P	A	1	H	F	0	0	dshor cthees l o lkeees ckhy chcthy lo
f44v	f44v.10	P	A	1	H	F	0	0	lsho qokchy tshy cphaiin cthal kal
f44v	f44v.11	P	A	1	H	F	0	0	okal chol chol choky okaiin cthy otal
f44v	f44v.12	P	A	1	H	F	0	0	ychey teol chaiin chcthy ctho cthol
f44v	f44v.13	P	A	1	H	F	0	1	lchor shol dairl
f45r	f45r.1	P	A	1	H	F	1	0	pykydal shay oty shey qop char opchal ypchor ofchar
f45r	f45r.2	P	A	1	H	F	0	0	shor cthy qoky qokol qokaiin chol chol ykaiin dar om
f45r	f45r.3	P	A	1	H	F	0	0	qo chcthy kchol daiin qoaiin cthy chaiin ykeey cthom
f45r	f45r.4	P	A	1	H	F	0	1	lor y kaiin ykeol ykeol cham
f45r	f45r.5	P	A	1	H	F	1	0	kol sho pchor kchey ty opchaldy otshy qokchy dol daiin
f45r	f45r.6	P	A	1	H	F	0	0	otchar okchar daiin ytchody tcholol otar dal dary
f45r	f45r.7	P	A	1	H	F	0	1	lchar qor y kar dar
f45r	f45r.8	P	A	1	H	F	1	0	tchol cthy qodaiin cthy dain ey otydal daiin g
f45r	f45r.9	P	A	1	H	F	0	0	@201;or or chain dain ykolody ytaiin qotchol kol dy
f45r	f45r.10	P	A	1	H	F	0	0	okaiin shar yky oky kair daldy dalor cheol dal
f45r	f45r.11	P	A	1	H	F	0	1	l okaiin okcho laldan daldaiin
f45v	f45v.1	P	A	1	H	F	1	0	korary chko kol chey fsholom shor ykchy dod opchaiin olald
f45v	f45v.2	P	A	1	H	F	0	0	okol chor daiin cthy okchol chom okolor dyokchol s
f45v	f45v.3	P	A	1	H	F	0	0	qokchy l or cheol qotol qotol chy ky cthodykar yd
f45v	f45v.4	P	A	1	H	F	0	1	okchy qockhy dain dail dair shy
f45v	f45v.5	P	A	1	H	F	1	0	qotol choiin okchar dar otyshoto dol pyotytam
f45v	f45v.6	P	A	1	H	F	0	0	?s aiin cphor qok todytchdy dydy cheg
f45v	f45v.7	P	A	1	H	F	0	0	tchtcho kchol dshy o tyolytchom
f45v	f45v.8	P	A	1	H	F	0	0	yksheor odal sho dy pchomotor oaiir
f45v	f45v.9	P	A	1	H	F	0	0	ychor cthy chol qokom sysa ykchom
f45v	f45v.10	P	A	1	H	F	0	0	dshor otshy oky tshololytchord
f45v	f45v.11	P	A	1	H	F	0	1	or chor ytchy doiin dcholdy
f46r	f46r.1	P	B	2	H	F	1	0	pcheocphy qotedy chety dy chepchx yfcheky osaiin shee qoteol daiin shee dy daly
f46r	f46r.2	P	B	2	H	F	0	0	sodaiin sheeoly qoor sheo teoly chckhy daiin sh sheet shedy xor aiin sheckhy
f46r	f46r.3	P	B	2	H	F	0	0	daiin shor ykal chey daiin she dalshedy qokol s aiin shee ykar daiin
f46r	f46r.4	P	B	2	H	F	0	0	tshedar chol kaldy chckhy qokaldy chekal chckhy sheky sheky daloy
f46r	f46r.5	P	B	2	H	F	0	1	okeedy shekeey ykey shedy chdy shky qotsheod ytedy ytey cheor
f46r	f46r.6	P	B	2	H	F	1	0	tedy dytedy shee keedy ypchedy chdalor sheedy odos aiin opchedy dykedy chdam
f46r	f46r.7	P	B	2	H	F	0	0	xol shol qokaiin ytchdy qokchdy s ar chdy cthy otedy chedy qokar chcthy m
f46r	f46r.8	P	B	2	H	F	0	1	dsheol chy chckhy shy shdy chky chody cthdy s cheos chey
f46r	f46r.9	P	B	2	H	F	1	0	tshdy shdy fchedy dyfchdy shol kees ytaly fchdy dy karal shky yty dardam
f46r	f46r.10	P	B	2	H	F	0	1	tchey shy chkal chd qokdy shdy adoldy olaiir sheol
f46r	f46r.11	P	B	2	H	F	1	0	pchdair shd shep daiin shdy oedy qopchdy ldy shear opdarshdy s @136;yfchedy
f46r	f46r.12	P	B	2	H	F	0	0	techy daiin sheockhy choky r aiin ches shey kar sheckhy chdy chckham
f46r	f46r.13	P	B	2	H	F	0	1	ar akaiin shol okeey chol dar ols lain y
f46r	f46r.14	P	B	2	H	F	1	0	otchealkar sholkshy qokar cheol okal dam chdam qokam
f46r	f46r.15	P	B	2	H	F	0	1	qokar shol kal alkeody
f46v	f46v.1	P	B	2	H	F	1	0	pody lshed ypdy shedy opchedy ytedy oepchol yfchey tochsy okas ykchdy daiin
f46v	f46v.2	P	B	2	H	F	0	0	ytair aiin otchdy okaly daiin qokedy otar ar oldy otedy saim okey tody daiin
f46v	f46v.3	P	B	2	H	F	0	0	ytchey keody chockhdy chotal okalshdy sh?y qokar oty qoty shedy chedy dam
f46v	f46v.4	P	B	2	H	F	0	0	ydaiin chckhy chdal olar chckhdy chdody tar cham kedy daiin y kaiir shckhefy
f46v	f46v.5	P	B	2	H	F	0	0	lodaiin shedy qokedy chdy okedy dykaly daiin chedy okeedy s ar air cthy
f46v	f46v.6	P	B	2	H	F	0	0	tor aiirchar shedy olaiin qotedy sheedy qokaldy qokedy doir chody cthey m
f46v	f46v.7	P	B	2	H	F	0	0	dchedy cheeky dam ched lchedy chedy
f46v	f46v.8	P	B	2	H	F	0	0	okeedchsy qokeedy chetedar or aiy
f46v	f46v.9	P	B	2	H	F	0	0	yteedy shedy cheedy chtedy daim
f46v	f46v.10	P	B	2	H	F	0	0	sheol ar chey okaiin daim oty om
f46v	f46v.11	P	B	2	H	F	0	0	tolshey otedy chocpheod oty dam
f46v	f46v.12	P	B	2	H	F	0	0	dair aly chdam chcthy chdam
f46v	f46v.13	P	B	2	H	F	0	1	ykar chedy
f47r	f47r.1	P	A	1	H	F	1	0	@159;chair oly sheaiin shol daiin chdy
f47r	f47r.2	P	A	1	H	F	0	0	chokchol chol choldy dair chad aiin
f47r	f47r.3	P	A	1	H	F	0	0	dor chol chy chaiin ckhey chol dain okaiin
f47r	f47r.4	P	A	1	H	F	0	0	qokcheo cthey chokain chol daiin kchdal
f47r	f47r.5	P	A	1	H	F	0	1	dain olshey chokolg
f47r	f47r.6	P	A	1	H	F	1	0	folr chey so chol shol aiin shol shol chdy cholol
f47r	f47r.7	P	A	1	H	F	0	0	schesy kchor cthaiin chol chol chol chor ey
f47r	f47r.8	P	A	1	H	F	0	0	shokeey chy tchod choy sho chtchy @161;char ctham
f47r	f47r.9	P	A	1	H	F	0	0	qoko kor chaiin okal chol daiin okcho kchorsy
f47r	f47r.10	P	A	1	H	F	0	0	shy otcho keey tor chey otchy tchol dain dam
f47r	f47r.11	P	A	1	H	F	0	1	dsho cphy daiin daiiny
f47v	f47v.1	P	A	1	H	F	1	0	psheot cheor cholsho chopchy salsary
f47v	f47v.2	P	A	1	H	F	0	0	dsheey shy cphy otchey daiidy chorydaiiy
f47v	f47v.3	P	A	1	H	F	0	0	shol char oteol dor otchol chkchydaiin
f47v	f47v.4	P	A	1	H	F	0	0	qotol sheey kol sho keechy qotycthy
f47v	f47v.5	P	A	1	H	F	0	0	dsholy shees chor ody shy sysary
f47v	f47v.6	P	A	1	H	F	0	1	chody cheor saiin dochodchol
f47v	f47v.7	P	A	1	H	F	1	0	pchodaiin dair dcthy
f47v	f47v.8	P	A	1	H	F	0	0	daiin cheotar chodaly sal
f47v	f47v.9	P	A	1	H	F	0	0	qotcheey chety chol chol dain
f47v	f47v.10	P	A	1	H	F	0	0	chotcho ltchey o tcho tchy dychol chody dar
f47v	f47v.11	P	A	1	H	F	0	0	oteey cho chdy chy key chykydchy daiin chy
f47v	f47v.12	P	A	1	H	F	0	0	chy cho keesy chy chy chekychochy daiin
f47v	f47v.13	P	A	1	H	F	0	0	dshy daiin chdlety chaiindcheey otald
f47v	f47v.14	P	A	1	H	F	0	1	chol chey
f48r	f48r.1	P	B	5	H	F	1	0	pshdaiin ypchdy opchey y dal sheodaiin sheokeol ykeeody olaiin opaldy
f48r	f48r.2	P	B	5	H	F	0	0	daiin yteeol cheody kechodshey qotedy chtaiin otchdy tedain okain ckhy
f48r	f48r.3	P	B	5	H	F	0	0	sheody she teoteey oteodaiin ody qoteo l kedy dol odal qotar opchety ldy
f48r	f48r.4	P	B	5	H	F	0	0	tolkeol dain otaiin ykeedy chet ytedy tedy qokdy tshdy chetedy ctheety r
f48r	f48r.5	P	B	5	H	F	0	0	yteey teol okeody cheockhy olsheey qoekaiin octhey cholkar aiin cthar od
f48r	f48r.6	P	B	5	H	F	0	0	alshey lkeedy ytchedy qokedy lotal qotol otal ched o key ykeey daldy
f48r	f48r.7	P	B	5	H	F	0	0	tocthy qokeol yteedy lolkeol otolches al ar ykeeodam okedy okam
f48r	f48r.8	P	B	5	H	F	0	0	otchdain shol oteol oteoly ykeey dam dr
f48r	f48r.9	P	B	5	H	F	0	1	yteched ar olkey okeoam
f48v	f48v.1	P	B	5	H	F	1	0	pcheodchy dshedy fchedy los aiin ykeeedy shey ypchedy teedy chdy ypair y chedyty
f48v	f48v.2	P	B	5	H	F	0	0	chey tedy otchody ykeedy otar yotedy cthdyokain chety choolkeey
f48v	f48v.3	P	B	5	H	F	0	0	alchey kor y keody olkeeey chody chedy dalyokeeor aiin otar air am
f48v	f48v.4	P	B	5	H	F	0	0	dchedy tchddy otsh okeey ty otar alchdyyteedy oteed y kedy m
f48v	f48v.5	P	B	5	H	F	0	0	lkeey qocthedy taiin shed qokar otedy dydain tolkain otam
f48v	f48v.6	P	B	5	H	F	0	1	shdy qokain okar otar or otees ol or ainotal ok y tar chedy am
f48v	f48v.7	P	B	5	H	F	1	0	pchedar cheyypchedy otedy shef eeedy alshedy otedy fcheodal cpheeg
f48v	f48v.8	P	B	5	H	F	0	0	oteody chkeyokedy chckhedy ykedy oldyotoly chey kaly tokar otam
f48v	f48v.9	P	B	5	H	F	0	0	tor shody okalotchedy cheky oly loldy lolotchdy otoldy ytam otedy
f48v	f48v.10	P	B	5	H	F	0	0	tol chedy ytedyykeol chdy chdor chtol chdyytchedal cthey okar ar ary
f48v	f48v.11	P	B	5	H	F	0	1	ykeedal chckhyykal y tam or cheedls sary
f49r	f49r.1	P	A	1	H	G	1	0	pychol dy shor shol shtchy shorpchor opchor shor kchy
f49r	f49r.2	P	A	1	H	G	0	0	qotor sho chotchy choshy qopchar q'o dor daiin
f49r	f49r.3	P	A	1	H	G	0	1	dshodchor dchor daiin dor cheoraiin
f49r	f49r.4	P	A	1	H	G	1	0	ksho qodain chotshy dodar
f49r	f49r.5	P	A	1	H	G	0	0	chor sheor chey teey qotan
f49r	f49r.6	P	A	1	H	G	0	0	ol or shes sheoty choldaiin
f49r	f49r.7	P	A	1	H	G	0	0	qokeor cheey qokchy qotody
f49r	f49r.8	P	A	1	H	G	0	0	chot chor chy cheet qolsor
f49r	f49r.9	P	A	1	H	G	0	0	oykeeey chey kshey choroiin
f49r	f49r.10	P	A	1	H	G	0	0	sho r choiin shor shor shy
f49r	f49r.11	P	A	1	H	G	0	1	chotcheol dchol
f49r	f49r.12	P	A	1	H	G	1	0	podaiin cheo kcho daiin chcthy
f49r	f49r.13	P	A	1	H	G	0	0	d chol y tcheol daiin cthodd
f49r	f49r.14	P	A	1	H	G	0	0	q'o shoqoky shor sheor otol daiin
f49r	f49r.15	P	A	1	H	G	0	0	ochol chol chody dchodaiin da'iin
f49r	f49r.16	P	A	1	H	G	0	0	q'ocho cheey dchey qotchody
f49r	f49r.17	P	A	1	H	G	0	0	olol ol chey chey kchy qotchol chosory
f49r	f49r.18	P	A	1	H	G	0	0	sheor cheol od cho dcheeey qot chotchy
f49r	f49r.19	P	A	1	H	G	0	0	dcheo r cheey keolchey chokchol chokan
f49r	f49r.20	P	A	1	H	G	0	0	qotcho chods cho chochy chs oriin
f49r	f49r.21	P	A	1	H	G	0	1	odcho chor ety shol
f49v	f49v.1	L	A	1	H	G	0	0	f
f49v	f49v.2	P	A	1	H	G	1	0	kshor shol cphokchol chy
f49v	f49v.3	L	A	1	H	G	0	0	o
f49v	f49v.4	P	A	1	H	G	0	0	qokchy qokchod sho ckhy
f49v	f49v.5	L	A	1	H	G	0	0	r
f49v	f49v.6	P	A	1	H	G	0	0	chotchy chcthy cthey koddy
f49v	f49v.7	L	A	1	H	G	0	0	y
f49v	f49v.8	P	A	1	H	G	0	0	okeodsho chotshol dam
f49v	f49v.9	L	A	1	H	G	0	0	e
f49v	f49v.10	P	A	1	H	G	0	0	shol shodaiin qotchar
f49v	f49v.11	L	A	1	H	G	0	0	@140;
f49v	f49v.12	P	A	1	H	G	0	0	qotchy chokchy choky
f49v	f49v.13	L	A	1	H	G	0	0	k
f49v	f49v.14	P	A	1	H	G	0	0	chotchy chodaiin dan
f49v	f49v.15	L	A	1	H	G	0	0	s
f49v	f49v.16	P	A	1	H	G	0	0	qoteees cheo daiin dol
f49v	f49v.17	L	A	1	H	G	0	0	p
f49v	f49v.18	P	A	1	H	G	0	0	ochor sheeod ksheo dl
f49v	f49v.19	L	A	1	H	G	0	0	o
f49v	f49v.20	P	A	1	H	G	0	0	q'oksho daiin shckhy dar
f49v	f49v.21	L	A	1	H	G	0	0	@192;
f49v	f49v.22	P	A	1	H	G	0	0	dchol cthol daiin choky
f49v	f49v.23	L	A	1	H	G	0	0	y
f49v	f49v.24	P	A	1	H	G	0	0	ochokeey ckhey daiin dain chokag
f49v	f49v.25	L	A	1	H	G	0	0	e
f49v	f49v.26	P	A	1	H	G	0	1	qokeol chokeeody otol kcho s chol daiin
f49v	f49v.27	L	A	1	H	G	0	0	@140;
f49v	f49v.28	P	A	1	H	G	1	0	fchochor shol tchol opcheodal dchsychotchy
f49v	f49v.29	L	A	1	H	G	0	0	@164;
f49v	f49v.30	P	A	1	H	G	0	0	dcho d chol chokchodaiin chokchy tcholokchokol
f49v	f49v.31	L	A	1	H	G	0	0	p
f49v	f49v.32	P	A	1	H	G	0	0	tchotchey chokeeodol rcheey otchodardcho dchog
f49v	f49v.33	L	A	1	H	G	0	0	o
f49v	f49v.34	P	A	1	H	G	0	1	shocho oaiin sheo choty
f49v	f49v.35	L	A	1	H	G	0	0	@192;
f49v	f49v.36	P	A	1	H	G	1	0	qotcho cheol chol s cho chcthey dcheolchotchody
f49v	f49v.37	L	A	1	H	G	0	0	y
f49v	f49v.38	P	A	1	H	G	0	0	chokeo sho cheor cheokchet chor daiin dydaiin qokg
f49v	f49v.39	L	A	1	H	G	0	0	e
f49v	f49v.40	P	A	1	H	G	0	0	oaiin chy daiin chol chaiin kshardychokchy
f49v	f49v.41	L	A	1	H	G	0	0	@140;
f49v	f49v.42	P	A	1	H	G	0	0	qokeaiin cheo chor choteey kcheol daincho daisin
f49v	f49v.43	L	A	1	H	G	0	0	d
f49v	f49v.44	P	A	1	H	G	0	0	chokaiin cho dls chariin daiin chain dychetcho dy
f49v	f49v.45	L	A	1	H	G	0	0	y
f49v	f49v.46	P	A	1	H	G	0	0	oaiin cheky @243; cho rchseesy kchor solchctho s
f49v	f49v.47	L	A	1	H	G	0	0	e
f49v	f49v.48	P	A	1	H	G	0	0	qotcheol chey chor chokaly chor dalchaiin d
f49v	f49v.49	L	A	1	H	G	0	0	k
f49v	f49v.50	P	A	1	H	G	0	0	chol chor ches chkalchy chokeeokychokoran
f49v	f49v.51	L	A	1	H	G	0	0	y
f49v	f49v.52	P	A	1	H	G	0	1	ykchokeo r cheey daiin
f50r	f50r.1	P	B	2	H	G	1	0	psheor olkair olfchedy qopeeedar opchey dair o laiin chefchdy
f50r	f50r.2	P	B	2	H	G	0	0	sor orsheckhy ockhody shos alol dy kar oky daiiin okar ar okam
f50r	f50r.3	P	B	2	H	G	0	0	tshol kar sheedy okeody qokedy chody kchdy pchdy chkaiin odam
f50r	f50r.4	P	B	2	H	G	0	0	tchdy qokas chedy qokchdy qokaiin or ar alol keodaiin ols
f50r	f50r.5	P	B	2	H	G	0	0	solkchy chckhy qokchdy qokchdy okar ar y qokchdy kar ar okain
f50r	f50r.6	P	B	2	H	G	0	0	ykain shear ol kchedy okal qotor cheeor olkeedy daiin qoky
f50r	f50r.7	P	B	2	H	G	0	0	todalain qotal kaiin otaiin otal she kar ariin okchedy dariin
f50r	f50r.8	P	B	2	H	G	0	0	yk ykaiin sheekar otchdy dar kar shedain taipar orolkain
f50r	f50r.9	P	B	2	H	G	0	0	ytchdy kchedyykeey kaiin qokain ald alosam
f50r	f50r.10	P	B	2	H	G	0	1	solkaiinopalke chckhy darin chky
f50v	f50v.1	P	B	2	H	G	1	0	tchy do ldar shotchdy qokchdy opchedy qokol shor ofar fardam
f50v	f50v.2	P	B	2	H	G	0	0	tchodain oeeey okaiin shedy qokaly chdy oky keody cheey okain
f50v	f50v.3	P	B	2	H	G	0	0	pochedy qokody checkhy shckhy dalol ykeeey qokedy okain okal
f50v	f50v.4	P	B	2	H	G	0	0	dar qoain olaiin ols aiin o l okeedy okchdy otar chckhey or
f50v	f50v.5	P	B	2	H	G	0	0	y chy tair chckhy qekaiin qodaiin olcheky chedy chkedy okedyd
f50v	f50v.6	P	B	2	H	G	0	0	daiin kedair okal chody qokedy okar okchey okedy otar chkeey
f50v	f50v.7	P	B	2	H	G	0	0	tedaiin odaiin or okaiin ykor daiin choky qotchdy k dairam
f50v	f50v.8	P	B	2	H	G	0	0	ykar okair otor qokedy ykchol kar chckhy olkaiin okain qo'd
f50v	f50v.9	P	B	2	H	G	0	0	ytsheod ain sheshy echedy kchdyotaiin okaiin oky
f50v	f50v.10	P	B	2	H	G	0	0	dchedy okaiin olchdy oloeedyykeeod ar arood
f50v	f50v.11	P	B	2	H	G	0	1	lchey kar ykchy kchdy
f51r	f51r.1	P	A	1	H	G	1	0	tsholdchy qotchy opchear ypchedy
f51r	f51r.2	P	A	1	H	G	0	0	dcheodaiin ckheody ckhody chody
f51r	f51r.3	P	A	1	H	G	0	0	ydchody ckhey oty ckheodar qoky
f51r	f51r.4	P	A	1	H	G	0	0	daiin es okol cheody ckhy cheeey
f51r	f51r.5	P	A	1	H	G	0	0	tcheody qodaiin okeey qockhey taiin
f51r	f51r.6	P	A	1	H	G	0	0	ycho daiin chokaiin ykchodaiin ykald
f51r	f51r.7	P	A	1	H	G	0	0	ychos ar eeckhy kcho qokchy qotal
f51r	f51r.8	P	A	1	H	G	0	0	oshol odaiin ckhey ckheody qokey otydy
f51r	f51r.9	P	A	1	H	G	0	0	tol daiin daim qchodal dal qody qoetam
f51r	f51r.10	P	A	1	H	G	0	0	ykchol dor shey qokeol kchey shol okam
f51r	f51r.11	P	A	1	H	G	0	0	tchodaiin eody qokol oteodaiin kol otag
f51r	f51r.12	P	A	1	H	G	0	0	yoees ckheey kol cheeal okeor qockhey pchodal
f51r	f51r.13	P	A	1	H	G	0	0	oaiin ckhol ykieol otchey cpheo daiin ykeoldy
f51r	f51r.14	P	A	1	H	G	0	0	daiiy qodaiin kaiiidalcphodals al dam
f51r	f51r.15	P	A	1	H	G	0	1	qokol cheor ckhal s or aldyotal
f51v	f51v.1	P	A	1	H	G	1	0	poshody qokodar shodaiin qotaldscheey saiin dy
f51v	f51v.2	P	A	1	H	G	0	0	dshody ckhody qokol dykaiin chyqokey daiin cthy
f51v	f51v.3	P	A	1	H	G	0	0	tchody cthy chckhey qod ytchodydchol saiin ytam
f51v	f51v.4	P	A	1	H	G	0	0	otaiin qodal ytol cheodar s odyoteo daiin shokog
f51v	f51v.5	P	A	1	H	G	0	0	todaiin ytady qokol shodol qockhyykol otaiin dar y
f51v	f51v.6	P	A	1	H	G	0	0	okor ctheody qocphy qokal qotaiinotykol chol daiin
f51v	f51v.7	P	A	1	H	G	0	0	qotol chodaiin qokcheody cho r chodycthol s olcheety
f51v	f51v.8	P	A	1	H	G	0	0	olkeeody qokal qodaiin or l
f51v	f51v.9	P	A	1	H	G	0	0	daiin ckhol shain kcholol
f51v	f51v.10	P	A	1	H	G	0	0	ykeol sheo qokody fold
f51v	f51v.11	P	A	1	H	G	0	0	ycheoky sheey ykeey chey
f51v	f51v.12	P	A	1	H	G	0	0	ochockhy daiin cho ckhey
f51v	f51v.13	P	A	1	H	G	0	1	daiin cheol cheodain
f52r	f52r.1	P	A	1	H	G	1	0	tdokchcfhy ycphko ytair shar qofy daiin ypchy otchol dar yty
f52r	f52r.2	P	A	1	H	G	0	0	oty shor ykoldy qoky koldal oteees dalsotar dl
f52r	f52r.3	P	A	1	H	G	0	0	tchotshey qoty okchol tchody qotam okyytoldy
f52r	f52r.4	P	A	1	H	G	0	0	l shopchy qoky qotchy oty dar oty damychcthod
f52r	f52r.5	P	A	1	H	G	0	0	oky chor okchal okchar shor tol ykairytchdam
f52r	f52r.6	P	A	1	H	G	0	0	daiin shedaiin qodal dy chokam otchordyokchol do
f52r	f52r.7	P	A	1	H	G	0	0	qoky qockhom dals shodaim tcham dodyykeey daig am
f52r	f52r.8	P	A	1	H	G	0	1	or cheey dor shey kom s cheey dchom daiin
f52v	f52v.1	P	A	1	H	G	1	0	pchor chcphol cphaiiin otcheor ytor kol chocphar
f52v	f52v.2	P	A	1	H	G	0	0	ytchey chol ctho daiir shy kor ese chor chy dam
f52v	f52v.3	P	A	1	H	G	0	0	oor chor chochar ls chteeor ytol sheol otam
f52v	f52v.4	P	A	1	H	G	0	0	tchor ctheor ctheol cheeor cheol chckheey sody
f52v	f52v.5	P	A	1	H	G	0	0	yteey cthor cheos cpheodar dysarg
f52v	f52v.6	P	A	1	H	G	0	1	qotodaiin cthor oty kcholy
f52v	f52v.7	P	A	1	H	G	1	0	pcheol sholoiin cthor aiin
f52v	f52v.8	P	A	1	H	G	0	0	kodaiin cthy qokeey s ol
f52v	f52v.9	P	A	1	H	G	0	0	daiin ckheol chol qokeyl daiin
f52v	f52v.10	P	A	1	H	G	0	0	yokeey qokody chol sol s aiin
f52v	f52v.11	P	A	1	H	G	0	0	daiin shor qodaiin ckhey sal
f52v	f52v.12	P	A	1	H	G	0	0	qoekar ckhol ykchody ckhy
f52v	f52v.13	P	A	1	H	G	0	0	ykor okaiiin ckheeey daiig
f52v	f52v.14	P	A	1	H	G	0	1	odar cheokor ckheey
f53r	f53r.1	P	A	1	H	G	1	0	kodam chocthody oty
f53r	f53r.2	P	A	1	H	G	0	0	dol dain s cho she oty
f53r	f53r.3	P	A	1	H	G	0	0	sho as chokan ody
f53r	f53r.4	P	A	1	H	G	0	0	ytchodaiin yky otchey otod
f53r	f53r.5	P	A	1	H	G	0	0	oksh otol cfhy cphodol ykody qokchodotcho qot oty
f53r	f53r.6	P	A	1	H	G	0	0	ykeodar oqoor o odor chain qokodykchdy chees dal
f53r	f53r.7	P	A	1	H	G	0	0	sodar otos qoy tchy otey chos okodykchody qokchy
f53r	f53r.8	P	A	1	H	G	0	0	qotchol dar qoty chtor oltsho ykeeod o y toyd
f53r	f53r.9	P	A	1	H	G	0	1	otol chol ctheees os orol chod qoty
f53v	f53v.1	P	A	1	H	G	1	0	tshor shey qodckhy eo oltshey daiin qopchy
f53v	f53v.2	P	A	1	H	G	0	0	okeey daiin sheekol shom shol cthy dchom do
f53v	f53v.3	P	A	1	H	G	0	0	ydaiin cphom chol dockhy cthol dam oty
f53v	f53v.4	P	A	1	H	G	0	0	qokol daiiin qockhor okchor daiio dain d
f53v	f53v.5	P	A	1	H	G	0	0	ysheey ckhol chckhey daiin ctheody ydy
f53v	f53v.6	P	A	1	H	G	0	0	ochoiky dshey chol ykcheody choldam
f53v	f53v.7	P	A	1	H	G	0	0	todaiin shodaiin qotea dchy qotod odaiin
f53v	f53v.8	P	A	1	H	G	0	0	sheey kshody tsheody sheody sheetchy opod
f53v	f53v.9	P	A	1	H	G	0	0	octheody shody qodal cthody sheos shodaiin
f53v	f53v.10	P	A	1	H	G	0	0	ychocthy qodal shodaiin
f53v	f53v.11	P	A	1	H	G	0	0	otsho or chear sheod chkodal
f53v	f53v.12	P	A	1	H	G	0	0	ycheey kchy oky kodyydam
f53v	f53v.13	P	A	1	H	G	0	1	yckhodaiin otoldy
f54r	f54r.1	P	A	1	H	G	1	0	podaiin shodal qopchol cfheodyopcheol chocphy
f54r	f54r.2	P	A	1	H	G	0	0	ytodaiin otchey otchey qockhodalsockhody sar
f54r	f54r.3	P	A	1	H	G	0	0	daiir cthody otal ekchody ol s or yytchey dam
f54r	f54r.4	P	A	1	H	G	0	0	tor ockhol shokchy kol chom scheyctheotol
f54r	f54r.5	P	A	1	H	G	0	1	sar sh okeodain chokey
f54r	f54r.6	P	A	1	H	G	1	0	korare ckhos shofom cher chom kcheorshe qkchol dam
f54r	f54r.7	P	A	1	H	G	0	0	dor s sheey ksheody sho or cheey chetysol desh dam dam
f54r	f54r.8	P	A	1	H	G	0	0	toshey kodl ckho dar sheekal s aiinokeam etchal
f54r	f54r.9	P	A	1	H	G	0	0	oaiin or ol sal qokor chor ckhol ss sho chol daiin
f54r	f54r.10	P	A	1	H	G	0	0	tor ol dol or chol chol ckhol okol okyytchor ol koldy
f54r	f54r.11	P	A	1	H	G	0	0	daiin okor or ol ckhol chor cho@165; damor sho chol dom
f54r	f54r.12	P	A	1	H	G	0	1	yor shodal o aiin al dol choek air o ldam
f54v	f54v.1	P	A	1	H	G	1	0	pcheodar chpal oloiin ckhey dar qokeey cpheeain s al
f54v	f54v.2	P	A	1	H	G	0	0	dcheain cphaiin s ar cheor qodaiin cthaildy ypchal
f54v	f54v.3	P	A	1	H	G	0	0	yair ykar oky cham chody ykoldam cheol am
f54v	f54v.4	P	A	1	H	G	0	0	dar chor cheky chol okaiin chody chol dy
f54v	f54v.5	P	A	1	H	G	0	0	odaiin ytaiin qodaim qokar chy s am
f54v	f54v.6	P	A	1	H	G	0	0	tol cheol shocthy qodaiin keeody
f54v	f54v.7	P	A	1	H	G	0	0	daiin sheody qoctheol s aiin qotchy
f54v	f54v.8	P	A	1	H	G	0	0	daiino d aim qokaiin yteal okal om
f54v	f54v.9	P	A	1	H	G	0	0	ydaiin qockhey qodal ytam okal dy
f54v	f54v.10	P	A	1	H	G	0	0	kol aiin chckhy qokal dal qocthy
f54v	f54v.11	P	A	1	H	G	0	0	oaiin qockhy qokam
f54v	f54v.12	P	A	1	H	G	0	0	tol chol cthol s
f54v	f54v.13	P	A	1	H	G	0	0	y chol okal yckhey
f54v	f54v.14	P	A	1	H	G	0	0	tar cphey tam aldam
f54v	f54v.15	P	A	1	H	G	0	0	or alchy ytal dol chodoldy
f54v	f54v.16	P	A	1	H	G	0	1	daiin chol oldaiin
f55r	f55r.1	P	B	2	H	G	1	0	podaiin shekchy qofair okar yk epaiin qokchdy os arod
f55r	f55r.2	P	B	2	H	G	0	0	okair or aiin chody ykair y qokar okar ol ykar ar al
f55r	f55r.3	P	B	2	H	G	0	0	ykaiir chol chky okar chky chdy qokar okaiin chckhy s aiin
f55r	f55r.4	P	B	2	H	G	0	0	daiin or orol char ar kaiin okchd ykar odaiin chdolaiin
f55r	f55r.5	P	B	2	H	G	0	0	y or aiin okal chol kchoy pchtchdy oaiin okasor olkam
f55r	f55r.6	P	B	2	H	G	0	1	tcho daiin sho ke@166;y kedy okol chdy
f55r	f55r.7	P	B	2	H	G	1	0	tchedar cheol kedy chody kshdy qotchdy qokchdy olkardam
f55r	f55r.8	P	B	2	H	G	0	0	dchykey char chek xar odas xaloeees cpheody qokeeody
f55r	f55r.9	P	B	2	H	G	0	0	dain cheky dar chckhy dal qoko lkeedy dar kaiin dy kag
f55r	f55r.10	P	B	2	H	G	0	0	dair okal qokar or or@193; o ar odaiin okeey darchd ol
f55r	f55r.11	P	B	2	H	G	0	0	lor chey keedy dy qokal okam dal shdy otal otaldiin
f55r	f55r.12	P	B	2	H	G	0	0	oain ckhy dl oiiin daiin okaiin chelal qokaiin okain r
f55r	f55r.13	P	B	2	H	G	0	1	lchdal ockhy daiin otol otar shar ain
f55v	f55v.1	P	B	2	H	G	1	0	kcheedchdy oedain chckhyotoldaiin dodyd
f55v	f55v.2	P	B	2	H	G	0	0	oeeed yteey okeedy qoaiinokeody ykeesan
f55v	f55v.3	P	B	2	H	G	0	0	qokeeey os ain qool al chedysar aiin ol kar am
f55v	f55v.4	P	B	2	H	G	0	0	okar chckhdy cheody keeyfar alochedy qokain ody
f55v	f55v.5	P	B	2	H	G	0	0	qokaiin chaiin ykain ykan odydaiin chedy talam
f55v	f55v.6	P	B	2	H	G	0	1	ykaiin daiin ykair cheky daiiny
f55v	f55v.7	P	B	2	H	G	1	0	okchd ykain sheokey or ainch kchdy pchal ar aldy dary
f55v	f55v.8	P	B	2	H	G	0	0	tar chedy qokaiin okar qolotar cho@194;ar talody okar y
f55v	f55v.9	P	B	2	H	G	0	0	ykaky qokchy okal chey oror aiin okaiin ykain otaky
f55v	f55v.10	P	B	2	H	G	0	0	oaiin ol s aiin okaiin okyytaiin otar y kal ykar ol
f55v	f55v.11	P	B	2	H	G	0	0	ykaiin cheoar cheeky oldyaiin okal oltchy or y orain
f55v	f55v.12	P	B	2	H	G	0	1	daiin ar cheky olkeechy slar aiin daiin otam
f56r	f56r.1	P	A	1	H	G	1	0	o@167;chal chchs@168;y oty esedy chy ychocphy chorchy chy
f56r	f56r.2	P	A	1	H	G	0	0	chokchey chol choly korchy chykey choty shokaiin
f56r	f56r.3	P	A	1	H	G	0	0	olchey chokchol chey keey qokeey chokeey choksy
f56r	f56r.4	P	A	1	H	G	0	0	qot chor chor chokor chkor chyokar chdy
f56r	f56r.5	P	A	1	H	G	0	0	chochor cho chodaly daiin
f56r	f56r.6	P	A	1	H	G	0	0	ykcho dy dchey keey daiin y
f56r	f56r.7	P	A	1	H	G	0	0	sho kchol otchor choky dal
f56r	f56r.8	P	A	1	H	G	0	1	schol choy choky cheeckhody
f56r	f56r.9	P	A	1	H	G	1	0	tchoky kchol shol chotchey tchol
f56r	f56r.10	P	A	1	H	G	0	0	yt chor otchy chok y t chey r okaiin
f56r	f56r.11	P	A	1	H	G	0	0	shy kcheey daiin cthol chos chokor
f56r	f56r.12	P	A	1	H	G	0	0	sh cho kchey qokokchy
f56r	f56r.13	P	A	1	H	G	0	0	okchy chokcheo kchal
f56r	f56r.14	P	A	1	H	G	0	0	s chol chotol qotchy
f56r	f56r.15	P	A	1	H	G	0	0	tcho tchol chol cthy
f56r	f56r.16	P	A	1	H	G	0	0	qotchy chody ctho r chey kcharg
f56r	f56r.17	P	A	1	H	G	0	0	chokeey qokcheey schey d aiin dy
f56r	f56r.18	P	A	1	H	G	0	0	sho chokchy kchoarsotodan
f56r	f56r.19	P	A	1	H	G	0	1	otchey keol daiin
f56v	f56v.1	P	A	1	H	G	1	0	kcheat shol chey qokoiin shor qotcheol choror
f56v	f56v.2	P	A	1	H	G	0	0	shodshey qoteeey qoteey daiin qoteey cthar
f56v	f56v.3	P	A	1	H	G	0	0	ochey chol chol qotchey daiin choteeey dal
f56v	f56v.4	P	A	1	H	G	0	0	schy t chey daiin d eey taddain
f56v	f56v.5	P	A	1	H	G	0	0	qoteees sho kcheey s aiin
f56v	f56v.6	P	A	1	H	G	0	1	chokchol chor ckhos
f56v	f56v.7	P	A	1	H	G	1	0	kchokchy chol shol chol otchyd
f56v	f56v.8	P	A	1	H	G	0	0	ykchor chokchy qokcho tcheey kol
f56v	f56v.9	P	A	1	H	G	0	0	shotchot chokcho kcho kaiin oky
f56v	f56v.10	P	A	1	H	G	0	0	ol kchy ksho shy ytol chotor y dy
f56v	f56v.11	P	A	1	H	G	0	0	chotchey keeol chey kchol tchain
f56v	f56v.12	P	A	1	H	G	0	0	qokchey ctheey lkeey kcheeytain
f56v	f56v.13	P	A	1	H	G	0	0	ykor aiin chorol sho shol daiin
f56v	f56v.14	P	A	1	H	G	0	0	chol cheo kchol chol choky chotor
f56v	f56v.15	P	A	1	H	G	0	0	otchol chol chol daiin chotaiin
f56v	f56v.16	P	A	1	H	G	0	1	s o kchol chol chol daiin
f57r	f57r.1	P	B	5	H	H	1	0	poeeockhey odain cheop sheody shocfhey dy sheep sheody eodam
f57r	f57r.2	P	B	5	H	H	0	0	daiir air chety cheo ckhy chockhy cheotey sh kchey s odaiin shey
f57r	f57r.3	P	B	5	H	H	0	0	qokeeody cheooky qokeody sheey okeody cheody cheeody cheekeody
f57r	f57r.4	P	B	5	H	H	0	0	dchos cheocthy cheody qoteeody octhody okeeody chteody cheody s
f57r	f57r.5	P	B	5	H	H	0	1	qokcho daiin cheeodam
f57r	f57r.6	P	B	5	H	H	1	0	tcheodal okam chckhey okchdy doctho opchey dy kedaiin oforam
f57r	f57r.7	P	B	5	H	H	0	0	daiis sheedy qokeedy cheteyoteeod shekey tedy okaldg
f57r	f57r.8	P	B	5	H	H	0	0	tair sheedy ochedy dyokchy chedy dal qokedam
f57r	f57r.9	P	B	5	H	H	0	0	adair sheeo ckhy sar al daiidydcheckhey daiin chedy cthedy
f57r	f57r.10	P	B	5	H	H	0	0	qoetchey kedy shedaiins cheos ykeos qy tcfhy
f57r	f57r.11	P	B	5	H	H	0	1	dshedy echy cphedam
f57v	f57v.1	L	?	1	C	H	0	0	dairal
f57v	f57v.2	C	?	1	C	H	0	0	v sal y soeos vs ar okees o d soefchees l g sos okey defo f o rkedam sh ofol sar ddal yty s y daiir otey dshdy dkals oty pchchy a r opaiin dal karody v r okeey daram qokar okal okal d o l shkeal dy das o k sher s aiin
f57v	f57v.3	C	?	1	C	H	0	0	o l d r v x k m f @169;v t r @170; @171; y I @172; o l d r v x k m f @169;v t r @170; @171; y c @172; o l d r v x k m p @169;v t r @170; @171; y c @172; o l d r v x k m p @169;v t r @170; @171; y c @172;
f57v	f57v.4	C	?	1	C	H	0	0	daiin otey ofchey shes o d okeeod l o lkeeol dkedar yf aros s y chedaiin k eeety x deeodal vo tchor kedar dal @172; daiin aiin otal daro v
f57v	f57v.5	C	?	1	C	H	0	0	o v l r m aiin d @170; c f s y l k x l r @171; ar o r a t l s d y dar teodar otodal sheky oteeody x s l
f57v	f57v.6	L	?	1	C	H	0	0	otodarag
f57v	f57v.7	L	?	1	C	H	0	0	oparairdly
f57v	f57v.8	L	?	1	C	H	0	0	olkeedal
f57v	f57v.9	L	?	1	C	H	0	0	otardaly
f57v	f57v.10	R	?	1	C	H	0	0	arkaldy
f57v	f57v.11	R	?	1	C	H	0	0	ara?arar
f57v	f57v.12	R	?	1	C	H	0	0	okeely
f57v	f57v.13	R	?	1	C	H	0	0	ocfhor okear
f58r	f58r.1	P	A	3	S	H	1	0	kor cholfy shofchy otoralchy chofchol sholy otaly dal m
f58r	f58r.2	P	A	3	S	H	0	0	dshodal or ckhy olchear char tal ytal ytar olchokal
f58r	f58r.3	P	A	3	S	H	0	0	ykechod dalaldam ytam choty otchy otaly shoty s
f58r	f58r.4	P	A	3	S	H	0	0	dshor sholar aiin shalom shaly dalchy oteom dal sholala@210;
f58r	f58r.5	P	A	3	S	H	0	0	qor dchair am otar otar char ar al char ar ary ytalar cham
f58r	f58r.6	P	A	3	S	H	0	0	torchey otaiin chary oteor y otal dalchor ykeey choltam
f58r	f58r.7	P	A	3	S	H	0	0	saiin cholkeey dal shom sholteol ytalody otey cheoly o tchy
f58r	f58r.8	P	A	3	S	H	0	0	toleeshal oleeam dalor chy oteodchy yteochy otey kal dy alam
f58r	f58r.9	P	A	3	S	H	0	0	sholaiin cheey yteodaiin qoar aiin arary sheey daiin e alam
f58r	f58r.10	P	A	3	S	H	0	0	tal ar am shar chepchey otar aldy otal cheam qokaiin ote sy
f58r	f58r.11	P	A	3	S	H	0	0	qocphody qokalam chairal qoaiin otalal dalor orar
f58r	f58r.12	P	A	3	S	H	0	0	shoar ar choldal otalchal dal choldy okalys airaldy shar
f58r	f58r.13	P	A	3	S	H	0	0	ytar sheear cheoldy ykeol cheal cheody chal chaiin ol oly
f58r	f58r.14	P	A	3	S	H	0	0	sharam okair chekaiin ytchaly dalchal ykal okalal oly chal
f58r	f58r.15	P	A	3	S	H	0	1	daiir shal qopaim cholaly dy shedy
f58r	f58r.16	P	A	3	S	H	1	0	typchey ar air ytashy qotyshey pchdy dshaly pydaly choky opy
f58r	f58r.17	P	A	3	S	H	0	0	ysholshy qotoly daiin ykal dalchdy qoky dal ytchody s olar aly
f58r	f58r.18	P	A	3	S	H	0	0	darar shol cholraly cholaiin odaiin chaly dalar aiin okal otal
f58r	f58r.19	P	A	3	S	H	0	0	todal qotey chaly dal qokaldy otary okalal ees chal ochaly
f58r	f58r.20	P	A	3	S	H	0	0	ysheockhy olchey oleesey alaiin olkeal daldy otalar ar arodaim
f58r	f58r.21	P	A	3	S	H	0	0	tcheos ycheor sheain okey qotaily daiin chy cholkor olkeol oty
f58r	f58r.22	P	A	3	S	H	0	0	dcholy ytar chol dal qoaiir chalolky osal chotam chal olseeg
f58r	f58r.23	P	A	3	S	H	0	0	shol aleedy chotar okeal sheody qokalchar otal choky sar
f58r	f58r.24	P	A	3	S	H	0	0	tazain oteeos okeal ar otalor cheoekar cheky otakas
f58r	f58r.25	P	A	3	S	H	0	1	oar cheekey oteeoaly otar alkar or aldar
f58r	f58r.26	P	A	3	S	H	1	0	kshar shoky opcheear ofadain opsheolaiin opydaiin podaiir
f58r	f58r.27	P	A	3	S	H	0	0	yteor oty chaltar ar sheeetchy tal al chear chear chor ar am
f58r	f58r.28	P	A	3	S	H	0	0	yshealkair odalaly dalal chy s air shokar olaldy okalody
f58r	f58r.29	P	A	3	S	H	0	0	odalar cheor sar alol daly cheom chor ar aldam chal cheal r omy
f58r	f58r.30	P	A	3	S	H	0	0	ytor ar alom qokalor chdy dair chody cheol okolchy otaldy
f58r	f58r.31	P	A	3	S	H	0	0	odshchol taiin okal or chol ol ekar otarchol chol kam qokal
f58r	f58r.32	P	A	3	S	H	0	0	oqotaly qokaiin chtaldy qoky dar al chol taly qokaldy
f58r	f58r.33	P	A	3	S	H	0	0	schoy dalols qokalos cheor oekeody qokaly qokar dy
f58r	f58r.34	P	A	3	S	H	0	0	yssheol chokey dalol shokalol qokaly kaldy ytaipom
f58r	f58r.35	P	A	3	S	H	0	0	dtos sheol qokor sharal ckhol shol ar aiin sheoctham
f58r	f58r.36	P	A	3	S	H	0	0	skaiin shokal chockhy qoky chcthy ykeeshy shoekar
f58r	f58r.37	P	A	3	S	H	0	0	opolkeor olchocfhy cphol chykaldy cholols chkaiin olfcham
f58r	f58r.38	P	A	3	S	H	0	0	s ysheos okaly cheos otey ykar ls aiin okaiin ytolkal
f58r	f58r.39	P	A	3	S	H	0	0	dtshol dytal okar olol sheol qockhy qokaly salol dalam
f58r	f58r.40	P	A	3	S	H	0	0	yroleeey ar airaly pchody tshaly alols ykaly kar aram
f58r	f58r.41	P	A	3	S	H	0	1	dchol chokal saiin dal okal s alchey
f58v	f58v.1	P	A	3	S	H	1	0	tol shokchy opaiin opaiin chofaly ypar ypal opal opaldaiin
f58v	f58v.2	P	A	3	S	H	0	0	dair or aiin tair y qotalody s aiin okeody qotair ar alor orky
f58v	f58v.3	P	A	3	S	H	0	0	todal qotain shoy qokeol okey qokalchal daly ar aim
f58v	f58v.4	P	A	3	S	H	0	0	or aiin okair y dair al qokal qokaiin qokaly okar olkaly okal
f58v	f58v.5	P	A	3	S	H	0	0	faiir ofas ar qotaiin sholy qotaiin yqokaly okal qokaly okaly
f58v	f58v.6	P	A	3	S	H	0	0	qokair ar aly shor daiin choly dal ykaiin org fchey okaly oky
f58v	f58v.7	P	A	3	S	H	0	0	y daiin qokeey qokar lchedy qokalor sheols oteor aiin cheky
f58v	f58v.8	P	A	3	S	H	0	0	taiin ckhey daldy qokair alar ytal aiin otaiin ykaiin ykaly dam
f58v	f58v.9	P	A	3	S	H	0	0	salal qolaiin chockhey tcholy qokaiin qokaiinos orcheey olaly
f58v	f58v.10	P	A	3	S	H	0	0	ykair shey key ctholy qotalom qokals qokaiin okal okaldy ory
f58v	f58v.11	P	A	3	S	H	0	0	tchol shol tor qokair or y ykaiin dory okaiir chodaiin otals
f58v	f58v.12	P	A	3	S	H	0	0	oreeey cheekey cheal qokey chedal dy tolair opchey poaly cfhy
f58v	f58v.13	P	A	3	S	H	0	0	qoeear alkeain ytal chos alor okal chcthy tal y kar
f58v	f58v.14	P	A	3	S	H	0	0	shar air alor chol oeear sho qotal chol tal ar tar aropam
f58v	f58v.15	P	A	3	S	H	0	0	qot oiin okal aral s air qoal talchos okal cho ytam dam
f58v	f58v.16	P	A	3	S	H	0	0	ykam qokair okaly qokal chaly cheockhey olaly taldar al
f58v	f58v.17	P	A	3	S	H	0	0	daiin alal dal qokar otal chodol qokeal cheol chos okeeam
f58v	f58v.18	P	A	3	S	H	0	0	taiin chal sheal qockhy dar aiin ockhey qokeey qoaiin aral
f58v	f58v.19	P	A	3	S	H	0	0	okain chokal sheoldy qokor olkam cheol dar chokeey okalchy
f58v	f58v.20	P	A	3	S	H	0	0	tolain ar ykeain qokeey otal chol okal ar ty chkalarol
f58v	f58v.21	P	A	3	S	H	0	0	olain olalor odaiin qetair otal qokal dair oi?y otam
f58v	f58v.22	P	A	3	S	H	0	1	okar sheey shekealy
f58v	f58v.23	P	A	3	S	H	1	0	pchshy sheoltey shopalchedy sheolkeal qokar aldaiin qokalar dal
f58v	f58v.24	P	A	3	S	H	0	0	qokal daiin qokal cham qokalcheal okor air ain ar als okam daly
f58v	f58v.25	P	A	3	S	H	0	0	qotain okeor sheey qokeol okeoly qokaly qokair or tas ykal
f58v	f58v.26	P	A	3	S	H	0	0	ykaly qokal ol al qokeos okal ar okos al shekar qokair alam
f58v	f58v.27	P	A	3	S	H	0	0	qokar s aiin al y qokchedy qoekaly odaiin qokar char alaiinom
f58v	f58v.28	P	A	3	S	H	0	1	ycheockhy okey okal otaly okaldy okeor sheey
f58v	f58v.29	P	A	3	S	H	1	0	polal keeo o leeckhey dalar ykeeody choar ckhar yfair alam
f58v	f58v.30	P	A	3	S	H	0	0	daiin sheoy ykey sheky qokal qokeey okain okar ol dam
f58v	f58v.31	P	A	3	S	H	0	0	tcheor chor kar okal qokeey qokal shol qokain ar oetalchg
f58v	f58v.32	P	A	3	S	H	0	0	psheey qoty qokar qokey ky ykar cheal otal kol olchedy
f58v	f58v.33	P	A	3	S	H	0	1	qoair chol ar chey
f58v	f58v.34	P	A	3	S	H	1	0	tol sheo keo ar qofcheal dar aey opchal shockhy okaly
f58v	f58v.35	P	A	3	S	H	0	0	daiin otain okain chey okeey qokeeos olar sheo daly dalychs
f58v	f58v.36	P	A	3	S	H	0	0	tcheody okeor ockhy qokal okal shokey qokeey dalar
f58v	f58v.37	P	A	3	S	H	0	0	olkeey okar ar choky otair otol chokey cheeky dalar
f58v	f58v.38	P	A	3	S	H	0	0	ykeeody qokar qoky keey qokol okal okor cheky sydy
f58v	f58v.39	P	A	3	S	H	0	1	oshar qokain okam shear cher sarols
f65r	f65r.1	L	?	3	H	H	0	0	otaim dam alam
f65v	f65v.1	P	?	3	H	H	1	0	cphy fchecfhy dydchepain shety qopy fol chpdy
f65v	f65v.2	P	?	3	H	H	0	0	daiin sheek l odyyteo qops air cheoteey dalom
f65v	f65v.3	P	?	3	H	H	0	1	ytal cheot shky ysas cheody
f65v	f65v.4	P	?	3	H	H	1	0	toeedy otar shedyyteey sheody qokesd yfchey
f65v	f65v.5	P	?	3	H	H	0	0	dshedy okeody qokdshckhy choky chokeody okey dy
f65v	f65v.6	P	?	3	H	H	0	1	qo ytchey sh cphyykchedy chedy shckhdy
f66r	f66r.1	L	B	5	T	H	0	0	rary
f66r	f66r.2	L	B	5	T	H	0	0	rals
f66r	f66r.3	L	B	5	T	H	0	0	qor
f66r	f66r.4	L	B	5	T	H	0	0	dary
f66r	f66r.5	L	B	5	T	H	0	0	ykeol
f66r	f66r.6	L	B	5	T	H	0	0	saly
f66r	f66r.7	L	B	5	T	H	0	0	salf
f66r	f66r.8	L	B	5	T	H	0	0	fary
f66r	f66r.9	L	B	5	T	H	0	0	qotesy
f66r	f66r.10	L	B	5	T	H	0	0	ykaly
f66r	f66r.11	L	B	5	T	H	0	0	doly
f66r	f66r.12	L	B	5	T	H	0	0	saiin
f66r	f66r.13	L	B	5	T	H	0	0	qokal
f66r	f66r.14	L	B	5	T	H	0	0	qolsa
f66r	f66r.15	L	B	5	T	H	0	0	raral
f66r	f66r.16	L	B	5	T	H	0	0	y
f66r	f66r.17	L	B	5	T	H	0	0	o
f66r	f66r.18	L	B	5	T	H	0	0	s
f66r	f66r.19	L	B	5	T	H	0	0	sh
f66r	f66r.20	L	B	5	T	H	0	0	y
f66r	f66r.21	L	B	5	T	H	0	0	d
f66r	f66r.22	L	B	5	T	H	0	0	o
f66r	f66r.23	L	B	5	T	H	0	0	f
f66r	f66r.24	L	B	5	T	H	0	0	@169;
f66r	f66r.25	L	B	5	T	H	0	0	x
f66r	f66r.26	L	B	5	T	H	0	0	air
f66r	f66r.27	L	B	5	T	H	0	0	d
f66r	f66r.28	L	B	5	T	H	0	0	sh
f66r	f66r.29	L	B	5	T	H	0	0	y
f66r	f66r.30	L	B	5	T	H	0	0	f
f66r	f66r.31	L	B	5	T	H	0	0	f
f66r	f66r.32	L	B	5	T	H	0	0	y
f66r	f66r.33	L	B	5	T	H	0	0	o
f66r	f66r.34	L	B	5	T	H	0	0	d
f66r	f66r.35	L	B	5	T	H	0	0	s
f66r	f66r.36	L	B	5	T	H	0	0	f
f66r	f66r.37	L	B	5	T	H	0	0	c
f66r	f66r.38	L	B	5	T	H	0	0	@172;
f66r	f66r.39	L	B	5	T	H	0	0	x
f66r	f66r.40	L	B	5	T	H	0	0	t
f66r	f66r.41	L	B	5	T	H	0	0	o
f66r	f66r.42	L	B	5	T	H	0	0	@195;
f66r	f66r.43	L	B	5	T	H	0	0	l
f66r	f66r.44	L	B	5	T	H	0	0	r
f66r	f66r.45	L	B	5	T	H	0	0	t
f66r	f66r.46	L	B	5	T	H	0	0	o
f66r	f66r.47	L	B	5	T	H	0	0	x
f66r	f66r.48	L	B	5	T	H	0	0	p
f66r	f66r.49	L	B	5	T	H	0	0	d
f66r	f66r.50	P	B	5	T	H	1	0	pdaiin oteedy opchedy chap chefchy shddy ypches cholpchd okedals
f66r	f66r.51	P	B	5	T	H	0	0	sair shekey qokeedar okal okedy qokeedy qokal okedy qokshd
f66r	f66r.52	P	B	5	T	H	0	0	ykshedy chady cthdy qokees cheeo okcho dy chekeey chedy chckhy
f66r	f66r.53	P	B	5	T	H	0	0	shdy qotedy chdy chedy qotedal chcpheor ykady dar qotey kol ar
f66r	f66r.54	P	B	5	T	H	0	0	qokeeody qokeody qokeody qokar sheky qokeeody okedy kodary
f66r	f66r.55	P	B	5	T	H	0	0	ykeeody choekeey okeody chekeody qokeey dyky chctho rotaiin
f66r	f66r.56	P	B	5	T	H	0	1	dsheol okaiin sheodaiin
f66r	f66r.57	P	B	5	T	H	1	0	tocpheey dol kchody qokeody qokshy qopaiin dairykodas okyd
f66r	f66r.58	P	B	5	T	H	0	0	dsholdaiir dalky shky qoky shekair choty dar okeey shdy ykol
f66r	f66r.59	P	B	5	T	H	0	0	qo cheky shcthy dalalshedy cheta r sheod shokaiir chy dard
f66r	f66r.60	P	B	5	T	H	0	0	shor sheodal sholdy qokchedy qopchy qoty chedaiir chees kardy
f66r	f66r.61	P	B	5	T	H	0	0	qokchey qokaiir cheky daly daiin dal shedy chedy lkar ol okedy
f66r	f66r.62	P	B	5	T	H	0	1	ol cheeky daiir chky axor akar y daiin
f66r	f66r.63	P	B	5	T	H	1	0	pchof sholfordaiin qotar otalor fchedyr chedy dar odair ofaram
f66r	f66r.64	P	B	5	T	H	0	0	dalcheeeky sheol dairody chekchy shed ykesho l lor sheor cheal
f66r	f66r.65	P	B	5	T	H	0	0	dor shedy okar shedy kcheody chxar daly fchdar cheor aly ry
f66r	f66r.66	P	B	5	T	H	0	1	shor shckheody dal shedy qokor al shes
f66r	f66r.67	P	B	5	T	H	1	0	psheody cfhol shofol okeody qokaldy ytarody shedy shedy dair
f66r	f66r.68	P	B	5	T	H	0	0	sair ol daiin daiin dal dol cheody dair aly dairal dolarshy dor
f66r	f66r.69	P	B	5	T	H	0	1	tosheo qokaldy oky ol kcheeky qoky dary okees oly
f66r	f66r.70	P	B	5	T	H	1	0	todeeey keody chdy keody shedy shekeefy chdy sheol shol kedy daly
f66r	f66r.71	P	B	5	T	H	0	0	saiir cheol kal sheody chcthedy dal shol qokeody chody kechody
f66r	f66r.72	P	B	5	T	H	0	0	sshedy oteedy ykeeody sheocthy ol ld lshedy chokeey chekey chey
f66r	f66r.73	P	B	5	T	H	0	0	ysheeod qoteeod qotol qoky chckhedy shey dcheol cheky cheo dor
f66r	f66r.74	P	B	5	T	H	0	0	ydaiin shedy otchedy oteochey tolchedy lsheody qoky daiin otam
f66r	f66r.75	P	B	5	T	H	0	0	tcheo sheor oteody lpchees ol ar alkey otey ltsholy shecthy r ol
f66r	f66r.76	P	B	5	T	H	0	0	daiin sheol qocthedy qokedy lchey qokaly shcthy qotal otchdy
f66r	f66r.77	P	B	5	T	H	0	0	qokey ar olkeol qokal cheoky ykchdy chody sheody qoky ldy
f66r	f66r.78	P	B	5	T	H	0	0	dor aiin sheeol lshedy lchedy cheedy shekol dalol lodaiin
f66r	f66r.79	P	B	5	T	H	0	0	sheol oteey ldaiin okalchedy pchedy kody qotchedy cphedy
f66r	f66r.80	P	B	5	T	H	0	0	daiin shey qoteoly raiin sheedy shcthy lkeol qokol dkar
f66r	f66r.81	P	B	5	T	H	0	1	lchey lkeedy chety shekaly shckhar
f66r	f66r.82	L	B	5	T	H	0	0	otcheo daiin chty ykees cheg
f66v	f66v.1	P	B	5	H	H	1	0	okeodof sheod ychoopy opch dal dor sheefy ytody daldeam
f66v	f66v.2	P	B	5	H	H	0	0	teodal tchedy dshey okshedy okeedy dcheeky daldy qotal sy
f66v	f66v.3	P	B	5	H	H	0	0	ytos s or sheeky okechdy okeedal dar otal chody cheky
f66v	f66v.4	P	B	5	H	H	0	0	shokeshy daiin cheos chety dol chckhy dal ko dal chekal dal
f66v	f66v.5	P	B	5	H	H	0	1	shdy shedefam qokedy chokal dal
f66v	f66v.6	P	B	5	H	H	1	0	tchod sheody shckhed chos chor sheo keody chepar sheopam
f66v	f66v.7	P	B	5	H	H	0	0	qokeos sheody chekeos chody kotody qotchdy chckhd ytchdy
f66v	f66v.8	P	B	5	H	H	0	1	dchekeedy cheody qokchdy qokol keedy cheky chety kody
f66v	f66v.9	P	B	5	H	H	1	0	pody sheody chpadar sheey fchdly cheoseesey kchy qofchal
f66v	f66v.10	P	B	5	H	H	0	0	dshal keedy qok or okaiin dol kaldaiin otal dokal okag
f66v	f66v.11	P	B	5	H	H	0	0	yteeod aiin shekeod saiin ykofar otaiin otar chedy kar
f66v	f66v.12	P	B	5	H	H	0	0	qekar okedy cheky dal chekal chckhy kal kal dar chkchody
f66v	f66v.13	P	B	5	H	H	0	1	ydees shey daiin dalkalykedaiin shedar okchdy oty
f67r1	f67r1.1	P	?	4	A	I	1	0	teeodaiin shey epairody osaiin yteeoey shey epaiin o aiin
f67r1	f67r1.2	P	?	4	A	I	0	0	daiir okeody qoekeey sar oeteody oteey keey keo keeodal
f67r1	f67r1.3	P	?	4	A	I	0	0	ycheo s o iim cheos aiin okesoe ar am shees dalaiin dam
f67r1	f67r1.4	P	?	4	A	I	0	1	cheodaiin chekeey s ar air s o ar cheey dair cthey
f67r1	f67r1.5	C	?	4	A	I	0	0	soairol shdy chokeody ykeedal ol oteodaiin choedy ot chteokaiin choteedy otor epchy chpar ar sheees deedy soeteed octheey s o eokeot y choteoky chockhy okees sor aiin daram schdes chdar dar dchschdy dar dar ar otardar ykaros
f67r1	f67r1.6	C	?	4	A	I	0	0	dair al cheol dal oekaiin sol daiin eetees saiin ykeos l chy otodaiin chetejy otar dair ar chedar okeedy oteodaiin ychsy chekeey ot dol al cheor okeo r oiin cheeky ary okeo keds oshey shchey chol dair dain cho dar aldy
f67r1	f67r1.7	C	?	4	A	I	0	0	archeo r qoikeey oteeos cheockhey oteochedy okechdar dararal okeorar sotey dair yteey oteo s oteees oteo oteesy sheokeey oteodal chokeed sar ain y oto keedais deeety okeey teodain chekchy dair chparam
f67r1	f67r1.8	R	?	4	A	I	0	0	otaldy
f67r1	f67r1.9	R	?	4	A	I	0	0	otoky
f67r1	f67r1.10	R	?	4	A	I	0	0	seeaiir
f67r1	f67r1.11	R	?	4	A	I	0	0	ykees ary
f67r1	f67r1.12	R	?	4	A	I	0	0	sosaiir
f67r1	f67r1.13	R	?	4	A	I	0	0	oteey dar
f67r1	f67r1.14	R	?	4	A	I	0	0	yto daiir
f67r1	f67r1.15	R	?	4	A	I	0	0	sheosam
f67r1	f67r1.16	R	?	4	A	I	0	0	ykeeody
f67r1	f67r1.17	R	?	4	A	I	0	0	okeol sal
f67r1	f67r1.18	R	?	4	A	I	0	0	okeey sar
f67r1	f67r1.19	R	?	4	A	I	0	0	dalary
f67r2	f67r2.1	L	?	4	A	I	0	0	ykshy s aram
f67r2	f67r2.13	P	?	4	A	I	1	0	opodchol s ain aldy
f67r2	f67r2.14	P	?	4	A	I	0	1	soeey doiin oldy
f67r2	f67r2.15	L	?	4	A	I	0	0	dolchsody
f67r2	f67r2.16	P	?	4	A	I	1	0	odaeiin okoes oekain y
f67r2	f67r2.17	P	?	4	A	I	0	0	otchey soraiir dy
f67r2	f67r2.18	P	?	4	A	I	0	1	qopchy daiin dal
f67r2	f67r2.19	P	?	4	A	I	1	0	ydchos ain ar amy
f67r2	f67r2.20	P	?	4	A	I	0	0	chocfhy saral
f67r2	f67r2.21	P	?	4	A	I	0	1	sain am ar
f67r2	f67r2.22	L	?	4	A	I	0	0	okal
f67r2	f67r2.23	P	?	4	A	I	1	0	oparchy salsain
f67r2	f67r2.24	P	?	4	A	I	0	0	sodar ofar ar
f67r2	f67r2.25	P	?	4	A	I	0	1	ydam
f67r2	f67r2.26	P	?	4	A	I	1	0	yteoor yto ykor
f67r2	f67r2.27	P	?	4	A	I	0	1	okeo r aiin am
f67r2	f67r2.28	L	?	4	A	I	0	0	okain am
f67r2	f67r2.29	P	?	4	A	I	1	0	ytody saiin
f67r2	f67r2.30	P	?	4	A	I	0	1	ochol olol
f67r2	f67r2.31	L	?	4	A	I	0	0	opcholdy
f67r2	f67r2.32	P	?	4	A	I	1	0	dosar odas air alaiin
f67r2	f67r2.33	P	?	4	A	I	0	1	dokan oear odal
f67r2	f67r2.34	L	?	4	A	I	0	0	ofar oeoldan
f67r2	f67r2.35	P	?	4	A	I	1	0	chol giin okol
f67r2	f67r2.36	P	?	4	A	I	0	1	ytor daiin or
f67r2	f67r2.37	L	?	4	A	I	0	0	ytoaiin
f67r2	f67r2.38	P	?	4	A	I	1	0	otoldos octhole
f67r2	f67r2.39	P	?	4	A	I	0	0	sor chedaiin dy
f67r2	f67r2.40	P	?	4	A	I	0	1	yteos oiin og
f67r2	f67r2.41	P	?	4	A	I	1	0	ytoeopchey chekody
f67r2	f67r2.42	P	?	4	A	I	0	0	sosho chos ockhy
f67r2	f67r2.43	P	?	4	A	I	0	1	daiin aiin os qsg
f67r2	f67r2.44	P	?	4	A	I	1	0	ofydy sheody aiin
f67r2	f67r2.45	P	?	4	A	I	0	0	ycheody es odaiiin
f67r2	f67r2.46	P	?	4	A	I	0	1	yekees oraly
f67r2	f67r2.47	L	?	4	A	I	0	0	yfain
f67r2	f67r2.48	P	?	4	A	I	1	0	todaiin dain dy
f67r2	f67r2.49	P	?	4	A	I	0	0	os choer aiin
f67r2	f67r2.50	P	?	4	A	I	0	0	choeea sal
f67r2	f67r2.51	P	?	4	A	I	0	1	dadaiin
f67r2	f67r2.52	L	?	4	A	I	0	0	qotoear
f67r2	f67r2.64	L	?	4	A	I	0	0	s air
f67r2	f67r2.72	P	?	4	A	I	1	0	dar aldaiin ydaiin qkoy ydaiin qofair ypair ykoaiin ydoly ytalchos oly okey
f67r2	f67r2.73	P	?	4	A	I	0	0	sshey sy shees qeykeey ykchey ykchey qokeochy oaiin okol ar olar
f67r2	f67r2.74	P	?	4	A	I	0	1	yshey qokeeody cheos oeeos qockhy chos aiin okeeody qokoaiin odain ar air ay
f67v2	f67v2.1	L	?	4	C	I	0	0	otchdy
f67v2	f67v2.2	L	?	4	C	I	0	0	otararain
f67v2	f67v2.3	P	?	4	C	I	1	0	tol or ain am otoly sair g
f67v2	f67v2.4	P	?	4	C	I	0	1	daiin taedaiin ar okor
f67v2	f67v2.5	P	?	4	C	I	1	0	okeey keoy salal
f67v2	f67v2.6	P	?	4	C	I	0	1	ykaralam olalade odam
f67v2	f67v2.7	P	?	4	C	I	1	0	taol daig sakar dam
f67v2	f67v2.8	P	?	4	C	I	0	1	solair cphey solal daly
f67v2	f67v2.9	P	?	4	C	I	1	0	okeal o?ol ar okaldam
f67v2	f67v2.10	P	?	4	C	I	0	1	koain opal ol ofolain oar
f67v2	f67v2.11	R	?	4	C	I	0	0	dcheeor ochepalain
f67v2	f67v2.12	R	?	4	C	I	0	0	oeolales aisar
f67v2	f67v2.13	R	?	4	C	I	0	0	okydseog oeepoaly
f67v2	f67v2.14	R	?	4	C	I	0	0	o?r ykaly char
f67v2	f67v2.15	R	?	4	C	I	0	0	o chekais okolaim
f67v2	f67v2.16	R	?	4	C	I	0	0	okar alet olkao
f67v2	f67v2.17	R	?	4	C	I	0	0	qokoaiin ocfhhy
f67v2	f67v2.18	R	?	4	C	I	0	0	okeeey oekchdy
f67v2	f67v2.19	L	?	4	C	I	0	0	soaiin dalam
f67v2	f67v2.20	L	?	4	C	I	0	0	sary okoral
f67v2	f67v2.21	L	?	4	C	I	0	0	oko???
f67v2	f67v2.22	L	?	4	C	I	0	0	okchos am
f67v1	f67v1.1	L	?	4	A	I	0	0	damamm
f67v1	f67v1.13	R	?	4	A	I	0	0	otorkeol orsheey dary
f67v1	f67v1.14	R	?	4	A	I	0	0	okechey cheody cheky
f67v1	f67v1.15	R	?	4	A	I	0	0	otechodor odcheey
f67v1	f67v1.16	R	?	4	A	I	0	0	chockhey chockhy
f67v1	f67v1.17	R	?	4	A	I	0	0	yteeey keeochy dair ockey
f67v1	f67v1.18	R	?	4	A	I	0	0	keechey chy koldy
f67v1	f67v1.19	R	?	4	A	I	0	0	pchodaiin otch oekeey dy
f67v1	f67v1.20	R	?	4	A	I	0	0	dcheeos qokeeeody eeis olcheeg
f67v1	f67v1.21	R	?	4	A	I	0	0	ykeeo cheo daiin ypcheg oty
f67v1	f67v1.22	R	?	4	A	I	0	0	opcheey chso cheey chedaly
f67v1	f67v1.23	R	?	4	A	I	0	0	ykeeey qokeey olokeey s
f67v1	f67v1.24	R	?	4	A	I	0	0	osheey keeody cheedals
f67v1	f67v1.25	R	?	4	A	I	0	0	okar shey qokcheor daiiin
f67v1	f67v1.26	R	?	4	A	I	0	0	oeees otechy o keey
f67v1	f67v1.27	R	?	4	A	I	0	0	okeeodaiin saii dairal
f67v1	f67v1.28	R	?	4	A	I	0	0	oksheeody or aral
f67v1	f67v1.29	R	?	4	A	I	0	0	olar aroky
f68r1	f68r1.1	P	?	4	A	I	1	0	shokchy chteey choteey cphol cheor opcheeol otor choctheeey okchoal
f68r1	f68r1.2	P	?	4	A	I	0	0	tochso otchl qokeeedy cheey cheeteey yteody chpor cheokorchey chod
f68r1	f68r1.3	P	?	4	A	I	0	0	ykor shey qocheey chokalokeey ror eckhear daram
f68r1	f68r1.4	P	?	4	A	I	0	1	dchor okaiiin
f68r1	f68r1.5	P	?	4	A	I	0	0	yky
f68r1	f68r1.6	P	?	4	A	I	0	0	dary
f68r1	f68r1.7	P	?	4	A	I	0	0	chkchykoly
f68r1	f68r1.8	L	?	4	A	I	0	0	okodaly
f68r1	f68r1.9	L	?	4	A	I	0	0	odchecthy
f68r1	f68r1.10	L	?	4	A	I	0	0	otcheody
f68r1	f68r1.11	L	?	4	A	I	0	0	okoaly
f68r1	f68r1.12	L	?	4	A	I	0	0	chocfhy
f68r1	f68r1.13	L	?	4	A	I	0	0	octhey
f68r1	f68r1.14	L	?	4	A	I	0	0	otshey
f68r1	f68r1.15	L	?	4	A	I	0	0	otydy
f68r1	f68r1.16	L	?	4	A	I	0	0	okear
f68r1	f68r1.17	L	?	4	A	I	0	0	cphocthy
f68r1	f68r1.18	L	?	4	A	I	0	0	ytchody
f68r1	f68r1.19	L	?	4	A	I	0	0	otys
f68r1	f68r1.20	L	?	4	A	I	0	0	olor
f68r1	f68r1.21	L	?	4	A	I	0	0	ockhy
f68r1	f68r1.22	L	?	4	A	I	0	0	ofcheor
f68r1	f68r1.23	L	?	4	A	I	0	0	otchdy
f68r1	f68r1.24	L	?	4	A	I	0	0	otykchs
f68r1	f68r1.25	L	?	4	A	I	0	0	otol
f68r1	f68r1.26	L	?	4	A	I	0	0	otor
f68r1	f68r1.27	L	?	4	A	I	0	0	oiinar
f68r1	f68r1.28	L	?	4	A	I	0	0	okoldy
f68r1	f68r1.29	L	?	4	A	I	0	0	ykchdy
f68r1	f68r1.30	L	?	4	A	I	0	0	@167;oeeody
f68r1	f68r1.31	L	?	4	A	I	0	0	ocphy
f68r1	f68r1.32	L	?	4	A	I	0	0	okeeodal
f68r1	f68r1.33	L	?	4	A	I	0	0	okshor
f68r1	f68r1.34	L	?	4	A	I	0	0	osdaiin
f68r1	f68r1.35	L	?	4	A	I	0	0	otochedy
f68r1	f68r1.36	L	?	4	A	I	0	0	dolchedy
f68r1	f68r1.37	C	?	4	A	I	0	0	oky okchdy okardy q?ear oygy
f68r2	f68r2.1	P	?	4	A	I	1	0	tsheeor chor sheal dar opchey oeecthy sheol dokechy otcheoly
f68r2	f68r2.2	P	?	4	A	I	0	0	dchy ykeechy dchyky okeeody rcheodal chokeey cheor oram
f68r2	f68r2.3	P	?	4	A	I	0	0	tcheos otchoky okchol okol sheeor chodchy qokchdar
f68r2	f68r2.4	P	?	4	A	I	0	0	chor chesy oreed qoeeckhy qockheol qokeol cheoal dcholal
f68r2	f68r2.5	P	?	4	A	I	0	1	kcheoey cheodysain ykeody chykchy
f68r2	f68r2.6	C	?	4	A	I	0	0	okeo okar oky okozy okaesy qokool chio qoiol
f68r2	f68r2.7	L	?	4	A	I	0	0	o@167;olchy
f68r2	f68r2.8	L	?	4	A	I	0	0	cheorol
f68r2	f68r2.9	L	?	4	A	I	0	0	odaiin
f68r2	f68r2.10	L	?	4	A	I	0	0	ochory
f68r2	f68r2.11	L	?	4	A	I	0	0	shdar
f68r2	f68r2.12	L	?	4	A	I	0	0	dchol
f68r2	f68r2.13	L	?	4	A	I	0	0	todaraiily
f68r2	f68r2.14	L	?	4	A	I	0	0	olcheesey
f68r2	f68r2.15	L	?	4	A	I	0	0	okchor
f68r2	f68r2.16	L	?	4	A	I	0	0	oteool
f68r2	f68r2.17	L	?	4	A	I	0	0	oydchy
f68r2	f68r2.18	L	?	4	A	I	0	0	okeeeody
f68r2	f68r2.19	L	?	4	A	I	0	0	cholar
f68r2	f68r2.20	L	?	4	A	I	0	0	dcheoldy
f68r2	f68r2.21	L	?	4	A	I	0	0	oteeear
f68r2	f68r2.22	L	?	4	A	I	0	0	otoeeo
f68r2	f68r2.23	L	?	4	A	I	0	0	ofcheody
f68r2	f68r2.24	L	?	4	A	I	0	0	otcheodar
f68r2	f68r2.25	L	?	4	A	I	0	0	odair chol
f68r2	f68r2.26	L	?	4	A	I	0	0	opocphor
f68r2	f68r2.27	L	?	4	A	I	0	0	otoshol
f68r2	f68r2.28	L	?	4	A	I	0	0	chodar
f68r2	f68r2.29	L	?	4	A	I	0	0	sheey
f68r2	f68r2.30	L	?	4	A	I	0	0	okeeeeor
f68r2	f68r2.31	C	?	4	A	I	0	0	okey okoaiin okol o ky oeeeo r okey okeeol cheo o @231;@232;@233;@234;
f68r3	f68r3.1	C	?	4	A	I	0	0	odeed oteedy cheoteey oshchey chokol cheody chedy oteodaiin otchodal sol cheor oteo choteey oeteody opcheody dchedy daiin oteeody dascheedy oteeody qoeeeg dcheeo okeodly do ls oschaiin cheockhedchy chodal cheoda chol al oteodched okedy qokeey shoky dol daleeed okeoeiiir
f68r3	f68r3.2	R	?	4	A	I	0	0	toees ykeo she qokolchey qokchdy
f68r3	f68r3.3	R	?	4	A	I	0	0	tochedy chocphy qokchdy dyl okald
f68r3	f68r3.4	R	?	4	A	I	0	0	dchy kchy daiir chok ockhydar
f68r3	f68r3.5	R	?	4	A	I	0	0	qokol chdchol qoteey che kechy okchdy
f68r3	f68r3.6	R	?	4	A	I	0	0	dchokchy y okey oteos okolshy
f68r3	f68r3.7	R	?	4	A	I	0	0	pchody qokchy dshol d o tgolg?
f68r3	f68r3.8	R	?	4	A	I	0	0	keeoty oteey daiin dcheeody oteey
f68r3	f68r3.9	R	?	4	A	I	0	0	dchey qokeey dcheey daiir otchal
f68r3	f68r3.10	L	?	4	A	I	0	0	dchol day
f68r3	f68r3.11	L	?	4	A	I	0	0	doaro
f68r3	f68r3.12	L	?	4	A	I	0	0	oalcheol
f68r3	f68r3.13	L	?	4	A	I	0	0	okos
f68r3	f68r3.14	L	?	4	A	I	0	0	otary
f68r3	f68r3.15	L	?	4	A	I	0	0	chky oky
f68r3	f68r3.16	L	?	4	A	I	0	0	e cphy
f68r3	f68r3.17	L	?	4	A	I	0	0	okolchy
f68r3	f68r3.18	L	?	4	A	I	0	0	o cthyd
f68r3	f68r3.19	L	?	4	A	I	0	0	otydg
f68r3	f68r3.20	L	?	4	A	I	0	0	darall
f68r3	f68r3.21	L	?	4	A	I	0	0	okchody
f68r3	f68r3.22	C	?	4	A	I	0	0	otcheody chokchy okol cheol dar cho keol dolaiin okeol oly
f68v3	f68v3.1	P	?	4	C	I	1	0	tchedy chepchy daiidy shol kcheoly choteol shol s chey shodaiin chetshedy otsho qooto seeey
f68v3	f68v3.2	P	?	4	C	I	0	0	sshey kcheol sheey qety sheey otchol chal sheey daiin sheody qokol aiir chor cheoty oty
f68v3	f68v3.3	P	?	4	C	I	0	0	sho chokar sor chor cheky daiin dar aiiinytey tol cheeetchol sam
f68v3	f68v3.4	P	?	4	C	I	0	1	dcheey qoy chydy
f68v3	f68v3.5	C	?	4	C	I	0	0	oky otol ees choty chedas otchdy s ar oekaiin oteol dar cheo dais qoeeo kaiin okchey dal cheky ykos yakeg s ol ay ykoees yty dy dy chody otol ol ees oty dar qotay otoy chey kodar dar sheody shees daiin oteeoaly oteeosol ol okol olsey tol cheol okeey choekcheey okchy qokchshy dchol chshek
f68v3	f68v3.6	R	?	4	C	I	0	0	ocheal qoeey keody cheoky okeey chody dy ote?m
f68v3	f68v3.7	R	?	4	C	I	0	0	r al chdail schekol okeody
f68v3	f68v3.8	R	?	4	C	I	0	0	okeol cheody qoekeey ocheky eeody okchdy oko okos
f68v3	f68v3.9	R	?	4	C	I	0	0	shoekechy sheky okolchey okolmom
f68v3	f68v3.10	R	?	4	C	I	0	0	qokeody okeey chekchy chckhy okal ody chedy
f68v3	f68v3.11	R	?	4	C	I	0	0	ycheeo key qokal okeeg
f68v3	f68v3.12	R	?	4	C	I	0	0	ochey chekchy dkeeeg cheekey teokechey saiir
f68v3	f68v3.13	R	?	4	C	I	0	0	ydaiil ol chek okchyd
f68v3	f68v3.14	C	?	4	C	I	0	0	okosy okchy okol choekey okeoeeey ol yko?n otairos orol orkeeey olkeeoly ykeeol
f68v3	f68v3.15	L	?	4	C	I	0	0	otodol
f68v3	f68v3.16	L	?	4	C	I	0	0	opcholdg
f68v3	f68v3.17	P	?	4	C	I	1	0	roar ykeol darol daly
f68v3	f68v3.18	P	?	4	C	I	0	0	solaiin y olekeey dy
f68v3	f68v3.19	P	?	4	C	I	0	1	ykeol ctheepoey dar
f68v2	f68v2.1	P	?	4	A	I	1	0	teeody shcthey psheody shocthy ykeody shdy shot ytchy
f68v2	f68v2.2	P	?	4	A	I	0	0	dchaiin shey dcheedy qokeey shckeey dal dy sheetey daldy
f68v2	f68v2.3	P	?	4	A	I	0	0	qoeeey shekeey shkeey s alchey cthy shteody qoteeody dam
f68v2	f68v2.4	P	?	4	A	I	0	0	okeey sheoy keol ycheety okeody shey qokey chol chekody
f68v2	f68v2.5	P	?	4	A	I	0	1	scheos seekey okey chodyokeos cheo sal ar oallchdm
f68v2	f68v2.6	C	?	4	A	I	0	0	okeadaiin ykeeody shsdy shyokeey dalches okos cheky otees oteydy okechoy yteody chetedy chedady @150;eectheey otychdy oteey cpheeo dy otey chkey daiin chey daiir oteeys sar ockheey dor chy okchy qokeechy dal chy chokeeey sary
f68v2	f68v2.7	R	?	4	A	I	0	0	otey dalar
f68v2	f68v2.8	R	?	4	A	I	0	0	otoseysary
f68v2	f68v2.9	R	?	4	A	I	0	0	yshesas ar shy
f68v2	f68v2.10	R	?	4	A	I	0	0	socths chety
f68v2	f68v2.11	R	?	4	A	I	0	0	oteoysorasaly
f68v2	f68v2.12	R	?	4	A	I	0	0	yteody chetey
f68v2	f68v2.13	R	?	4	A	I	0	0	oteeos alamchy
f68v2	f68v2.14	R	?	4	A	I	0	0	otchdychetal
f68v2	f68v2.15	R	?	4	A	I	0	0	adairchdy aiin
f68v2	f68v2.16	R	?	4	A	I	0	0	dchedal daiin
f68v2	f68v2.17	R	?	4	A	I	0	0	ykeeepolypchy
f68v2	f68v2.18	R	?	4	A	I	0	0	choteey dary
f68v1	f68v1.1	C	?	4	A	I	0	0	shes ol keey shes chteey sheely shes yeeg shokeolls ees aiir ol cho aiin ykeeykeey ches chotey y keey shes aiin okeyteey cthody chesokcho teody chockhy otol okeody cheos chkorchy dy dy shety oteey dair chotedy chey dal daiin dokeey
f68v1	f68v1.2	C	?	4	A	I	0	0	chear s oteey dain dycheckhy oteeos oteol okeor okeeody sho ykeod oteeol okeeos or chos or o aiin chol ykeey sheo s cheoekeey cheodaiir cheekchey chkeody okchy teeos sh cheo eky okey d?leed s aly oteotey otechs opain
f68v1	f68v1.3	R	?	4	A	I	0	0	dair apeeety dy
f68v1	f68v1.4	R	?	4	A	I	0	0	sair aroyser
f68v1	f68v1.5	R	?	4	A	I	0	0	oteeor arany
f68v1	f68v1.6	R	?	4	A	I	0	0	okechdaral
f68v1	f68v1.7	R	?	4	A	I	0	0	otol ches otaly
f68v1	f68v1.8	R	?	4	A	I	0	0	okeey chek chekeys
f68v1	f68v1.9	R	?	4	A	I	0	0	dar shes shokey
f68v1	f68v1.10	R	?	4	A	I	0	0	oteodain sam
f69r	f69r.1	P	?	4	C	J	1	0	tcheeos shey opaiin chey shey qokeeyshdy ol ot otal sar
f69r	f69r.2	P	?	4	C	J	0	0	daiin shey okaiin shkechy sheey tey chy cthy otol cham
f69r	f69r.3	P	?	4	C	J	0	0	sheos aiin ar choetey okal chy ykar ytchey cheotam
f69r	f69r.4	P	?	4	C	J	0	1	ycheoraiin ychey otaiin okchor yty chkal shol
f69r	f69r.5	L	?	4	C	J	0	0	oteos chop otaike
f69r	f69r.21	R	?	4	C	J	0	0	chodchy chotal
f69r	f69r.22	R	?	4	C	J	0	0	okeo sho qotam
f69r	f69r.23	R	?	4	C	J	0	0	okeodar oteody
f69r	f69r.24	R	?	4	C	J	0	0	ykeeos al dair dar
f69r	f69r.25	R	?	4	C	J	0	0	ykeey dal oky
f69r	f69r.26	R	?	4	C	J	0	0	doly dal dar chyky
f69r	f69r.27	R	?	4	C	J	0	0	okchol qokol daly
f69r	f69r.28	R	?	4	C	J	0	0	ykechody otar
f69r	f69r.29	R	?	4	C	J	0	0	dary dar aloly
f69r	f69r.30	R	?	4	C	J	0	0	okeeocthy okar ar
f69r	f69r.31	R	?	4	C	J	0	0	chey ar cthorary
f69r	f69r.32	R	?	4	C	J	0	0	sair chekey sairam
f69r	f69r.33	R	?	4	C	J	0	0	okeeo dal okar ar
f69r	f69r.34	R	?	4	C	J	0	0	sol aiir okeytam
f69r	f69r.35	R	?	4	C	J	0	0	okeos ar ald
f69r	f69r.36	R	?	4	C	J	0	0	docheeo kody sar
f69r	f69r.37	R	?	4	C	J	0	0	dchokey shkchodyal
f69r	f69r.38	R	?	4	C	J	0	0	chor al alchy ral
f69r	f69r.39	R	?	4	C	J	0	0	sair al okody otedy
f69r	f69r.40	R	?	4	C	J	0	0	okody cheody sar
f69r	f69r.41	R	?	4	C	J	0	0	chokeod okeey
f69r	f69r.42	R	?	4	C	J	0	0	dkochy cthody dy
f69r	f69r.43	C	?	4	C	J	0	0	okoeese daiikey oees chear yteey oteeodar chy okeeos alaiin
f69r	f69r.44	L	?	4	C	J	0	0	y
f69r	f69r.45	L	?	4	C	J	0	0	d
f69r	f69r.46	L	?	4	C	J	0	0	o
f69r	f69r.47	L	?	4	C	J	0	0	l
f69r	f69r.48	L	?	4	C	J	0	0	s
f69r	f69r.49	L	?	4	C	J	0	0	ed
f69v	f69v.1	C	?	4	C	J	0	0	dair cheyky otaza sar ar chykar okoirsh ar chetody okeeos o tey otokeeey okeeody okeey doiir teeo y chey ot y okedy chsdy okeod y dy choaiin okar okar chol chees yto odair oty oteeo dar o eykeody dchor char
f69v	f69v.2	C	?	4	C	J	0	0	yka chol ykar dal ykady iokeeor cheey choly ykeeal cheo? oaram ockhy sheey aiin y daiial cheody cheal yetey chear y dy ykey ch y dy chol ykar ol y ykeeody chey dal ody airchy choky ychey chey
f69v	f69v.3	C	?	4	C	J	0	0	doair otaldal dair @240; chdy otoar ar @240; chy qoteor cho qotair chda oteeal cheor ar air oteody ytyd a dchy otoly okeodal oteoarar cheteese?r dair chey okody dal oteey oteey
f69v	f69v.4	R	?	4	C	J	0	0	okeey sar
f69v	f69v.5	R	?	4	C	J	0	0	okeo dy
f69v	f69v.6	R	?	4	C	J	0	0	ochoyk
f69v	f69v.7	R	?	4	C	J	0	0	ykeey
f69v	f69v.8	R	?	4	C	J	0	0	ytory
f69v	f69v.9	R	?	4	C	J	0	0	oeesy
f69v	f69v.10	R	?	4	C	J	0	0	ytody
f69v	f69v.11	R	?	4	C	J	0	0	okody
f69v	f69v.12	R	?	4	C	J	0	0	otody
f69v	f69v.13	R	?	4	C	J	0	0	okeal
f69v	f69v.14	R	?	4	C	J	0	0	okeod
f69v	f69v.15	R	?	4	C	J	0	0	oteeys
f69v	f69v.16	R	?	4	C	J	0	0	oteol
f69v	f69v.17	R	?	4	C	J	0	0	ykeydy
f69v	f69v.18	R	?	4	C	J	0	0	okeod
f69v	f69v.19	R	?	4	C	J	0	0	saral
f69v	f69v.20	R	?	4	C	J	0	0	saiir
f69v	f69v.21	R	?	4	C	J	0	0	okolar
f69v	f69v.22	R	?	4	C	J	0	0	ykeody
f69v	f69v.23	R	?	4	C	J	0	0	sarydy
f69v	f69v.24	R	?	4	C	J	0	0	otchy
f69v	f69v.25	R	?	4	C	J	0	0	okeey dy
f69v	f69v.26	R	?	4	C	J	0	0	okey d
f69v	f69v.27	R	?	4	C	J	0	0	okeod
f69v	f69v.28	R	?	4	C	J	0	0	okodchy
f69v	f69v.29	R	?	4	C	J	0	0	okeody
f69v	f69v.30	R	?	4	C	J	0	0	okcheys
f69v	f69v.31	R	?	4	C	J	0	0	oar alys
f70r1	f70r1.1	C	?	4	C	J	0	0	???ooooooooolar sasa
f70r1	f70r1.2	C	?	4	C	J	0	0	oteody choekeeos alair dy okol okeey dasy otarsheod okchody oteos okes okeys ey okchol sairody o chopcheopchy chol air shekchy choteody oteeshs opcheody otol choky chody chotey sheal ar ykeody oteey chedaiin chotar soly
f70r1	f70r1.3	C	?	4	C	J	0	0	okeodar chy oteody tochady okchody ytar ytory okeol choly yk y okchedy chkal ofchon qokal opolaiin okeos oty dal cheokeey dal cheo al oteeoky chety chodalar okal chear aly oteos ar os al okolair dy
f70r1	f70r1.4	R	?	4	C	J	0	0	yfcheodly
f70r1	f70r1.5	R	?	4	C	J	0	0	ytcheos aly
f70r1	f70r1.6	R	?	4	C	J	0	0	otchy dar yky
f70r1	f70r1.7	R	?	4	C	J	0	0	opar ykchy
f70r1	f70r1.8	R	?	4	C	J	0	0	y saikchy dam
f70r1	f70r1.9	R	?	4	C	J	0	0	otair oroldy
f70r1	f70r1.10	R	?	4	C	J	0	0	dchal daim
f70r1	f70r1.11	R	?	4	C	J	0	0	yteody sam
f70r1	f70r1.12	R	?	4	C	J	0	0	okchy daldy
f70r1	f70r1.13	C	?	4	C	J	0	0	tshey ol oteey ched ar oteos cheor alal otar ar y oteodchey keody oteos al oteeed
f70r1	f70r1.14	R	?	4	C	J	0	0	ykeal
f70r1	f70r1.15	R	?	4	C	J	0	0	okeody
f70r1	f70r1.16	R	?	4	C	J	0	0	otody
f70r1	f70r1.17	R	?	4	C	J	0	0	ypolol
f70r1	f70r1.18	R	?	4	C	J	0	0	chodal
f70r1	f70r1.19	R	?	4	C	J	0	0	okasd
f70r2	f70r2.1	P	?	4	C	J	1	0	otchey sheol chkey shep al r ar chly sheteal aram
f70r2	f70r2.2	P	?	4	C	J	0	0	dair cheey s cheotey dshy dam chchet al ykey
f70r2	f70r2.3	P	?	4	C	J	0	0	ykeeo y s ald shey cthy shekey qokal aiir oteog
f70r2	f70r2.4	P	?	4	C	J	0	0	daiin okeey shoaiin ey otal shshy tal dam
f70r2	f70r2.5	P	?	4	C	J	0	0	tal cheeog dal chcthy qotal ddlar chal dal
f70r2	f70r2.6	P	?	4	C	J	0	0	ytar ar al yol al aloees ytaiir otaldal
f70r2	f70r2.7	P	?	4	C	J	0	0	daiin daiin she tal qokal choly dy
f70r2	f70r2.8	P	?	4	C	J	0	0	ytals alal dalam dal cthol oparam
f70r2	f70r2.9	P	?	4	C	J	0	0	dolshol shol shol shoy dalal y
f70r2	f70r2.10	P	?	4	C	J	0	0	shokal chol kshody tol cheey okal
f70r2	f70r2.11	P	?	4	C	J	0	0	daiin chotal qokal chol chotals
f70r2	f70r2.12	P	?	4	C	J	0	0	qokal shkal dal shy qokal chdy
f70r2	f70r2.13	P	?	4	C	J	0	0	qotal che y key okechy chdy cham
f70r2	f70r2.14	P	?	4	C	J	0	1	okaiin chy s or ary
f70r2	f70r2.15	C	?	4	C	J	0	0	sal air am shedy chokal choy shokeey choky chol dy okeeal o teedy dgr dair aiin okees okeear ar alekeey ar kam oteoodalry chekeoar chokey dar dcheoky otai doy dair otchetchar okear okeeo lal kchg okar ar dar
f70r2	f70r2.16	C	?	4	C	J	0	0	otar ar chedal oaral aldaiin ykeeedaiis sheo l dar chol ykees aiir dl cheey skeeod oteeodar aiin aral daiir sheedal sheodaiin choar chol choteoly cho oteey chotey choeky chedy choteosam oteodar o
f70r2	f70r2.17	C	?	4	C	J	0	0	oches air chese ctheey sheeody shopcho yteody ykaldy oteeos aiin shey shee farar aim cheoteeodal sho choetchaldy dal aiir ches otesar dalol chtam opaiir chokeo oteedy oteeo okol chotal otol al dl
f70r2	f70r2.18	C	?	4	C	J	0	0	otoy ar arodchedy cheocphey oteeos ees cheal sheeey okeedaly cheeoekey ykeed oteey s al s air oteody oteody dar aiir ody cheeos chey daiin otoeeseor air chedy okodar al sho chotol dal dy
f70r2	f70r2.19	C	?	4	C	J	0	0	oteesy ol chy oteo sal ol keey oteol choky otchosha
f70v2	f70v2.1	C	?	4	Z	J	0	0	okcheo dar otey ykeey tchy otsheo oteotey shey shecth opcheoldair dateey sal ody choteey choeteedy oteoteotsho yteos alain sheodaly o aiin cholkal chokear oteody cholaiin oteeoal al sheeos okey chol dy otees cho s olar otoaiin oteeody sos todaiin chokain otalal oteeam
f70v2	f70v2.2	L	?	4	Z	J	0	0	otalalg
f70v2	f70v2.21	C	?	4	Z	J	0	0	daii@197;amdy otar am aral otair chedaiin oteey dair shchey daiin chalaly oteody chotol chedy oteotey oteeeor ar alody daiir oteedar oteey teey dalal cheoltey oteedy sheeteey ?okeeol ykeeos shey ykair arar alos
f70v2	f70v2.22	L	?	4	Z	J	0	0	otar am
f70v2	f70v2.32	C	?	4	Z	J	0	0	otal daly oteoal dal aildy otaiin ar oteey shal o qoteeal ar al otaiin al teodaiin oteeo cthey oteeos oteos aiin daim
f70v2	f70v2.33	L	?	4	Z	J	0	0	otolal
f70v1	f70v1.1	C	?	4	Z	J	0	0	dalalody oteoshey okoksheo shokey raiin otor ochy s air cheody cheey oteo chy daiir chcthy dlal oteodaiin ykeody oteody sheo daiin oteedy chetalchs zar shoteeody okeeo dal cheody okchoteees oteeody cheokeo otaiin shes to ar oly daly sheal
f70v1	f70v1.2	L	?	4	Z	J	0	0	otalchy tar am dy
f70v1	f70v1.12	C	?	4	Z	J	0	0	daiin okey otodal cheokeeo okeodal shol olaiin saiin sheo qokeeol otchykey chekeal oteosaiin chekey okeolol chees o?eey opotey dal al s otecheo dal
f70v1	f70v1.13	L	?	4	Z	J	0	0	okoly
f71r	f71r.1	C	?	4	Z	K	0	0	olkeeody okody okeeedy oky chy okeodar okeoky oteody oto otol oteeyar yko oar aiin oekeeey okeo keo keody okeodar chy s aiin otokeoar or ar al otol al shckhy oteeeodar oteody otol aiin shoekey solalald cheeokeeo choeky choly
f71r	f71r.2	L	?	4	Z	K	0	0	oteos arar
f71r	f71r.12	C	?	4	Z	K	0	0	oteody oteos oy oteeschey lsheotey okalody shs shey oteey otechar chekal okody eeedy oteodal eeokol lkchol daiin okeeees ykees al okeey otey oteo shaly o
f71r	f71r.13	L	?	4	Z	K	0	0	otolchdy
f71r	f71r.18	C	?	4	Z	K	0	0	oteeol otal chs char cheky chotshy okeeody oteey chekea' okeol
f71v	f71v.1	C	?	4	Z	K	0	0	osheo parar oteeodaiin she ateey daiin oteokeey dal al oteey teey dy otchy keey sheeo ochey ?chey otcheodal sheealody cheol otar okam oteodar chpchy ar al aiin oteoshar okeodaly oteey teeey oteey keor or arol cheols okaikaly
f71v	f71v.2	L	?	4	Z	K	0	0	char arom
f71v	f71v.12	C	?	4	Z	K	0	0	chal oteeos al sheky okalar ar okeo dar oty oto kaiin chey tal otchr chtos cheor shepchol otor sheo shopcho ar aly okeo cheey otal al shldy otaly okol sheeor
f71v	f71v.13	L	?	4	Z	K	0	0	ofaom
f71v	f71v.18	C	?	4	Z	K	0	0	okeey okeosar otaiin chkeeal okal cheekaiin okaiin okchor dar oteey kal
f72r1	f72r1.1	C	?	4	Z	K	0	0	oteeo cthey chlol cheol olcheor al oteey chedal oteedy okeodaly chol chokeol cheo?ky okaiir okeedy sheoltey cheor aiin ydal okochey sho okalshey shol chalaiin chekeol kol otos ar aiin otam otam chotam sal okeo dar ar adal dar okeeas aiin oteey okaiin
f72r1	f72r1.2	L	?	4	Z	K	0	0	oshodady
f72r1	f72r1.12	C	?	4	Z	K	0	0	oteodar ytey otey shetey chokshor okalal otaiin sheolaiin otaiin chetey cheolor oteo teeody otar chokaiin okaiin al alo cheedy otear ar cheky chokal otar al o qokar
f72r1	f72r1.13	L	?	4	Z	K	0	0	ofaralar
f72r1	f72r1.18	C	?	4	Z	K	0	0	okeeols aroly okees alaiin okeor chol o oteos aiin chal otaiin atchor chckhy
f72r2	f72r2.1	L	?	4	Z	K	0	0	ofchdamy
f72r2	f72r2.6	C	?	4	Z	K	0	0	oteos aiin okeo daiin okeey cheo keodal chol okeol oly oteeykeey tey okalaiin okalchal chey al o keey daiin otar al chotaiin otchey qoeeeo s ckhal chekaiin otaiin chy d r aiin al y o chekaiin okedal qokeodal saiin otois otees
f72r2	f72r2.7	L	?	4	Z	K	0	0	otaraldy
f72r2	f72r2.22	C	?	4	Z	K	0	0	oteey tey teodal chokaly ol cheol ol aiin oteo daiin shokal otey otaiin otaly dal okaly dalchdy eteeey okal shey qoteeody sheycthy chotal chas otoees aiin
f72r2	f72r2.23	L	?	4	Z	K	0	0	otal
f72r2	f72r2.32	C	?	4	Z	K	0	0	otoar air aloy okaiin otees chs chchs ar aly taly dar otchey okaiin olaiin @211;y
f72r3	f72r3.1	C	?	4	Z	K	0	0	okeey chekoy oteo ykeey chedaiin okeeol cheeor chocthar ar oteody oteedy okeolaiin oteey okarar ??? ???teo sheol al alaiiin okeos alaiin okor o keodar okee s ar aiin chekackhy chokees oteedy chekar okar choly ches os oiin okeeey cheey ches okeody chealdy shocthy choteey sheoly eol sheey chorain
f72r3	f72r3.2	L	?	4	Z	K	0	0	olkalaiin
f72r3	f72r3.14	C	?	4	Z	K	0	0	otochedy otey o koey sheedy oteodar ykeolol y air oteos cheo l aiin ykeeoly otaiin shear oiiin oral o tealy cheokeor oteody oes otees chteos doteey sosor oteol shol cheeg okeody eol shey sheysy shoteey cheor yoeteey okeeol chy okeeo ykoly
f72r3	f72r3.15	L	?	4	Z	K	0	0	oralkam
f72r3	f72r3.26	C	?	4	Z	K	0	0	oteey arary eeer che@212;shees opcholalaiin oteeor am sheal okaipchy oteees ar am olaiin otedar olol choty oteol sheshdy chedy chedy dy shes eedy sheol shy ckhol
f72r3	f72r3.27	L	?	4	Z	K	0	0	opalal
f72r3	f72r3.34	C	?	4	Z	K	0	0	okeos aiin olaiin oraiin octheolarl okeeody oteos aiin koly
f72v3	f72v3.1	C	?	4	Z	K	0	0	soees otchs otedar oteody oteodal oteos oteokchd? oteody sheokeey sheody shedykeal ckhodys okoleeolar okeey shedy otey sho shol teody okolshey ykeed?y y okechdy olaiin shokeedy chol choepchey teey teody ches okechedy otechol cheor cheey daiin oyteeedar ??? shecthy otycheedy oteeoly chokary
f72v3	f72v3.2	L	?	4	Z	K	0	0	ocham
f72v3	f72v3.20	C	?	4	Z	K	0	0	ototeey r chlyiintee or oteey oteeody cheokey okeoekol oteor aiin yoleeedy okeos alyshy okeey okeeey okeedaly cholainy okedy chees y okeeol chey otey oldy chdy del okeeoloky oty aiin chas oteey okea???
f72v3	f72v3.21	L	?	4	Z	K	0	0	choleey
f72v3	f72v3.33	C	?	4	Z	K	0	0	okesees ar chkeeol okeolaiin chalal ykeeodarar oleeody shedy solar aldy oteor cheor
f72v2	f72v2.1	C	?	4	Z	K	0	0	otos chs oty oteos oty chotey dchy chopchy otychal ctheo l shey tchol s choraiin chekay oteeos aly okeedy cheockhy ar?k?aly che?? okedl okedy sheos okeeor cheey okeey teey cheeey okeolol sheeoeky oekeeo r aiin olalkain okolsaiin
f72v2	f72v2.2	L	?	4	Z	K	0	0	oeedey
f72v2	f72v2.20	C	?	4	Z	K	0	0	oteesody otey oteeos sheoty yteeg dchsaiin shol okeees air am shey qokeodal oteotey oteoldy oteal chedy chotalal okal cheol sar aiin cheokealy sardy otol chekar alteol oltar ar
f72v2	f72v2.21	L	?	4	Z	K	0	0	okaiin
f72v2	f72v2.33	C	?	4	Z	K	0	0	otaiin otshedy chokeedy otes al al ar chetolain sheodaly sheokey okealy rary
f72v1	f72v1.1	C	?	4	Z	K	0	0	oteos alar otar air chpaly oteody okchesal otear alshey oleealy sh?tey oteos alal dals alchol ytolaiin ydaiin chotar y tal oto shoty otey okchedaly chdar y s ar otedy otorar shedy opsheytey opairaly choshydy otar cheedy otaraiin cheeky okolar ychey otechety
f72v1	f72v1.2	L	?	4	Z	K	0	0	oeeoty
f72v1	f72v1.22	C	?	4	Z	K	0	0	otar ar otol topar oteolaiin ofaral otshedy ofalar alshdy chpar aiin okaly oka? yaly opcheolfy opar cheoey otolopaiin shaldy chepchy otey tean
f72v1	f72v1.23	L	?	4	Z	K	0	0	oeeoly
f72v1	f72v1.33	C	?	4	Z	K	0	0	otalal dalal ykeols oteo r aiin yotoam oteey saiin oteeos am
f73r	f73r.1	L	?	4	Z	L	0	0	otaly
f73r	f73r.5	C	?	4	Z	L	0	0	ypolcheey salchedal chepchey daraly oteos air ar oteosdal chotoey soteees alshey es al chees cheoly jeiii? choteey cheteey cheteeeos aiin chetchody chedar ar cheteey otes ar airalor shetee yteey cheody ykeydam oteos alar alcheky
f73r	f73r.6	L	?	4	Z	L	0	0	otaly
f73r	f73r.22	C	?	4	Z	L	0	0	oteey dar al opaiin olalaiin s air am chopchedy chdar oram otareees olteey okees otar chey oteas ochor oparchey daiin qocheey s cheey dal cheesy
f73r	f73r.23	L	?	4	Z	L	0	0	okary
f73r	f73r.33	C	?	4	Z	L	0	0	osaiin chedain oteey chedaly okechs chepcheesaly oteodal
f73v	f73v.1	L	?	4	Z	L	0	0	okol
f73v	f73v.5	C	?	4	Z	L	0	0	otoar ykeody okodeey qopchey opaiin qoteedy dpy otedy shedy qokeody cheor al okegal oteody shedy otesalod air chy ykeesaly y keoly dys opchey dy toly chfaikchy ytedar eeey qokeey oty yteedy choldy qokalaiin ykaipy orary
f73v	f73v.6	L	?	4	Z	L	0	0	okeody
f73v	f73v.22	C	?	4	Z	L	0	0	oteotos alshy oteolain chokeedam otody qoty shedy chdy tchol oteody cheytey choty okey dy okecholy otey chodaiin chey okeedy saly ar daly
f73v	f73v.23	L	?	4	Z	L	0	0	otedy
f73v	f73v.33	C	?	4	Z	L	0	0	otedchor alar olkcho otolam o kees char y ytaly alaly otaram
f75r	f75r.1	P	B	2	B	M	1	0	kchedykaryokeey qokar shyk chedy qotar shedy
f75r	f75r.2	P	B	2	B	M	0	0	dain shey lyssheol qoldy chedykar chekeedy ror
f75r	f75r.3	P	B	2	B	M	0	0	qokain chalorchey qey kain sheeky ltain olkar or
f75r	f75r.4	P	B	2	B	M	0	0	dackhy lkamoykeey lshey kal dy shey ok shey qokeedy
f75r	f75r.5	P	B	2	B	M	0	0	shey kar cheyckhey r ain ol olsheedy qokeey qoky
f75r	f75r.6	P	B	2	B	M	0	0	pcheykeeor olkydar okey qokain chcthy qokeedy qoky
f75r	f75r.7	P	B	2	B	M	0	0	pchedy qokshdyytain chedy qokar chy lol chedy qoky
f75r	f75r.8	P	B	2	B	M	0	0	sor chey qokardydsheckhy qokain chckhy lshedy okeedy
f75r	f75r.9	P	B	2	B	M	0	0	qokchdy chcthy loqokedy qokan checkhy qokar olchedy sal
f75r	f75r.10	P	B	2	B	M	0	0	dshor qotar chdyshey qokain chckhy dy otey tedy lchedy
f75r	f75r.11	P	B	2	B	M	0	0	qokeedy qokair olyqokeedy dy qokal okar shedy dor chekam
f75r	f75r.12	P	B	2	B	M	0	0	ssheckhy qokal olyshey r ol cheey shey dy olshedy qoky
f75r	f75r.13	P	B	2	B	M	0	0	pchedy keedy qokedyqokedy qokedy qokedy qokain olshedy
f75r	f75r.14	P	B	2	B	M	0	0	sain al keishy qokain dyolshedy qokain chckhy qokain otar aly
f75r	f75r.15	P	B	2	B	M	0	0	sain qokain qolkeeolysaiin chedysol or shedy okchdy qoky
f75r	f75r.16	P	B	2	B	M	0	0	dshedy qokar sheedy lchshokain chyokshedy qokain chedy
f75r	f75r.17	P	B	2	B	M	0	0	pchedar shepchy lshedarydalshalshy kol shedy qokam
f75r	f75r.18	P	B	2	B	M	0	0	sol sheedy qol shedy qolotain char sar oly
f75r	f75r.19	P	B	2	B	M	0	0	qokshedy qol shey qokyshey ey qokain ar
f75r	f75r.20	P	B	2	B	M	0	0	ry shey qor chey lchey loydain shey qokain
f75r	f75r.21	P	B	2	B	M	0	0	oqokain chey qckhsy orysheor ol lor am
f75r	f75r.22	P	B	2	B	M	0	0	odar shey qokain chedyor shey kar chedy sar
f75r	f75r.23	P	B	2	B	M	0	0	pchey kshey qokeey qokalsshey qol chedyqokam
f75r	f75r.24	P	B	2	B	M	0	0	qokain olkeey qolkarysain checthy lor ol
f75r	f75r.25	P	B	2	B	M	0	0	sain shckhy qokeedy shy dyqokeedy lchedy ram
f75r	f75r.26	P	B	2	B	M	0	1	dain ol sheol dain ol qolydar ajy
f75r	f75r.27	P	B	2	B	M	1	0	pdalshor shtol qoty pshar shedy okaldydar otar otody dy rol
f75r	f75r.28	P	B	2	B	M	0	0	tchedy pchedy qokeey sol oldair shecthy qoll sheedy qokeedy lolchedy
f75r	f75r.29	P	B	2	B	M	0	0	dain chkal dy lo lkaiin ol okeedyqol dain olchey qokeedy chedy qotan
f75r	f75r.30	P	B	2	B	M	0	0	qo dain cheeky qokey qokain cheky qokal dain chedy o kalol shedy okar olom
f75r	f75r.31	P	B	2	B	M	0	1	dshedy qokey chckhy qokar shedy chey qoked qokedy daldy
f75r	f75r.32	P	B	2	B	M	1	0	polshy dal shedy qokain dar chsdy shedy qotar shedy ldy
f75r	f75r.33	P	B	2	B	M	0	0	qokeey l shedy qo l chedy qokain chcthedy ltedy darom
f75r	f75r.34	P	B	2	B	M	0	0	s olkedy okal dar oty okar otar ol kain oltedy
f75r	f75r.35	P	B	2	B	M	0	0	qokain sheety qokain dar dar shedy qokain oldy
f75r	f75r.36	P	B	2	B	M	0	0	sol keedy qokeedy qokey okar otar dardardy
f75r	f75r.37	P	B	2	B	M	0	0	qokedy dy sheety qokedy qokeedy qokechdy lol
f75r	f75r.38	P	B	2	B	M	0	0	qokeedy qokeedy qokedy qokedy qokeedy ldy
f75r	f75r.39	P	B	2	B	M	0	0	yshedy qokeedy qokeedy olkeedy otey koldy
f75r	f75r.40	P	B	2	B	M	0	0	dar shedy qokain shedy dal keedy rshedy
f75r	f75r.41	P	B	2	B	M	0	0	sokeedy qokeedy oteedy qoky dy keedy sy
f75r	f75r.42	P	B	2	B	M	0	0	dshedy qokedy qokeedy qoteey qoteedy dor
f75r	f75r.43	P	B	2	B	M	0	0	yshedy chekar oldy qokain chkar otar oldy
f75r	f75r.44	P	B	2	B	M	0	0	dchedy sain okedy qokedy otedy okoldy otar otam olaiin chdar dy
f75r	f75r.45	P	B	2	B	M	0	0	sshedy shckhy qokey okedy sarol oty otedy qotedy otedy okaiin
f75r	f75r.46	P	B	2	B	M	0	1	qokey qokedy sheol qokedy dain shedy otol chedy olor
f75r	f75r.47	P	B	2	B	M	1	0	sal okeedy
f75r	f75r.48	P	B	2	B	M	0	0	daly ychey
f75r	f75r.49	P	B	2	B	M	0	0	sols dara
f75r	f75r.50	P	B	2	B	M	0	0	ychty
f75r	f75r.51	P	B	2	B	M	0	0	saino
f75r	f75r.52	P	B	2	B	M	0	0	saldy
f75r	f75r.53	P	B	2	B	M	0	1	dainy
f75v	f75v.1	P	B	2	B	M	1	0	pchedar opchedy qokedy opchedy qopdydain chetas chy qotam
f75v	f75v.2	L	B	2	B	M	0	0	s
f75v	f75v.3	P	B	2	B	M	0	0	sor sheky qokain okal dal olchedydaiin chckhy lkar chckhy rom
f75v	f75v.4	L	B	2	B	M	0	0	l
f75v	f75v.5	P	B	2	B	M	0	0	dl shckhy kain olchey qokain dalyrddl shedy qoteedy cthedy loly
f75v	f75v.6	L	B	2	B	M	0	0	l
f75v	f75v.7	P	B	2	B	M	0	0	qokchdy qokal dal ol chety lchdyshedy ched otedy qotedy otar
f75v	f75v.9	L	B	2	B	M	0	0	r
f75v	f75v.10	P	B	2	B	M	0	0	qokeed chedy ky okedy lchedy dar odydchedy dar olchedy otedy qoky
f75v	f75v.11	L	B	2	B	M	0	0	s
f75v	f75v.12	P	B	2	B	M	0	0	qokedy rshey qol chey ol chey keedsol key dy kedy qokal dar oly
f75v	f75v.13	P	B	2	B	M	0	0	ocheain cheedy qokal dain sheeky qokysshedy tedy otedy tedy taral
f75v	f75v.14	P	B	2	B	M	0	0	qol sheckhy qokedy qokedy qokalysor chedy qoky olshty qokydy
f75v	f75v.15	P	B	2	B	M	0	0	sal ol olain olkey olshed qokalyqokar chedy qokain ty lshdy qo
f75v	f75v.16	P	B	2	B	M	0	0	odchedy qolshdy shokshdy qokain ?or shedy qolol keedy qokalom
f75v	f75v.17	P	B	2	B	M	0	1	sal shed ykain qokain sheckhy ldsaiin ckhy lshedy
f75v	f75v.18	L	B	2	B	M	0	0	okshy
f75v	f75v.19	L	B	2	B	M	0	0	saral
f75v	f75v.20	L	B	2	B	M	0	0	dokal
f75v	f75v.21	L	B	2	B	M	0	0	darol
f75v	f75v.22	L	B	2	B	M	0	0	daldy
f75v	f75v.23	L	B	2	B	M	0	0	dal shd
f75v	f75v.24	L	B	2	B	M	0	0	dalkar
f75v	f75v.25	L	B	2	B	M	0	0	qokal
f75v	f75v.26	L	B	2	B	M	0	0	dly
f75v	f75v.27	L	B	2	B	M	0	0	ory
f75v	f75v.28	L	B	2	B	M	0	0	oty
f75v	f75v.29	L	B	2	B	M	0	0	lchy
f75v	f75v.30	L	B	2	B	M	0	0	dary
f75v	f75v.31	L	B	2	B	M	0	0	dal
f75v	f75v.32	L	B	2	B	M	0	0	daldy
f75v	f75v.33	L	B	2	B	M	0	0	qoted
f75v	f75v.34	L	B	2	B	M	0	0	rkal
f75v	f75v.35	L	B	2	B	M	0	0	ykedy
f75v	f75v.36	L	B	2	B	M	0	0	olkchy
f75v	f75v.37	L	B	2	B	M	0	0	otoly
f75v	f75v.38	P	B	2	B	M	1	0	tolsheor qokal dar olked orol kchey okain olchey okar sheky dedy kedy
f75v	f75v.39	P	B	2	B	M	0	0	qoqokeey olkain qol sheedy qokeor sheedy qokal or chey qokar ol aiin
f75v	f75v.40	P	B	2	B	M	0	0	dlshedy qokain dal qol qol ol sheedy cheey dol ol sheey qokain olol
f75v	f75v.41	P	B	2	B	M	0	0	sal shedy qokain shey qoin ol shey ol shey qoky qol cheey chl or sheolo
f75v	f75v.42	P	B	2	B	M	0	1	o l sheey qolshey qokain okaiin charor
f75v	f75v.43	P	B	2	B	M	1	0	pokain okeedy or chesy solshey qokeey qotedy olkedy chey tal dy qol
f75v	f75v.44	P	B	2	B	M	0	0	olshees ol sheckhy qokain ol chedy qol chedy qol keey qolchedy chealy
f75v	f75v.45	P	B	2	B	M	0	0	yshey qokar olchedy qor oiin okeedy qokeed qokeey qokeey otey qoky dy
f75v	f75v.46	P	B	2	B	M	0	0	ychey qotain sheckhy qokedy qokedy lsheckhy qokain dal tol olchedy
f75v	f75v.47	P	B	2	B	M	0	0	qokain olshey qokain dar ol shedy qokedy qokeedy qotar olshedy oldy
f75v	f75v.48	P	B	2	B	M	0	0	qokear chedy shckhy dol ycheedy saino ol cheedy qokar otar dal daiin
f75v	f75v.49	P	B	2	B	M	0	1	por shey okain chedy qolsheol olchedy
f75v	f75v.50	L	B	2	B	M	0	0	otal opal
f75v	f75v.51	L	B	2	B	M	0	0	okeey lol
f75v	f75v.52	L	B	2	B	M	0	0	olol
f75v	f75v.53	L	B	2	B	M	0	0	ytedy
f75v	f75v.54	L	B	2	B	M	0	0	otedy
f75v	f75v.55	L	B	2	B	M	0	0	oteey
f75v	f75v.56	L	B	2	B	M	0	0	qotedy
f75v	f75v.57	P	B	2	B	M	1	0	okedy qek y tedar oly
f75v	f75v.58	P	B	2	B	M	0	0	s alchedy solkedy
f75v	f75v.59	P	B	2	B	M	0	1	qokeedy qokol olkol
f75v	f75v.60	P	B	2	B	M	1	0	kolkedy qokedy qoky lpchdy qotchdy lol
f75v	f75v.61	P	B	2	B	M	0	0	oksheyqolkeey lchdy soiin ol otchdy
f75v	f75v.62	P	B	2	B	M	0	0	ykeechy qokeedy daiin ol olsheey qoly
f75v	f75v.63	P	B	2	B	M	0	0	oteey qol chey qokey oldy olyly
f75v	f75v.64	P	B	2	B	M	0	0	sshey qol dy qokar shey ldy
f75v	f75v.65	P	B	2	B	M	0	0	qokal dain dain o qoky daiin
f75v	f75v.66	P	B	2	B	M	0	0	okal sheedy qoteedy qokchy ly
f75v	f75v.67	P	B	2	B	M	0	0	ykeedy qokain otain shety
f75v	f75v.68	P	B	2	B	M	0	0	o cthey shedy otol chckhey ldy
f75v	f75v.69	P	B	2	B	M	0	0	okeshey olkedy olkedy qol chey
f75v	f75v.70	P	B	2	B	M	0	1	qokey olchedy otey orol
f76r	f76r.1	P	B	2	T	M	1	0	potchokor chcfhdy opshdy qolp chcphy chcphdy opshey qofshy opchdy sain as y
f76r	f76r.2	P	B	2	T	M	0	0	dshedy qotddyar cthar chep dain okain qokeor shedy qol ain sheals qokeey
f76r	f76r.3	P	B	2	T	M	0	0	yshey qokeey qokey qokeed okedy shky qotedy otedy shol qoty ol chedy aiiny
f76r	f76r.4	L	B	2	T	M	0	0	s
f76r	f76r.5	P	B	2	T	M	0	0	qokedy qokeey or or or chkorol otey qokedy lkedy chdy qokchdy qokal chdam
f76r	f76r.6	P	B	2	T	M	0	0	solchedy qokeedy qopchedy qokeeo rol shedy qokedy sheey okees al al chedain dar
f76r	f76r.7	L	B	2	T	M	0	0	d
f76r	f76r.8	P	B	2	T	M	0	0	qoaiin ches okeedal qoked qokeey shedy chey lkeedy okey dar aiin chekain oldy
f76r	f76r.9	P	B	2	T	M	0	0	shed al shckhy r ain chcphedy ain olkeey lkar ain otchy lkain chedy dar daly
f76r	f76r.10	L	B	2	T	M	0	0	q
f76r	f76r.11	P	B	2	T	M	0	0	qotedshedy qorain oteedy chedy ol chdy raiiin chekain dain chckhy sal oty
f76r	f76r.12	P	B	2	T	M	0	0	solshedy qool qctheed shdy qa ol keey dain saiin s ar shedy qokeor okeedy
f76r	f76r.13	P	B	2	T	M	0	0	qokeedy checthy chckhey okal okaiin sheckhey okeedy otey dal y kal chedy sar
f76r	f76r.14	L	B	2	T	M	0	0	s
f76r	f76r.15	P	B	2	T	M	0	0	chorshedy qoked okees al ar aiin ar ain chckheed lchedy shedy qolair chedy
f76r	f76r.16	P	B	2	T	M	0	0	qotes chedy shckhy qokeey okeey kain checkhy qokeedy qotey qotain chekair
f76r	f76r.17	P	B	2	T	M	0	0	chey chckh shey qeeey chol lkain shedy qokeedy okain chedy okeed qokaloro
f76r	f76r.18	L	B	2	T	M	0	0	o
f76r	f76r.19	P	B	2	T	M	0	0	dcheedy qolchey qokeey qokeey chedy qokar shedy shedy lshedy qolchedy otedyl
f76r	f76r.20	P	B	2	T	M	0	0	dshedy qo chedy lchedy qokey qolchey qotain chckhy shckhy lchar okar alchdy
f76r	f76r.21	P	B	2	T	M	0	0	qokchsdy okeey lchedy qo olain ot shedy qotaly dar sain shedy oleeed
f76r	f76r.22	L	B	2	T	M	0	0	l
f76r	f76r.23	P	B	2	T	M	0	0	sheedy qokedy chedy chedy qokain chckhy olchy l ain shedy olaiin chedy qokey
f76r	f76r.24	P	B	2	T	M	0	0	dalshedy qol sheedy qokaldy chepy dain alolor olain chedy shecthy qokey lor
f76r	f76r.25	P	B	2	T	M	0	0	qoloin chey qokeey lchedy chckhy chey ky chey qolal lklchey lchedy chey llaiir y
f76r	f76r.26	P	B	2	T	M	0	0	shedal shey qokey qolchedy qolain ain chey qokaiin okain cheedy lchey l oly dy
f76r	f76r.27	L	B	2	T	M	0	0	k
f76r	f76r.28	P	B	2	T	M	0	0	soin sheey chear ol aiin chodaiin qokaiin chey qokalchey dal chdy dal ytal
f76r	f76r.29	P	B	2	T	M	0	0	qokar shedy shedy qokar shedy qokain dar shey lshcthy okar okain y laiin y
f76r	f76r.30	P	B	2	T	M	0	0	darchey cheolchey shcthy chedy qo qokey dalaiin sheeky qokain olky sain chy
f76r	f76r.31	L	B	2	T	M	0	0	r
f76r	f76r.32	P	B	2	T	M	0	0	cheo r ain okaiin dain chey dalshedy qokaiin cheol shy chedy rain chedy shy
f76r	f76r.33	P	B	2	T	M	0	0	qokedy lkey kal shedy qopchey qo l pchedy okchy chckhy shey lol r ol sheey dar
f76r	f76r.34	P	B	2	T	M	0	0	cheor shey qoolkal shedy shedy shey shedy ollchy shlches shcthy sain oly
f76r	f76r.35	P	B	2	T	M	0	0	sain shedy lshey qokal chcthy okeolor cheol otar chedy qol chcthy chckhy
f76r	f76r.36	P	B	2	T	M	0	0	qokal shedy sheol cheol alshy chol chdy talor ol alor chol okeor ar o oly
f76r	f76r.37	L	B	2	T	M	0	0	s
f76r	f76r.38	P	B	2	T	M	0	1	oteey lchey chey olsheol qokal chal
f76r	f76r.39	P	B	2	T	M	1	0	polalchdy pshedy opchedy qokas yksheol qokeedy oty lshed chpsheedy ytal
f76r	f76r.40	P	B	2	T	M	0	0	qolchey shckhy qokey lchy opchey dain shdy qokedar olchdy sor oty dy lchedy
f76r	f76r.41	P	B	2	T	M	0	0	sain ar okedy lcheey qokey shckhy otedy qokal shey qoky dain chedy qokchdyl
f76r	f76r.42	P	B	2	T	M	0	0	dain chey lsh daiin chey lchedy qolain qotal shedy dy shecthy otalam
f76r	f76r.43	P	B	2	T	M	0	1	sor shey qokey qokar sheeoldy chol oly chaly lol chdy
f76r	f76r.44	P	B	2	T	M	1	0	poleedaran shckhy qoty ykar alol lkaiin ol shedy otain okar opar kolpy
f76r	f76r.45	P	B	2	T	M	0	0	y shedy qo or okain shey qokaiin okeedy qochy as oin sheey chckhy
f76r	f76r.46	P	B	2	T	M	0	0	dain shear okedy otedy okedy lchedy chedy okar chedy otarain
f76r	f76r.47	P	B	2	T	M	0	0	dain chckhy or aiin sheey qockhey olchdar sheey otedy olain oky
f76r	f76r.48	P	B	2	T	M	0	0	saiin shckhy lkeedy qoky okain ytain oteedy okedor shedy qokal
f76r	f76r.49	P	B	2	T	M	0	0	saiin olaiin oky shol sain oky l kar chedy lkar al loral
f76r	f76r.50	P	B	2	T	M	0	1	pchedy @174; sal dol shdy olkedy qokaiin otal rory
f76r	f76r.51	P	B	2	T	M	1	0	qkor shedy shey keedy sal raiin opchdy dar chedy qopchedy rorol
f76r	f76r.52	P	B	2	T	M	0	0	olsheed qokedy qokeedy qokedy lkedy lsheedy okar shedy otain
f76r	f76r.53	P	B	2	T	M	0	0	saiin qol shedy ol chedor chal shed qoteedy dshdy okal chedyl
f76r	f76r.54	P	B	2	T	M	0	0	dal or chedy qolaiin okedal olchedy chdol olchedy choly aiin y
f76r	f76r.55	P	B	2	T	M	0	0	sain sheey or ar al solshey okeedy ldaiin checkhey okedalor
f76r	f76r.56	P	B	2	T	M	0	1	qokaiin ol shedy qokeey or shdy
f76v	f76v.1	P	B	2	B	M	1	0	polarar okor opcheey yteey opchaly lshedy qofchdal lkodolopa korols
f76v	f76v.2	P	B	2	B	M	0	0	sshedy keedy cholkeeey otedor okor shedy chedy qokeedy olyshey qoyky
f76v	f76v.3	P	B	2	B	M	0	0	dchedy qokeedy oteedy chedaiin chey qokeedy olkedy roroteedy okal
f76v	f76v.4	P	B	2	B	M	0	0	salkeey sor shecthy daiin okor chpchedy chy oty olorotchy r alchl
f76v	f76v.5	P	B	2	B	M	0	0	s otain okain chcthedy qoteed y kedy okedy chedyotedy teyteg
f76v	f76v.6	P	B	2	B	M	0	0	qotees olkeey okeedy qoeeedy chckhey sheor aiin otarcheedy lchedy
f76v	f76v.7	P	B	2	B	M	0	0	doteey qo okaiin oteedy otedy cheolchdy okeedy otedy qokedy okedar da
f76v	f76v.8	P	B	2	B	M	0	0	qokeedy ochedy roiin sheedy qokeedy okeedy olor okeedy qolkchey r ol
f76v	f76v.9	P	B	2	B	M	0	1	sheor chey ral cheey r al cheedy
f76v	f76v.10	P	B	2	B	M	1	0	cphdor shedal qopchdy dshedy shedy tchedy lsheetal shecphy daiin dy
f76v	f76v.11	P	B	2	B	M	0	0	cheor sheedy daiin oekeedy qokeey qokedy oteedy shedy qokedy shedam
f76v	f76v.12	P	B	2	B	M	0	0	solsheol sheey lteedy qokeedy qotal chedy checthy otedeey qokol chedy deey
f76v	f76v.13	P	B	2	B	M	0	0	saiin sheedy qol sheedy okeeedy qoteedy chedy qotedy oleeedy qoteedy lo
f76v	f76v.14	P	B	2	B	M	0	0	qokeedy qol cheedy otedy cthedy otedy qoteedy shcthedy qoeekeedy deedy
f76v	f76v.15	P	B	2	B	M	0	1	tchedy lsheedy chedal chedy checthey
f76v	f76v.16	P	B	2	B	M	1	0	polshdal otedair opshedal qokedy shedy fschedal tsheokeedy oshepols
f76v	f76v.17	P	B	2	B	M	0	0	sar olkeey shokaiin sheolol otedy qekchdy qoeeedy qokedy lkedy chdy
f76v	f76v.18	P	B	2	B	M	0	0	lshey qockhedy qodeey qolkeedy qokedy chol chedchey daiin olkedy
f76v	f76v.19	P	B	2	B	M	0	0	or as sheey otar shedy otchedy checkhey olchedy checkhy checkhy lky
f76v	f76v.20	P	B	2	B	M	0	0	dol sheetey qokedy ol checkhy lshedy qokeedy cheedy qokeedy shl loiii@175;
f76v	f76v.21	P	B	2	B	M	0	0	cthedy oteol chdar chckhy chees salkchdy chey lcheedy lchedy qoteedy
f76v	f76v.22	P	B	2	B	M	0	0	sol shey qotedy chey dytey teedy lchey qokedy chedy lal chedy lchedy
f76v	f76v.23	P	B	2	B	M	0	0	dchedy qokeedy qotchy qokol shedy shedy chedy olched? shetey saiin
f76v	f76v.24	P	B	2	B	M	0	1	qokeey lsheey dal lchedy olshey
f76v	f76v.25	P	B	2	B	M	1	0	psheoldy opalshedy qokshedy qokedy dor shey opchedy dal so fcham
f76v	f76v.26	P	B	2	B	M	0	0	dshol qokaiin ches daiin checkhy oteoldy qokeey chckhy lar aly
f76v	f76v.27	P	B	2	B	M	0	0	daiin shckhey qokeedy saiin chek ain r ain o kan chlaiiin
f76v	f76v.28	P	B	2	B	M	0	0	saiin sheckhy cheolchey qokedy sair sheckhy l keedy lchedy
f76v	f76v.29	P	B	2	B	M	0	0	sar sheedy qokeedy qolkey lchdy schees shees al ches okaiin alaldy
f76v	f76v.30	P	B	2	B	M	0	0	tchedy lshees aiin chees tchy rshed chkaiin sheky shtal cheedy lsan
f76v	f76v.31	P	B	2	B	M	0	0	sair shekaiiin shets aiiin shety otey okaiin otedy qotar chedy
f76v	f76v.32	P	B	2	B	M	0	0	tain sheey qotain chedy qokaiin chedy taiin chckhedy otol oty
f76v	f76v.33	P	B	2	B	M	0	1	saiin otaiin shckhedy
f76v	f76v.34	P	B	2	B	M	1	0	sakaiin okeedy chedy qotain cphey opcheey oty saiin otary
f76v	f76v.35	P	B	2	B	M	0	0	ychees alchedy qokeedy lshedy tolchedy lchedy qoky saiin olor
f76v	f76v.36	P	B	2	B	M	0	1	daiin cheol teey lshety okeey qeedy
f76v	f76v.37	P	B	2	B	M	1	0	qoeedy lchedy chees ol oiiin chchky shekeey qokey qoky saiin sy
f76v	f76v.38	P	B	2	B	M	0	0	saiin chedy shedy qokeedy lol saiiin qokain chey r al r aiin dl
f76v	f76v.39	P	B	2	B	M	0	0	sshey lshedy qokaiin shedy okedy san ol keedy sor qoky dedy
f76v	f76v.40	P	B	2	B	M	0	0	sol shedy qoky daiin shedy chey qokaiin cheedy qo char aiin
f76v	f76v.41	P	B	2	B	M	0	1	sol shey chedy qokedy chedy qol r aiin shedy
f77r	f77r.1	L	B	2	B	M	0	0	darchdar
f77r	f77r.2	L	B	2	B	M	0	0	olkchs
f77r	f77r.3	L	B	2	B	M	0	0	otedy
f77r	f77r.5	L	B	2	B	M	0	0	otol
f77r	f77r.9	P	B	2	B	M	1	0	poldarais ol qokol chey qopchedy qopchedy dylches olkedy loly
f77r	f77r.10	P	B	2	B	M	0	0	tolchd ar shey qotaiin qotedy qokol chdy qokain chetey sal
f77r	f77r.11	P	B	2	B	M	0	0	qoteedy qokaiin shedy chol shedy shcthey qokeedy oteedy cham
f77r	f77r.12	P	B	2	B	M	0	0	solteedy qoteedy qodeedy chedaiin chedy shedaiin shealol ched
f77r	f77r.13	P	B	2	B	M	0	0	qokeedy qol sheedy shol tedy chedy lsheedy qokedy qolal chedy
f77r	f77r.14	P	B	2	B	M	0	0	sokcheey sain sheeol qoteedy qokaiin shedy qokeedy qotedy
f77r	f77r.15	P	B	2	B	M	0	0	qokeedy shedy qotol shedy qokaiin sheety qokeed y lchedy lol
f77r	f77r.16	P	B	2	B	M	0	0	sshedy qotaiin chedy qokaiin shedy qolcheedy qokeedy lol
f77r	f77r.17	P	B	2	B	M	0	0	qoteedy qoteedy qokedy sheed qeey saiin sheety qokeedy lol
f77r	f77r.18	P	B	2	B	M	0	0	daiin cheedy lshey qo l or chees sheckhedy qol cheedy qotaiin
f77r	f77r.19	P	B	2	B	M	0	0	qokeedy lchey lsheey qokeedy qokeedy qokar qokeey laiin chey
f77r	f77r.20	P	B	2	B	M	0	0	qotain sheal qokeedy qoteey qokain sheey qotedy dalchedy
f77r	f77r.21	P	B	2	B	M	0	0	chedaiin shedy qokeedy qokedy qokeey chedy shear olaiiny
f77r	f77r.22	P	B	2	B	M	0	0	qoteedy al lchedy r oin chy chedaiin cheey okedy qoky
f77r	f77r.23	P	B	2	B	M	0	0	sheoky qokaiin chedy lchedy olshedy qokeedy chedy qokal
f77r	f77r.24	P	B	2	B	M	0	1	daiin dol shor cphey lfcheal shear qolchy
f77r	f77r.25	P	B	2	B	M	1	0	otedy qokar shedy qokal shedar dal chedy daror
f77r	f77r.26	P	B	2	B	M	0	0	qoteedy qokeedy qokaiin chcthy lchedy qokaly
f77r	f77r.27	P	B	2	B	M	0	0	solchedy qokain okaiin shedy qokeedy qotedy
f77r	f77r.28	P	B	2	B	M	0	0	olchey qotey qokain olcheedy sar lom
f77r	f77r.29	P	B	2	B	M	0	0	saiin cheeol qokeedy qokeedy qotal
f77r	f77r.30	P	B	2	B	M	0	0	qokaiin chckhey sa iin qolkain cheeky lol
f77r	f77r.31	P	B	2	B	M	0	0	qokain chckhy qokeey qotedy qotedy qotary
f77r	f77r.32	P	B	2	B	M	0	0	qor ain cheol ol chealor cheey qeteiiin dary
f77r	f77r.33	P	B	2	B	M	0	0	daiin chedy qol keedy qoteeedy sar oiiiin cheety dy
f77r	f77r.34	P	B	2	B	M	0	0	qokaiin shedy chedy qolchedy qokaiin qokaiin checkhy raiin
f77r	f77r.35	P	B	2	B	M	0	0	solkeey okaiin chedy qokain sheedy qokaiin chedaiin chealy
f77r	f77r.36	P	B	2	B	M	0	0	dshedy pchedy qotain chedy dolchl qokeedy qokol olchey
f77r	f77r.37	P	B	2	B	M	0	1	teeolain chey qoteedy qokain cheedy cheey lchedy
f77r	f77r.38	P	B	2	B	M	1	0	pol shedy qoeedy qokaiin chcphey qol ltaiin shedy qol
f77r	f77r.39	P	B	2	B	M	0	0	olaiin cheey sheckhey lsheey qykaiin sheedy laiin
f77r	f77r.40	P	B	2	B	M	0	0	daiiin ol eeedy okaiin sheeol qotaiin shody qoty
f77r	f77r.41	P	B	2	B	M	0	0	daiin sh qolchey qotedy qotal r ain chl s arol
f77r	f77r.42	P	B	2	B	M	0	0	qokeedy qotedy qokeedy qokeedy qokeey s aiin al
f77r	f77r.43	P	B	2	B	M	0	0	d chee ol cheedy qotaiin qoteedy qotedy raiin
f77r	f77r.44	P	B	2	B	M	0	0	sheey qepchedy qol cheedy qokear cheey loly dy
f77r	f77r.45	P	B	2	B	M	0	0	qokaiin ches lchear dal chr sl s ain ol raiin lod
f77r	f77r.46	P	B	2	B	M	0	0	daiin chlchpsheey tal cheol dag as otey daiin
f77r	f77r.47	P	B	2	B	M	0	0	ysheey dal saiisol sal dalo tain dary dalo
f77r	f77r.48	P	B	2	B	M	0	1	sodar oloky
f77r	f77r.49	L	B	2	B	M	0	0	otchdy
f77r	f77r.50	L	B	2	B	M	0	0	otolaiin o
f77v	f77v.1	L	B	2	B	M	0	0	okain y kal
f77v	f77v.2	L	B	2	B	M	0	0	otol shedy
f77v	f77v.3	L	B	2	B	M	0	0	olkeedal
f77v	f77v.4	L	B	2	B	M	0	0	otolor
f77v	f77v.5	L	B	2	B	M	0	0	orchedal
f77v	f77v.6	P	B	2	B	M	1	0	qetedy shedy qotol odal chal dar qopshedy qotedy qotedy qokedy dal
f77v	f77v.7	P	B	2	B	M	0	0	olshedy qolsheedy qy rr ycheedy okedy lshedy chs shdal chedy qolky
f77v	f77v.8	P	B	2	B	M	0	0	qokeeey shedy qokeedy qodykey qokedy rsheedy taiiin sheol teedy yry
f77v	f77v.9	P	B	2	B	M	0	0	dcheol kshey qolchshy cheol olchedy ol chs ol sheedy qokedy chedy
f77v	f77v.10	P	B	2	B	M	0	0	tchedar alain checkhy sal shedy qokal chedy qokedy qol shedy lol
f77v	f77v.11	P	B	2	B	M	0	0	qockhy dol chdy dsheedal qokal chedy dal shedy qokeedy dal olchy
f77v	f77v.12	P	B	2	B	M	0	0	lchedy shedal qokedy okal chedy qokal shedy chedy qol chdy lam
f77v	f77v.13	P	B	2	B	M	0	0	sor sheol chdy qokeedy dar shedy chedy qokal chedy qokey lshedy dal
f77v	f77v.14	P	B	2	B	M	0	0	darcheedal qeedy qeedeey olchey lchey qedy or cheey qol rar ar
f77v	f77v.15	P	B	2	B	M	0	1	qol kaiin shey
f77v	f77v.16	P	B	2	B	M	1	0	tedal daiin okaiin shedy qokedy qokain otedy dasy
f77v	f77v.17	P	B	2	B	M	0	0	olchedy qol shedy qokchedy qokeey daiin olol
f77v	f77v.18	P	B	2	B	M	0	0	qokaiin sheol ekedy qokey qokal dal daly
f77v	f77v.19	P	B	2	B	M	0	0	qoraiin shey qokaiin chal aiiin chedy qol
f77v	f77v.20	P	B	2	B	M	0	0	daiin salchedy qokedy qokal shed keoly
f77v	f77v.21	P	B	2	B	M	0	0	qokal salchedy shey fchor qotas olky darory
f77v	f77v.22	P	B	2	B	M	0	0	dalchey qol chedy oqokain olkaiin chckhy qokal dar
f77v	f77v.23	P	B	2	B	M	0	0	qokal chees ol shedy doraiin ol qoky ches ol dal
f77v	f77v.24	P	B	2	B	M	0	0	daiin sheekey qokeedy daiin dail qokedy qokedy rol
f77v	f77v.25	P	B	2	B	M	0	0	lchor oiiin shedy qokaiin saiin dal sheedy qokeedy ral
f77v	f77v.26	P	B	2	B	M	0	0	dairol shedy rchy sheor qokedy qoky chckhy qokchy ldol
f77v	f77v.27	P	B	2	B	M	0	0	tshedy qokain chedal fchedy cheky sain chedy qokain ol
f77v	f77v.28	P	B	2	B	M	0	1	ychedy qokedy qoked ol sheor olchdy
f77v	f77v.29	P	B	2	B	M	1	0	tchadchy lshedy daly dal dsheedy pcheol lfol ol cheedy qoty
f77v	f77v.30	P	B	2	B	M	0	0	shey ol sheey qokedy lchedy qokaiin dal daiin chedy
f77v	f77v.31	P	B	2	B	M	0	0	qoas shedy qokaiin shcthy qotedy rchr oltedy lchy
f77v	f77v.32	P	B	2	B	M	0	0	ycheey qolshedy qokalchedy qokaiin checkhy qokal
f77v	f77v.33	P	B	2	B	M	0	0	qokaiin cheky rar chedy qokal dar y qotal dal rain
f77v	f77v.34	P	B	2	B	M	0	0	solkchedy shar ytal dy dychedy lkchey qokedy rched
f77v	f77v.35	P	B	2	B	M	0	0	tchor sheey qokain qokain sheol qokeedy qokal dary
f77v	f77v.36	P	B	2	B	M	0	0	qotchy qokal shedy qokedy lchedy qokedy qol raiin chey
f77v	f77v.37	P	B	2	B	M	0	0	schedy qotar sarolsheedy qokain cheey roiin daiin shey
f77v	f77v.38	P	B	2	B	M	0	0	toldal shedy qokedy qokain dolcheedy rolchedy qokedy
f77v	f77v.39	P	B	2	B	M	0	0	dcheol kchedy soey qokal qokal shedy sholdy qotal dar
f77v	f77v.40	P	B	2	B	M	0	0	qokeey rol chdor cheey qokaiin saiin shedy qokeedy qokam
f77v	f77v.41	P	B	2	B	M	0	0	chedy lchedy lkaiin dy qokal dar chdain ldchey ol raiin oldy
f77v	f77v.42	P	B	2	B	M	0	1	tcheey qokeey qokal lchedy cheolkaiin okol
f77v	f77v.43	L	B	2	B	M	0	0	saroral
f77v	f77v.44	L	B	2	B	M	0	0	okalo
f77v	f77v.45	L	B	2	B	M	0	0	o?eoedu
f78r	f78r.1	L	B	2	B	M	0	0	okchdldlo
f78r	f78r.2	L	B	2	B	M	0	0	okchdy
f78r	f78r.3	P	B	2	B	M	1	0	tshedor shedy qopchedy qokedy dy qokol oky
f78r	f78r.4	P	B	2	B	M	0	0	qokeedy qokedy shedy tchedy otar olkedy dam
f78r	f78r.5	P	B	2	B	M	0	0	qckhedy cheky dol chedy qokedy qokain olkedy
f78r	f78r.6	P	B	2	B	M	0	0	yteedy qotal dol shedy qokedar chcthey otor dor or
f78r	f78r.7	P	B	2	B	M	0	0	qokal otedy qokedy qokedy dal qokedy qokedy s @176;am
f78r	f78r.8	P	B	2	B	M	0	0	dshedy qokedy okar qokedy shedy ykedy shedy qoky
f78r	f78r.9	P	B	2	B	M	0	0	schedy keedy qokedy chckhd qokain chedy qotedy dy
f78r	f78r.10	P	B	2	B	M	0	0	dshedy deedy qokeedy otedy otal tedy otey oloiin
f78r	f78r.11	P	B	2	B	M	0	0	qoky okeedy sheety qoteedy otey shckhedy sokol or
f78r	f78r.12	P	B	2	B	M	0	0	dor shekedy qokol kechdy otedy ol tedy chckhedy
f78r	f78r.13	P	B	2	B	M	0	0	qokedy ol kedy qokain okedy kedy tol dy qoteedy dy
f78r	f78r.14	P	B	2	B	M	0	0	sor checkhy or chckhdy dol kedy qokededy qokan ol
f78r	f78r.15	P	B	2	B	M	0	0	dchckhedy qokchdy qokedy okedy dal or okeed olkain
f78r	f78r.16	P	B	2	B	M	0	0	qokol oted okain ched ar alory
f78r	f78r.17	P	B	2	B	M	0	0	soiin kar kedy pche'y tchdoltdy
f78r	f78r.18	P	B	2	B	M	0	0	o l chedy qokain dar ar okain
f78r	f78r.19	P	B	2	B	M	0	0	y ches aiin okeedy qokain chl
f78r	f78r.20	P	B	2	B	M	0	0	sol shedy dalshdy qokychdy
f78r	f78r.21	P	B	2	B	M	0	0	lchedy qokain cheeky lokedy
f78r	f78r.22	P	B	2	B	M	0	0	yched qokain daiin chckhdy lr
f78r	f78r.23	P	B	2	B	M	0	0	sain sheor olkchdy roiin okeedy
f78r	f78r.24	P	B	2	B	M	0	0	qokeedy kedy qokeey qokedy olol
f78r	f78r.25	P	B	2	B	M	0	0	sokeedy keol lorain olkeey raiin
f78r	f78r.26	P	B	2	B	M	0	0	sol shey kary or shedy qeedar ain anl
f78r	f78r.27	P	B	2	B	M	0	1	daiin chckhal daiil aldy
f78r	f78r.28	P	B	2	B	M	1	0	@176;orain ol qokeedy kchol tchal olkee yfchey ofchedy taly
f78r	f78r.29	P	B	2	B	M	0	0	ssheky ol kedy chckhy dain oty qokor oky dain chy ol
f78r	f78r.30	P	B	2	B	M	0	0	qokeedy qokey daiin olkain dal chedy ololdal chchty tedy
f78r	f78r.31	P	B	2	B	M	0	0	solkeedy sheckhy qokedy otal shedy otar olchedy cthdy
f78r	f78r.32	P	B	2	B	M	0	0	qokedy ckhdy qokain chedy dalky lkain ykeedy okaly dy
f78r	f78r.33	P	B	2	B	M	0	0	ytedy daiin ykedy y olsheey qokeey okal ol keedy dyky
f78r	f78r.34	P	B	2	B	M	0	0	dshedy qokeedy qopchedy qokaly dar okaiin o keeal am
f78r	f78r.35	P	B	2	B	M	0	0	y sain checkhy qokain cheeky daiin daiin y tees ol y
f78r	f78r.36	P	B	2	B	M	0	0	qotchedy lchedy lchedykedy qolsaiin ckhain or
f78r	f78r.37	P	B	2	B	M	0	0	osal ol s aiin shee' aiin oly
f78r	f78r.38	P	B	2	B	M	0	0	sar aiin oteedy ol aiin chedy
f78r	f78r.39	P	B	2	B	M	0	0	qotaiin qokaiin otedy l keedy
f78r	f78r.40	P	B	2	B	M	0	0	shedy qol shedy qokaiin d @206;ol
f78r	f78r.41	P	B	2	B	M	0	0	ykain chdar chedy qokain dy
f78r	f78r.42	P	B	2	B	M	0	0	dain chfaiin opaly kotaly
f78r	f78r.43	P	B	2	B	M	0	1	lchedy pchedy qokaiin dar
f78r	f78r.44	L	B	2	B	M	0	0	dar aloy
f78r	f78r.45	L	B	2	B	M	0	0	dchedaly
f78r	f78r.46	L	B	2	B	M	0	0	otarodla'yorory
f78r	f78r.47	L	B	2	B	M	0	0	okaral
f78v	f78v.1	P	B	2	B	M	1	0	@177;ykedy olfchedy qokedy spchy chedy rol dor ofchedy qokedy
f78v	f78v.2	P	B	2	B	M	0	0	olshedy qokedy rshedy cthdy otedy kedy dal dal dol oty dal
f78v	f78v.3	P	B	2	B	M	0	0	qokedy chety qolshedy okedy dol eesolchey qotedy ol dam
f78v	f78v.4	P	B	2	B	M	0	0	ol chy lshdy lcheckhy ol keedy lcheckhey l olkedykain ol
f78v	f78v.5	P	B	2	B	M	0	0	qor olkeey olkain ol chsey ol cheeky dar okal dal olchedy
f78v	f78v.6	P	B	2	B	M	0	0	ety okeey or eey ykeey lchey qokain okedy qokedy qol
f78v	f78v.7	P	B	2	B	M	0	0	otor y shedy otedy shedy qokeedy qokedy otar otedy
f78v	f78v.8	P	B	2	B	M	0	0	qokedy otedy qokain oteedy qokeedy dar okedy dkedy dain
f78v	f78v.9	P	B	2	B	M	0	0	y cheolk o lkeedy qokedy ol chedol okeedy qotedy rorarol
f78v	f78v.10	P	B	2	B	M	0	0	dshedy qokedy or shedy pchedy qoke@166;dy okedy opchedy
f78v	f78v.11	P	B	2	B	M	0	0	qol chedy qol okeey ykal ol chdy qokain chcthy daiin
f78v	f78v.12	P	B	2	B	M	0	0	sheor ol qokaiin shckhy otaly qolsheey qokal sain
f78v	f78v.13	P	B	2	B	M	0	0	dchokol chedy qokedy qokey qol chedy qokeedy lchey
f78v	f78v.14	P	B	2	B	M	0	0	qolkeshdy qol shedy olkedy okol chedy qokain dal
f78v	f78v.15	P	B	2	B	M	0	0	cheey qolchedy qokey or cheef chckhey tedy qokedy ls
f78v	f78v.16	P	B	2	B	M	0	0	lshey r shedy d qokedy okey lchedy qokdy daiin oly
f78v	f78v.17	P	B	2	B	M	0	0	qol sheedy qol lcheol lchdy dchdy da qar olkal dy
f78v	f78v.18	P	B	2	B	M	0	0	chedy shckhy qokedy dal lshckhy qol qol oteedy qor
f78v	f78v.19	P	B	2	B	M	0	1	lchedy ol chedar shedy lor shedaldy orain
f78v	f78v.20	P	B	2	B	M	1	0	qofcheol opchedy qokain op chedy lchey cphar ol okalor
f78v	f78v.21	P	B	2	B	M	0	0	chedy lshedy olshedy otaiin ol qokar shedy yteedy
f78v	f78v.22	P	B	2	B	M	0	0	okol shey ol shedy okal okchey okeol ol chedy qol
f78v	f78v.23	P	B	2	B	M	0	0	qol chedy okeshy qoteedy okeedy ol shedy qokedy dy
f78v	f78v.24	P	B	2	B	M	0	0	ytaiin shedy ol sheedy olshdy shey kshdy shol kedy
f78v	f78v.25	P	B	2	B	M	0	0	teeol olkeshey qolcheol ol or sheckhedyor ol sham
f78v	f78v.26	P	B	2	B	M	0	0	qokaiin or sheedy otain ol shedy sol fchedy otaldy
f78v	f78v.27	P	B	2	B	M	0	0	lol kar shr r ol ols sheey ol chedy oltar olkaiin
f78v	f78v.28	P	B	2	B	M	0	0	olkain shey qokey okar ol oteedy chcthy los aiin d
f78v	f78v.29	P	B	2	B	M	0	0	lchedy otchey qol chedy lr al s aiiin ol shedy ary
f78v	f78v.30	P	B	2	B	M	0	0	sal shol sain sheety or oiiin okal oltal qokar ary
f78v	f78v.31	P	B	2	B	M	0	0	sor ar or dchor otaiin otain ytedy olshdy sholkal
f78v	f78v.32	P	B	2	B	M	0	1	lol cheor sheol dy qokar otalor
f79r	f79r.1	P	B	2	B	M	1	0	torain shedy pchor or shek otarpchdy opcholor otal shedy
f79r	f79r.2	P	B	2	B	M	0	0	qoteedy lshdy otchedy olshey olshee qol sheey qoteey loly
f79r	f79r.3	P	B	2	B	M	0	0	yshealdy rshedy qoteedy chckhey qo y chey lchey qokeey rchedy
f79r	f79r.4	P	B	2	B	M	0	0	teey dar qotar sheds sheekeey qokeey okey qolshy olchey qoky ol
f79r	f79r.5	P	B	2	B	M	0	0	qokal shedy chcthy or chear salchey qol shal chey l cheol chol chy
f79r	f79r.6	P	B	2	B	M	0	1	shol okar ol olkeey qokey sain olcheey qol chey
f79r	f79r.7	P	B	2	B	M	1	0	polchedy qokar shey qokl ol cheey qokain chey qoty qokar
f79r	f79r.8	P	B	2	B	M	0	0	qokol cheedy qokal shed ykchedy chcthy yoky qokal cholo
f79r	f79r.9	P	B	2	B	M	0	0	saiin shedy psheedy qokar sheol qolchey qoty qokal qokam
f79r	f79r.10	P	B	2	B	M	0	0	qokshedy qokain cheor okol sheeol qotey choty otechys
f79r	f79r.11	P	B	2	B	M	0	0	shoy chedy tshey dshdy otchar shek chcthy otal ory
f79r	f79r.12	P	B	2	B	M	0	1	qokchy qotchey ldain shedy qotaiin sal
f79r	f79r.13	P	B	2	B	M	1	0	pshorol shckhy qotshdy qokaldy opchedy qotar or aiin ol
f79r	f79r.14	P	B	2	B	M	0	0	saral qokain checkhy qotal qol cheey chey dain chedy qol
f79r	f79r.15	P	B	2	B	M	0	0	qokl shey qokal chedy okol dyty r aiin ol sheol lchey
f79r	f79r.16	P	B	2	B	M	0	0	shain shckhy qoly kshedy otal sheey qokain shey qokam
f79r	f79r.17	P	B	2	B	M	0	0	qokaiin shy lsheey ls air or aror otaiin ches olol ol
f79r	f79r.18	P	B	2	B	M	0	0	solor olshey qokaiin chey qokain otain otain otal ol dam
f79r	f79r.19	P	B	2	B	M	0	0	sol cheey chol sain oral shey qokain sheyky shoty oly
f79r	f79r.20	P	B	2	B	M	0	1	y shal y chedar oy scthey tal chear
f79r	f79r.21	P	B	2	B	M	1	0	pol shar sharpchey otshey okaos aiin okshey dalkeeeyry
f79r	f79r.22	P	B	2	B	M	0	0	lchey dal sheedy efchedy otain shey qofchey ol dorchedchey
f79r	f79r.23	P	B	2	B	M	0	0	das shear qotaiin ol lkain otchedy or olkl o tshedy otory
f79r	f79r.24	P	B	2	B	M	0	0	qokshedy qolkeey qolkeedy qokedy otain otchey okain y
f79r	f79r.25	P	B	2	B	M	0	1	cholchey qotshy qol shey qokar shedy oteey chcthy
f79r	f79r.26	P	B	2	B	M	1	0	polaiin olteedy qotchey dykeedy qokchdy opchedy shol ory
f79r	f79r.27	P	B	2	B	M	0	0	qokeedy sheey kas cheey olkaiin ol ory cholor oty oky
f79r	f79r.28	P	B	2	B	M	0	0	y dolsheey qokain o dain yteey chyteey otoldy lchey
f79r	f79r.29	P	B	2	B	M	0	0	lcheey qochey qody qokal olor okchd dchol dchy oly
f79r	f79r.30	P	B	2	B	M	0	1	y shedy qotal ysheey olor
f79r	f79r.31	P	B	2	B	M	1	0	polshey oltshedy sheol ykeey okeey cheor sheedy ol
f79r	f79r.32	P	B	2	B	M	0	0	sol cheedy qoteedy okaiin ol olaiin shey daiin ch?y ol
f79r	f79r.33	P	B	2	B	M	0	0	daiin shedy qotshedy oteeedy oteedy chey qokain ol
f79r	f79r.34	P	B	2	B	M	0	1	lcheol kchedy qotas sheey teol oteedy
f79r	f79r.35	P	B	2	B	M	1	0	polchedy shedy qoteedy qotain ody chckhes otal
f79r	f79r.36	P	B	2	B	M	0	0	sol sheeol ol cheey os sheky sheol or shear oly
f79r	f79r.37	P	B	2	B	M	0	0	lcheol ol ol sheey olsheey sholkeey okchey dain
f79r	f79r.38	P	B	2	B	M	0	1	pol olkeeey sheol qokeey
f79r	f79r.39	P	B	2	B	M	1	0	polkeey qokol otshdy olky orkor sheedy olkal
f79r	f79r.40	P	B	2	B	M	0	0	y shedy qokched oltchey otchotar ol okaiin chckhy
f79r	f79r.41	P	B	2	B	M	0	0	qokain shedy qotain oteedy chkain ol ol chedy oly
f79r	f79r.42	P	B	2	B	M	0	0	sain okaio chedy lkchedy aiin okain oly cheedy
f79r	f79r.43	P	B	2	B	M	0	0	y shey qokain cheol qoky daiin chkag ar cheedy ldy
f79r	f79r.44	P	B	2	B	M	0	1	ody aran okeey dar cheory
f79v	f79v.1	P	B	2	B	M	1	0	poldshedy olkory qotolol otaldy ytedol or olorol
f79v	f79v.2	P	B	2	B	M	0	0	qoteedy qokchey qoty lshey qokain shey qorchedy
f79v	f79v.3	P	B	2	B	M	0	0	dolsheol okchy qokain sheedy qokshedy qokeedy otaram
f79v	f79v.4	P	B	2	B	M	0	0	qokeedy qokeedy qotain sol chedy rchey qoky lchedy
f79v	f79v.5	P	B	2	B	M	0	0	qolkeedy qokedy qotal saiin ory qokedy oteedy lcheam
f79v	f79v.6	P	B	2	B	M	0	0	ycheckhey r ain chedy qokain chedy ol shedy dar ytam
f79v	f79v.7	P	B	2	B	M	0	0	qokshey qokeedy qol kedy qokeedy qokain solchedy
f79v	f79v.8	P	B	2	B	M	0	0	ychedy qotey okedy tedyol sheedy qokeey qoteedy lol
f79v	f79v.9	P	B	2	B	M	0	1	sar ol sheey qokeedy qokechey qol
f79v	f79v.10	P	B	2	B	M	1	0	pchedy lsheckhedy qokeey qokaiin olky opchedy pchedy
f79v	f79v.11	P	B	2	B	M	0	1	olcheey lchedy qolkeedy qokain chckhy otar olkam
f79v	f79v.12	P	B	2	B	M	1	0	pshdy ofchdy qokedy qoteedy qokedy qoltedy qotedy oky
f79v	f79v.13	P	B	2	B	M	0	0	dain ar olshey dytain qokain checthy okeedy qokeedy ror
f79v	f79v.14	P	B	2	B	M	0	0	qokeey qokedy okeey qokol sheedy qokeedy rolchey qokeedy
f79v	f79v.15	P	B	2	B	M	0	0	yteedy qokeedy qokain olkeey cheokain dy teey qokain
f79v	f79v.16	P	B	2	B	M	0	0	dol sheey qol olkshey qokeedy olkeedy qol okaiin oly
f79v	f79v.17	P	B	2	B	M	0	0	qol sheey chol ol dar qokaiin cheekey qoky otain oram
f79v	f79v.18	P	B	2	B	M	0	0	qokain sheey qokeey teey oteey lcheey qokeey olkeedy rchey
f79v	f79v.19	P	B	2	B	M	0	0	ykail shy qolar shey qokedy qokedy qokedy dar olkain cham
f79v	f79v.20	P	B	2	B	M	0	0	dchedy lchey qety shedy okain ykees olkey oty shey qoly
f79v	f79v.21	P	B	2	B	M	0	0	dshey qokal sheedy sheky orain otshdy dain cther aror
f79v	f79v.22	P	B	2	B	M	0	1	tshey ykeey r ch ?ain oroiiin
f79v	f79v.23	P	B	2	B	M	1	0	tolkey okar ol okaiin otylor qokol okeedy dalary
f79v	f79v.24	P	B	2	B	M	0	0	ycheear o oiin oeedy qotain chedy qokeey oteey qokeey lol
f79v	f79v.25	P	B	2	B	M	0	0	qokeey ol olshdy qotain oteedy olkain otshey sain ol
f79v	f79v.26	P	B	2	B	M	0	0	ykeedy okaiin dykaiin otedy dkeey tar ol otol oiiiny
f79v	f79v.27	P	B	2	B	M	0	1	odchey kar akain opar otain olkey
f79v	f79v.28	P	B	2	B	M	1	0	pchey ksheol qokain ofchedy otalshdy olkair otaiin okeedy
f79v	f79v.29	P	B	2	B	M	0	0	dain sheyteedy lky opchedy qotedy otey tal dain oteey oty
f79v	f79v.30	P	B	2	B	M	0	0	qokain sheeky okar okey qokey tedy skain oteedy qoky
f79v	f79v.31	P	B	2	B	M	0	0	yshees aiin o ykeedy qokeedy qokar oteedy roltain
f79v	f79v.32	P	B	2	B	M	0	1	olkeey ol or ocheey ol ol o keeedy checkhy aror
f79v	f79v.33	P	B	2	B	M	1	0	por ar or yteey teey okar oshey qoky chey okeey ldy oral
f79v	f79v.34	P	B	2	B	M	0	0	ykeeey qokeey lshey qoky tchedy orsheedy otain sheor oly
f79v	f79v.35	P	B	2	B	M	0	0	qor cheey kain chl ol otol dain otain ol oteedy qokan
f79v	f79v.36	P	B	2	B	M	0	1	ysheey ol shey oltshsey sheepshey
f79v	f79v.37	P	B	2	B	M	1	0	pol ol shal kain okeey lkeey qokal otchsdy okeshdy
f79v	f79v.38	P	B	2	B	M	0	0	olkeeey qokeey okeedy shedy qokeey okain sheckhdy dag
f79v	f79v.39	P	B	2	B	M	0	0	qokeedy ykeey sheey or or aiin yefaiin chy dor yty
f79v	f79v.40	P	B	2	B	M	0	0	qokees aiin okain ol oiin qokoin sheky qokeedy qokar ol
f79v	f79v.41	P	B	2	B	M	0	0	yshedy qokeey okain ol keey daldy chedy raiin orain
f79v	f79v.42	P	B	2	B	M	0	1	okchedy qokain sheky chedy ol ain y daral
f80r	f80r.1	L	B	2	B	M	0	0	toroly
f80r	f80r.2	L	B	2	B	M	0	0	olchdy
f80r	f80r.3	L	B	2	B	M	0	0	okaly
f80r	f80r.4	L	B	2	B	M	0	0	okolo
f80r	f80r.5	L	B	2	B	M	0	0	okary
f80r	f80r.6	L	B	2	B	M	0	0	opor
f80r	f80r.8	L	B	2	B	M	0	0	otalshedy
f80r	f80r.10	L	B	2	B	M	0	0	okan
f80r	f80r.11	P	B	2	B	M	1	0	pdol fshedy polkain octhor okchdy qokeedy qopcheololkoiin y darshey
f80r	f80r.12	P	B	2	B	M	0	0	dykshy ol otchedy qokain qotain chckhey qokain okal qotain okedy qo l r
f80r	f80r.13	P	B	2	B	M	0	0	tchedy qotair cheol qokal qokal cheety qokaiin qokar qokain chedy qokam
f80r	f80r.14	P	B	2	B	M	0	0	solkain shl lky chcthy qokain qotchy qotal dy chckhy lchey qotar otal
f80r	f80r.15	P	B	2	B	M	0	0	qokedy qokeedy checkhy olchedy qokain chey qokechckhy otar cheoltain sy
f80r	f80r.16	P	B	2	B	M	0	0	solchedy qokeedy qokar ol chedy qokain shecthy qokeedy saltar chkain oty
f80r	f80r.17	P	B	2	B	M	0	0	solky sheckhy sheky shkeol qokar sheky chetain ol olkar okain sheky qokal da?
f80r	f80r.18	P	B	2	B	M	0	0	paiin sheol qokain chety qokeedy qokar shcthy qotol shecthy qokain olkam
f80r	f80r.19	P	B	2	B	M	0	0	dcheol shedy qokeel qotaiin chtal schcthy qokal chcthy qokain okain oloky
f80r	f80r.20	P	B	2	B	M	0	0	qoteedy keey qokain chckhy qoty dalched otain shedy qokair shey dalom
f80r	f80r.21	P	B	2	B	M	0	0	shedy qokey shckhey qotar chckhy otol teol sheol qotal oltain chcthy
f80r	f80r.22	P	B	2	B	M	0	0	qokeedy qol shecthy qokalkeol qoky qokal shedy sal olkain shey qokl
f80r	f80r.23	P	B	2	B	M	0	0	yshey l shey kaiin lor aiiin shcthy pchey ty ol keedy tar oky lar
f80r	f80r.24	P	B	2	B	M	0	0	lol chey rchy r ol dain oty qoty otalor sheckhy olkeey ral chedyor
f80r	f80r.25	P	B	2	B	M	0	0	dar sheal cheeky okain sol lshedy dol checthy orol eeesal olo teol ory
f80r	f80r.26	P	B	2	B	M	0	0	lchol dar shecthy otedy qol olcheedy opcheeky qotchy qokaiin otair olky
f80r	f80r.27	P	B	2	B	M	0	1	lol shar otaiin olkaiin ol olkain oraiin olor checthy olor
f80r	f80r.28	P	B	2	B	M	1	0	pcheolkal dal korchy qotey qoty rchedy qokal olkolshedy chty
f80r	f80r.29	P	B	2	B	M	0	0	okchey qoky chedy qokain shedy qol sheey qokal dar ary
f80r	f80r.30	P	B	2	B	M	0	0	dshedy qokal chcthy qokain shedy okaiin shey dainol
f80r	f80r.31	P	B	2	B	M	0	0	qokal checthy sol chey okalol okaly qokeedy oly
f80r	f80r.32	P	B	2	B	M	0	0	solchey qoky r cheykain sheckhy qokain okain ol
f80r	f80r.33	P	B	2	B	M	0	1	solchey qokeey lkar otal olkeey okain shecthy ol
f80r	f80r.34	P	B	2	B	M	1	0	ey rcheky shepchedy qokar ol qockhey olchey qokedy koroiin y
f80r	f80r.35	P	B	2	B	M	0	0	olkeey l sheol qokeey shedy qol shedy qokain shey qoty qokain qokady
f80r	f80r.36	P	B	2	B	M	0	0	qokeey rchey tain oteey qokain shekaiin sheckhy qolshey qokain ol lom
f80r	f80r.37	P	B	2	B	M	0	0	sol olkeeey otar orchey qokeey ltalor olor qokaiin ol shey qotor alom
f80r	f80r.38	P	B	2	B	M	0	0	sor olky qoty ty tor sheyky t otol opchedy qokain sheky qokain ol
f80r	f80r.39	P	B	2	B	M	0	1	qokeedy qokail oteey otain shedy ykeey rar alshees
f80r	f80r.40	P	B	2	B	M	1	0	torolshsdy opchey shepchy qotain shcthy qokedy daly
f80r	f80r.41	P	B	2	B	M	0	0	tolkain otal chedy qokar ol shedy checkhy or oly
f80r	f80r.42	P	B	2	B	M	0	0	y cheeytal checthy qokain qokain checthy qokain ol
f80r	f80r.43	P	B	2	B	M	0	0	sor sheckhy qokar checkhy okain sheckhy qokeey ly
f80r	f80r.44	P	B	2	B	M	0	0	qokain shckhy qokolkain chedy qokain checthy lor
f80r	f80r.45	P	B	2	B	M	0	0	okain shedy qokan chedy qotain cheky lteey lolom
f80r	f80r.46	P	B	2	B	M	0	1	qokain cheey olkain shedy qokain orol s
f80r	f80r.47	P	B	2	B	M	1	0	polchy efaloir okain okaiin cheey kaiin ylor olkeey qokal
f80r	f80r.48	P	B	2	B	M	0	0	sal shy loiin cheey qotl shety sheoky qokaiin cheey ram
f80r	f80r.49	P	B	2	B	M	0	0	tiiin chey ral kar chey lkl ol shees okaiin olky oklor
f80r	f80r.50	P	B	2	B	M	0	0	lol chey saiin shety okaiiin sheor tchey lkaiin okainy
f80r	f80r.51	P	B	2	B	M	0	0	talkl ol s al cheoly daiin otaly otain chey lkain olom
f80r	f80r.52	P	B	2	B	M	0	0	sol tl shey qoklcheey lkaiin ol olor aiin y daiin cheol kain
f80r	f80r.53	P	B	2	B	M	0	1	lol eey lchey qokal cheol lchor otlol
f80v	f80v.1	P	B	2	B	M	1	0	pchedy dolfchedy qokeedy qotedy qotolfchedy roly
f80v	f80v.2	P	B	2	B	M	0	0	tshedy qotedy olkain otal chckhy qoky daiin doly
f80v	f80v.3	P	B	2	B	M	0	0	schedy qolchedy qokaiin chcthy otaiin sheeky qol
f80v	f80v.4	P	B	2	B	M	0	0	qokedy qokar qokain chedy qol qol shey qoly
f80v	f80v.5	P	B	2	B	M	0	0	okeedy chedy olkeedy oy qokaiin shckhy qotain ol
f80v	f80v.6	P	B	2	B	M	0	1	tcheol kedy pcheol kain shedy qokaiin otey qokedy chedy
f80v	f80v.7	P	B	2	B	M	1	0	polshol tchey qokol shedy qotshey saly kchey stolpchy
f80v	f80v.8	P	B	2	B	M	0	0	olteedy qokaiin shedy qokain sheol qokchdy qokchdy qoty dy
f80v	f80v.9	P	B	2	B	M	0	0	tchdy qol tol tal taldain chckhy qokal dol checthy qokal ly
f80v	f80v.10	P	B	2	B	M	0	0	sol sheey qokaiin shcthy dolshedy qokal shecthy qotainol
f80v	f80v.11	P	B	2	B	M	0	0	tol sheedy qokar olky rorcheey sheckhy qotain chedy rol
f80v	f80v.12	P	B	2	B	M	0	0	ycheol kain shey qokain chedy qokol olkain shy l
f80v	f80v.13	P	B	2	B	M	0	1	lor ar ol olor chey koldy
f80v	f80v.14	P	B	2	B	M	1	0	tshedy qokain shedy qokas otal qopshedy qoty lchedy qopalor
f80v	f80v.15	P	B	2	B	M	0	0	qotaiin chty lchedy s aly tol chey qoteedy otal dain ol dal
f80v	f80v.16	P	B	2	B	M	0	0	cheol key qotar dy qotal dy keedy qokain oty loldy tal
f80v	f80v.17	P	B	2	B	M	0	0	solcheol qokaiin shecthy qokal cheol dy qotlolkal chedyr
f80v	f80v.18	P	B	2	B	M	0	1	ychedy qol okaiin olkedy or okain
f80v	f80v.19	P	B	2	B	M	1	0	psheoldy dkshey qokopy ror opor olpoy oltydy
f80v	f80v.20	P	B	2	B	M	0	0	ysheeyqorar ol cheey daiin shey qokaiin ol okaiin
f80v	f80v.21	P	B	2	B	M	0	0	tar kain okal y rchey qokal olor aiin okal otam
f80v	f80v.22	P	B	2	B	M	0	1	dchedy qokal ol chey dal or shedy lshedy
f80v	f80v.23	P	B	2	B	M	1	0	polteshol opy shey qopshedy qoteedy qotol shy kolshd qoky
f80v	f80v.24	P	B	2	B	M	0	0	yshedy qokeey qokey qoty qotol otaiin ol chedy qoky daiin
f80v	f80v.25	P	B	2	B	M	0	0	lshedy qoty olol cheey qokain okalchy tal or checthy sar
f80v	f80v.26	P	B	2	B	M	0	1	qoty cheyqytaiin chey lchedy shedy olchey
f80v	f80v.27	P	B	2	B	M	1	0	pshol kain olkar shey qokain dal oltaiin okain shal qoty
f80v	f80v.28	P	B	2	B	M	0	0	olcheol qokain or al chain qokain ol kaiin okeedy qokey ly
f80v	f80v.29	P	B	2	B	M	0	1	qokain olkain olkain ol keeol
f80v	f80v.30	P	B	2	B	M	1	0	pol or olkain oy qokaiin okain okar shey qolky
f80v	f80v.31	P	B	2	B	M	0	0	qol ol oiin olkain ol chedy qokain olshey qokain
f80v	f80v.32	P	B	2	B	M	0	0	s olkain shol kair or arolkeedy olky qolkain shedy
f80v	f80v.33	P	B	2	B	M	0	0	qokeedy qoker olkain olshedy qokey qokeey tchcthy lom
f80v	f80v.34	P	B	2	B	M	0	0	dol sheyr shey olshey cthor ylchdy olkain shcthy qoly
f80v	f80v.35	P	B	2	B	M	0	0	tol oltain olkar y qol qol kain okiin ol kain shey ldy
f80v	f80v.36	P	B	2	B	M	0	0	soin okain sheor ol shey daly olshedy olal shedy lchy
f80v	f80v.37	P	B	2	B	M	0	1	polshdy qokeedy shky ololchey
f80v	f80v.38	P	B	2	B	M	1	0	polkedy lsheckhy olky ot olkchy rchey qcthy rchey ral
f80v	f80v.39	P	B	2	B	M	0	0	sol aiin chey qokain ches ol chckhy qokeedy tchdy aral
f80v	f80v.40	P	B	2	B	M	0	0	qokain ol cheeor olar chey tchar ol chedy qotal olchedy
f80v	f80v.41	P	B	2	B	M	0	0	tor arol ar shckhy lkol otol chedy qokain chckhy qokal
f80v	f80v.42	P	B	2	B	M	0	0	pol ol aiin olkal shar shedy qokol chdy ldol dar al
f80v	f80v.43	P	B	2	B	M	0	0	sor ain shkain shar okshey dalar shokal dy
f80v	f80v.44	P	B	2	B	M	0	1	qokal orol
f81r	f81r.1	P	B	2	B	M	1	0	polchoy qokedy shol opchedy olpchedy ofshdy oly
f81r	f81r.2	P	B	2	B	M	0	0	dchey lshl alched qokol chol otar chedy oky
f81r	f81r.3	P	B	2	B	M	0	0	qotey l chees olkal ol chedy okar shedy
f81r	f81r.4	P	B	2	B	M	0	0	dchedy qokain ol ol chcthy ykeedy al
f81r	f81r.5	P	B	2	B	M	0	0	qol cheol okeey ol ol olaiin ol or ain
f81r	f81r.6	P	B	2	B	M	0	0	sar ol eses oteey shor qokeey ol
f81r	f81r.7	P	B	2	B	M	0	0	dshees okain chcthy otey okain
f81r	f81r.8	P	B	2	B	M	0	0	pchedy qokeey oty qotey oteey oly
f81r	f81r.9	P	B	2	B	M	0	0	qoteesy qotedy qokeedy chcphey
f81r	f81r.10	P	B	2	B	M	0	0	chol dain otedy cheey qotain ly
f81r	f81r.11	P	B	2	B	M	0	0	olsheol olkedy sheckhedy oltedy
f81r	f81r.12	P	B	2	B	M	0	0	ychedy tedy ol sheedy qokeey loly
f81r	f81r.13	P	B	2	B	M	0	0	dchol shedy qotedy qol chedy chetyry
f81r	f81r.14	P	B	2	B	M	0	0	qokechedy qolsheedy or ain arol oeeedy
f81r	f81r.15	P	B	2	B	M	0	1	sain ol cheedy qokeedy otedy
f81r	f81r.16	P	B	2	B	M	1	0	polchdy qopchol qokor olpchedy opol oraisy
f81r	f81r.17	P	B	2	B	M	0	0	y checthy okeedy shey qokedy ol ochedar
f81r	f81r.18	P	B	2	B	M	0	0	osheedy shedy ol shedy okeedy oror
f81r	f81r.19	P	B	2	B	M	0	0	qokedy sheedy chedy qoteedy olam
f81r	f81r.20	P	B	2	B	M	0	0	qopchedy qol chedy qokeey odaiin rain daly
f81r	f81r.21	P	B	2	B	M	0	0	dshedy qokal olkeey oteey olshey otey lol
f81r	f81r.22	P	B	2	B	M	0	0	qotal chedy qol ol daiin ol chedar ol oly
f81r	f81r.23	P	B	2	B	M	0	0	chey okain sheckhy soiin chey lchey
f81r	f81r.24	P	B	2	B	M	0	0	par ody shecphy cheol qotaldar otedy oly
f81r	f81r.25	P	B	2	B	M	0	0	sar shedy qol otain okair okal chedy dy
f81r	f81r.26	P	B	2	B	M	0	0	pchedy qokey oteol qol sheor shedy qcthdys
f81r	f81r.27	P	B	2	B	M	0	0	sol chedy qokedy olkedy dol qokchedy
f81r	f81r.28	P	B	2	B	M	0	0	qokesdy chedy qokar chey taiin otey lchl
f81r	f81r.29	P	B	2	B	M	0	0	y sheedy shy chey l chcthy ytar olkaiin ol
f81r	f81r.30	P	B	2	B	M	0	0	l shedy qokedy sor olkar ol kaiin olkshdy
f81r	f81r.31	P	B	2	B	M	0	1	sol shedy ol lchedy shedy shy olkedy ches ar or oraiiin
f81v	f81v.1	P	B	2	B	M	1	0	par shey keedy shekal dal dar ol pchedy shek dain ofalsheky
f81v	f81v.2	P	B	2	B	M	0	0	qokedy okaiin kair okal sar ol kain olkain al ol rol dl
f81v	f81v.3	P	B	2	B	M	0	0	saiin daiin olkeedy okedy dykain shek chdy dalal oldy
f81v	f81v.4	P	B	2	B	M	0	0	qokaiin okain cheeky dy ol kaiin dain dy daiin chcthy
f81v	f81v.5	P	B	2	B	M	0	0	okaiin daiin otain chckhy okeedy qoky kar daiin okar
f81v	f81v.6	P	B	2	B	M	0	0	qokain okaiin ol chedy cheol lky l s aiin okain daldy
f81v	f81v.7	P	B	2	B	M	0	0	olor ol sheckhal daiin qokeedal daiin chckhy schedy qol
f81v	f81v.8	P	B	2	B	M	0	0	ykol or shedy sheedy qolkeedy daiin dkain cphedy oldy
f81v	f81v.9	P	B	2	B	M	0	1	yar olchey kaiin okeey daiin olor checkhy daiidy
f81v	f81v.10	P	B	2	B	M	1	0	polshy ashyteed qop okeedy otedy okshedy qoty dairam
f81v	f81v.11	P	B	2	B	M	0	0	yshey qokeey okeey oky ykeey qoky oky lky olchy ky dsholyd
f81v	f81v.12	P	B	2	B	M	0	0	qol ol chdy shedy qokedy ytedy chetedy lkedey ytedy
f81v	f81v.13	P	B	2	B	M	0	0	ykeshey dchsed ytedy ytedy dar ykeday qoty ykedy okal
f81v	f81v.14	P	B	2	B	M	0	0	dshedy ykeedy sheeky daiin okedy qokeed qokedy lchpchdy
f81v	f81v.15	P	B	2	B	M	0	0	qokal chedy ol sheey salshcthdy qofchedy r chedy ltary
f81v	f81v.16	P	B	2	B	M	0	0	lor shedy qoeedy ol chy rshdy lshedy dar chdy pchdy
f81v	f81v.17	P	B	2	B	M	0	0	sshkchdy chedy ol shedy qolchedy qokain ckhy dl ral
f81v	f81v.18	P	B	2	B	M	0	0	qokchdy chey ol cheky ol shedy qokedy qokedy chckhy qoky
f81v	f81v.19	P	B	2	B	M	0	0	solkeey ol shedy qokar shckhy dedy qokar qokal dol chy
f81v	f81v.20	P	B	2	B	M	0	0	qocthey chekal chedy qokedy lshety qoldy ltedy qotain
f81v	f81v.21	P	B	2	B	M	0	0	lsho qokey lshedy lshedy chedy qolky lchedal qol otar
f81v	f81v.22	P	B	2	B	M	0	0	qokal qol oiin cheey dal lchedy chedy salchtedytar
f81v	f81v.23	P	B	2	B	M	0	0	shol qetchy ykaiin olkain shedy qoky dchedy rol olcthdy
f81v	f81v.24	P	B	2	B	M	0	0	ytey okchedy qokal okeey qol cheedy sal teol dchdy ly
f81v	f81v.25	P	B	2	B	M	0	0	oshedy qotedy shol chedy y shchey ol chey qol chedy tchd oky
f81v	f81v.26	P	B	2	B	M	0	0	?ol checholtar oiin okedy dal shey olkeol olkeedy okeol
f81v	f81v.27	P	B	2	B	M	0	1	dsheol oiiin olkeedy tedy cheky shckhedy chal
f81v	f81v.28	L	B	2	B	M	0	0	otain olkal
f82r	f82r.1	P	B	2	B	M	1	0	qosheedy qokeol daiin shckhyokeeor cheey daiin shey
f82r	f82r.2	P	B	2	B	M	0	0	dchedy qolchedy qokain dyqokeedy qokal lcheckhy lched
f82r	f82r.3	P	B	2	B	M	0	0	qokeey lcheckhedy qokalysolkaiin chckhy qokaiin
f82r	f82r.4	P	B	2	B	M	0	0	qokaiin octheol chkeey ldyoteey qokal sheckhy qoky
f82r	f82r.5	P	B	2	B	M	0	0	sol lkchedy qokeedy qokalcthol chedy qoteedy qokal
f82r	f82r.6	P	B	2	B	M	0	0	sar shedy qol shedaiin sheckhy okal sheky qotaiin chedol
f82r	f82r.7	P	B	2	B	M	0	0	dshedy sotaiin qokar shedy solshedy qokeey qoky ls cheey
f82r	f82r.8	P	B	2	B	M	0	0	qekeey sheedy qokedy lcho r cheey qokey qotal chedy qoteor
f82r	f82r.9	P	B	2	B	M	0	1	ssholshecthy qokaiin chkedy rchey dairchey qokaiin
f82r	f82r.10	L	B	2	B	M	0	0	oroldair
f82r	f82r.11	P	B	2	B	M	1	0	kolchdy qokedy qopol qotedor chopchedy qotal chedy kam
f82r	f82r.12	P	B	2	B	M	0	0	otedy qodched olqo dar checkho lolol okal okarchedy
f82r	f82r.13	P	B	2	B	M	0	0	tcheol olchedy qokeedy qotedy chedar cheey lchey solarol
f82r	f82r.14	P	B	2	B	M	0	0	r olchy qokal chey qokain deeedy qokeey qokaiin olchedy
f82r	f82r.15	P	B	2	B	M	0	0	kedy lchedy qokedy qokeedy lkeedy qokaiin dy daiin chdy dy
f82r	f82r.16	P	B	2	B	M	0	0	qokeedy lchedy qokeedy cheey r or ol s aiin chey ra dam
f82r	f82r.17	P	B	2	B	M	0	0	dshedy qoteey chedy qokeeey qokedy lteedy qokeedy ralchey
f82r	f82r.18	P	B	2	B	M	0	0	polched otain shedy shedy dal chedar qokeey ykeey l s araiin ory
f82r	f82r.19	P	B	2	B	M	0	1	okain char okain qokeedy lchy
f82r	f82r.20	P	B	2	B	M	1	0	posalshy qokedy cphal shedy sheol keeedy lkaiin shedy qoly
f82r	f82r.21	P	B	2	B	M	0	0	daiin cheoky lkedy salshey daiin chey qol chedy qokeey dal
f82r	f82r.22	P	B	2	B	M	0	0	qokaiin cheor sheey qokaiin shckhey qol keeedy qokeeey rasy
f82r	f82r.23	P	B	2	B	M	0	0	cheey qcthey qokeey lcheey daiin chey qokeeedy lchedy lar
f82r	f82r.24	P	B	2	B	M	0	0	qokeedy lcheedy qokeoy sal raiin qokeey lkeey qokeey raiin ydy
f82r	f82r.25	P	B	2	B	M	0	0	dol qoesedy sheea'l sheedy lshed qockhey lchedy lar sheey ry
f82r	f82r.26	P	B	2	B	M	0	0	tshey qokeedy cheal lchedar ches aiin oteey qokaiin okey
f82r	f82r.27	P	B	2	B	M	0	0	pchedy rsheal daldy qokeedy rshedy qoteedy qokeedy lochedy
f82r	f82r.28	P	B	2	B	M	0	0	qokoiin shedy qokeedy qotaiin chcthey qoteeol chey qokaiin oly
f82r	f82r.29	P	B	2	B	M	0	0	d cheey lchedy qokeedy lchedy rchedy oky qotedy qoty qoty
f82r	f82r.30	P	B	2	B	M	0	0	qoteey raiin cheol qoteey shedy qokeey lshedy qokeedy rag
f82r	f82r.31	P	B	2	B	M	0	0	cheol ol rsheedy lchedy qoty lcheeor qokain cheedy lched
f82r	f82r.32	P	B	2	B	M	0	0	taiin shedaiin chckhey lchey lcheckhy sheey lr chey rain
f82r	f82r.33	P	B	2	B	M	0	1	sain ol cheol ey cheor chey
f82r	f82r.34	L	B	2	B	M	0	0	okor
f82r	f82r.35	L	B	2	B	M	0	0	darol
f82r	f82r.36	L	B	2	B	M	0	0	okal
f82r	f82r.37	L	B	2	B	M	0	0	okaldy
f82r	f82r.38	L	B	2	B	M	0	0	darary
f82r	f82r.39	L	B	2	B	M	0	0	okairady
f82r	f82r.40	L	B	2	B	M	0	0	sororl
f82r	f82r.41	L	B	2	B	M	0	0	olkoky
f82r	f82r.42	L	B	2	B	M	0	0	sokoly
f82r	f82r.43	L	B	2	B	M	0	0	dolol
f82r	f82r.44	L	B	2	B	M	0	0	olaiin
f82r	f82r.45	L	B	2	B	M	0	0	okeear
f82v	f82v.1	L	B	2	B	M	0	0	otechdy
f82v	f82v.2	L	B	2	B	M	0	0	otedy
f82v	f82v.3	L	B	2	B	M	0	0	daiinoty
f82v	f82v.4	L	B	2	B	M	0	0	otedal
f82v	f82v.5	P	B	2	B	M	1	0	tokol olfchedy qokeedy qokedal shol qotal otdal dal olshedy
f82v	f82v.6	P	B	2	B	M	0	0	qokedy lshedy qotol dol shedy shedy dy darotedy chetedy lokam
f82v	f82v.7	P	B	2	B	M	0	0	dair o l chedy qotedy qotedy chsdy qotal qoty qokal qokedy lo
f82v	f82v.8	P	B	2	B	M	0	0	qokain sheol qoteedy chedy qokey qokedy qokol chedy chedy lchy
f82v	f82v.9	P	B	2	B	M	0	0	solshedy lchedy dolshedy qokal sheckhy shey teeol oteedy qokedy
f82v	f82v.10	P	B	2	B	M	0	1	qotey qokal shoky qokal chedy qotalchedy
f82v	f82v.11	P	B	2	B	M	1	0	pcheol dar qokeey cheeky qokal dal shedy pchdy rol qotedy rol
f82v	f82v.12	P	B	2	B	M	0	0	dal shol dar ol qoky qol chedy qokar qoteytyqoky chcthy qoky
f82v	f82v.13	P	B	2	B	M	0	0	tchedy qocthes qokar chckhy qokain cholkaiin chckhdy qokoldy
f82v	f82v.14	P	B	2	B	M	0	1	dalchedy lchey rol rol cheey s ain shey
f82v	f82v.15	P	B	2	B	M	1	0	tar sheckhy qokal qokain cheol tedy rchedy pchedy rsheol dal
f82v	f82v.16	P	B	2	B	M	0	0	qokedy lchey cheey raiin shes qokchey qokain okal dy lchedam
f82v	f82v.17	P	B	2	B	M	0	0	or ain shedy qok char okai qokeedy rcheey qotedy chtedy rches aly
f82v	f82v.18	P	B	2	B	M	0	0	ykeedy qokeedy chedy qokar okeey lkedy qokal olkeedy qokeedy oky
f82v	f82v.19	P	B	2	B	M	0	1	qokol chedy cheal chedy oty chdy dy checkhy otal chl s
f82v	f82v.20	P	B	2	B	M	1	0	tolsheol qokedy qolkedy rshedy qokedy rsheedar oinoly
f82v	f82v.21	P	B	2	B	M	0	0	dain chey qokeeey qoky okaiin okain olkain otain okar aly
f82v	f82v.22	P	B	2	B	M	0	0	qokain chedy qolkshey qotal shey qokain ol checkhy ly
f82v	f82v.23	P	B	2	B	M	0	0	yshedy qolchey qolaiin otain olkeedy qotshedy oll
f82v	f82v.24	P	B	2	B	M	0	0	dshedy qokaiin olchedy qokal shedy qotal dytar y l@152;l
f82v	f82v.25	P	B	2	B	M	0	0	qok sheol kechey qoty ral tchdarol sheytchdy qokal
f82v	f82v.26	P	B	2	B	M	0	0	saiin shey qokol chol qol sheedy qokal shedy qokaiin
f82v	f82v.27	P	B	2	B	M	0	1	qokain sheal qolchedy qokaiir olkaiin shedy
f82v	f82v.28	P	B	2	B	M	1	0	tchal olkair sheeky qolchey qokar shey qokain otshedy
f82v	f82v.29	P	B	2	B	M	0	0	daiin chey qoky shedy qokaiin olkeedy qokechedy qotar
f82v	f82v.30	P	B	2	B	M	0	0	pol olor chey qokain shedy qokaiin olchesy ol r aindar
f82v	f82v.31	P	B	2	B	M	0	0	qokeey r ain chey qolkain oky otaly qokal olshalsy
f82v	f82v.32	P	B	2	B	M	0	1	sar al loraiin chey qokain o roiiin
f82v	f82v.33	P	B	2	B	M	1	0	qody shar ay qokchey kchey olkain opchedy qfol shty oral
f82v	f82v.34	P	B	2	B	M	0	0	yckhey qokain cheky otaiin olor okain qolkeey qotar olkain
f82v	f82v.35	P	B	2	B	M	0	0	cthor chey qsain qokeey qokain otain otal okeedy qokal dym
f82v	f82v.36	P	B	2	B	M	0	0	saiin shey qokeedy qokar sheecthey qokaiin daltedy rcheald
f82v	f82v.37	P	B	2	B	M	0	0	sol chey r alchey chol olkol chckhy dalchckhy olkain olkeeyr
f82v	f82v.38	P	B	2	B	M	0	1	pcheol shedy qokaiin sholdy
f82v	f82v.39	L	B	2	B	M	0	0	olkeedy
f82v	f82v.40	L	B	2	B	M	0	0	okalchy
f82v	f82v.41	L	B	2	B	M	0	0	okain
f82v	f82v.45	L	B	2	B	M	0	0	okoldy
f82v	f82v.46	L	B	2	B	M	0	0	olkol
f82v	f82v.47	L	B	2	B	M	0	0	otedol
f82v	f82v.48	L	B	2	B	M	0	0	oteedy
f83r	f83r.1	P	B	2	B	M	1	0	tchedy lpchedy opedy chepol pchedar shedy qopchedy
f83r	f83r.2	P	B	2	B	M	0	0	sol cheey qokaiin shol lchs shey qoteedy rches ar chedy dor
f83r	f83r.3	P	B	2	B	M	0	0	olkeedy qotal chkeedy chey daiin chey lchedy qokaiin qotal dar
f83r	f83r.4	P	B	2	B	M	0	0	qokshedy chedy qokedy chkedy daiin shetar shedy qekaiin chedy
f83r	f83r.5	P	B	2	B	M	0	0	deey qotaiin checkhy qoty cheg shedy qokeey rchedy qoteedy lo
f83r	f83r.6	P	B	2	B	M	0	0	schedy chedchy qokal olchedy qokaiin chedy qokeedy lchedy qoky
f83r	f83r.7	P	B	2	B	M	0	0	solshed lsheedy qeeedy qoky o qol rsheedy qokedy qoteedy qoteedy
f83r	f83r.8	P	B	2	B	M	0	1	pchedal otedy shecthedchy qoky chedy chary
f83r	f83r.9	P	B	2	B	M	1	0	pchor checphedy qokedy lsheedy qokchdy r shedkedy qopshdy qopy
f83r	f83r.10	P	B	2	B	M	0	0	olkeey rchs cheeb ols aiin skal dain cthal s aiin chky lal sam
f83r	f83r.11	P	B	2	B	M	0	0	sor shedy qokaiin chkain shcthey qokedy okair sheedy lchedy lo
f83r	f83r.12	P	B	2	B	M	0	0	qockhol sheckhy otal qokeal sheckhdy al okedy qokedy qokal
f83r	f83r.13	P	B	2	B	M	0	0	salcheol tar shedy s altedy sair qokedy qedy lchcphedy ldar
f83r	f83r.14	P	B	2	B	M	0	0	qokchedy qokeedy shedy qokshedy dal lchedy qokaiin shcthy dal sy
f83r	f83r.15	P	B	2	B	M	0	0	saiin shedal shecthy chey tal shcthy dalchdy qotchedy lchedy
f83r	f83r.16	P	B	2	B	M	0	0	tchedy qokchdy cheedar chldaiin chedy qokain checthy chealror
f83r	f83r.17	P	B	2	B	M	0	1	dcheokedy lkeed shckhey ytaiin shechy schety
f83r	f83r.18	P	B	2	B	M	1	0	pdalshdy shocphedy otor shedy opshedy otshdy qokedol shdy soldy
f83r	f83r.19	P	B	2	B	M	0	0	sar shedaiin ockhey sain ched shedy qetal dal shedy shey lchedy
f83r	f83r.20	P	B	2	B	M	0	0	solkeedy qoteedy qokeey qokedy sol cheeety qokedy qoky saiin
f83r	f83r.21	P	B	2	B	M	0	0	solkeedy qokedy otedy sol chedy lkedy qokchedy qokedy chckhdy sar
f83r	f83r.22	P	B	2	B	M	0	0	schedair otchedy qokeedy chedain chedy qotedaiin otaiin otedy ldy
f83r	f83r.23	P	B	2	B	M	0	0	tchedy qotedy qokal shedy qokedy shecthedy shecthy otor chedy
f83r	f83r.24	P	B	2	B	M	0	1	soiiin checthy chety otaiin olsaly shedy
f83r	f83r.25	P	B	2	B	M	1	0	qokeedy qolchey qokeey qokedy chedy otal
f83r	f83r.26	P	B	2	B	M	0	0	otchey qokeey qoky tol shedy qokylddy
f83r	f83r.27	P	B	2	B	M	0	0	dain chedy qokeedy shckhedy shckhedy
f83r	f83r.28	P	B	2	B	M	0	0	saiin cheeky sheey qokedy shedy oldy
f83r	f83r.29	P	B	2	B	M	0	0	salche'dy cheey qody kesd oldy
f83r	f83r.30	P	B	2	B	M	0	1	s okeedy qokeedy qoky saii@208;
f83r	f83r.31	P	B	2	B	M	1	0	techedy qotchedy okeedy ldy
f83r	f83r.32	P	B	2	B	M	0	0	?cheol qokchedy lchedy qokey
f83r	f83r.33	P	B	2	B	M	0	0	sy s aiin sheekchy qokey sain
f83r	f83r.34	P	B	2	B	M	0	0	shky lchedy dolshed qokchy
f83r	f83r.35	P	B	2	B	M	0	0	saiin cheky okeeol okain chdy
f83r	f83r.36	P	B	2	B	M	0	0	sor aiin shy shey lshedy qoky
f83r	f83r.37	P	B	2	B	M	0	0	sol lkedy lchedy qokol shedy
f83r	f83r.38	P	B	2	B	M	0	0	or chey qockhey dairydy
f83r	f83r.39	P	B	2	B	M	0	0	qokain shey kain chckhal
f83r	f83r.40	P	B	2	B	M	0	0	solchedy olchedy chedaiin
f83r	f83r.41	P	B	2	B	M	0	0	solkey lchedy qolkain dal
f83r	f83r.42	P	B	2	B	M	0	0	sol ol chcthdy l chedy lchdy
f83r	f83r.43	P	B	2	B	M	0	0	daiin sheol chedy qotal sar
f83r	f83r.44	P	B	2	B	M	0	1	skar shedy
f83r	f83r.45	L	B	2	B	M	0	0	chtorol
f83r	f83r.46	L	B	2	B	M	0	0	olsaiin
f83r	f83r.47	P	B	2	B	M	1	0	otchdy qokchdy shedal
f83r	f83r.48	P	B	2	B	M	0	0	dal cheol lol chdal aiin
f83r	f83r.49	P	B	2	B	M	0	1	sol daiiin chedy
f83r	f83r.50	L	B	2	B	M	0	0	sasoldal
f83r	f83r.51	L	B	2	B	M	0	0	darolsy
f83r	f83r.52	P	B	2	B	M	1	0	solkeey qekey raly ol
f83r	f83r.53	P	B	2	B	M	0	0	solchkal cheol qotar ol
f83r	f83r.54	P	B	2	B	M	0	0	daiin ol dain chey ldalor
f83r	f83r.55	P	B	2	B	M	0	1	sol rtain cthal
f83v	f83v.1	P	B	2	B	M	1	0	poldaky dalol otedy chtair opchedy qotal chedy chepchedy opchey
f83v	f83v.2	P	B	2	B	M	0	0	dol shedy qokedy shedy qotedar checthedy qokedy qotal chey dar
f83v	f83v.3	P	B	2	B	M	0	0	qotain chcthy dal olkedy shedy qotaldy qokaiin dair shedy oteey
f83v	f83v.4	P	B	2	B	M	0	0	dain sheedy oteeody doldy qotedy qokeedy qokedar sheoldy qol oly
f83v	f83v.5	P	B	2	B	M	0	0	qokal shedy qotain chedy chedol daiin otaiin shedy qokeedy okaiin
f83v	f83v.6	P	B	2	B	M	0	0	chedy qoteedy otalshedy sol chl ?es okeol shedy qokolchedy qokal
f83v	f83v.7	P	B	2	B	M	0	0	qokeey oteey qokalol chedy dy dol qokal olkshedy qokeedy qokal
f83v	f83v.8	P	B	2	B	M	0	1	rolkeedy qokaiin okaiin ched okchey
f83v	f83v.9	L	B	2	B	M	0	0	ololary
f83v	f83v.10	L	B	2	B	M	0	0	okarchy
f83v	f83v.11	P	B	2	B	M	1	0	pchedar shedal qokar shedalokchdy qokedy okail shedy qoky lsheg
f83v	f83v.12	P	B	2	B	M	0	0	daiin shckhy qoeeo lldar cheey qoal qokeedy olkar sheedy qokain olal
f83v	f83v.13	P	B	2	B	M	0	0	qol chey qo lched qolky qokal chedy chedy daiin chckhy cheor ol lal
f83v	f83v.14	P	B	2	B	M	0	0	salched qol shedy qolchedy qolchdy qol rchedy cheol qokeor sholdy
f83v	f83v.15	P	B	2	B	M	0	0	qokaiin cheol shey qokeey cheol dal cheeaiin olkeedy qokal chaloly
f83v	f83v.16	P	B	2	B	M	0	0	daiin qokal sheckhey qokeey chal qokeey qokaiin chedy sar al
f83v	f83v.17	P	B	2	B	M	0	0	qokain cheeal qokaiin sheol qokear cheedy olcheey qokal qoka?y
f83v	f83v.18	P	B	2	B	M	0	0	s olkeedy qokeedy qokeedy saiin okaiin chedy qokeedy qolkeedy
f83v	f83v.19	P	B	2	B	M	0	0	qolchedy qolteedy qokeedy qokal okaiin chear checkhy dal checkhdy
f83v	f83v.20	P	B	2	B	M	0	1	tocthey cheor olol cheol tedy sheckhal sheeckhy cheal
f83v	f83v.21	P	B	2	B	M	1	0	qokeed qokaiin sheolkain sheol olkeedy l shedy
f83v	f83v.22	P	B	2	B	M	0	0	char qokar cheolkain shckhey qokal cheor ols
f83v	f83v.23	P	B	2	B	M	0	0	qol aiiin chckhedy sheol qokaiin shckhy lchey
f83v	f83v.24	P	B	2	B	M	0	0	ol cheedy qokeedy qokain dalshal shldy lor
f83v	f83v.25	P	B	2	B	M	0	0	y shey otechd ar okol dal shedy qokaly
f83v	f83v.26	P	B	2	B	M	0	0	sal chear shey qokar shedy qokain ollchy
f83v	f83v.27	P	B	2	B	M	0	0	dsheol cheol shedy qokaiin cheeky lols
f83v	f83v.28	P	B	2	B	M	0	0	qol shol cheedy qol oqo qokain olsheam
f83v	f83v.29	P	B	2	B	M	0	0	ol cheal shedy chey tal shedal dalshdy
f83v	f83v.30	P	B	2	B	M	0	0	qokaiin chedy qokal otal chedy qotals
f83v	f83v.31	P	B	2	B	M	0	0	oychey qol qokal chedy qoty
f83v	f83v.32	P	B	2	B	M	0	0	qol olain sheol qo qokal sheol
f83v	f83v.33	P	B	2	B	M	0	1	shey opchey cthey oly
f83v	f83v.34	L	B	2	B	M	0	0	okchdy
f83v	f83v.35	L	B	2	B	M	0	0	okaiin
f84r	f84r.1	L	B	2	B	M	0	0	ololal
f84r	f84r.2	L	B	2	B	M	0	0	or shekar
f84r	f84r.3	L	B	2	B	M	0	0	ydy
f84r	f84r.4	L	B	2	B	M	0	0	okedy
f84r	f84r.5	L	B	2	B	M	0	0	loly
f84r	f84r.6	L	B	2	B	M	0	0	doiir
f84r	f84r.7	L	B	2	B	M	0	0	olshy
f84r	f84r.8	L	B	2	B	M	0	0	otedy
f84r	f84r.9	L	B	2	B	M	0	0	lkol
f84r	f84r.10	L	B	2	B	M	0	0	okolshy
f84r	f84r.11	L	B	2	B	M	0	0	otoly
f84r	f84r.12	L	B	2	B	M	0	0	dshedy
f84r	f84r.13	P	B	2	B	M	1	0	kol chedy qokeey otedy dytedy okeedy olshed opshed ykshedy qotedy opoly
f84r	f84r.14	P	B	2	B	M	0	0	tol or sheey chckhdy schckhy dal y shedy otedy qol or ol eedy qokeey or oly
f84r	f84r.15	P	B	2	B	M	0	0	qokeey dar shedy qokedy qokeedy qokedy chedy okain chey qokedy dar olardy
f84r	f84r.16	P	B	2	B	M	0	1	tor shedytedy o'l ol cheol shedy shckhy qokal olkedy
f84r	f84r.17	P	B	2	B	M	1	0	pchol cphol sol teol tedy qotedy qokeedy qokeey ol keedy teyqokedy qopor oly
f84r	f84r.18	P	B	2	B	M	0	0	otchy olshedy qokedy shedy okedy shckhy chckhy olchey schey dal chckhy ral
f84r	f84r.19	P	B	2	B	M	0	1	qokey sol yqokain qolkeey qotedy qokain shedy salchedy
f84r	f84r.20	P	B	2	B	M	1	0	psholpchcfhdy qokeedy dy qokedy daiin shckhedy qokaiin checthy dar checthy am
f84r	f84r.21	P	B	2	B	M	0	1	qokaiin chol cheky okal y chey okal chedy tor y otshedy qokey l shedy
f84r	f84r.22	P	B	2	B	M	1	0	qotchsdy ykeedy qokal ol shedy qokedy qokeedy qokeedy chedy raiin chey otar dar
f84r	f84r.23	P	B	2	B	M	0	0	dar sheor shcthy qokeor qotedy rshedy qolchey oteey qol shedy ol dain ol or
f84r	f84r.24	P	B	2	B	M	0	0	pol tar shedy qokedy okal shey qokar chckhy otchey qokchedy chey qokaiin
f84r	f84r.25	P	B	2	B	M	0	0	pchedy qotchedy otaiiin chcthy shedy otedy qoty qotedy ol okedy otedy ram
f84r	f84r.26	P	B	2	B	M	0	1	qotol shy oty dar shcthy schdy qokeedy olkey
f84r	f84r.27	P	B	2	B	M	1	0	palchd @146;chedy shcthy olky dar opalkaiin o qofchedy or aiiin ofoly oroly
f84r	f84r.28	P	B	2	B	M	0	0	sar ol olaiin y qol y qor or ckhedy chkedy okain shedy qokolchedy olain
f84r	f84r.29	P	B	2	B	M	0	0	qokeedy okeey dar olchedy qsolkeedy rar checkhy otar chedy olchcthy lor
f84r	f84r.30	P	B	2	B	M	0	0	dchdy qokedy ol chckhy olchdy sar or ykeedy chetey rain shedy shekam
f84r	f84r.31	P	B	2	B	M	0	0	ykchdar or arar shedy qokal daiin shedy olkedy qokedy qoky chedy daiin
f84r	f84r.32	P	B	2	B	M	0	0	qotar ytedy tedy dar olkedy qotedy shckhy chtol tedy dar or oly
f84r	f84r.33	P	B	2	B	M	0	0	shol tchdy tedy ykain shey cheol y tedy ol kedy okedar ol keed ol ary
f84r	f84r.34	P	B	2	B	M	0	0	dsheyteey sor ol shedy daraldy otedaiin shckhchy chckhy daiin aryly
f84r	f84r.35	P	B	2	B	M	0	1	qokal daiin dain otey cheor air shckhy or air oro
f84r	f84r.36	P	B	2	B	M	1	0	shey dar shey dain aiin shedy orol ykar okedy qoky chedy okedar chey alol
f84r	f84r.37	P	B	2	B	M	0	0	qoteedy qokol otedy shedy qokeedy dal ol dam
f84r	f84r.38	P	B	2	B	M	0	0	s or olchdy lshedy qokchy dol otedy ytchor olky
f84r	f84r.39	P	B	2	B	M	0	0	dshedy sheedy qokedy chedy teedy qokeedy
f84r	f84r.40	P	B	2	B	M	0	0	qokeedy dkedy olshedy qokal shckhy olkeedy
f84r	f84r.41	P	B	2	B	M	0	0	dsheedy oteedy qotar chekar orshedy saiin
f84r	f84r.42	P	B	2	B	M	0	0	okaiin otchdy qokain shedy qokeey qotedy
f84r	f84r.43	P	B	2	B	M	0	0	qokain otchedy skeey rcheky dal okeedy
f84r	f84r.44	P	B	2	B	M	0	0	ykedy qotedy chcthy ol chcthy dar ar ory
f84r	f84r.45	P	B	2	B	M	0	0	yteolchedy qokor shekedy okedy y dam
f84r	f84r.46	P	B	2	B	M	0	1	dchedy qokedy ar oror okedy okedy
f84r	f84r.47	L	B	2	B	M	0	0	otaly
f84v	f84v.1	P	B	2	B	M	1	0	otdy dar chdy dar oram
f84v	f84v.2	P	B	2	B	M	0	1	soiin okeeey sol okaly
f84v	f84v.3	P	B	2	B	M	1	0	kor shedy otedy qotedy otedar cfhdarol
f84v	f84v.4	P	B	2	B	M	0	0	oteey qoteey okey chetain sheeky daiin al
f84v	f84v.5	P	B	2	B	M	0	0	qokeey oteedy shedy qokeed or okeedy ry
f84v	f84v.6	P	B	2	B	M	0	1	ykeedy qoeedy olkeey sheky qokeey
f84v	f84v.7	P	B	2	B	M	1	0	poiin ol kedy okedy qoky okchdy qokey
f84v	f84v.8	P	B	2	B	M	0	0	qokedy okedy qokeedy okeedy shedy qoky
f84v	f84v.9	P	B	2	B	M	0	0	eol qolchey okeedy saiin okeedy chkeedy
f84v	f84v.10	P	B	2	B	M	0	0	qoteed otedy sheedy qokeedy qoeedy okeedy dam
f84v	f84v.11	P	B	2	B	M	0	0	edy qoeedy ol cheey daiin chckhedy dain dy daiin
f84v	f84v.12	P	B	2	B	M	0	0	qokees qokedy otedy shedy qokedy dol olkeedy dol teedam
f84v	f84v.13	P	B	2	B	M	0	0	shedol chedy okedy otal chckhedy qotedy dokedy dol lkeey qokydy
f84v	f84v.14	P	B	2	B	M	0	0	dshey olkeey dol ol otedy okedy okedy qokedy dal dar ol chedy sain
f84v	f84v.15	P	B	2	B	M	0	0	qokshedy qokeed y daiin checthy okal ol kedy chedy dolkedy okedam
f84v	f84v.16	P	B	2	B	M	0	0	soiiin ol chedy qol tedy shey qokedy qokey dol y ol shedy qokedy
f84v	f84v.17	P	B	2	B	M	0	0	qokeey otol chedy daiin dol sheedy chedy okedy r kchdy kol koldy
f84v	f84v.18	P	B	2	B	M	0	0	dsheey qokeedy ykedy qokor shedy qoky dol shckhy qokain ol koldy
f84v	f84v.19	P	B	2	B	M	0	0	solkes olokar sheky shkol qokar chdy tal shedy okar okedy shedy dy
f84v	f84v.20	P	B	2	B	M	0	1	tolshy qoky qokedy shedy qoteedy
f84v	f84v.21	P	B	2	B	M	1	0	pcholshedy shtol okedy opcholor kchdy ofched y r aiin cfheey ols
f84v	f84v.22	P	B	2	B	M	0	0	oshey tedy okain shey qokedy kchdy okedy okey dy okedy olshdy
f84v	f84v.23	P	B	2	B	M	0	0	qokeey olkaiin okol shedy cthy korol oror
f84v	f84v.24	P	B	2	B	M	0	0	y cheey okeedy olkain olchey saiin oly
f84v	f84v.25	P	B	2	B	M	0	0	qokain okain olol okal chedy chedy
f84v	f84v.26	P	B	2	B	M	0	0	ol qokar shdy qol otedy olchedy
f84v	f84v.27	P	B	2	B	M	0	0	y or shedy qolkeedy olchedy olkal
f84v	f84v.28	P	B	2	B	M	0	0	dal shedy qokedy shedy dain daiin
f84v	f84v.29	P	B	2	B	M	0	0	sain shedy qokeey daiin okedy oldy
f84v	f84v.30	P	B	2	B	M	0	0	qokey ol keed qokedy qokey qokeoly
f84v	f84v.31	P	B	2	B	M	0	0	chal daiin otal chdy otal chckhor aly
f84v	f84v.32	P	B	2	B	M	0	0	qokedy shey kal okedy yfchedy tedy lolor
f84v	f84v.33	P	B	2	B	M	0	0	shedy qokey qokedy chey dar okey okeshy olchy
f84v	f84v.34	P	B	2	B	M	0	0	qokain ol chedy alchey s al or chdy dchey okey lchy
f84v	f84v.35	P	B	2	B	M	0	0	shor ol okain shedy olshedy tol okeedy chedy okedy lol
f84v	f84v.36	P	B	2	B	M	0	0	qokey sol kedy okey lkain shey shes ol shedy qokeey ror
f84v	f84v.37	P	B	2	B	M	0	0	chckhy qokaiin shey dain qokeey daiin okaiin qokal dys
f84v	f84v.38	P	B	2	B	M	0	0	qokchey qokeedy okedy dolor ol chedy oteol olol
f84v	f84v.39	P	B	2	B	M	0	0	lshedy qol aiin okey olchey lchey olshedy shckhy soly
f84v	f84v.40	P	B	2	B	M	0	0	yteedar olkeey olchey qokey lkeoldy daiin olkedy ykaiin
f84v	f84v.41	P	B	2	B	M	0	1	sor otes doltedy otol chedy
f84v	f84v.42	P	B	2	B	M	0	0	okar
f84v	f84v.43	P	B	2	B	M	0	0	ydairol
f84v	f84v.44	P	B	2	B	M	0	0	ychckhy
f84v	f84v.45	P	B	2	B	M	0	0	dshedy
f84v	f84v.46	P	B	2	B	M	0	0	okchdy
f84v	f84v.47	P	B	2	B	M	0	0	solchey
f84v	f84v.48	P	B	2	B	M	0	0	dair oldy
f84v	f84v.49	P	B	2	B	M	0	0	darchy
f84v	f84v.50	P	B	2	B	M	0	0	yy
f84v	f84v.51	P	B	2	B	M	0	0	ochedy
f85r1	f85r1.1	P	B	2	T	N	1	0	pdsheody shdol shey otchdy dshedy soeeedy dchefoey sair shedy sodair shey
f85r1	f85r1.2	P	B	2	T	N	0	0	yoiin cheey qocthdy otedy dol ar aiin okshd okchedy otedy chckhdy otam
f85r1	f85r1.3	P	B	2	T	N	0	0	tarar otedy opcheey ykdair chy qotedy qokchdy otedy cheol saiin otedam
f85r1	f85r1.4	P	B	2	T	N	0	0	odeedaiin qokechy daiin chekchy olshedy qokeedy doltshdy otar otchdy ols
f85r1	f85r1.5	P	B	2	T	N	0	0	tchedy kchedy qodaiin olkeedy oraiin olshedy okchy kedy tedy tdam
f85r1	f85r1.6	P	B	2	T	N	0	1	roraiin shey pchey qokeey chor ol shedy
f85r1	f85r1.7	P	B	2	T	N	1	0	pchedy oraiin shefchdy qopar sheedy qokedy qotchedy kchdar ypchdy ldo
f85r1	f85r1.8	P	B	2	T	N	0	0	daiin chckhdy qotchdy opchsd qokchdy otchy qodal daiin dal shdar oram
f85r1	f85r1.9	P	B	2	T	N	0	0	tsheed lchey qokeshy dair shedar sheol qo ar chofchdy qotdy ofar
f85r1	f85r1.10	P	B	2	T	N	0	1	dair chotaiin cheod cheolkeedy
f85r1	f85r1.11	P	B	2	T	N	1	0	pdar ol shdair qopcheedy dal chdal chor shefshoro raiin dolor aiin opakam
f85r1	f85r1.12	P	B	2	T	N	0	0	tdain okeody lchdy lkor oeeseary dar shedaiin oto daiin dlar am
f85r1	f85r1.13	P	B	2	T	N	0	0	rsheodar qocthy kar okaiin ykeeeody qotal ol s aiin ol daldy shody
f85r1	f85r1.14	P	B	2	T	N	0	0	daror sheedy keody oteody s ar aiin cheedy otaiin dar al odaiiin
f85r1	f85r1.15	P	B	2	T	N	0	0	qokeeodaiin chey okaiin okal al dl sheokey cheokaiin ol keeo dal olky
f85r1	f85r1.16	P	B	2	T	N	0	1	shoiin qokar okar y cheey
f85r1	f85r1.17	P	B	2	T	N	1	0	polky shey olkedaiin shor cphedy dair shy opchey shtor aiinsham
f85r1	f85r1.18	P	B	2	T	N	0	0	olkeey otchey qokedy qodaiin chy checphey otshey qokshey schdy dam
f85r1	f85r1.19	P	B	2	T	N	0	1	okchy okchdy otchedy dam lam
f85r1	f85r1.20	P	B	2	T	N	1	0	pcheo y kshedy qocphdy qofol shdaldy dairar cheeteey otchedy qokchdy dy
f85r1	f85r1.21	P	B	2	T	N	0	0	daiir cheody oraiin ol okaiin cheocthey olor otedy qotaiin chor chedy
f85r1	f85r1.22	P	B	2	T	N	0	1	ydair tar chedy oraiin ychedy okedy
f85r1	f85r1.23	P	B	2	T	N	1	0	pchdaiin shodaiin shofshedy yteody ypar ches aiin chol dy qopar shetam
f85r1	f85r1.24	P	B	2	T	N	0	0	tedair ykeedy dain cheedy qokar chedy okar sheekeey qokedy olchedy
f85r1	f85r1.25	P	B	2	T	N	0	1	schedaiir oteody chcthdy qokaiin ykchedy
f85r1	f85r1.26	P	B	2	T	N	1	0	pchdair or shshdar qopchedy opchdy qofchdy dar s aiin chcphdy dar or daiin
f85r1	f85r1.27	P	B	2	T	N	0	1	ychedy shetshdy qotar okedy qokal saiin ol karar odeeeg
f85r1	f85r1.28	P	B	2	T	N	1	0	kchedar yteol okchdy qekedy otor odor ar chedy otechdy dal cphedy
f85r1	f85r1.29	P	B	2	T	N	0	0	oees aiin ol keeody or s cheey qokchdy qotol okar otar otchy okam
f85r1	f85r1.30	P	B	2	T	N	0	1	dorchdy oraiin okeder chcthy okedy chdy chdy otal otchdy otalom
f85r1	f85r1.31	P	B	2	T	N	1	0	podaiin shdar ypchdar dar ypchdy qopol dar keshar dchdal chol air y
f85r1	f85r1.32	P	B	2	T	N	0	0	ytor chol shdy tody qotchdy otchol chees or eeodaiin or aral olkam
f85r1	f85r1.33	P	B	2	T	N	0	0	raraiiin shey osaiin otar ytar otedy or aiin otar olar olkeedy
f85r1	f85r1.34	P	B	2	T	N	0	0	ysheedy ksheey qokor or chod lkchedy qotody qokar shty otarar
f85r1	f85r1.35	P	B	2	T	N	0	1	s ar chedar olpchdy otol otchedy
f85r2	f85r2.1	C	B	2	C	N	0	0	odeedy otedy opaees ar chcthy otchdy otody otar chepaiin otodar otodaiin opaiin otaiin qopchas otchedy olkaiin odar aloees otchedy qotedaiin odar octhody shedaiin olaiin olfor daiin ol lkechch os aiin oteedy dar otees opaiin chcphdar
f85r2	f85r2.2	P	B	2	C	N	1	0	sain or or aiin opchdy
f85r2	f85r2.3	P	B	2	C	N	0	0	qotor sheedy shodaiin olfar ary
f85r2	f85r2.4	P	B	2	C	N	0	0	dair sheo oraiin chol daiin
f85r2	f85r2.5	P	B	2	C	N	0	0	ockhdar olkar shoral
f85r2	f85r2.6	P	B	2	C	N	0	1	roseer
f85r2	f85r2.7	P	B	2	C	N	1	0	pchedeey olkey qokedy sheos fcheey
f85r2	f85r2.8	P	B	2	C	N	0	0	otchedy chotey qocthey oteey ol oloqorain
f85r2	f85r2.9	P	B	2	C	N	0	0	daiin qotaiin tchedy otedy qotchdy chckhey
f85r2	f85r2.10	P	B	2	C	N	0	0	ytchedy qodar qotedar qokar qotchd qotom
f85r2	f85r2.11	P	B	2	C	N	0	1	soiis aiin shedaiin chokm
f85r2	f85r2.12	P	B	2	C	N	1	0	otchs shedor chey sorain
f85r2	f85r2.13	P	B	2	C	N	0	0	or shedy tedy sodaiiin chy
f85r2	f85r2.14	P	B	2	C	N	0	0	ytedar chzs aiin arody
f85r2	f85r2.15	P	B	2	C	N	0	0	ypshedy dar chedy or am
f85r2	f85r2.16	P	B	2	C	N	0	0	oteey qodaiin odain an chey
f85r2	f85r2.17	P	B	2	C	N	0	1	orar oldar ain
f85r2	f85r2.18	P	B	2	C	N	1	0	okees olaiin qokal chdy sary
f85r2	f85r2.19	P	B	2	C	N	0	0	qokshedy qodain chckhy ykeedy chedy
f85r2	f85r2.20	P	B	2	C	N	0	0	or aiin ckheda or ain olchey qokal shedy
f85r2	f85r2.21	P	B	2	C	N	0	0	qokeody qoekedy dody shedy qodaiin
f85r2	f85r2.22	P	B	2	C	N	0	0	los ar shedy qokshey qose?y or aiin og
f85r2	f85r2.23	P	B	2	C	N	0	1	ol lcheol chol ol sheoly
f85r2	f85r2.24	C	B	2	C	N	0	0	okees ochar otedor ochedy otody olchedy oteedo ar or airol otees ar aram
fRos	fRos.1	L	B	4	C	N	0	0	saeeasa?
fRos	fRos.2	C	B	4	C	N	0	0	oto tosaes adar otar otes okaiin dal al chdar otdar chefchs okor ol om olkeeodaiin shol okal orshees qoeey okalol otodr ochs ar ol oqokam oteed oteedy okedy lraiin or aiin okor okeedy
fRos	fRos.3	L	B	4	C	N	0	0	ofain ain
fRos	fRos.4	L	B	4	C	N	0	0	ych ?ais
fRos	fRos.5	L	B	4	C	N	0	0	ydekam
fRos	fRos.6	L	B	4	C	N	0	0	darchedy
fRos	fRos.7	L	B	4	C	N	0	0	otochedy sy
fRos	fRos.8	L	B	4	C	N	0	0	soeedoy olal
fRos	fRos.9	L	B	4	C	N	0	0	dchor orary
fRos	fRos.10	L	B	4	C	N	0	0	sairojam
fRos	fRos.11	L	B	4	C	N	0	0	okchdarar
fRos	fRos.12	L	B	4	C	N	0	0	soiindy
fRos	fRos.13	L	B	4	C	N	0	0	ytedar
fRos	fRos.14	L	B	4	C	N	0	0	ddsschx
fRos	fRos.15	L	B	4	C	N	0	0	daldar
fRos	fRos.16	L	B	4	C	N	0	0	ofardy
fRos	fRos.17	L	B	4	C	N	0	0	orarol
fRos	fRos.18	L	B	4	C	N	0	0	daldal
fRos	fRos.19	L	B	4	C	N	0	0	daraldy
fRos	fRos.20	C	B	4	C	N	0	0	sais od r ar or okal okal or alal ykal ol ar ol al ol al lor okan okod oked okeo ldy opashs otedy chedchs sheekedy odal shd olkeedy yky kaiir okchdy otol ar yaiin aiir oeal okchdy olyokain olkaiin ody
fRos	fRos.21	L	B	4	C	N	0	0	oko
fRos	fRos.22	L	B	4	C	N	0	0	daiiny
fRos	fRos.23	L	B	4	C	N	0	0	doy
fRos	fRos.24	L	B	4	C	N	0	0	okedy
fRos	fRos.25	L	B	4	C	N	0	0	okary
fRos	fRos.26	L	B	4	C	N	0	0	opain
fRos	fRos.27	L	B	4	C	N	0	0	opar
fRos	fRos.28	L	B	4	C	N	0	0	adairy
fRos	fRos.29	L	B	4	C	N	0	0	dxar
fRos	fRos.30	L	B	4	C	N	0	0	okory
fRos	fRos.31	L	B	4	C	N	0	0	opokchosody
fRos	fRos.32	L	B	4	C	N	0	0	adashgasain
fRos	fRos.33	L	B	4	C	N	0	0	cfair o@213;oly
fRos	fRos.34	L	B	4	C	N	0	0	okody
fRos	fRos.35	C	B	4	C	N	0	0	okos or air u oteoteedy otos otedar ches okodainol ykedy eedor tchdaiin sy sarald todar chkar odair or oal okchdy seedy oteedy ykchda cheky o aiin okees olar or ykeedy okeo lodaiin or olaiiin olar
fRos	fRos.36	C	B	4	C	N	0	0	o?ochs octhey osar aram arkeeody ochdor ol oekairy ytodaro opalshy or arodar ykodar ykodar ykary opalxy
fRos	fRos.37	L	B	4	C	N	0	0	opoor daly
fRos	fRos.38	L	B	4	C	N	0	0	okas oedady
fRos	fRos.39	P	B	4	C	N	1	0	kechy qolchedar ar
fRos	fRos.40	P	B	4	C	N	0	1	otedy chdaiin oty
fRos	fRos.41	L	B	4	C	N	0	0	osal
fRos	fRos.42	L	B	4	C	N	0	0	eey
fRos	fRos.43	L	B	4	C	N	0	0	okor
fRos	fRos.44	L	B	4	C	N	0	0	sarchcphdy
fRos	fRos.45	L	B	4	C	N	0	0	otchdy otoldy
fRos	fRos.46	L	B	4	C	N	0	0	ofchedaiin
fRos	fRos.47	C	B	4	C	N	0	0	osar otar otodeedy oty daiin sheor oar otedy qotedy oteey otoraiin chekad?r ol aiin okedal olor opoiiral eeealky ytar qokeo l tched oiin oteedaiin odal cheky otchdor or olkoaiin okal o laiin
fRos	fRos.48	L	B	4	C	N	0	0	otedal
fRos	fRos.49	L	B	4	C	N	0	0	opaiin o
fRos	fRos.50	L	B	4	C	N	0	0	otchdy
fRos	fRos.51	L	B	4	C	N	0	0	okchy
fRos	fRos.52	L	B	4	C	N	0	0	chkeedy
fRos	fRos.53	L	B	4	C	N	0	0	opairar
fRos	fRos.54	L	B	4	C	N	0	0	odee?y
fRos	fRos.55	L	B	4	C	N	0	0	okody
fRos	fRos.56	L	B	4	C	N	0	0	depcheky
fRos	fRos.57	L	B	4	C	N	0	0	otch
fRos	fRos.58	L	B	4	C	N	0	0	osy
fRos	fRos.59	L	B	4	C	N	0	0	odl
fRos	fRos.60	L	B	4	C	N	0	0	d dy
fRos	fRos.61	L	B	4	C	N	0	0	oteey
fRos	fRos.62	C	B	4	C	N	0	0	otor os om araiin okeody okar odsheedy odaiin okchdy okar shor okaiin daiin ofair oly olkair odal olkalor olors y o d esha x k r olar oteedaiin otes ar yqos aiiin ol qotody ol oir or oroa oteeedy okal okodar otshe okody otedy chdar o'
fRos	fRos.63	L	B	4	C	N	0	0	oteedy
fRos	fRos.64	L	B	4	C	N	0	0	opy
fRos	fRos.65	L	B	4	C	N	0	0	odal
fRos	fRos.66	L	B	4	C	N	0	0	shdy
fRos	fRos.67	L	B	4	C	N	0	0	opchees
fRos	fRos.68	L	B	4	C	N	0	0	opar
fRos	fRos.69	L	B	4	C	N	0	0	daral
fRos	fRos.70	L	B	4	C	N	0	0	otdodar oedy
fRos	fRos.71	L	B	4	C	N	0	0	soshxor arar
fRos	fRos.72	L	B	4	C	N	0	0	otedain otedy
fRos	fRos.73	L	B	4	C	N	0	0	ytedar ary
fRos	fRos.74	L	B	4	C	N	0	0	opchedaiin
fRos	fRos.75	L	B	4	C	N	0	0	ols
fRos	fRos.76	L	B	4	C	N	0	0	ypal
fRos	fRos.77	L	B	4	C	N	0	0	opydsh
fRos	fRos.78	L	B	4	C	N	0	0	rshy
fRos	fRos.79	L	B	4	C	N	0	0	olz
fRos	fRos.80	L	B	4	C	N	0	0	dtedg
fRos	fRos.81	L	B	4	C	N	0	0	opy
fRos	fRos.82	L	B	4	C	N	0	0	ofdaj
fRos	fRos.83	L	B	4	C	N	0	0	ddary
fRos	fRos.84	L	B	4	C	N	0	0	otody
fRos	fRos.85	L	B	4	C	N	0	0	dairdy
fRos	fRos.86	L	B	4	C	N	0	0	rody
fRos	fRos.87	C	B	4	C	N	0	0	yke okees olchedy okal y dol otodar shekalolkar cheykar shal qokal okchr otar otody otody otody otas chfol okshy okem okar ar okedy okedy okchedy eeekchedy ofchdor qotchdy kar chdar chekolko
fRos	fRos.88	L	B	4	C	N	0	0	ofary
fRos	fRos.89	L	B	4	C	N	0	0	okady
fRos	fRos.90	L	B	4	C	N	0	0	okchdy kary
fRos	fRos.91	L	B	4	C	N	0	0	oraiin eey
fRos	fRos.92	L	B	4	C	N	0	0	opodchdal
fRos	fRos.93	L	B	4	C	N	0	0	darchdy
fRos	fRos.94	C	B	4	C	N	0	0	otchdaiin otodar otedar otar odaiin olkaiin otl xasashe ol ar ae chedaiin ockhedy sheda otody okedal d or aiin otody toor chepar ol chckhy opchdar o r a r al xar opor olchedy okalm or afalairidy
fRos	fRos.95	L	B	4	C	N	0	0	okaramal
fRos	fRos.96	L	B	4	C	N	0	0	opchdy
fRos	fRos.97	L	B	4	C	N	0	0	ofdoram
fRos	fRos.98	L	B	4	C	N	0	0	oda
fRos	fRos.99	L	B	4	C	N	0	0	ofchdar
fRos	fRos.100	L	B	4	C	N	0	0	otedam
fRos	fRos.101	L	B	4	C	N	0	0	lokedshs
fRos	fRos.102	L	B	4	C	N	0	0	otodar
fRos	fRos.103	L	B	4	C	N	0	0	otedaiin
fRos	fRos.104	L	B	4	C	N	0	0	okedy
fRos	fRos.105	L	B	4	C	N	0	0	xoltedy
fRos	fRos.106	L	B	4	C	N	0	0	opchdam
fRos	fRos.107	L	B	4	C	N	0	0	otedy oporam
fRos	fRos.108	L	B	4	C	N	0	0	otchdy
fRos	fRos.109	L	B	4	C	N	0	0	otody
fRos	fRos.111	L	B	4	C	N	0	0	otedy
fRos	fRos.112	L	B	4	C	N	0	0	opaefchdy
fRos	fRos.113	C	B	4	C	N	0	0	sar odaiin or
fRos	fRos.114	C	B	4	C	N	0	0	o dar aiird
fRos	fRos.115	L	B	4	C	N	0	0	oteoly
fRos	fRos.116	L	B	4	C	N	0	0	ofodady
fRos	fRos.117	L	B	4	C	N	0	0	opdady
fRos	fRos.118	L	B	4	C	N	0	0	otodey
fRos	fRos.119	L	B	4	C	N	0	0	otodedy
fRos	fRos.120	L	B	4	C	N	0	0	opchdain
fRos	fRos.121	L	B	4	C	N	0	0	otdar shed
fRos	fRos.122	C	B	4	C	N	0	0	okedar okody okair chedy opar ol keeedy s ar olkchedy otedaiin olky or aiin ody osain xdar odaiin okedal ol ar oekaiin al o saldan oteedy otchdaiin otedy otar aiin yky odaiin okal okalar
fRos	fRos.123	L	B	4	C	N	0	0	ofaraiin
fRos	fRos.124	L	B	4	C	N	0	0	okolar
fRos	fRos.125	L	B	4	C	N	0	0	okchdy
fRos	fRos.126	L	B	4	C	N	0	0	ykedy
fRos	fRos.127	L	B	4	C	N	0	0	oteedy
fRos	fRos.128	L	B	4	C	N	0	0	otosaiin
fRos	fRos.129	L	B	4	C	N	0	0	otchdam
fRos	fRos.130	L	B	4	C	N	0	0	otedy
fRos	fRos.131	L	B	4	C	N	0	0	okar
fRos	fRos.132	L	B	4	C	N	0	0	lashalg
fRos	fRos.133	C	B	4	C	N	0	0	ok ar ar okary otodeed odar chekaiin oees ??? oiin okees oiir odaiin okalol aiiin okal ol otar chchdam chetey otodches oteesey chckhy otody otal chedal opal olkar okedaiin oror
fRos	fRos.134	L	B	4	C	N	0	0	o@214;alda
fRos	fRos.135	L	B	4	C	N	0	0	osaram
fRos	fRos.136	L	B	4	C	N	0	0	oparodam
fRos	fRos.137	P	B	4	C	N	1	0	otam opchody oteey
fRos	fRos.138	P	B	4	C	N	0	1	?opar chepchey oteedy olaiin osshy
fRos	fRos.139	P	B	4	C	N	1	0	tol ofar chefaiin ol
fRos	fRos.140	P	B	4	C	N	0	0	okchy qokedy qokedy
fRos	fRos.141	P	B	4	C	N	0	1	tol teoor o l chekor
fRos	fRos.142	P	B	4	C	N	1	0	okar olchety daiin
fRos	fRos.143	P	B	4	C	N	0	0	ok?dy qokcho chfady oro
fRos	fRos.144	P	B	4	C	N	0	0	okeechy okol sheeo tolfchd
fRos	fRos.145	P	B	4	C	N	0	1	saiir shodaiin
fRos	fRos.146	L	B	4	C	N	0	0	dor
fRos	fRos.147	L	B	4	C	N	0	0	oky
fRos	fRos.148	L	B	4	C	N	0	0	roo
fRos	fRos.149	L	B	4	C	N	0	0	otol
fRos	fRos.150	L	B	4	C	N	0	0	ardas
fRos	fRos.151	L	B	4	C	N	0	0	l chdy
fRos	fRos.152	L	B	4	C	N	0	0	oparod
fRos	fRos.153	L	B	4	C	N	0	0	shckhdy
fRos	fRos.154	L	B	4	C	N	0	0	tshda
fRos	fRos.155	L	B	4	C	N	0	0	opchd
fRos	fRos.156	L	B	4	C	N	0	0	opchdy
fRos	fRos.157	L	B	4	C	N	0	0	qokal
fRos	fRos.158	L	B	4	C	N	0	0	shet?
fRos	fRos.159	L	B	4	C	N	0	0	opchsy
fRos	fRos.160	L	B	4	C	N	0	0	che?ky
f86v4	f86v4.1	C	B	2	C	N	0	0	opos os sheody pch???ar odsheo qody cheepchdy lpchedy olkar shdar dchdor qopcher ches os eeedar odaiin pcheodar chdair orarorchy shar opchsey otedy chy chedy sarshed odar sheey scheor al cheefar shetchy qoteol otor shar qoteshy do??? ofor arar dl
f86v4	f86v4.2	C	B	2	C	N	0	0	oeeey o daiin otedaiin otedy oteey chedaiin octhedy chy shedaiin chotaiin oraiin otodeee? ar yteeody oteedaraiin shedaiin chdar shedy qotedaiin chedy tchdy chetdy chedy qotar chedy chckhy daiin otedy seeedy yteey sam
f86v4	f86v4.3	C	B	2	C	N	0	0	tchey dair alody shes qeeor or odarchdy chdy orcheos os ain or oteed chedees oteedy qoty otedy shedy otedy dar shd shy y schdy chdeedy dodar oiin or oiin sar orchedy qotchdy dchdes ar sheody opcho fcheom
f86v4	f86v4.4	C	B	2	C	N	0	0	pchedar ar oor otees oes aiir olkeor dar ain desy doeedey opchedy shedaiin dar otedy dain otey dam otedy daiin chocthy dtedair chody sheos otedos qokechy pchdeedy dan ol dol oty sho pol otoldyl
f86v4	f86v4.5	P	B	2	C	N	1	0	pcheodar oedy qokeol qoeoloqokeol dar ol olair am
f86v4	f86v4.6	P	B	2	C	N	0	0	ycheoltar ol ol sheey qokey or aiin sheeor sar al ol sheey qockheey
f86v4	f86v4.7	P	B	2	C	N	0	0	tol sh s or aiin ol keeod lcheody okedy qokeody qoain a?
f86v4	f86v4.8	P	B	2	C	N	0	0	daiin ol keedy otar olshedy okol aiin okal cheockhy shoy daiin
f86v4	f86v4.9	P	B	2	C	N	0	1	dar oleey ol yy
f86v6	f86v6.1	P	B	2	T	N	1	0	pcheypchdar opory ches aiin ofy chedy otedalol orairody qotchdaiin qopy
f86v6	f86v6.2	P	B	2	T	N	0	0	ochody chol chey qotchdy kchdy qopchd chpchy qopchy qoky chedy qokol lray
f86v6	f86v6.3	P	B	2	T	N	0	0	qolchy olkeedy chdal chedy chor ar arody qokchdy chdal okar chdy otaiin
f86v6	f86v6.4	P	B	2	T	N	0	0	dshor shdy shor ol aiin olkeedy shdal oteor chdar l karchees olkar dalam
f86v6	f86v6.5	P	B	2	T	N	0	0	tar lol chol olkar daiin chear or otshey qokar opchey taiky qotar
f86v6	f86v6.6	P	B	2	T	N	0	0	daiin sheol keear or chedy ar sheeeb qotain odaiin olkeshar qokar or
f86v6	f86v6.7	P	B	2	T	N	0	0	qokaiin y lchedor or aiin ol or olkal or shedy qokal s ar archey dy
f86v6	f86v6.8	P	B	2	T	N	0	0	ykaiin odaiin chal sair ytar chody ldaly chdal ykchedy ltchedy dar
f86v6	f86v6.9	P	B	2	T	N	0	0	dshor ykaiin dar sheey qokol cheol otar ar aiiin qoteeos aiin
f86v6	f86v6.10	P	B	2	T	N	0	0	sarar ykaiin soldam sheol qckhy dalor olaiin olkaiin qodar o@185;y
f86v6	f86v6.11	P	B	2	T	N	0	0	qokaiin olkeey qokeor or cheeaiin yteedy qoko lchdol or chcphar ar
f86v6	f86v6.12	P	B	2	T	N	0	1	ykeealor qokal otar ykairolky
f86v6	f86v6.13	P	B	2	T	N	1	0	oly qopaiin yfchdy cpholkaiin cholfchy qopar aroiiin opchedy opoly
f86v6	f86v6.14	P	B	2	T	N	0	0	ykchy cholkaiin chey ykeedy okal or chcfhy lkey okar dar ol ain
f86v6	f86v6.15	P	B	2	T	N	0	0	shol shotaiin shckhor olaiin chdy qokain odaiiin cheor ol kaiin chey
f86v6	f86v6.16	P	B	2	T	N	0	0	taiin okaiin qokaiin ykeey otain chey okam qokar qokain okaiin
f86v6	f86v6.17	P	B	2	T	N	0	0	par or aiin dar aiiin qckhear shoy qotedy opchdy olain ar alkar am
f86v6	f86v6.18	P	B	2	T	N	0	0	ytaiin ytair dalol ytal dar aiiin chol olkchey lkar otal qotardam
f86v6	f86v6.19	P	B	2	T	N	0	1	pol sheopchey pchecfhey or aiiin qokaiin cholkar
f86v6	f86v6.20	P	B	2	T	N	1	0	pdaiiiy otol podaiin ocphey opchor olkshed qofod opdaiin odar dairody
f86v6	f86v6.21	P	B	2	T	N	0	0	oreeey lkeeor daiin olteody tar otyteeodaiin yty sheey tar ar am ody
f86v6	f86v6.22	P	B	2	T	N	0	0	lshechy tshy qokeedy kain ytaiin chees tairoar qotar tay d amom
f86v6	f86v6.23	P	B	2	T	N	0	0	qokar olkedy otor chedy qokar opchedy dar ykar ar dair ain ol keodar
f86v6	f86v6.24	P	B	2	T	N	0	0	chey keody choty dal ody qokeedy pchedy ytshy tody dal tchedy qokar oly
f86v6	f86v6.25	P	B	2	T	N	0	0	yteedy qokar olkar qodar ykaiin or okeeeey ofchedy qokaiin araram
f86v6	f86v6.26	P	B	2	T	N	0	0	saiin shor shekaiin chedy cholkeog qokchy orchcthy olteedydar otar aim
f86v6	f86v6.27	P	B	2	T	N	0	0	alshdr lkar dal kshd shdar shedy qody sheey qotedy olkeey qokchdy ramshy
f86v6	f86v6.28	P	B	2	T	N	0	0	qokaiin qokar okar qotar lor qokchdy dar shey d y tshedy qotol dytshy dy
f86v6	f86v6.29	P	B	2	T	N	0	1	dchedy chcthdy shol oky ytaiin ykaiin chedy dy dal shdaiin
f86v6	f86v6.30	P	B	2	T	N	1	0	polkeey tshed qopchey paroiin chefchy qopar qopchedy qopydaiin qopary
f86v6	f86v6.31	P	B	2	T	N	0	0	dair chepy qokaiin olkar olkchdy okar al dar olkchey otytam orom
f86v6	f86v6.32	P	B	2	T	N	0	0	qokeey qoeear chsey oky qokar or chey qotar ol kchedy qokaiin am
f86v6	f86v6.33	P	B	2	T	N	0	0	dar olkaiin ydy lkchedy okeeeykeey dl ld lo l sheey qokshey taiin g
f86v6	f86v6.34	P	B	2	T	N	0	0	soraiin ar shey qoteody or aiiin oeey ldaiiin or oro ol kaiiin
f86v6	f86v6.35	P	B	2	T	N	0	0	sar aiin otar cheody qotaiin qokaiin ol tey qokaiin okar ol
f86v6	f86v6.36	P	B	2	T	N	0	0	dairal daiin qokar chol tal cthdy qokeey lkaiin olkaiin araiin
f86v6	f86v6.37	P	B	2	T	N	0	0	lshar okar qoeedy qotar otal olky qokal ol kaiin octhear lo
f86v6	f86v6.38	P	B	2	T	N	0	0	poiin otal kal toror olaiin okeockhey olkeey qoedy lkaiin oltam
f86v6	f86v6.39	P	B	2	T	N	0	0	y aiin dar otol qokain qoky lkor dal oraiin cheoty qotaiin olkam
f86v6	f86v6.40	P	B	2	T	N	0	0	daiin ar qotal tshdy otar shcthdy qokol chotal kar ol kar alky
f86v6	f86v6.41	P	B	2	T	N	0	0	qokaiin octhy oltchey qotal lkalol sheol qotaiin ytain ytody
f86v6	f86v6.42	P	B	2	T	N	0	0	otaiin qokain otal otal lt al lkar chdy qotol qokain
f86v6	f86v6.43	P	B	2	T	N	0	0	qokaiin choty ytaiin chokain chocthy chy taiin okaiin okan
f86v6	f86v6.44	P	B	2	T	N	0	0	shor qoky chorolk chokaiin qoal kaiin qoaiin or aiiin ykedy
f86v6	f86v6.45	P	B	2	T	N	0	1	paiin otar otolkshy qokshey ar otalky chear aiodam
f86v5	f86v5.1	P	B	2	T	N	1	0	pshdal choky sheody lfchy fyshey qoty opy ypar o raiin ytor aiin opy
f86v5	f86v5.2	P	B	2	T	N	0	0	losair yteody qokar shy qokar shor qopchol tal ol ytol otam otam
f86v5	f86v5.3	P	B	2	T	N	0	0	shedy chdy qokar okeeey sheokaiin cheoky oteeodail otaiin otain
f86v5	f86v5.4	P	B	2	T	N	0	0	ypchesy oky sheeey qoty qotaiin sail chepy ltedy dar olkar am
f86v5	f86v5.5	P	B	2	T	N	0	0	daiin or otol otshey otal olkey chcthody ytar dal ar okary
f86v5	f86v5.6	P	B	2	T	N	0	1	olkeedy shety ytar ytaiin shdam araiiin ytaiin
f86v5	f86v5.7	P	B	2	T	N	1	0	pdaiin qoteedy opchey qopor otol kshdy qopcheey shdar fchcfhy
f86v5	f86v5.8	P	B	2	T	N	0	0	octhal shckhy otshey opor shey tor ar otar aiin chdy tarcheeg
f86v5	f86v5.9	P	B	2	T	N	0	0	lkaiiin otain r al ykain chaiin y tal ykaiin otal ar alkam
f86v5	f86v5.10	P	B	2	T	N	0	0	ykar olkal kar shedy shor qokar chor or ykaiin otam ytam
f86v5	f86v5.11	P	B	2	T	N	0	1	taral okar octhey sal kaiin ytal chey otal aiiin olkam
f86v5	f86v5.12	P	B	2	T	N	1	0	poraiiidy otshs al ar shey tair sheody qopchesy lfar air amod
f86v5	f86v5.13	P	B	2	T	N	0	0	daiin shar otam ytaiin otal teody cthy or aiin otar aiiin
f86v5	f86v5.14	P	B	2	T	N	0	0	qoar aiiin al ody ar aiin qokeeey cheey qotaiin ykar acthy
f86v5	f86v5.15	P	B	2	T	N	0	0	ykar ar alody or eees aiin okar qokaiin ykar ar ol chsky
f86v5	f86v5.16	P	B	2	T	N	0	0	dcheytain qoka daiin ykalkain ykar al kaiin dalkalytam
f86v5	f86v5.17	P	B	2	T	N	0	1	ockhedy ched y taiin ykaiin qotal yshey otaiin olkam
f86v5	f86v5.18	P	B	2	T	N	1	0	poldaiin shea teraiin otcho lkaiin os al ody qotar ytedy daiin
f86v5	f86v5.19	P	B	2	T	N	0	0	ycheeytydaiin ykeeo chey shckhy shoky oty oty otain olkchdy
f86v5	f86v5.20	P	B	2	T	N	0	0	ychor ar aiin ytaly otaiin ykaiin otal ytar aiin ytaiiil
f86v5	f86v5.21	P	B	2	T	N	0	0	oar ar aiin okaiin yteey ytaiin qokees aiin yteey qotey lkey
f86v5	f86v5.22	P	B	2	T	N	0	0	ykaiin ykeey ykal chod aiin oeey teodkaiin otodaiin okain
f86v5	f86v5.23	P	B	2	T	N	0	0	ykaiin or aiin okol chokar sheol qokar cheey or aiin ody
f86v5	f86v5.24	P	B	2	T	N	0	0	oar aiin ykain okal kchody chckhy otaiin olkar otaiin
f86v5	f86v5.25	P	B	2	T	N	0	1	sair kain ar alosheey qoeey lkesy
f86v5	f86v5.26	P	B	2	T	N	1	0	pochor aiir shoar pshody shody qopchy ocfhdy dar olpshy dam shey
f86v5	f86v5.27	P	B	2	T	N	0	0	pchor ypchor aiin otar shody pchykar ytar odar oeees aral om
f86v5	f86v5.28	P	B	2	T	N	0	0	odaiin o al kar ar or ytdar qokeeey teo dy tey tar a? ytarar
f86v5	f86v5.29	P	B	2	T	N	0	0	ysheoar qoteody qokar shody qokal tchey ytchy tal tar
f86v5	f86v5.30	P	B	2	T	N	0	0	odaiin otchees chey chodaiin shedy otal kchol shy olkeeeary
f86v5	f86v5.31	P	B	2	T	N	0	0	tol kaiin ytchdy chol ytedy ytain qodaiin ytody ykeshy ar
f86v5	f86v5.32	P	B	2	T	N	0	0	dshey ytchy dy qotal shdy or aiin chody chey ol teody aiin
f86v5	f86v5.33	P	B	2	T	N	0	0	qokeey ol kaiin ol kain olkeedy qopcheey oty daiin otam
f86v5	f86v5.34	P	B	2	T	N	0	0	oteey ol tey choaiin ysheedy ychedy ytaiin otam aiin
f86v5	f86v5.35	P	B	2	T	N	0	0	ychey or aiin ytair ytaim otal shod qokchy qoody s aim
f86v5	f86v5.36	P	B	2	T	N	0	0	shody qoty chody ytody olkey otoloty oltal oky dam
f86v5	f86v5.37	P	B	2	T	N	0	0	dchol chedy qotain otaiin ol cheody olkeeody oreeeg
f86v5	f86v5.38	P	B	2	T	N	0	0	sol odaiin ykeeshy ytchey lchody ykar shey ytaiin
f86v5	f86v5.39	P	B	2	T	N	0	1	yteody chedy qoteey octhy dy
f86v3	f86v3.1	P	B	2	C	N	1	0	tchedy qokeedy qoedy qopchy raiin olpchey qokaiin
f86v3	f86v3.2	P	B	2	C	N	0	0	rain ychedy qoeeey otair cheody ytain qy kaiin
f86v3	f86v3.3	P	B	2	C	N	0	0	taiin ytaiin ytaiin ytaiin or ar ytas am
f86v3	f86v3.4	P	B	2	C	N	0	0	ykaiin qoeedy qar aiin yteeey ar aiin ar am
f86v3	f86v3.5	P	B	2	C	N	0	0	yeey qotaiin chdy ypeor ytain otain ytam
f86v3	f86v3.6	P	B	2	C	N	0	0	daiinls aiin chcthy ykaiin ykaiin chdar ar aiin
f86v3	f86v3.7	P	B	2	C	N	0	0	sain ytaiin ytapy odeeey dal dair ytam
f86v3	f86v3.8	P	B	2	C	N	0	1	sor aiin otey otair
f86v3	f86v3.9	P	B	2	C	N	1	0	tchol olkey cfhy aiin opchedy okchedy or acheody shol shedy yteey daiin dady
f86v3	f86v3.10	P	B	2	C	N	0	0	ychey olkeeey qotchedy qokeey qotchedar sheedy qokaiin qokedy ykaiin qotaiior am
f86v3	f86v3.11	P	B	2	C	N	0	0	tcheod oteey yteeody chdy chedos shedy cheos ols aiir sheey yteeeey oteeodam
f86v3	f86v3.12	P	B	2	C	N	0	0	yteedy ykeey daim choaiin checkhy keeeochy tcheey otodaiin opaiin otchey otam
f86v3	f86v3.13	P	B	2	C	N	0	0	osheey orsheey tcheody qokain qodaiin olkar chedaiin y chedy qokady cholkain
f86v3	f86v3.14	P	B	2	C	N	0	1	ar aiin shodain shor chalkar shekshol okchor
f86v3	f86v3.15	P	B	2	C	N	1	0	tshdey dalkshdy shocfhy saiin or airodychedaly
f86v3	f86v3.16	P	B	2	C	N	0	0	dcheody skeeody qokshey cheodain ykchedsar aldy
f86v3	f86v3.17	P	B	2	C	N	0	1	dsheody qokchey dal or odaiin sar
f86v3	f86v3.18	P	B	2	C	N	1	0	pchedaiin dchedy qokchdy qopchol sholsheody solkam
f86v3	f86v3.19	P	B	2	C	N	0	0	dchey otain olkechy qokam chol kchdy chol tchdy dar aiindy
f86v3	f86v3.20	P	B	2	C	N	0	0	lshodair ykcho dar chody ykeeody qochey chckhey lkar ary
f86v3	f86v3.21	P	B	2	C	N	0	0	dshedy kshey tchdy shdy ralkchedy ytchol qoty okshy tam
f86v3	f86v3.22	P	B	2	C	N	0	1	ytchdy dar sholor alor
f86v3	f86v3.23	P	B	2	C	N	1	0	tshedal ypchey shdy qopcheeody opchdy olfchey ypchey qotaiin
f86v3	f86v3.24	P	B	2	C	N	0	0	dshedy qokeey qotee? shedy qokaiin chdy otar otaiin ykaiin
f86v3	f86v3.25	P	B	2	C	N	0	0	qodaiin y ochedy qotchey qoky daiin chdy oteedy qoty daiin am
f86v3	f86v3.26	P	B	2	C	N	0	0	shor yteey oteedy shedaiin sheey otaiin ytaiin otodar aiin
f86v3	f86v3.27	P	B	2	C	N	0	0	teeos aiin yteey qoteey otchey qoteeody cheeor cheedaiin
f86v3	f86v3.28	P	B	2	C	N	0	1	ycheeody daiis oteey qoedy oteey olteey
f86v3	f86v3.29	P	B	2	C	N	1	0	toeeedchy okchey qokchedy shedy ytcheodar
f86v3	f86v3.30	P	B	2	C	N	0	0	ytchey yteey chdal or cheey daiin cheokaii@175;
f86v3	f86v3.31	P	B	2	C	N	0	0	tchedy chy tchey otchedy qokal oeedy lkam
f86v3	f86v3.32	P	B	2	C	N	0	0	oees aiiin yteeedy chedy qotaiin cheody
f86v3	f86v3.33	P	B	2	C	N	0	0	ytchey otaiin kshd qotar chear or am
f86v3	f86v3.34	P	B	2	C	N	0	0	yteeo dy chedy qokal yteey qokar am
f86v3	f86v3.35	P	B	2	C	N	0	0	dcheey teeody oty otchedy daiiraii@175;
f86v3	f86v3.36	P	B	2	C	N	0	1	ykeeedy qoteey qodaiin okeeey
f87r	f87r.1	P	A	1	H	O	1	0	poalshsal shocphor ypcho cpheo saiin oteodal saiin
f87r	f87r.2	P	A	1	H	O	0	0	dcheeckhos chety cthodal yteodam cphecthy syty
f87r	f87r.3	P	A	1	H	O	0	0	tchor oteedy ykeey ody keos sheekchey saiidy
f87r	f87r.4	P	A	1	H	O	0	0	soraiin qockhos cheodor ckheokey chcthody s odar
f87r	f87r.5	P	A	1	H	O	0	0	daiin ctheey ckheckhy cthody chor s al dar chor
f87r	f87r.6	P	A	1	H	O	0	0	tos she keodaiin pcheos sheo so shkeody soraiin
f87r	f87r.7	P	A	1	H	O	0	0	y teeodal cho keeody shy koo sols chekol
f87r	f87r.8	P	A	1	H	O	0	0	solsheor ysaiin chor cheory kchody
f87r	f87r.9	P	A	1	H	O	0	0	sor shocthey oteody dchol saraiin
f87r	f87r.10	P	A	1	H	O	0	1	sho cthos cheodal ctheody qoty
f87r	f87r.11	P	A	1	H	O	1	0	psheodshy dal shee saldal shol aldy
f87r	f87r.12	P	A	1	H	O	0	0	ysheeer chetchy teodar otcheol tockhy
f87r	f87r.13	P	A	1	H	O	0	0	keor ckheey shody qoeeeety s chody daiin
f87r	f87r.14	P	A	1	H	O	0	0	daiin shol cthey okeol cheor okeeo daiim
f87r	f87r.15	P	A	1	H	O	0	0	shos cheol cheos ckhey saiin q'ockheo ldaiin
f87r	f87r.16	P	A	1	H	O	0	1	yteeor cheol dcheeol
f87v	f87v.1	P	A	1	H	O	1	0	@180;cheey daiin cpheodar shody dcheody todor oeeepchodyoldar
f87v	f87v.2	P	A	1	H	O	0	0	schey ctheey qocthsy sdcheoky s cth
f87v	f87v.3	P	A	1	H	O	0	0	y cheockhy okey cthyyteeor os
f87v	f87v.4	P	A	1	H	O	0	0	dcheecthey cthosyykeeor oky
f87v	f87v.5	P	A	1	H	O	0	0	ycheey keeo salckhyeoiin scheom
f87v	f87v.6	P	A	1	H	O	0	0	dcheos shey solchiydoteos cthey
f87v	f87v.7	P	A	1	H	O	0	0	qotechoep cheos ctheyqokeod qokeog
f87v	f87v.8	P	A	1	H	O	0	0	shoeey cthey qo cthodolyteodaiin sheol
f87v	f87v.9	P	A	1	H	O	0	1	techol qoscheody otol
f87v	f87v.10	P	A	1	H	O	1	0	opcheey y cpheckhycheo r chepcheol
f87v	f87v.11	P	A	1	H	O	0	0	kchor ol cheeol qok odallseeey keodam
f87v	f87v.12	P	A	1	H	O	0	0	ytcheoqo chos ckheos cheoys cheol sal dain
f87v	f87v.13	P	A	1	H	O	0	0	ksheol qoar cfhs ykaiinsaral aiim am
f87v	f87v.14	P	A	1	H	O	0	0	san ainy keol dair oldain atolg
f87v	f87v.15	P	A	1	H	O	0	0	yksho qosarolor oral daraiing
f87v	f87v.16	P	A	1	H	O	0	1	saiin olcthr
f88r	f88r.1	L	A	1	P	O	0	0	otorchety
f88r	f88r.2	L	A	1	P	O	0	0	osal
f88r	f88r.3	L	A	1	P	O	0	0	orald
f88r	f88r.4	L	A	1	P	O	0	0	oldar
f88r	f88r.5	L	A	1	P	O	0	0	otoky
f88r	f88r.6	L	A	1	P	O	0	0	otaly
f88r	f88r.7	P	A	1	P	O	1	0	dorsheoy ctheol qockhey dory sheor sholfchor dal chcthol
f88r	f88r.8	P	A	1	P	O	0	0	ral sheom keol chear shekor qokor daiin sar s aiin oky sam
f88r	f88r.9	P	A	1	P	O	0	0	oain or om otam okeom cheeor qokeody dar or om cheody
f88r	f88r.10	P	A	1	P	O	0	0	qokeol cheol saiin cheos cheol doleeey or cheom cheojam
f88r	f88r.11	P	A	1	P	O	0	1	yokeody cheom qoor cheeb ykeor shy sam
f88r	f88r.12	L	A	1	P	O	0	0	otaldy
f88r	f88r.13	L	A	1	P	O	0	0	oram
f88r	f88r.14	L	A	1	P	O	0	0	dary
f88r	f88r.15	L	A	1	P	O	0	0	okol
f88r	f88r.16	L	A	1	P	O	0	0	sorory
f88r	f88r.17	L	A	1	P	O	0	0	otyda
f88r	f88r.18	P	A	1	P	O	1	0	koay cphol orchor pcheoly otchol oldy salsaly
f88r	f88r.19	P	A	1	P	O	0	0	dchey chokol daiin qoekol qoekol qockhol okol cheol
f88r	f88r.20	P	A	1	P	O	0	0	dsheol qokeey s chy s aiin chor oteor aiin chosals
f88r	f88r.21	P	A	1	P	O	0	0	teol chor olsheody qokeol shoy ol sheeol sheoldg
f88r	f88r.22	P	A	1	P	O	0	1	ychey okaiin chol cheor ol chorcholsal
f88r	f88r.23	L	A	1	P	O	0	0	ofyskydal
f88r	f88r.24	L	A	1	P	O	0	0	otor am
f88r	f88r.25	L	A	1	P	O	0	0	ofaldo
f88r	f88r.26	P	A	1	P	O	1	0	poeear sheoky olkeey cthol poldy sokoldy
f88r	f88r.27	P	A	1	P	O	0	0	qokol chol qokol qokol chol cheey or aiin oldal
f88r	f88r.28	P	A	1	P	O	0	0	ykar cheol chol chey ckhey s or shear ar alsy
f88r	f88r.29	P	A	1	P	O	0	0	kor chey qokol cheol chody qokol kchor chol dal
f88r	f88r.30	P	A	1	P	O	0	0	ykeeey cheor cheotey cheol qokeor chetchy ofal
f88r	f88r.31	P	A	1	P	O	0	1	dar chear chol dol qoekeor cheom
f88v	f88v.1	L	A	1	P	O	0	0	okalyd
f88v	f88v.2	L	A	1	P	O	0	0	cheocthy
f88v	f88v.3	L	A	1	P	O	0	0	cpheor
f88v	f88v.4	L	A	1	P	O	0	0	otar arody
f88v	f88v.5	L	A	1	P	O	0	0	otokol
f88v	f88v.6	P	A	1	P	O	1	0	teodal lkeo cheor roshckhy sorshyaiin cheokal saldaiin
f88v	f88v.7	P	A	1	P	O	0	0	dshor shor qokeody qokeo lchey chkeor qokeey daiin qokeom
f88v	f88v.8	P	A	1	P	O	0	0	qoaiin cheoy olcheody qoekeol cho chckhy qoeey key cheokam
f88v	f88v.9	P	A	1	P	O	0	0	choeey keeod y s aiin chody okearcheol archeey sairal
f88v	f88v.10	P	A	1	P	O	0	1	dar cheorol chekol daraly
f88v	f88v.11	L	A	1	P	O	0	0	otoram
f88v	f88v.12	L	A	1	P	O	0	0	otora
f88v	f88v.13	L	A	1	P	O	0	0	cheosdy
f88v	f88v.14	L	A	1	P	O	0	0	okaiin
f88v	f88v.15	P	A	1	P	O	1	0	kosholdy qotody opykey oldaiin qoteody yfolaiin oraiin
f88v	f88v.16	P	A	1	P	O	0	0	ysheod sheo sheody qokeody qoky chees cheody qokeody dal
f88v	f88v.17	P	A	1	P	O	0	0	qokeey qokeody chor oteody qockhol okol cheedy qokody
f88v	f88v.18	P	A	1	P	O	0	0	ykeeor chockhy otol cheeol cheody qotody soteol chotam
f88v	f88v.19	P	A	1	P	O	0	0	odaiin sheo ol qokeey olaiin cheody chocthey oteody dy
f88v	f88v.20	P	A	1	P	O	0	1	sqokeodaiin cheody oteol cheockhy chody
f88v	f88v.21	P	A	1	P	O	1	0	toairy oteeody cpheody ykchey dam cheor chaly korain
f88v	f88v.22	P	A	1	P	O	0	0	dairodain ykeodain dain shedy qoteo lchdy qokeo r ain
f88v	f88v.23	P	A	1	P	O	0	0	tol keeodaiin qoky sheol daiin chees aiin chokar daimd
f88v	f88v.24	P	A	1	P	O	0	0	daiin sheor sheedy daiin shoy qokeody doy dair
f88v	f88v.25	P	A	1	P	O	0	0	ykeey sheor tos checkhy dain cheos cheockhy saldy
f88v	f88v.26	P	A	1	P	O	0	1	saiin choky cheor shy
f88v	f88v.27	L	A	1	P	O	0	0	daramdal
f88v	f88v.28	L	A	1	P	O	0	0	otydary
f88v	f88v.29	L	A	1	P	O	0	0	otdordy
f88v	f88v.30	L	A	1	P	O	0	0	dararda?
f89r1	f89r1.1	L	A	1	P	O	0	0	okchshy
f89r1	f89r1.2	L	A	1	P	O	0	0	qkol
f89r1	f89r1.3	L	A	1	P	O	0	0	oldam
f89r1	f89r1.4	L	A	1	P	O	0	0	otoldy
f89r1	f89r1.5	L	A	1	P	O	0	0	ararchodaiin
f89r1	f89r1.6	P	A	1	P	O	1	0	qoar shar qopcholy qokod chepy dar sheey okor sheeos oldain
f89r1	f89r1.7	P	A	1	P	O	0	0	dshody qocthy chockhy dal chedy qokeody daldaiin chodaiin dal
f89r1	f89r1.8	P	A	1	P	O	0	0	qokeol chol qodaiin chol cheody qokechy daiin ctheody dam
f89r1	f89r1.9	P	A	1	P	O	0	0	yshor soiiin daiin qokeey daiin ckhol qokain cheamy
f89r1	f89r1.10	P	A	1	P	O	0	1	tdain schol cheoky cheody qokar dal chor y daiin
f89r1	f89r1.11	L	A	1	P	O	0	0	ykyd
f89r1	f89r1.12	L	A	1	P	O	0	0	chol ches
f89r1	f89r1.13	L	A	1	P	O	0	0	otorain
f89r1	f89r1.14	L	A	1	P	O	0	0	okaiin dan
f89r1	f89r1.15	P	A	1	P	O	1	0	tcheol qoeair sheol qocphey saiin cheocphey dal darolg
f89r1	f89r1.16	P	A	1	P	O	0	0	om sheey qokey l daiin dalchom chy chol cheos aiin dy
f89r1	f89r1.17	P	A	1	P	O	0	0	qeaiin cheyl seey qotey qokeeol daiin edy daiin dam
f89r1	f89r1.18	P	A	1	P	O	0	1	dals al dal cheody dainaldy al daldal
f89r1	f89r1.19	P	A	1	P	O	1	0	pshol sheo qoay cheocphy s sheyr qokair ydam daly
f89r1	f89r1.20	P	A	1	P	O	0	0	daim cheom qoay air cheody ldain dal chom chtaii@197;
f89r1	f89r1.21	P	A	1	P	O	0	0	taiin dam shoety dal qokchy ykchdy otcham ol sshr aiin
f89r1	f89r1.22	P	A	1	P	O	0	0	ycheeo r sheol qockhedy yty sheody qotol chead chey dal
f89r1	f89r1.23	P	A	1	P	O	0	1	dain oteos cheody cheodain daiin chodaiin
f89r1	f89r1.24	L	A	1	P	O	0	0	ykocfhy
f89r1	f89r1.25	L	A	1	P	O	0	0	saldam
f89r1	f89r1.26	L	A	1	P	O	0	0	sydarary
f89r1	f89r1.27	L	A	1	P	O	0	0	yddy
f89r2	f89r2.1	L	A	1	P	O	0	0	odory
f89r2	f89r2.2	L	A	1	P	O	0	0	doly
f89r2	f89r2.3	L	A	1	P	O	0	0	opchosam
f89r2	f89r2.4	L	A	1	P	O	0	0	saloiinsheol
f89r2	f89r2.5	L	A	1	P	O	0	0	opcheor
f89r2	f89r2.6	P	A	1	P	O	1	0	qokcheody cheodal dair cholkeedy qokedy cheal cheo dal qoaiis shey cpheeedol deey qockhey chaldy daim
f89r2	f89r2.7	P	A	1	P	O	0	0	chos aiin cheodal daiin chy chedain dolchsyckheol daiin chody cheedy tchodol chor choldy chos dol okcheeg
f89r2	f89r2.8	P	A	1	P	O	0	1	tol daiin daiin daiinody qokeey cheoldy qody cheor sain daiin oky cheody cheoky
f89r2	f89r2.9	L	A	1	P	O	0	0	otold
f89r2	f89r2.10	L	A	1	P	O	0	0	okol shol dy
f89r2	f89r2.11	L	A	1	P	O	0	0	opchoroiin
f89r2	f89r2.12	P	A	1	P	O	1	0	porachol yody qoteol oldaiin otol sheor shor oldaiin otchol cheol otolpchy dar cho lkeopol oeeor or
f89r2	f89r2.13	P	A	1	P	O	0	0	daiin olkey okeol okey okeeol qoor ol chor cheky chol daiin chol cheol koldam olcheol dol cheol
f89r2	f89r2.14	P	A	1	P	O	0	0	tos ol chor ydaiin chey s oiiin chckhy qokeol okey okeey keey eky qokol okeey dal cheeody oeckhy
f89r2	f89r2.15	P	A	1	P	O	0	1	ycheo keeo ckho saiin okeo daiin ockhy s ockhey saiin chchky
f89r2	f89r2.16	L	A	1	P	O	0	0	korainy
f89r2	f89r2.17	L	A	1	P	O	0	0	sodar
f89r2	f89r2.18	L	A	1	P	O	0	0	cheys
f89r2	f89r2.19	L	A	1	P	O	0	0	cheody
f89r2	f89r2.20	L	A	1	P	O	0	0	oporain
f89r2	f89r2.21	L	A	1	P	O	0	0	okshdchos
f89r2	f89r2.22	P	A	1	P	O	1	0	kolches sheol qokeoefy sheey opcheor opcheol shody sholdy qokal chey oldy sheodal ytoldy
f89r2	f89r2.23	P	A	1	P	O	0	0	daiin cheok o keol daiin dal dair qokeey okeol daiin ykeody okeeey as cheey okeol cheo cheky
f89r2	f89r2.24	P	A	1	P	O	0	0	yokeeol cheol qokeey qokeol chey cheokor okeey ky daiin qokeol cheey qokeey saiin oteos
f89r2	f89r2.25	P	A	1	P	O	0	0	daiin dal sheol s aiin qocheey daiiin qokeeyl qokeody chol cheol ykeo qo qol cheo loiiin doigom
f89r2	f89r2.26	P	A	1	P	O	0	0	scheor sy sorcheey dol cheor cheey keey qokeey daiin ycheary okeey keeokechy cthey daiin dy
f89r2	f89r2.27	P	A	1	P	O	0	0	qokol cheor okoiin okeoy qoeey cheor cheey qokeol cheal s aiin ocheol soiiin dair chey daiin
f89r2	f89r2.28	P	A	1	P	O	0	1	o r ain ar ain ol daiin qoaiin ol chkaiin daiin okar dair y?dair
f89r2	f89r2.29	L	A	1	P	O	0	0	okain
f89r2	f89r2.30	L	A	1	P	O	0	0	yorain
f89r2	f89r2.31	L	A	1	P	O	0	0	ofakal
f89r2	f89r2.32	L	A	1	P	O	0	0	otalsy
f89r2	f89r2.33	L	A	1	P	O	0	0	ytarem
f89r2	f89r2.34	L	A	1	P	O	0	0	otolarol
f89v2	f89v2.1	L	A	1	P	O	0	0	choeesy
f89v2	f89v2.2	L	A	1	P	O	0	0	okam
f89v2	f89v2.3	L	A	1	P	O	0	0	darcheor
f89v2	f89v2.4	L	A	1	P	O	0	0	chokaro
f89v2	f89v2.5	L	A	1	P	O	0	0	sheol
f89v2	f89v2.6	L	A	1	P	O	0	0	chokam
f89v2	f89v2.7	P	A	1	P	O	1	0	kosar sheol s aiin koiin chtodaiin pdiin choty qofoiin dy qopdal doiir ofaiin ol cfheol dam
f89v2	f89v2.8	P	A	1	P	O	0	0	dain ykodaiir okor chear otees eeckhy s aiin ckhey otaiin okar dain okol ol chor dar
f89v2	f89v2.9	P	A	1	P	O	0	0	ychey okeey qoeol daiin chor chos cheos qol e eeey dal chody cheor chey qoaiin chody
f89v2	f89v2.10	P	A	1	P	O	0	1	dair or cheol chom qol cheo lcho l or cheo daiin chkam
f89v2	f89v2.11	L	A	1	P	O	0	0	otory
f89v2	f89v2.12	L	A	1	P	O	0	0	otair chody
f89v2	f89v2.13	L	A	1	P	O	0	0	dykaran
f89v2	f89v2.14	L	A	1	P	O	0	0	opcheedey
f89v2	f89v2.15	P	A	1	P	O	1	0	sor oairar sheety chodor kory oeear eais sheotain ytodaiin
f89v2	f89v2.16	P	A	1	P	O	0	0	o cthos okaiir okeos dar s siin ykeody dar okal dal dosal dar am
f89v2	f89v2.17	P	A	1	P	O	0	0	y eo qokeeol chey sair dam chy for opodaiin dam sasy qodam yteos aiin
f89v2	f89v2.18	P	A	1	P	O	0	1	yokor chor cthy daiin chos chey dar aiin choeeer okar chcthy darai?s
f89v2	f89v2.19	P	A	1	P	O	1	0	toar qokeeody doef shey dair olsheos psheoepoain daiin qekor okeor otol sheey daldaiin
f89v2	f89v2.20	P	A	1	P	O	0	0	dol dair chey okaiin shy daiin odor sheos aiin daikeody qokorar sheody qoko ltcheody otal
f89v2	f89v2.21	P	A	1	P	O	0	0	dar qockhy qokal okeoy chockh daiin odaiin ykeody okols sheey keeody daiin qokos okeom
f89v2	f89v2.22	P	A	1	P	O	0	1	ockhody daiin ykam s chty chy cthey dair air chool loy dair cheo daiin
f89v2	f89v2.23	L	A	1	P	O	0	0	opaloiiry
f89v2	f89v2.24	L	A	1	P	O	0	0	otaram
f89v2	f89v2.25	L	A	1	P	O	0	0	chtchy
f89v2	f89v2.27	L	A	1	P	O	0	0	sada?
f89v2	f89v2.28	L	A	1	P	O	0	0	daseky
f89v1	f89v1.1	L	A	1	P	O	0	0	okoraldy
f89v1	f89v1.2	L	A	1	P	O	0	0	otoy
f89v1	f89v1.3	L	A	1	P	O	0	0	otchar
f89v1	f89v1.4	L	A	1	P	O	0	0	darshody
f89v1	f89v1.5	P	A	1	P	O	1	0	koldal sfal cfhey ofcheol opolsy daiin qopol oldaiin octhody
f89v1	f89v1.6	P	A	1	P	O	0	0	dor sheey qokol cheol cthody qockhy dain yteey otar cthol
f89v1	f89v1.7	P	A	1	P	O	0	0	qokey daiin cheey ctho dy qoor shear s ol chor chearory
f89v1	f89v1.8	P	A	1	P	O	0	0	shockhey orarol cheoky qoy chodair choky daiin otarokar
f89v1	f89v1.9	P	A	1	P	O	0	0	too cthor okol chekaiin os aiin ol cheokchey qokoiiin du
f89v1	f89v1.10	P	A	1	P	O	0	0	tor sheor cheeor cthey qokol daiin chekal dals chear qotam
f89v1	f89v1.11	P	A	1	P	O	0	0	osheokaiin s ain ol shodain qokar ain chekal daiin dar
f89v1	f89v1.12	P	A	1	P	O	0	1	qokar odaiin
f89v1	f89v1.13	P	A	1	P	O	1	0	tosheo fcheody shekey or shos oiir cphey qokeody cheody daldy
f89v1	f89v1.14	P	A	1	P	O	0	0	ykeey ykeey odal shoky okol chody okoaiin dal chdy daldaldy
f89v1	f89v1.15	P	A	1	P	O	0	0	dcheo daiin cthol daiin daldy okeor ytey keor cheyty ochy
f89v1	f89v1.16	P	A	1	P	O	0	0	qokaiin ykchol qockhy okaldy okal dal chodar okaiin dalg
f89v1	f89v1.17	P	A	1	P	O	0	0	sal shol ykol daram sholckhy dolchey dalshdy okeol dalchy
f89v1	f89v1.18	P	A	1	P	O	0	0	qokol sheol qokol dal chol dam qoeey saiin ols chokaiin
f89v1	f89v1.19	P	A	1	P	O	0	0	sar a daiin ckhy qotchy okol ycheo cthody okol olkaycthy
f89v1	f89v1.20	P	A	1	P	O	0	1	sol chey okchol sair daiin okal choldy
f89v1	f89v1.21	L	A	1	P	O	0	0	koeeorain
f89v1	f89v1.22	L	A	1	P	O	0	0	otorshos
f89v1	f89v1.23	L	A	1	P	O	0	0	opol olaiin
f89v1	f89v1.24	L	A	1	P	O	0	0	opaldaiin
f90r1	f90r1.1	P	A	1	H	O	1	0	poleeol qokeol qokchod choly cthog
f90r1	f90r1.2	P	A	1	H	O	0	0	yshol tor sheor qotchor qoky darala
f90r1	f90r1.3	P	A	1	H	O	0	0	dair shkeea s sary okar ykorshy lkaldy
f90r1	f90r1.4	P	A	1	H	O	0	0	talchor chodaiin chocfhor qokchor chockhyokchod qofchol
f90r1	f90r1.5	P	A	1	H	O	0	0	ytor ckhy lpychol sho ol okachey r sheom kchol dchy dasady
f90r1	f90r1.6	P	A	1	H	O	0	0	tol otchol shorydar qokeos okeoschso chol ytod qokeos dolshy
f90r1	f90r1.7	P	A	1	H	O	0	0	dar chos qocthy qokcha shko qokol oteey chofy ykeody qokod
f90r1	f90r1.8	P	A	1	H	O	0	0	kor sheol qodar oko ykeey qokeey qodar qokeed s choky
f90r1	f90r1.9	P	A	1	H	O	0	1	ykodar qoekchy shokol okam
f90r2	f90r2.1	P	A	1	H	O	1	0	toealchs shakol sheo qoekeeysoeeol qoteody
f90r2	f90r2.2	P	A	1	H	O	0	0	saiin ckheo saiin qockhey s ykeeodys cheey chos ckhs
f90r2	f90r2.3	P	A	1	H	O	0	0	dsheeos qokeod qokeo chol ol okalsaiin ctheo s ar
f90r2	f90r2.4	P	A	1	H	O	0	0	al s oin cheo ro sokeey qokeeasal aral oyr
f90r2	f90r2.5	P	A	1	H	O	0	0	ychor ckhor qoeeor okaiin domolcheo rodaiin
f90r2	f90r2.6	P	A	1	H	O	0	1	daiin qokor okoiin daiin
f90v2	f90v2.1	P	A	1	H	O	1	0	day qocfhey opolraiin ofchedal s?shese shodaiin sheas
f90v2	f90v2.2	P	A	1	H	O	0	0	podchey ctheod eeos cheey ykeey s oisqokchas s oin sam
f90v2	f90v2.3	P	A	1	H	O	0	0	saiin sheom sheey keeos ol cheeor chyshy tchody okeeom
f90v2	f90v2.4	P	A	1	H	O	0	1	tchos oteey saiin okeeey
f90v2	f90v2.5	P	A	1	H	O	1	0	tcheody cpheal qoar cheol chos ololsdshcheal sheol qodar
f90v2	f90v2.6	P	A	1	H	O	0	0	sal sheol shey qokeey qokeol cheody sykeeol dar chody y
f90v2	f90v2.7	P	A	1	H	O	0	0	shey s sheeyl sheol sheody tol sheooteey chodar chog
f90v2	f90v2.8	P	A	1	H	O	0	1	teeas qkeody qokchy oteeol daiin
f90v1	f90v1.1	P	A	1	H	O	1	0	pcheor chodar oleees chepy sholshckheootol sheycheo r cheokeey
f90v1	f90v1.2	P	A	1	H	O	0	0	tshor olsheod qodaiin qokeor syoraiinykeeoloctheody y
f90v1	f90v1.3	P	A	1	H	O	0	0	daiin shody cfheos qockhy chol olsalssolyteey or cheey tey
f90v1	f90v1.4	P	A	1	H	O	0	0	kos sheor chockhor qekeody cheodysysolcheey y qoky
f90v1	f90v1.5	P	A	1	H	O	0	0	dcheey keey keeey cthey ytyokeeodysyolcheey sh qokeys
f90v1	f90v1.6	P	A	1	H	O	0	1	shctheo ror sheol ol kaiin
f90v1	f90v1.7	P	A	1	H	O	1	0	ksheodal sheody qocheotoshokol qokeshsyteody podaey
f90v1	f90v1.8	P	A	1	H	O	0	0	daiin okeeey cheo qotecheor cthodaim scheol chor okeam
f90v1	f90v1.9	P	A	1	H	O	0	0	sheor ol qokeeoky okeeol okeeodaiin ytolsor asiin aiin
f90v1	f90v1.10	P	A	1	H	O	0	0	ykeeor cheos qey cheos oteol okechodoeey keeos aiiin
f90v1	f90v1.11	P	A	1	H	O	0	1	deeocthey keeeol sheol sheol daiin
f93r	f93r.1	P	A	1	H	Q	1	0	kodshol otolsheeos octhodaly opalepam oepchksheey qotodain s oar
f93r	f93r.2	P	A	1	H	Q	0	0	ycham s chol chotom cthodar sheo s oteodal sofchoshy cthoshol
f93r	f93r.3	P	A	1	H	Q	0	0	dsho dal dalody ytchchy dam chody dal olschodchy qotchd
f93r	f93r.4	P	A	1	H	Q	0	0	sol shotol qokchodal shody chotol sotol ytchdg
f93r	f93r.5	P	A	1	H	Q	0	0	ol chody cfhol dol qokol otodarchodain
f93r	f93r.6	P	A	1	H	Q	0	0	tar otor s cho s chol sheoees
f93r	f93r.7	P	A	1	H	Q	0	0	shor shol ody cheodaiin s
f93r	f93r.8	P	A	1	H	Q	0	0	lor sheeody chodaiin s odar
f93r	f93r.9	P	A	1	H	Q	0	0	shodam okcheody cthoctho'l
f93r	f93r.10	P	A	1	H	Q	0	0	ychos chey keol cheol ckhody
f93r	f93r.11	P	A	1	H	Q	0	0	okeol oteol s odam sheo al sal
f93r	f93r.12	P	A	1	H	Q	0	0	qokor shey okcheor sheodom
f93r	f93r.13	P	A	1	H	Q	0	0	shodaiin qotchy kchol r
f93r	f93r.14	P	A	1	H	Q	0	0	ychey ckhos okcheod chr
f93r	f93r.15	P	A	1	H	Q	0	0	ochol shodal dol cheodam
f93r	f93r.16	P	A	1	H	Q	0	0	choshy qokor chckhs
f93r	f93r.17	P	A	1	H	Q	0	0	tcheo l cholchecthody
f93r	f93r.18	P	A	1	H	Q	0	0	olkees shodaiin shody
f93r	f93r.19	P	A	1	H	Q	0	0	tchor shol r sheoky
f93r	f93r.20	P	A	1	H	Q	0	0	ychockhy cthol osos
f93r	f93r.21	P	A	1	H	Q	0	0	dol shol daiin shcthy
f93r	f93r.22	P	A	1	H	Q	0	0	kchor cthy chakal daiin
f93r	f93r.23	P	A	1	H	Q	0	0	oain okor shody teols
f93r	f93r.24	P	A	1	H	Q	0	0	ychocthy chotey teey s
f93r	f93r.25	P	A	1	H	Q	0	0	ysaiin chotar shody
f93r	f93r.26	P	A	1	H	Q	0	0	ocheodaiin tchos sor
f93r	f93r.27	P	A	1	H	Q	0	0	qokor cheo los ckheody
f93r	f93r.28	P	A	1	H	Q	0	0	ychor odol chodaiin s
f93r	f93r.29	P	A	1	H	Q	0	0	dain cho ctho cthosg
f93r	f93r.30	P	A	1	H	Q	0	0	shodaiin qokcho cthol
f93r	f93r.31	P	A	1	H	Q	0	0	ol chol cthol olchod
f93r	f93r.32	P	A	1	H	Q	0	1	dol chokal schos
f93v	f93v.1	P	A	1	H	Q	1	0	possheody qoteeo qoshocphy opchody oporopchyotchdal or shodaiin
f93v	f93v.2	P	A	1	H	Q	0	0	yteeody qotody qotchol qocthody yteyokydaiindar cthog
f93v	f93v.3	P	A	1	H	Q	0	0	dchos chody qockhol oky cheodaiin otydaiinotaldair okol
f93v	f93v.4	P	A	1	H	Q	0	0	sol shol shdchy qokchol qokchody cholcholykchy dar
f93v	f93v.5	P	A	1	H	Q	0	0	tshoky cthody qotchol ckhol dchog solo oteo? chodaiindy
f93v	f93v.6	P	A	1	H	Q	0	0	ytch?l ckhol qochocthy ctho chkeey cthody sdar sheyokam
f93v	f93v.7	P	A	1	H	Q	0	0	oees ckheody qkcheey koldy tchodaiin ctheosshodain qokeeam
f93v	f93v.8	P	A	1	H	Q	0	0	dcho chody teol sheol cheeoldair okchey ctheydsheog okeey dama
f93v	f93v.9	P	A	1	H	Q	0	0	odeeeodl cheodar oksho chody okchey cthol olyytcholsardar
f93v	f93v.10	P	A	1	H	Q	0	1	ychol chs ckhy s cheeol
f94r	f94r.1	P	B	3	H	Q	1	0	tchedy opaiir chedaiin dsheedy qopchedal keodaiin otalaiin oar
f94r	f94r.2	P	B	3	H	Q	0	0	dor cheody okaiin odor okal okair oky daiir qotar okar olaiin
f94r	f94r.3	P	B	3	H	Q	0	0	todal cholky qokal shdy qoky otody qokolchey qokair opary
f94r	f94r.4	P	B	3	H	Q	0	0	shor olkeedy ol kchdy cheedy kalchdy chedaiin or chol kar am
f94r	f94r.5	P	B	3	H	Q	0	0	daiin chekar olkaiin olkeody ykaiin otain dar okeedy ykaro
f94r	f94r.6	P	B	3	H	Q	0	0	saiin choky qotchdy otaly chedy dal dy chckhaiin chk qof
f94r	f94r.7	P	B	3	H	Q	0	0	pchedar oraiin cheor kas or also xoy olkain am
f94r	f94r.8	P	B	3	H	Q	0	0	yty qokaiin ykal chdy qokyosain chykaidy dam
f94r	f94r.9	P	B	3	H	Q	0	1	otar chdy dytchdy
f94v	f94v.1	P	B	3	H	Q	1	0	tshedy chedar char qokchedy okal daropchackhy oteedan
f94v	f94v.2	P	B	3	H	Q	0	0	ol teedy oteey qekeey oteey teedalykeedy qotarain
f94v	f94v.3	P	B	3	H	Q	0	0	yshedy chdaiin otedy sdal tamdychdy qokeey tam
f94v	f94v.4	P	B	3	H	Q	0	1	dchdy otar otchy kedy qokchdy olokchy
f94v	f94v.5	P	B	3	H	Q	1	0	tedain chedy qokshd okchdy qokealchorchor tchor am
f94v	f94v.6	P	B	3	H	Q	0	0	ycheeo lkeol otor opchdy qotar aralotor otchy tody oty
f94v	f94v.7	P	B	3	H	Q	0	1	toky shey qokaiin
f94v	f94v.8	P	B	3	H	Q	1	0	pchedaiin sheocthy daiin cphedy fchdotchy qotchy par ar
f94v	f94v.9	P	B	3	H	Q	0	0	ytar okedy okeedy qokshey otaiin yypchdair ol s aiin oly
f94v	f94v.10	P	B	3	H	Q	0	0	ol air cheey okchaiin shy tararainotody qodar oteey dar
f94v	f94v.11	P	B	3	H	Q	0	0	todaiin shy qokar chetaiin chdyykol qoky or eedy oky
f94v	f94v.12	P	B	3	H	Q	0	1	daiin chcthy chdy chckhy okaiin
f95r1	f95r1.1	P	B	3	H	Q	1	0	kshdor chepchdy ofaiin ol oldaiin opshol qokaiin oty odain
f95r1	f95r1.2	P	B	3	H	Q	0	0	ol chdy chdy qokaiin shdy qokaiin chdy kol chdy qoty oky dan
f95r1	f95r1.3	P	B	3	H	Q	0	0	teodaiin oekeey qokees ody chekaiin chekaiin chky chaiin
f95r1	f95r1.4	P	B	3	H	Q	0	0	ycheey ky olkain chey kain cholky chedy qokaiin chy kaiin ly
f95r1	f95r1.5	P	B	3	H	Q	0	1	atar chedy todaiin qoky shdaly
f95r1	f95r1.6	P	B	3	H	Q	1	0	tchdor or chekchdy qokar chcthy qotchdy lshedy qoky qofain dy
f95r1	f95r1.7	P	B	3	H	Q	0	0	ykchedy sheky chekar chdain chdaiin okar chetchdy chdy chkam
f95r1	f95r1.8	P	B	3	H	Q	0	0	olkor chdaiin cholkaiin qokeedy qoky chey lchedy chedy alod
f95r1	f95r1.9	P	B	3	H	Q	0	0	tchdy tchor chol tar chdy okol ykoldy olkeedy qotaiin or
f95r1	f95r1.10	P	B	3	H	Q	0	0	daiin chckhy okaiin chckhy daiin ykedy ep?iin okaraiin ls
f95r1	f95r1.11	P	B	3	H	Q	0	1	ykaiin or chdy chekain ol dar ykar olkeey ldar chekal
f95r2	f95r2.1	P	B	3	H	Q	1	0	kshedy or chdy dalfchy qodaiin chckhyfchy daraiin dalal
f95r2	f95r2.2	P	B	3	H	Q	0	0	daiin shody chkain chol chckhy otain oty oteedy kar okam
f95r2	f95r2.3	P	B	3	H	Q	0	0	todaiin chor chckhy qokol chkar ol otaiin ofar okain aram
f95r2	f95r2.4	P	B	3	H	Q	0	1	daiin shody tor or okain chckhey
f95r2	f95r2.5	P	B	3	H	Q	1	0	tshod qokal ody chcfhol okal chedy dalshdy qopchdy kary
f95r2	f95r2.6	P	B	3	H	Q	0	0	y olkor ol shol qotar chdy chdy qokar okar qokar odaly
f95r2	f95r2.7	P	B	3	H	Q	0	0	dshedy otal qokal dol or eeedy okeedy okedyted otam
f95r2	f95r2.8	P	B	3	H	Q	0	0	tedykaiin y cheol okal chedy shdy qokchdy otar chctham
f95r2	f95r2.9	P	B	3	H	Q	0	1	poiin okar qokol shsdy okar chdaiin olky
f95v2	f95v2.1	P	B	3	H	Q	1	0	tchody podar shody qofaiin ofchdy otedy qotedaiin shor olsain
f95v2	f95v2.2	P	B	3	H	Q	0	0	sol shedy qotchey alor chdyty olor okady chody qotaiin y kaipy
f95v2	f95v2.3	P	B	3	H	Q	0	0	archytaiin shekoiin okar or aiin chckhy okal otain okalody
f95v2	f95v2.4	P	B	3	H	Q	0	0	daiin olkain qokan shar shekydy dain alkainokalaiin s
f95v2	f95v2.5	P	B	3	H	Q	0	0	tar fcheey shos aiin okar olkaiin otalainokaiin ar
f95v2	f95v2.6	P	B	3	H	Q	0	0	dain ykaly chalsshedain olaiin yokain ldy
f95v2	f95v2.7	P	B	3	H	Q	0	1	qokeey dar chdykainytasal otain
f95v1	f95v1.1	P	B	3	H	Q	1	0	olteedy oepaiin oekshy qofchdaiin shoyfar okshy okain ar alfshed
f95v1	f95v1.2	P	B	3	H	Q	0	0	okshy tshor qoksh qokain otar oty qokedy otal ytchdy qokar am
f95v1	f95v1.3	P	B	3	H	Q	0	0	tchody qokaiin y char okain sheody chedy chcthykedy ety dain al
f95v1	f95v1.4	P	B	3	H	Q	0	0	tchedy qokal oty shekshey otaldy okshey ytshedy okarar yty chdy
f95v1	f95v1.5	P	B	3	H	Q	0	1	otal shedy odaiin chey
f95v1	f95v1.6	P	B	3	H	Q	1	0	tshdal qokshy dchdy shedy dkshey chefar otchdy ol shedar chdam
f95v1	f95v1.7	P	B	3	H	Q	0	0	dshey kain qokar olkar chy tar otar chdy kchdy dolkain otardy
f95v1	f95v1.8	P	B	3	H	Q	0	1	dchody sheos qodaiin fchodaiin chtal dar okedy okchedy
f95v1	f95v1.9	P	B	3	H	Q	1	0	tshey taiin ol k shol kshed qokeeod raiin qokeey qoko skchdy
f95v1	f95v1.10	P	B	3	H	Q	0	1	sain sheyk chody k chedain chedaiin otain daiin
f95v1	f95v1.11	P	B	3	H	Q	1	0	pshedar shedy kshedy qotches or aiin shekaiin otain tshes qokain
f95v1	f95v1.12	P	B	3	H	Q	0	0	shotshey s aiin ody olkchdy qotaiin shcthy dolkchy tchdaiin dal
f95v1	f95v1.13	P	B	3	H	Q	0	1	lshee qodain okaiin otody chcthy
f96r	f96r.1	P	A	1	H	Q	1	0	tor cheeor ckheos olsheeosol cpheol cpheor chodar
f96r	f96r.2	P	A	1	H	Q	0	0	ytol oteeor sheol oteey qokeody qokeeody cthey
f96r	f96r.3	P	A	1	H	Q	0	0	toaiin odal chos ckheody keody chodol oty
f96r	f96r.4	P	A	1	H	Q	0	0	or chor chkchol chokchor s or sheockhy choly
f96r	f96r.5	P	A	1	H	Q	0	0	daiin chodaiin cthey tol sheor qokeol okol
f96r	f96r.6	P	A	1	H	Q	0	0	lor ckheey chol cholody cheol ctheor sor
f96r	f96r.7	P	A	1	H	Q	0	0	oiir or ckhor chkey ckhocthy or chockhy
f96r	f96r.8	P	A	1	H	Q	0	0	ykeor secheeol sheol qokeeey chol daiin
f96r	f96r.9	P	A	1	H	Q	0	0	todar sheo cthody shokocfhy chopcho dory
f96r	f96r.10	P	A	1	H	Q	0	0	otchodol shocthody shockhy otchodor cho
f96r	f96r.11	P	A	1	H	Q	0	0	teol cheody shodol qokchodsaiin chokey
f96r	f96r.12	P	A	1	H	Q	0	0	dcheor cheol cheodaiin oldydchsarcheody
f96r	f96r.13	P	A	1	H	Q	0	1	oteodsho qotchos
f96v	f96v.1	P	A	1	H	Q	1	0	psheessheeor qoepsheody odar ocpheeoopar ysar osoj
f96v	f96v.2	P	A	1	H	Q	0	0	ytear yteor olcheey dteodoiinsaroqoches y cheom
f96v	f96v.3	P	A	1	H	Q	0	0	dcheoteos cpheos sor chcthorycthytchey daiin
f96v	f96v.4	P	A	1	H	Q	0	0	dsheos sheey teocthey eeodody
f96v	f96v.5	P	A	1	H	Q	0	0	tockhy cthey ckheeody ar eeeykey
f96v	f96v.6	P	A	1	H	Q	0	0	yteeody teodar alchey sy
f96v	f96v.7	P	A	1	H	Q	0	0	sheodal choraryl
f96v	f96v.8	P	A	1	H	Q	0	0	ycheey ckheal daiins
f96v	f96v.9	P	A	1	H	Q	0	0	oeol ckheor cheoraiin
f96v	f96v.10	P	A	1	H	Q	0	0	ctheor oral char ckhey
f96v	f96v.11	P	A	1	H	Q	0	0	sar os checkhey so
f96v	f96v.12	P	A	1	H	Q	0	0	sosar cheekeo dain
f96v	f96v.13	P	A	1	H	Q	0	1	soysar cheor
f99r	f99r.1	L	A	1	P	S	0	0	okaradag
f99r	f99r.2	L	A	1	P	S	0	0	okar y
f99r	f99r.3	L	A	1	P	S	0	0	darar
f99r	f99r.4	L	A	1	P	S	0	0	oky
f99r	f99r.5	L	A	1	P	S	0	0	salo
f99r	f99r.6	L	A	1	P	S	0	0	aro
f99r	f99r.7	L	A	1	P	S	0	0	ain
f99r	f99r.8	L	A	1	P	S	0	0	okor
f99r	f99r.9	L	A	1	P	S	0	0	ralol
f99r	f99r.10	L	A	1	P	S	0	0	skeeal
f99r	f99r.11	L	A	1	P	S	0	0	okary
f99r	f99r.12	L	A	1	P	S	0	0	okolo
f99r	f99r.13	L	A	1	P	S	0	0	otalam
f99r	f99r.14	L	A	1	P	S	0	0	otoldy
f99r	f99r.15	P	A	1	P	S	1	0	pcheody oteody daiin cpheey tshol dal cfheol olaiin sar
f99r	f99r.16	P	A	1	P	S	0	0	saroshy shor s shor sheol kolsheol qoeol sholkol ckhol ckhory
f99r	f99r.17	P	A	1	P	S	0	0	dcheor chr al yckhy okeol ckhor oraiin chor qokeeor chory
f99r	f99r.18	P	A	1	P	S	0	1	qokeor chol ykol cheey chody ckhol daiin okeoly daiin ckhy
f99r	f99r.19	L	A	1	P	S	0	0	oparal
f99r	f99r.20	L	A	1	P	S	0	0	oaro
f99r	f99r.21	L	A	1	P	S	0	0	aloly
f99r	f99r.22	L	A	1	P	S	0	0	aora?
f99r	f99r.23	L	A	1	P	S	0	0	choky
f99r	f99r.24	L	A	1	P	S	0	0	oky
f99r	f99r.25	L	A	1	P	S	0	0	okeoly
f99r	f99r.26	L	A	1	P	S	0	0	yteold
f99r	f99r.27	L	A	1	P	S	0	0	cheotchy
f99r	f99r.28	P	A	1	P	S	1	0	kodaiin opchey qoky dar otchor opsho okeol sheol oteoefol
f99r	f99r.29	P	A	1	P	S	0	0	dsheol ckhey ckheol okeol ctheol qokey ckhol okeol okeey dald
f99r	f99r.30	P	A	1	P	S	0	0	tol cheody qokol okoly okoldy qokoly qokal okchol qokold
f99r	f99r.31	P	A	1	P	S	0	1	chees okeey qotol sheol daiin qotol okeol
f99r	f99r.32	L	A	1	P	S	0	0	tsholdy
f99r	f99r.33	L	A	1	P	S	0	0	okos
f99r	f99r.34	L	A	1	P	S	0	0	oekey
f99r	f99r.35	L	A	1	P	S	0	0	dar
f99r	f99r.36	L	A	1	P	S	0	0	chockhia
f99r	f99r.37	L	A	1	P	S	0	0	r cheyet
f99r	f99r.38	L	A	1	P	S	0	0	saiiny
f99r	f99r.39	L	A	1	P	S	0	0	sory
f99r	f99r.40	L	A	1	P	S	0	0	dam
f99r	f99r.41	P	A	1	P	S	1	0	tsheeor cpheol ey pchol ckhey ypchol chor choly qotocthey qkory
f99r	f99r.42	P	A	1	P	S	0	0	sol sheol keshey qokeeey chs chey dalchey ctheey daiin cheom
f99r	f99r.43	P	A	1	P	S	0	0	daiin cheeokeey checkhey dor oldy sheey keody okeeey s aiin ols
f99r	f99r.44	P	A	1	P	S	0	1	qokey chkeey chey ckhey ckhey ykeey oiin air chody oeksa
f99r	f99r.45	L	A	1	P	S	0	0	yteoldy
f99r	f99r.46	L	A	1	P	S	0	0	tolsasy
f99r	f99r.47	P	A	1	P	S	1	0	tol keey ctheey
f99r	f99r.48	P	A	1	P	S	0	0	ykeol okeol ockhey chol cheodal okeo r alcheeg orar
f99r	f99r.49	P	A	1	P	S	0	0	okeeey keey keear okeey daiin okeol s aiin olaiir oolsal
f99r	f99r.50	P	A	1	P	S	0	0	qokeeo okeey qokeey okesy qokeeo sar sheseky or al
f99r	f99r.51	P	A	1	P	S	0	0	yshaiin ey octhey dy daiin okor okeey shsh
f99r	f99r.52	P	A	1	P	S	0	1	ychor ols or agairom
f99v	f99v.1	L	A	1	P	S	0	0	okaramy
f99v	f99v.2	L	A	1	P	S	0	0	otoldy
f99v	f99v.3	L	A	1	P	S	0	0	otorchy
f99v	f99v.4	L	A	1	P	S	0	0	oldy
f99v	f99v.5	L	A	1	P	S	0	0	darary
f99v	f99v.6	L	A	1	P	S	0	0	otaly
f99v	f99v.7	L	A	1	P	S	0	0	olsy
f99v	f99v.8	L	A	1	P	S	0	0	arol
f99v	f99v.9	L	A	1	P	S	0	0	otoky
f99v	f99v.10	P	A	1	P	S	1	0	sol cheols ockhey qoy qkoldy sok oleees oteey dain
f99v	f99v.11	P	A	1	P	S	0	0	okoiin choty qokchol qokeol okoldyqoldy toly daiin
f99v	f99v.12	P	A	1	P	S	0	0	qokeo qokeol chockhy otol daiin otyotoey da chor aiin
f99v	f99v.13	P	A	1	P	S	0	1	okoraiin okol shocthyqokor oloiram
f99v	f99v.14	L	A	1	P	S	0	0	okoldody
f99v	f99v.15	L	A	1	P	S	0	0	oeeesary
f99v	f99v.16	L	A	1	P	S	0	0	daiiinc
f99v	f99v.17	L	A	1	P	S	0	0	sary
f99v	f99v.18	L	A	1	P	S	0	0	saiino
f99v	f99v.19	L	A	1	P	S	0	0	otolsar
f99v	f99v.20	L	A	1	P	S	0	0	osary
f99v	f99v.21	P	A	1	P	S	1	0	doror okeeody opar okor eosaiin otoraiin shey ols aiiin qoetal
f99v	f99v.22	P	A	1	P	S	0	0	doiin otey o keeol s aiin okeol qokeol ctheol qokeol dy qokaiin
f99v	f99v.23	P	A	1	P	S	0	0	qokeey chol okeoldy qokol qokeolo lchol okeol sheodol qokeechom
f99v	f99v.24	P	A	1	P	S	0	1	shokeeey cholshey okol qokey okeodal oldy
f99v	f99v.25	L	A	1	P	S	0	0	darolaly
f99v	f99v.26	L	A	1	P	S	0	0	okechy
f99v	f99v.27	L	A	1	P	S	0	0	otal
f99v	f99v.28	L	A	1	P	S	0	0	chor olekor
f99v	f99v.29	L	A	1	P	S	0	0	okeodor
f99v	f99v.30	L	A	1	P	S	0	0	olky
f99v	f99v.31	L	A	1	P	S	0	0	doldam
f99v	f99v.32	P	A	1	P	S	1	0	qokeeoy chokol qokeeo dy qokeeol olpchey daiir okeedyokolol
f99v	f99v.33	P	A	1	P	S	0	0	dol okeeol okeor okal okaiin ckheol okolaiin okolaiin cheoldy
f99v	f99v.34	P	A	1	P	S	0	0	yoiin ol ol olaiin qockhey qokol olshy qokeeor or aiin doldam
f99v	f99v.35	P	A	1	P	S	0	1	ol okeeey oqoeeol cheol chody okoiin
f99v	f99v.36	L	A	1	P	S	0	0	oralas
f99v	f99v.37	P	A	1	P	S	1	0	eol soey qokol olkeol daiinokoly
f99v	f99v.38	P	A	1	P	S	0	0	ol cheey qokeol okeol okeol shokolykey
f99v	f99v.39	P	A	1	P	S	0	0	dar shol okchey ckhey qokololalokeol
f99v	f99v.40	P	A	1	P	S	0	0	or aiin okeody okol odaiin qokyolaldy
f99v	f99v.41	P	A	1	P	S	0	0	qockhol oiin shody qokol aiidalaiidaiim
f99v	f99v.42	P	A	1	P	S	0	0	ol sheol olkeol okol or oralolyykeol okal okaldaly
f99v	f99v.43	P	A	1	P	S	0	1	ychol olkeeoldy
f99v	f99v.44	L	A	1	P	S	0	0	koleearol
f100r	f100r.1	L	A	1	P	S	0	0	chosaroshol
f100r	f100r.2	L	A	1	P	S	0	0	sochorcfhy
f100r	f100r.3	L	A	1	P	S	0	0	otear
f100r	f100r.4	L	A	1	P	S	0	0	chofary
f100r	f100r.5	L	A	1	P	S	0	0	sar chardaiindy
f100r	f100r.6	L	A	1	P	S	0	0	oraro
f100r	f100r.7	L	A	1	P	S	0	0	chalsain
f100r	f100r.8	L	A	1	P	S	0	0	soity
f100r	f100r.9	L	A	1	P	S	0	0	sosam
f100r	f100r.10	L	A	1	P	S	0	0	dakocth
f100r	f100r.11	L	A	1	P	S	0	0	sofam
f100r	f100r.12	P	A	1	P	S	1	0	pcheol sheod qocpheeckhy shodol da @168;oto cho?os sheey cho s
f100r	f100r.13	P	A	1	P	S	0	0	dsheor cthey qokeey oteey ykeeodain rorarydaiin daiin deeomchol
f100r	f100r.14	P	A	1	P	S	0	0	shor chkeey qoteey qokeody qoteold qokeol so raiin otal ykeeeo
f100r	f100r.15	P	A	1	P	S	0	1	dcheor shol qokeeol chor chol qokeeody dareu
f100r	f100r.16	L	A	1	P	S	0	0	okeeos
f100r	f100r.17	L	A	1	P	S	0	0	shockhey
f100r	f100r.18	L	A	1	P	S	0	0	orol
f100r	f100r.19	L	A	1	P	S	0	0	olcheom
f100r	f100r.20	L	A	1	P	S	0	0	oteol
f100r	f100r.21	L	A	1	P	S	0	0	okols
f100r	f100r.22	P	A	1	P	S	1	0	folshody choldaiin fchod ycheol cphol qotees shey aseso alcfhy
f100r	f100r.23	P	A	1	P	S	0	0	soiin chol cphol shol shol qockhol chor chol sho keey y ykeeam
f100r	f100r.24	P	A	1	P	S	0	0	saiichor sheor qockhody odeor yk sheey cholsheody sai cheol raiin
f100r	f100r.25	P	A	1	P	S	0	0	sheor qkeeody chol daiin ctheol olcheol cheky cheol cheockhy okeol
f100r	f100r.26	P	A	1	P	S	0	0	yaiin chekeey chol cholody chos olchor qokeol okeeol cheols al
f100r	f100r.27	P	A	1	P	S	0	1	chol cheol cho chckheody otolchey
f100v	f100v.1	L	A	1	P	S	0	0	tolchd
f100v	f100v.2	L	A	1	P	S	0	0	chols
f100v	f100v.3	L	A	1	P	S	0	0	opchor
f100v	f100v.4	L	A	1	P	S	0	0	solsy
f100v	f100v.5	L	A	1	P	S	0	0	soleesos
f100v	f100v.6	L	A	1	P	S	0	0	ykchochdy
f100v	f100v.7	L	A	1	P	S	0	0	ykchdy
f100v	f100v.8	L	A	1	P	S	0	0	dchdy
f100v	f100v.9	L	A	1	P	S	0	0	dalsy
f100v	f100v.10	L	A	1	P	S	0	0	okcheor
f100v	f100v.11	L	A	1	P	S	0	0	ytchol
f100v	f100v.12	L	A	1	P	S	0	0	dykchal
f100v	f100v.13	L	A	1	P	S	0	0	chos ctharal
f100v	f100v.14	P	A	1	P	S	1	0	deey sheocphy qoteody ckhoor ar chor oteey daiin qokomo
f100v	f100v.15	P	A	1	P	S	0	0	sor cheey dair ol cheol qoolkeey chol cheey qokeol chotol s
f100v	f100v.16	P	A	1	P	S	0	0	ykeeol chol chey eeoseeo s sheeo okeol ches okeor okeol dy
f100v	f100v.17	P	A	1	P	S	0	0	chockhey sholkcheol qokeol okol chol chotor chso solcthy
f100v	f100v.18	P	A	1	P	S	0	0	tachso s ol cheo cheeor odaidy ckhod sh chod qokeol sal
f100v	f100v.19	P	A	1	P	S	0	0	sain cheokeos chockhy chocthey keody choor chckhey du
f100v	f100v.20	P	A	1	P	S	0	0	ycheoky shokeesy qokeey chokeol saraloaly cheor ol chockhar
f100v	f100v.21	P	A	1	P	S	0	0	soral okor ol choy ly araroy okar cheeeal cheokeol orey
f100v	f100v.22	P	A	1	P	S	0	1	daiin cheky chory
f101r	f101r.1	P	A	1	P	S	1	0	pcheol sheol ol shey qockhol shor yteol sheockhey qpol chear s aiin oleeey qkeey chopcheey checkhey cpheocthy ykchy cheey chekeey dal chey
f101r	f101r.2	P	A	1	P	S	0	1	dol chokeey chkey cthey okalchol kol o keey r or ol okol ol olchey qok chal okey qokeol kar shey teol or oiiin chol daiin
f101r	f101r.3	P	A	1	P	S	1	0	@183;oleol okeor r sheol qokol shey dol shey okeey ctheey yteeoldy kchol ol sheody or ol sheor qotoiir otol sheey s sheo tchey ol dar am
f101r	f101r.4	P	A	1	P	S	0	0	ycheeo or sheeol daiin sheeol okeol ctheol keeo qockheol daiin shy chol okeeor dy chkchol dateody okeol dairin okeey okeey dairin
f101r	f101r.5	P	A	1	P	S	0	0	daiin ctheol cheol okor or aiin cheol cho keeodchey okol okeol dor chol chy r aiin oteol or aiin ol chey oteeod sheol okeol chosaiin sheam
f101r	f101r.6	P	A	1	P	S	0	1	okeeol sho shody sho shol okeeeol cheas sheokeey sheeor chchy chodaiin cheeckhey teeol s cheol rar oeeor
f101r	f101r.7	P	A	1	P	S	1	0	cphoar oaiin ypcholy daiin otaiin otaiin yfolaiin @184;cheolain ypchey ody shotey odariin sheoor sheor ckheey ey qokchey cholp cheol dy
f101r	f101r.8	P	A	1	P	S	0	0	olaiin oteol chor oteey chokchey kor daiin shok chol chol qoky daiin ol s al ydar daiin or ory okeey daiin shey daiin okol cheor
f101r	f101r.9	P	A	1	P	S	0	0	daiin okeol qokcheol ykeor dar ol otechy ykeor dor aiin chl s cheol okeol shey qodar soiin choko qokeol daiin o dar okchol cheo rcheky
f101r	f101r.10	P	A	1	P	S	0	1	ysho qykeeol chol sho odor dor chees ykeol chol dol kor ay ol chso sha olcheeol kolshey okeoly oiin aiioly
f101v	f101v.1	L	A	1	P	S	0	0	sairaly
f101v	f101v.2	L	A	1	P	S	0	0	otaldy
f101v	f101v.3	L	A	1	P	S	0	0	otol
f101v	f101v.4	L	A	1	P	S	0	0	ytal
f101v	f101v.5	L	A	1	P	S	0	0	dokor
f101v	f101v.6	L	A	1	P	S	0	0	orar
f101v	f101v.7	L	A	1	P	S	0	0	otarar
f101v	f101v.8	L	A	1	P	S	0	0	otoly
f101v	f101v.9	L	A	1	P	S	0	0	soraly
f101v	f101v.10	L	A	1	P	S	0	0	okol
f101v	f101v.11	L	A	1	P	S	0	0	arom
f101v	f101v.12	L	A	1	P	S	0	0	oraram
f101v	f101v.13	L	A	1	P	S	0	0	oraeep
f101v	f101v.14	L	A	1	P	S	0	0	dytolg
f101v	f101v.15	L	A	1	P	S	0	0	olkor
f101v	f101v.16	L	A	1	P	S	0	0	dolary
f101v	f101v.17	L	A	1	P	S	0	0	odor
f101v	f101v.18	L	A	1	P	S	0	0	olaran
f101v	f101v.19	P	A	1	P	S	1	0	tolchor cheopor or ody cphey r shee fol s oiin otsheey otch???y kcho pcholy chor or choror sydorarokoraiin orolodain
f101v	f101v.20	P	A	1	P	S	0	0	or aiin or o or odam chor s aiin okor cheeor sheeol qokol et???ol qoor cheey qykeod oeeo r choy sokeeodychodaiin cthy okody dar
f101v	f101v.21	P	A	1	P	S	0	1	ycheor o?o dain cheokal ody cheeods oraiin qoeey cthey ???eocthy dain cheod? dydy
f101v	f101v.22	P	A	1	P	S	1	0	ksear lol keeol otal or ol aiin okeod ey dain olcheol ???opcheol cthey qekeoldy qocthor sheody qoey odaiin shoytolaiin ?sodaiin dy
f101v	f101v.23	P	A	1	P	S	0	0	yaiin ol olor daiin okeey qok ykeol daiin qockhy daiin olch???dar qokeol dol oraiin oldaiin keeol@138; rch qokeeeor s ydy cheor okeey choldy dar
f101v	f101v.24	P	A	1	P	S	0	1	teeeol sheol qokeor ol olcho r chokey chor ctheey daiin???daiin cheeody cheey keo cheol daiiin deeor cheedy
f101v	f101v.25	P	A	1	P	S	1	0	daiin dair yteol chor qockhol daiin ckheey chey kchey da???oiin okeey ckheo l cheody kcheol daiin eteeos ctheody ctheo ckhosh? olchor
f101v	f101v.26	P	A	1	P	S	0	0	olaiin okeol cheo kol ches sheey qoor qokeody cheor okeo ???oiin cheey cthey ory ctheey qokeey shol ody cheol oralar shey qokar ary
f101v	f101v.27	P	A	1	P	S	0	0	sal chol choly okeey dal qol shckheol chol cthear keeol ???cheeo ol chs oraiin qokeeey soiin qodaiin cheol qokeey daiin cheodam
f101v	f101v.28	P	A	1	P	S	0	1	teol cheol etchey ???cheo r cheol cthol cholaiin chol qkar
f102r1	f102r1.1	L	A	1	P	S	0	0	daarod
f102r1	f102r1.2	L	A	1	P	S	0	0	otodeeodor
f102r1	f102r1.3	P	A	1	P	S	1	0	polaiin shocthy qoteol loiiin oteeor cpheodar sholdaiin
f102r1	f102r1.4	P	A	1	P	S	0	0	dsheody okeeoy kod? chkeeody daraiiin ctheoly qokcheololain
f102r1	f102r1.5	P	A	1	P	S	0	0	ytol sheol she olaiin orain oraroekeol chol ekey qokol dain
f102r1	f102r1.6	P	A	1	P	S	0	1	daiin ykeeol oldy okodaiin
f102r1	f102r1.7	L	A	1	P	S	0	0	okolaly
f102r1	f102r1.8	P	A	1	P	S	1	0	pshodaiin qoorar chopychofol daiin oteol qoteol doly
f102r1	f102r1.9	P	A	1	P	S	0	0	daiin orsheoldy qokeoloteeody lshodykeodal qokshdy sy
f102r1	f102r1.10	P	A	1	P	S	0	0	ycheol sholdy chol chol ykeeol dol doleodaiin dal cthedy
f102r1	f102r1.11	P	A	1	P	S	0	1	dcheo qockhy sol sheey okeody qokeodol shockhey oleeol
f102r1	f102r1.12	L	A	1	P	S	0	0	ddardsh
f102r1	f102r1.13	P	A	1	P	S	1	0	teesody qoeol olcheor qokey okshey qokeol sheofoly
f102r1	f102r1.14	P	A	1	P	S	0	0	doeey keeol qokeo daor shey qoteol okol chos s or oeeaiin
f102r1	f102r1.15	P	A	1	P	S	0	0	or chol daiin dykeor sheey qokeody dor os ykeeykam
f102r1	f102r1.16	P	A	1	P	S	0	0	ddor chordamsoraiin ykeey dy okeol doeoears aral dor
f102r1	f102r1.17	P	A	1	P	S	0	1	ydar arodyoldaiin sody chockhy oly
f102r2	f102r2.1	L	A	1	P	S	0	0	kodaiig
f102r2	f102r2.2	P	A	1	P	S	1	0	lsais azg cheey cfhey por aiin chefol y
f102r2	f102r2.3	P	A	1	P	S	0	0	ycheor olaiin olsho qokol olaiin oldam
f102r2	f102r2.4	P	A	1	P	S	0	0	daiin ckheeol oldor okol cheodor sor airam
f102r2	f102r2.5	P	A	1	P	S	0	0	tor sheo or chey qoor yteor chol choky
f102r2	f102r2.6	P	A	1	P	S	0	1	daiin okody qokeody okeol dor chckhy oteod s orsy
f102r2	f102r2.7	L	A	1	P	S	0	0	ok?rolda
f102r2	f102r2.8	P	A	1	P	S	1	0	kolor olaiin opor shey opolkod odain sheo qoeol shey
f102r2	f102r2.9	P	A	1	P	S	0	0	dor oiin okeody qokeol sheoy qoochey ckheol sheey skeekyd
f102r2	f102r2.10	P	A	1	P	S	0	0	shockhy qockhey sol eeey dol cheol doaiin qkeeey cthey
f102r2	f102r2.11	P	A	1	P	S	0	0	kockhas okor ykeey okeey qokeey dol ol sheody okey da l y
f102r2	f102r2.12	P	A	1	P	S	0	1	ytchy o l ockhy okeey cheody saiin dol ockhy okeady
f102r2	f102r2.13	L	A	1	P	S	0	0	loeekadag
f102r2	f102r2.14	L	A	1	P	S	0	0	oshea??l
f102r2	f102r2.15	L	A	1	P	S	0	0	so???dch
f102r2	f102r2.16	P	A	1	P	S	1	0	ol dody cthol soeees ykeody qokeey qotchy soefchocphy
f102r2	f102r2.17	P	A	1	P	S	0	0	ykeockhey okey qokeeo ckhey qokey desey qyoeey dol chkey choky
f102r2	f102r2.18	P	A	1	P	S	0	0	otol shey qockhey dol shey dol sheey qokol daiin oky oky
f102r2	f102r2.19	P	A	1	P	S	0	0	qokeod okeal okeo l y cheo ckhey qody qokey ody keeody chody
f102r2	f102r2.20	P	A	1	P	S	0	1	ykeey keeol cheos ydeeal cheody ykeea d o lchey
f102r2	f102r2.21	L	A	1	P	S	0	0	koldarod
f102r2	f102r2.22	L	A	1	P	S	0	0	odalydary
f102v2	f102v2.1	L	A	1	P	S	0	0	porshols
f102v2	f102v2.2	L	A	1	P	S	0	0	soaimy
f102v2	f102v2.3	L	A	1	P	S	0	0	oror
f102v2	f102v2.4	L	A	1	P	S	0	0	chor
f102v2	f102v2.5	L	A	1	P	S	0	0	sachy
f102v2	f102v2.6	L	A	1	P	S	0	0	okeos
f102v2	f102v2.7	L	A	1	P	S	0	0	okol
f102v2	f102v2.8	L	A	1	P	S	0	0	otory
f102v2	f102v2.9	L	A	1	P	S	0	0	ok?
f102v2	f102v2.10	L	A	1	P	S	0	0	okody
f102v2	f102v2.11	L	A	1	P	S	0	0	cheor
f102v2	f102v2.12	L	A	1	P	S	0	0	okoroeey
f102v2	f102v2.13	L	A	1	P	S	0	0	opchy
f102v2	f102v2.14	L	A	1	P	S	0	0	sarol
f102v2	f102v2.15	L	A	1	P	S	0	0	olrodar
f102v2	f102v2.16	L	A	1	P	S	0	0	tod?
f102v2	f102v2.17	P	A	1	P	S	1	0	podeesho oteeos sheor qoteeo ch y shkeey chekeod
f102v2	f102v2.18	P	A	1	P	S	0	0	ocheos chyokeor okeol okeol shy y
f102v2	f102v2.19	P	A	1	P	S	0	0	deeeo qoeeor o eoy cheos o l o r o l okeeos ain
f102v2	f102v2.20	P	A	1	P	S	0	0	qokeor cho keeol okeeey qokeody chockhey qokeey dol ol sheeoy tody cheoc?
f102v2	f102v2.21	P	A	1	P	S	0	0	ycheey s od eey okeeor cheol os oiin oeees okear chey keey saiin oteo
f102v2	f102v2.22	P	A	1	P	S	0	0	dain or aiin cheol s oiir chol sheey qockhy ol keo r okeody okeor cho?
f102v2	f102v2.23	P	A	1	P	S	0	1	okey okey shey okey oiees or eey
f102v2	f102v2.24	L	A	1	P	S	0	0	okolky
f102v2	f102v2.25	L	A	1	P	S	0	0	osain
f102v2	f102v2.26	L	A	1	P	S	0	0	aiky
f102v2	f102v2.27	L	A	1	P	S	0	0	okeeoraiin
f102v2	f102v2.28	L	A	1	P	S	0	0	okockhy
f102v2	f102v2.29	L	A	1	P	S	0	0	os
f102v2	f102v2.30	P	A	1	P	S	1	0	pydchy odiy pcheady qoekeey oteey qokeod sheey opaiin deear
f102v2	f102v2.31	P	A	1	P	S	0	0	oldeey ckhy sheeody eeos sheshe oeeor ykeear chekeey ykory
f102v2	f102v2.32	P	A	1	P	S	0	0	dar cheor shoar okeol shoy s ar oky cheeor ol daiin sy
f102v2	f102v2.33	P	A	1	P	S	0	0	qokeor sho ?keeeos cheor o s al chos aiiin o ky okaraiin
f102v2	f102v2.34	P	A	1	P	S	0	0	sorshey okeeor sheockhey qokeos okchol ctheor okey sal
f102v2	f102v2.35	P	A	1	P	S	0	0	ychor sheol por sheeor shekeey qoky cheo teody qokeol daiin
f102v2	f102v2.36	P	A	1	P	S	0	0	okeeor cheey okeey sor eeey okey okey okeey qokeor
f102v2	f102v2.37	P	A	1	P	S	0	0	tchor ar chey kor or cthey qoeeey qokeey okeoroly sar
f102v2	f102v2.38	P	A	1	P	S	0	0	dar cheey ckheey qokeor okey chos sho ykeey okeeo rain
f102v2	f102v2.39	P	A	1	P	S	0	1	yotaiin cheor cheekey orain
f102v1	f102v1.1	L	A	1	P	S	0	0	keoraiiin
f102v1	f102v1.2	L	A	1	P	S	0	0	okeody
f102v1	f102v1.3	L	A	1	P	S	0	0	okeody
f102v1	f102v1.4	L	A	1	P	S	0	0	daiisaly
f102v1	f102v1.5	L	A	1	P	S	0	0	ypary
f102v1	f102v1.6	L	A	1	P	S	0	0	opchyt
f102v1	f102v1.7	P	A	1	P	S	1	0	poaiin ockhey pchol doiin shey shockhsy sheocthy qokeody
f102v1	f102v1.8	P	A	1	P	S	0	0	dairn ol chey ctheol qokeor os aiin cheor qokey choky
f102v1	f102v1.9	P	A	1	P	S	0	0	teody ckheey qokeol sheky qockheor or cheo rchol qoteor dar
f102v1	f102v1.10	P	A	1	P	S	0	0	kochor ol ydaiin choraiin sheey ykeey kor shey qokey dy
f102v1	f102v1.11	P	A	1	P	S	0	0	sol chol qooiin qokol cheol chey kolcheey daiin cheody dy
f102v1	f102v1.12	P	A	1	P	S	0	0	y cheol cheol doiir shekcheor s ar cheor ey pchodaiin
f102v1	f102v1.13	P	A	1	P	S	0	0	toiin ol daiin qkol cheol daiin qokar oaiin cheey saiim
f102v1	f102v1.14	P	A	1	P	S	0	1	chor cheor ckhey oteol aeky
f102v1	f102v1.15	L	A	1	P	S	0	0	d?indy
f102v1	f102v1.16	L	A	1	P	S	0	0	ypcholdy
f102v1	f102v1.17	L	A	1	P	S	0	0	loralody
f102v1	f102v1.18	L	A	1	P	S	0	0	opchdard
f102v1	f102v1.19	P	A	1	P	S	1	0	foidaiin dair or sheol okeeol qoteoloroey olkey
f102v1	f102v1.20	P	A	1	P	S	0	0	soiin shey qokeey qoeeol qokeody sheody qoeteey okeey dam
f102v1	f102v1.21	P	A	1	P	S	0	0	qoeeody ychey okeody deody okody cheodaiin cheody ram
f102v1	f102v1.22	P	A	1	P	S	0	0	ykeeody chodaiin qokeos cheol qool chsey oteody okchy
f102v1	f102v1.23	P	A	1	P	S	0	0	ksheody sho qokey sheody qockhey olcheor odain okchody
f102v1	f102v1.24	P	A	1	P	S	0	1	ysaiin ckhey qoor cheol
f103r	f103r.1	P	B	3	S	T	1	0	pchedal shdy ytechypchy otey ?lshey qoteey qotal shedy yshdal dain okal daldy
f103r	f103r.2	P	B	3	S	T	0	0	dain shek chdy daloky opchedy peshol chep ar otchy sal lkeey sar ain ok?? chedy
f103r	f103r.3	P	B	3	S	T	0	0	yshdain sheek cheoty eeokal chedy chckhy or orol okaiin eeal ot kar otar chal
f103r	f103r.4	P	B	3	S	T	0	1	ychedy qokedy okedy qokeey okey chdar ol loty chedaraly
f103r	f103r.5	P	B	3	S	T	1	0	pocharal okedar shedy oteey qokey lkar sheeky okalor shedy yt??? rkar ota? okdy
f103r	f103r.6	P	B	3	S	T	0	0	ocheey dain shek okeedy okey shedy qokealdy shcthy qotedy qoto??? ota ??? san am
f103r	f103r.7	P	B	3	S	T	0	1	saiin chey shs olshedy qokeey okeeody qoedy ol shedy
f103r	f103r.8	P	B	3	S	T	1	0	daroal okey chedy okey rain okechy qoisal qotar adchey ofeeo lt??dy ??olkechdy lo
f103r	f103r.9	P	B	3	S	T	0	0	oteeos ar cheal okeey shey lkaiin shey lkeor otaiin shedy otey l ?dy okeedaram
f103r	f103r.10	P	B	3	S	T	0	0	daiin ol oain okeol chol okam chety shedy otaiin shedy teolshy oteedy sor ain
f103r	f103r.11	P	B	3	S	T	0	0	dar oteey otain lolshedy okain chey qorain shey otoy qokeol key dayky
f103r	f103r.12	P	B	3	S	T	0	1	oain shey shckhy oteey qokeol keedy shar aiin otedy
f103r	f103r.13	P	B	3	S	T	1	0	podar sheor qotedy okeey qokar checkhy qokain chedy pchdy tshdy dal kasol
f103r	f103r.14	P	B	3	S	T	0	0	okain shekain chedy qokeechy qoky shey lol s aiin chey eekain chcthy qoky
f103r	f103r.15	P	B	3	S	T	0	1	qotedy qokeey shol qotey shkaiin
f103r	f103r.16	P	B	3	S	T	1	0	dshol sholkar shdaiin cheey rar okeey shcfhedy opcheol oteedy tchey shky
f103r	f103r.17	P	B	3	S	T	0	1	sar shey qokey keedy qokeey chckhy qokal oty or aiin
f103r	f103r.18	P	B	3	S	T	1	0	polchedy qokeol okain checthy oteeylshedy okain qokain qokalshedy oteys
f103r	f103r.19	P	B	3	S	T	0	0	okaiin chey qoy shey qokaiin chedy qokain oteol lkar okaral lkldy lr
f103r	f103r.20	P	B	3	S	T	0	1	ychain shckhy qokaiin shey qokaiin shedy olor
f103r	f103r.21	P	B	3	S	T	1	0	pcheam sokedy dalkar otal qokal chepy okedy qoky pchedy okaly qokeedy lor
f103r	f103r.22	P	B	3	S	T	0	0	dalshy okain shckhody shdal qokeedy shedy qotar chcthy chep ar otar opchy
f103r	f103r.23	P	B	3	S	T	0	1	daiin sheckhy lchedy chckhy shol
f103r	f103r.24	P	B	3	S	T	1	0	tchoky okeal shedy qokal oty opchedy qotain shcthy otey dain oteey oky
f103r	f103r.25	P	B	3	S	T	0	0	dar shey qokain chckhey chey kain chedal okeeey qoodain okain oteey ol
f103r	f103r.26	P	B	3	S	T	0	1	oteedy okeey qotchy shey olcheedar shey lotor
f103r	f103r.27	P	B	3	S	T	1	0	qokechy okeey qokeey lkeeody sheey qokeey lkeol tchey qokeey okeey qokaly
f103r	f103r.28	P	B	3	S	T	0	0	deshedy qokeeey dalkain okaiin chedy qokeey otain ain ol cheey lkeedy
f103r	f103r.29	P	B	3	S	T	0	1	qokeeechy shokeey qochey qokeey chal chedy
f103r	f103r.30	P	B	3	S	T	1	0	pcholkchdy sheckhy qokey okaiin shedy chpchy opchedy oteeykshy chdaly
f103r	f103r.31	P	B	3	S	T	0	0	soiin chol kaiin chal okaiin shckhy qokal shdar shchdy okaiin chty
f103r	f103r.32	P	B	3	S	T	0	1	okeey shedy qokedy qokal shety otedy shcthy oraiin
f103r	f103r.33	P	B	3	S	T	1	0	qokeey chechy qokey shckhy choldy qokal y shedy yteedy qotail shedy
f103r	f103r.34	P	B	3	S	T	0	1	sheod oshey cheedalaiin
f103r	f103r.35	P	B	3	S	T	1	0	qoker chain olain chey kain sheol shedain qokeedy ykeedy lcheg
f103r	f103r.36	P	B	3	S	T	0	1	okool chedy okeedy qokeedy qokeey shdy otey qokeey
f103r	f103r.37	P	B	3	S	T	1	0	pchedy qokeey qokeodair qokshy qokeedy qokchdy chsky ee'ey shalky
f103r	f103r.38	P	B	3	S	T	0	0	otechedy qokain shcthy chckhy lokeedy checkhy lokain shedy okeey
f103r	f103r.39	P	B	3	S	T	0	1	ykeedy qokeey lsheey qotal shedy oteey
f103r	f103r.40	P	B	3	S	T	1	0	qokeey sheeol shckhy sheol shodyol aiin otedy qoteey lotar otam
f103r	f103r.41	P	B	3	S	T	0	0	cheol sheeey qotey oteeal oteedy shet sho keeo s shey qokeedy qokal dal
f103r	f103r.42	P	B	3	S	T	0	1	tshey sheol cheolshy chalal
f103r	f103r.43	P	B	3	S	T	1	0	tar cheal ol sheey qotal sheal qokal sheedy okeshedy shokey qokaiin
f103r	f103r.44	P	B	3	S	T	0	1	odeeey qokeey shey sheal otshedy
f103r	f103r.45	P	B	3	S	T	1	0	qokeedy qokeedy shol shedar chedy qoteedy oteedy olkeol ltar y
f103r	f103r.46	P	B	3	S	T	0	0	chol keey qokeey cheol chorol shedy qokeey qokeey ol loiin chedan
f103r	f103r.47	P	B	3	S	T	0	1	ssheey okeeo l lchey qokaly lcheedy oloraiin
f103r	f103r.48	P	B	3	S	T	1	0	polarar lshedy qotolaiin qokeey qokeey shkchy opchealol kchy sam
f103r	f103r.49	P	B	3	S	T	0	0	okeey lr ain l ol sheed qokeey sheol qokeedy shedy qoky leeesain am
f103r	f103r.50	P	B	3	S	T	0	0	ssheey l shey qol cheey chey qokeey okeey qokain cheey qotain
f103r	f103r.51	P	B	3	S	T	0	1	saiin cheteey shey cheosaiin
f103r	f103r.52	P	B	3	S	T	1	0	pchedal oteey qol keedy qokeey qoty chepchy qopchey lkaiin otalsy
f103r	f103r.53	P	B	3	S	T	0	0	sshey qokedy qokaiin shdy qokeey chedy qokeey qokeey lchedy loty
f103r	f103r.54	P	B	3	S	T	0	1	dsheey qoteeey darchedy qokey qoty
f103v	f103v.1	P	B	3	S	T	1	0	pol dar olfchey qoky dy qokeey qokeey daiin okeedaky qoteiir shedy dal
f103v	f103v.2	P	B	3	S	T	0	0	daiin shey qokal shedy qokeedy qoteor shey qoty chckhy qotain chalr
f103v	f103v.3	P	B	3	S	T	0	0	qok or chedy qokey dar chcthy char qoty shdy okeedy qokeey qokain
f103v	f103v.4	P	B	3	S	T	0	1	y cheey qokeey okeey lkees ol qoteedy ykeedy
f103v	f103v.5	P	B	3	S	T	1	0	pcheor olkeey cheky qokshdy qokaiin okechdy qopchdy qotedy qokaiin oly
f103v	f103v.6	P	B	3	S	T	0	0	dain shey qokeedy cheol qoeeor lshor qoky shedy qokaiin chedy qokam
f103v	f103v.7	P	B	3	S	T	0	0	daiin shey chol chey oteey lkeeor okaiin shedy shedy qokaiin ol chedydy
f103v	f103v.8	P	B	3	S	T	0	1	sain shey olsheey dair chekoal okeey
f103v	f103v.9	P	B	3	S	T	1	0	pchal shal shorchdy okeor okaiin shedy pchedy qotchedy qotar ol lkar
f103v	f103v.10	P	B	3	S	T	0	0	or cheey qokeeshy okeey loiin oy otedy lor aiin sheor qotain olldy
f103v	f103v.11	P	B	3	S	T	0	1	qokeedy olkeeshy qoky qokal shed
f103v	f103v.12	P	B	3	S	T	1	0	sal sheal shedy okeedy qokeey l ol shedy pchor pchedy pol sheedy opalam
f103v	f103v.13	P	B	3	S	T	0	1	dain eey olshy otey olshedy qotshdy okeey lr ain okan olshey
f103v	f103v.14	P	B	3	S	T	1	0	teeol sheol sho qokeedy shedy qokey oshedy oteedy qokain otar aiin otam
f103v	f103v.15	P	B	3	S	T	0	0	tchedal shey lcheey lchdy ch ar olchey lcheody tedy otain otain ota?y
f103v	f103v.16	P	B	3	S	T	0	1	daiin sheekchy okeeshy qol shedy otain ol kedy
f103v	f103v.17	P	B	3	S	T	1	0	qokeedy chedy qoteey oteedy lkedy shedy qokal ol char otal opchedy
f103v	f103v.18	P	B	3	S	T	0	0	yshear ol oqaiin chckhey lchedy chedy olaiin oteedy qokeedal larorol
f103v	f103v.19	P	B	3	S	T	0	1	daiin chey lkeey chalkar cheeey l chealainor
f103v	f103v.20	P	B	3	S	T	1	0	pol char otar okaiin shay oteal okain qotal shedy qokeey lolain
f103v	f103v.21	P	B	3	S	T	0	0	tokain shal qokeed oteedy sheoky shay tar teor otam oll
f103v	f103v.22	P	B	3	S	T	0	0	olshey qokshy qotalsheey oloiin oleeedy qokain shedy qokey
f103v	f103v.23	P	B	3	S	T	0	0	ycheody l ar cheey or aiiin oteey otal otear or ar keey qoty
f103v	f103v.24	P	B	3	S	T	0	0	ykeey lchey qokeey ror aiin olan otan otain otain ar y kain
f103v	f103v.25	P	B	3	S	T	0	0	sain olkeeey qokan oteedy qotain otal oty opar aram oteeam
f103v	f103v.26	P	B	3	S	T	0	1	yteey qokeey sheety oteey lshedy oteaiin
f103v	f103v.27	P	B	3	S	T	1	0	fcheody arar okeey okeey lchedy oteal lpar otedy qotar otaryly
f103v	f103v.28	P	B	3	S	T	0	0	daiin checkhy ykeey shckhy otealshey okain chey oteedy por aiin y
f103v	f103v.29	P	B	3	S	T	0	1	olcheeey chey lkchdy sho chcthy sal araiin qokeey
f103v	f103v.30	P	B	3	S	T	1	0	pchear okain opchedy pchol fchedy otedy poly lchedy fchedey rar
f103v	f103v.31	P	B	3	S	T	0	0	okeey l chey qokeey o qokeey chedy qekchy daiin chckhy sar olainy
f103v	f103v.32	P	B	3	S	T	0	1	qokeeey chey qotey chokaiin shal chedy olkam
f103v	f103v.33	P	B	3	S	T	1	0	yshey lkeey qokain okey okaiin cheody otey shdpchy opchey oly
f103v	f103v.34	P	B	3	S	T	0	0	daiin sheey ol chey qok shey qokaiin checkhy otedy lshey lchdy
f103v	f103v.35	P	B	3	S	T	0	0	qol shey ykeey okeey lshey sheckhy chtain oty okedy otaly
f103v	f103v.36	P	B	3	S	T	0	1	saiin shey qokeey oshey olshedy
f103v	f103v.37	P	B	3	S	T	1	0	olshey qokain ol shey qokeshe lsheok shdy qcphey chetydar
f103v	f103v.38	P	B	3	S	T	0	1	oteey l chees ol chey chey chol keechy
f103v	f103v.39	P	B	3	S	T	1	0	polshor keeolshey okey lcharar shol okeedar shes aiin oty lchdy
f103v	f103v.40	P	B	3	S	T	0	0	yteey sheal shey qoain ol keey qokaiin shckhy lchedy rain
f103v	f103v.41	P	B	3	S	T	0	0	daiin shey l shey lshey qoar shas al otar shedy y lchdy rar
f103v	f103v.42	P	B	3	S	T	0	1	yshey sheykain chey rar arol chsaly
f103v	f103v.43	P	B	3	S	T	1	0	orain chckhey qokaiin shckhy shtal opchy lkeedy chdy lchedy
f103v	f103v.44	P	B	3	S	T	0	0	qkain shey ar ar oky rain chckhy shedy qokeory lteedy ro
f103v	f103v.45	P	B	3	S	T	0	0	okey ol cheey lcheey lkain shckhy sheckhy or ain otar oly
f103v	f103v.46	P	B	3	S	T	0	1	tain shol qokain chckhy rorol chdy raly osaiin chary
f104r	f104r.1	P	B	3	S	T	1	0	pchdar chedy char qopchedy ocphedy qopchedy shedaiin oteeochey qopchedy sain
f104r	f104r.2	P	B	3	S	T	0	0	o ar aiin yteeody cheedaiin cheodar s aiin chey tair os aiin chcthedy teedaram
f104r	f104r.3	P	B	3	S	T	0	0	daiir o cthedy otech ykar otedy otody qoteeor yteeody oteedy aky okal daram
f104r	f104r.4	P	B	3	S	T	0	1	o l sheedy qokeedy chedal qodaiin qodaiin chry
f104r	f104r.5	P	B	3	S	T	1	0	kchdal qotaiin qoshedy ol chl ol cheday al lod pchdair opchdy qod
f104r	f104r.6	P	B	3	S	T	0	0	y cheeody aiin lkar cheeo dain ockhedy qokeedy qotain otchdy otain chedam
f104r	f104r.7	P	B	3	S	T	0	0	dchodees sheos odaiin otchedy qodain shedy chedy qodain okar ar okaim
f104r	f104r.8	P	B	3	S	T	0	0	o lsheedy lkeedy lkeody qokaiin chedal qokar odar qokal okar otar odr
f104r	f104r.9	P	B	3	S	T	0	1	ycheeoy qokecho qokol cheeo dam
f104r	f104r.10	P	B	3	S	T	1	0	tol chedal cheoy otyd os l air shdy qokchd octheody cholfor otalr
f104r	f104r.11	P	B	3	S	T	0	1	otodchy lkeody qokair otoly shodar cheey okar olkeedy
f104r	f104r.12	P	B	3	S	T	1	0	tshdol qotchedy qokoeey qoteode lo sar al octhy qotor opchey qotam
f104r	f104r.13	P	B	3	S	T	0	0	olcheol qodain chokar okcho lkain okar cheody okeeody qodam chdy
f104r	f104r.14	P	B	3	S	T	0	0	daiin choaiin qokechy qotal cheolor saiin olkeechey otal ol oeeal
f104r	f104r.15	P	B	3	S	T	0	1	sor chodaiin chody okar otolkeechdy okal kaiin cheodaiin
f104r	f104r.16	P	B	3	S	T	1	0	ocheoey qoctheody ykeeodey qoepchy opchey qoty sh tey yteedy shody
f104r	f104r.17	P	B	3	S	T	0	0	ykeeshedy olkeeody qotey qokar chedy qokedy oteechy chyteody okar ody
f104r	f104r.18	P	B	3	S	T	0	1	dcheeokeody qokain qolar or chockhar otalkshedy
f104r	f104r.19	P	B	3	S	T	1	0	toaiin chdar otar shd qotar olkchedy cheokeey kary opair otor airod lshd
f104r	f104r.20	P	B	3	S	T	0	0	dsheoy qocthey qokchdy qokaiin chol rar cheody cheeekan ar ain ar alam
f104r	f104r.21	P	B	3	S	T	0	1	dsheedy qokaiin chear olkchedy charaiin
f104r	f104r.22	P	B	3	S	T	1	0	tshedar chllo rl shed kchedy chokor cheedy opchar cheor chckhey taiin dam
f104r	f104r.23	P	B	3	S	T	0	0	ol sheockhey chol kechdy okeedal lkain chol keeody otchor aiir chol kar alol
f104r	f104r.24	P	B	3	S	T	0	0	daiin char qotal okechol olkeeor olkeeodal lkaiin chal keeedy qokam
f104r	f104r.25	P	B	3	S	T	0	0	sar okair chckhey qodaiin chckhy checkhd l raiin otain ar airam
f104r	f104r.26	P	B	3	S	T	0	1	shar sheey kar sheody
f104r	f104r.27	P	B	3	S	T	1	0	pchedar qokaiin qotaiin dl ral cheodl cphaiin daiin ar qekeeey qoparaiin
f104r	f104r.28	P	B	3	S	T	0	0	olcheear chedar or aror sheey olkeechy or char cheeo l s or or aiin atam
f104r	f104r.29	P	B	3	S	T	0	1	ysheodaiin shody yteedy cheedar or air cheoltar arodly
f104r	f104r.30	P	B	3	S	T	1	0	okeeo l keeo dain lkeodaiin qokeeo lkeeeey okeody otechdy opcheof qopaiin
f104r	f104r.31	P	B	3	S	T	0	0	qokeeo aiin okeey okolchey lcheeey oteey lkechedy qokaiin chedar cholcham
f104r	f104r.32	P	B	3	S	T	0	0	ysheeody qocth okshey otechshy cheol kaiin shoda lkaiin cheodain qokar alchd
f104r	f104r.33	P	B	3	S	T	0	1	okchechy qokcheedy okchdal qokal char olkeeey olcheo lkaiin chey raly
f104r	f104r.34	P	B	3	S	T	1	0	pchol ksheody qokeshedy qokal chedy qokaiin otaiin cheody qokal taiin cholxy
f104r	f104r.35	P	B	3	S	T	0	1	yshoiin qocheol chedaiin qodal chey chol cheol olaly
f104r	f104r.36	P	B	3	S	T	1	0	psheody qotar chopar qotaly qotsheod qotechy kaiin okar qopchar opam
f104r	f104r.37	P	B	3	S	T	0	0	okaiin cheodal qoaiin okar oraiin okar oteody qokaiin okal qotir
f104r	f104r.38	P	B	3	S	T	0	1	okaiin orcheol qokchol kcheody qotchdy
f104r	f104r.39	P	B	3	S	T	1	0	pcholor ar aiin alkchdy qotal chol qoar aiin qopcheedy qotair ofaiino
f104r	f104r.40	P	B	3	S	T	0	0	olkeeos olkaiin oair qcthy oiinol al ly oeear chcthy olched qotaiiin
f104r	f104r.41	P	B	3	S	T	0	0	qoteey qokeor soiir qoty qokl lkaiin yteedy qokain oqockhy dar
f104r	f104r.42	P	B	3	S	T	0	1	y lshedy cholkar
f104r	f104r.43	P	B	3	S	T	1	0	tsheodl qokaiin qokchedy ykchdy pchedy qokeedy oteey qokain oteo l dal
f104r	f104r.44	P	B	3	S	T	0	0	okcheochy cheey qoeedaiin qokeey ar cheol olkair qokaiin otaiin okam
f104r	f104r.45	P	B	3	S	T	0	1	daiin olcheeo l s aiin otain ar chedy qokaiin otaiin otaiin
f104v	f104v.1	P	B	3	S	T	1	0	pchdoiin opcheedy orar oltcheey opchedy ol ear aiir aly cheodaiin cheekain dam
f104v	f104v.2	P	B	3	S	T	0	0	ychedaiin qoteed chockhy otaiin ydaiin qokamdy otarar alched otair oram
f104v	f104v.3	P	B	3	S	T	0	0	shod chedy qotaiin odaiin okeol ockhey chol qokeedy qotair oeedaiin ol dl
f104v	f104v.4	P	B	3	S	T	0	0	qoteedy chedaiin chokar qotol qotched chol chey qol chedy qoeeey qokeedy
f104v	f104v.5	P	B	3	S	T	0	1	dcheol chdeey oeeodain s airol chedal
f104v	f104v.6	P	B	3	S	T	1	0	solchd shol sheol qokchy qoka l chedy shedy qokain cheedy cpheo apchedy qotady
f104v	f104v.7	P	B	3	S	T	0	1	o scheo lchody cheey qoy cheo ain o chedy cheedy chedy sol cheodalol
f104v	f104v.8	P	B	3	S	T	1	0	tchodls cheeody cheeool ls air ykeedy chotedy qotchedy chedy qoeky qoteeo lo
f104v	f104v.9	P	B	3	S	T	0	0	ycheo lcheod otaiin qokeedy qokaiin cheor ol chedaiin qotar chedy qoty dal
f104v	f104v.10	P	B	3	S	T	0	0	shol cheedy qokaiin qoteedy otaiin oteedy qotedor okain cheos cheeo lchey
f104v	f104v.11	P	B	3	S	T	0	1	ycheedy qoy ykchedor cheeky qokchd qotol qokol qokol daiin
f104v	f104v.12	P	B	3	S	T	1	0	polchechy oteoy chotchs cheeta oteeey oteedy qoty ched l cheol par oltedy chedam
f104v	f104v.13	P	B	3	S	T	0	0	ycheol cheody qoeechdy qokeol qotaiin chedar cheo lkaiin cheetar aiin cheitaiin
f104v	f104v.14	P	B	3	S	T	0	1	ytedy qokeeo lcheolshedy s aiin cheky daindl
f104v	f104v.15	P	B	3	S	T	1	0	tolkshey chocthy qokeochy qokchy qotcheo qotcheo dlchd chedy tchdy qotchdy ram
f104v	f104v.16	P	B	3	S	T	0	0	dcheedy qockheey chdor as aiin chy dchdar chdy qokchedy olkchy qokain dadam
f104v	f104v.17	P	B	3	S	T	0	0	ycheechy cheey cheos s otkchedy cholkchy qotchdy qotol sheedy or ain cheol
f104v	f104v.18	P	B	3	S	T	0	1	dcheeoy qokaiiin qokaiin lkar ytaiin otcheochy sarain
f104v	f104v.19	P	B	3	S	T	1	0	pcheor chol chpcheor cholkshedy qotol sheedy qokchy qotched sho fchor ols aiin chekal
f104v	f104v.20	P	B	3	S	T	0	0	or sheeo lcheedy qokeey qochey qotcheedy qotchedy qokol chor chorol chdar otam
f104v	f104v.21	P	B	3	S	T	0	1	yshor sheedy qokaiin shokchey qokeey chodain
f104v	f104v.22	P	B	3	S	T	1	0	ytchedy qokchedy qotchy qokchedy qokchd ls aiin qchor sheor ytaiin chey tal
f104v	f104v.23	P	B	3	S	T	0	0	tchey qokchey qochey qodeey qodaiin chodaiin chckhdy dairar otar qotai@208; ?l
f104v	f104v.24	P	B	3	S	T	0	0	ykaiin cheor cheeey daiiin cheo dalaiin chockhedy chedaiin otor qokar ary
f104v	f104v.25	P	B	3	S	T	0	0	dsheey qoykeey lchedy qokedaiin ar chcthy daiin cheey sair ol aiin chedy
f104v	f104v.26	P	B	3	S	T	0	1	ysheor sheey qodaiin chodar chochs
f104v	f104v.27	P	B	3	S	T	1	0	pchoror shor sheol sheol sheol qokchedy chdor sho r aiin chpchs aiin al
f104v	f104v.28	P	B	3	S	T	0	1	olsho lsair olcheey qokeechy qokchy daiin chody qodaiin cheody
f104v	f104v.29	P	B	3	S	T	1	0	kche shodaiin qokeey cheokcheo lol kaiin qotchdy lcheo l chedy l cheed chaim
f104v	f104v.30	P	B	3	S	T	0	0	ycheol kaiin cheody shaiin qoeeol otair or cheeody okcheey lkair ar ar adam
f104v	f104v.31	P	B	3	S	T	0	1	y cheoraiin cthey chol sheody qokair qoeey cheey lkeedy
f104v	f104v.32	P	B	3	S	T	1	0	pchedy kchedy cheocphey or ain cheeos aiiiro lcheedy lcheedy qosaiin cfheo ar als am
f104v	f104v.33	P	B	3	S	T	0	0	yteeey cheeod ykeey kaiin qokaiin cheey or ol ar odar chedain etar ar air ary
f104v	f104v.34	P	B	3	S	T	0	1	ycheo lkeed qotain okaiin chokain okain cheol olcho
f104v	f104v.35	P	B	3	S	T	1	0	psheodar sheedy qotchedar oteedy qotaiin okay sheody qokedy topaiin am
f104v	f104v.36	P	B	3	S	T	0	1	sar aiir sheos qoiiin okeedy qokcheodaiin
f104v	f104v.37	P	B	3	S	T	1	0	posairy ytedar chedy shoefcheey kechy sar odl air shey qopcheey sol ain arodam
f104v	f104v.38	P	B	3	S	T	0	0	okechey chedy chchy qotain qokain chey or aiin cheo or aiin chedain okam
f104v	f104v.39	P	B	3	S	T	0	0	yshey @206;ar a kain char lkeey roiir shey cheey kar ar lkchs ar y @206; ais alod
f104v	f104v.40	P	B	3	S	T	0	1	qokeeey okchedy qokeey aiin odain orchedy qoky
f104v	f104v.41	P	B	3	S	T	1	0	tchedy qotechy otcheeo l keedy qoty raiin cheedy qotaiin otchdy qotain
f104v	f104v.42	P	B	3	S	T	0	0	oteedchey qoeeda lchal cheedy qoteey sheey teeeo dar cheed qotain chedy
f104v	f104v.43	P	B	3	S	T	0	0	chey keeey qockheey lkeey o keeedy qokeey okchey qot?odaiin okain orom
f104v	f104v.44	P	B	3	S	T	0	1	daiin y cheeo chey okeeey qokeeey okeey okeey
f105r	f105r.1	P	B	3	S	T	1	0	@199;aiin dar chcphy qokeey qopaiin ypcheeey saraisl aiin cheedy ?aiin arody
f105r	f105r.2	P	B	3	S	T	0	0	dshees yey cheey raiin otchdy qodor ches or cheey okees odar cheody qody
f105r	f105r.3	P	B	3	S	T	0	0	olshey qoden odeey kcheody cheeo ar yteey ytchy otedy qokeedy qokeey rol
f105r	f105r.4	P	B	3	S	T	0	0	ykaiin olkeedy odaiin okar eeeodaiin yteey ochedy qokeeey oy teedy qotam
f105r	f105r.5	P	B	3	S	T	0	1	daiin yteedy yteeeody yl cheod or aiiroekey otchdy otey
f105r	f105r.6	P	B	3	S	T	1	0	par arody shedeeey qopchedy qody qoteody aiin yteody qokor olpshedy
f105r	f105r.7	P	B	3	S	T	0	0	ysheeody ykeeos or aiiin shey qodaiiin qokeed qokeey saiin aiirody
f105r	f105r.8	P	B	3	S	T	0	0	sheey oleeey or air qokaiin chey qokeedy qokedy oteedy lchedy oesal
f105r	f105r.9	P	B	3	S	T	0	0	oeeolchy okeeydy okeey okchey
f105r	f105r.10	P	B	3	S	T	0	1	sairy ore daiindy ytam
f105r	f105r.11	P	B	3	S	T	1	0	pdar o shedy otcheos oiiin al tchedarchy fchos aiin polaiin polkeeey dyaiin
f105r	f105r.12	P	B	3	S	T	0	0	yaiir yteeo dy qoeeody qoeedy kchedy qotchdy otcheey chey teeor ykedy ry
f105r	f105r.13	P	B	3	S	T	0	1	dyteey qokdy chedy chedy dal qoked shedy qoteody cheedy ot
f105r	f105r.14	P	B	3	S	T	1	0	kesoar qoeeedy keeody dlls air shckhy oekeody cheody oeey qokeeody sheo lkeey
f105r	f105r.15	P	B	3	S	T	0	0	lksheey ol r aiin okeedy olkeeody lkaiin okeeol oteeol shod daiin aral
f105r	f105r.16	P	B	3	S	T	0	1	yteody oteeeos aiin odal oiir okeedy oral
f105r	f105r.17	P	B	3	S	T	1	0	lteedy okeeddl sheokedy qokedy shol kol aiirol qokchedy daiin okedy q@145;ky
f105r	f105r.18	P	B	3	S	T	0	0	sheoy oleedy daiin al chedy okeeey chdaiin otedy cheoty oteedy oteey chdy
f105r	f105r.19	P	B	3	S	T	0	0	dsechey oteol daiindy saiin chedy laiin okeeody okeeyteedy odaiin aiir al
f105r	f105r.20	P	B	3	S	T	0	0	s aiin chey teol ykair paiir olkaiin olfaiin odar al airody al teedar dam
f105r	f105r.21	P	B	3	S	T	0	0	ycheo lkedy qoeey qokedy qokedal saiin otol shody chedy okaiin chekaim
f105r	f105r.22	P	B	3	S	T	0	0	olkchokeedy ypair opaiin opail oteodl eeol keey r aiin ylkaiin am ols
f105r	f105r.23	P	B	3	S	T	0	1	dchees opchey aeeodchy chefchedy
f105r	f105r.24	P	B	3	S	T	1	0	pcheor ain ckheey okeeey paiin ar aiiin chpaiikey sheo pcheey dal daiin dam
f105r	f105r.25	P	B	3	S	T	0	1	deeedy cheodkedy chedy decthdy daiiils airols
f105r	f105r.26	P	B	3	S	T	1	0	pdal sheey yqopchy airal sheey fchdy qopchdy raiir oky chdedy qodeedy qokedy
f105r	f105r.27	P	B	3	S	T	0	1	dair cho al r lal cheesy cphedy
f105r	f105r.28	P	B	3	S	T	1	0	pchsed sheefy opchey qoteedy qoeey qokeedy laiiin odaiin aiir opair kechedy
f105r	f105r.29	P	B	3	S	T	0	0	oees olkeedy qockhy r aiin chol okair oteedy qopchedy odaiin ypchedy ytam
f105r	f105r.30	P	B	3	S	T	0	1	oleedar aiildy dar oiin y teey tair cheody qokolky cheolkary
f105r	f105r.31	P	B	3	S	T	1	0	kodeey lchl shx ar aiijy cpheesy okal lkedy lkar chedy qokaiin or fchoky
f105r	f105r.32	P	B	3	S	T	0	0	ycheochy lkeol daiin qkair olkchey dar qopchdy dair otar ar ajam
f105r	f105r.33	P	B	3	S	T	0	0	okeeodair oteey lkeey teeolteedy ot okal or aiiin qokaiin ar airod
f105r	f105r.34	P	B	3	S	T	0	1	dor ail cheky kar odaiin ykl al oees al ar alkam
f105r	f105r.35	P	B	3	S	T	1	0	ypchedy okaiir opcheedy qokair dar kal otar ol qokal kor orolpchey ofory
f105r	f105r.36	P	B	3	S	T	0	0	dyteey otedaiin otar ol chedy ted qotar oteodar otam ytedy otaiin
f105r	f105r.37	P	B	3	S	T	0	1	otoiir chedaiin otair otaly
f105v	f105v.1	P	B	3	S	T	1	0	polairy oair olpcheey ykaiin olpchedy opchedaiin dairody ypcheddy sairy
f105v	f105v.2	P	B	3	S	T	0	0	ysheod ykeeedy keshed qodaiin oteodair or chkar otaiin chpor or otchy otor
f105v	f105v.3	P	B	3	S	T	0	0	dshedy qoedaiin ytoiin okair qotol dol okoldy qokedy opched oteedy qotaiin
f105v	f105v.4	P	B	3	S	T	0	1	olkeeol orchsey qokeedy chdor olar ol keeol chedaiin
f105v	f105v.5	P	B	3	S	T	1	0	pchedal qopchdy daiin chedy daiin okaildy opchedaiin opcheo olkeedy sairom
f105v	f105v.6	P	B	3	S	T	0	0	dcheo fcheeody ckheey dar aiin al dar ar daiiidy otedy oteody ykaiin g
f105v	f105v.7	P	B	3	S	T	0	1	ycheeo lkaiin otair ol olkaiin okairody lchedr
f105v	f105v.8	P	B	3	S	T	1	0	fodal kedar olpchesd araiin ksheeol opchedy pchedy opcheddl pchdar air odar
f105v	f105v.9	P	B	3	S	T	0	0	lcheey qoeees y daiin okairy otchedy ockhedy otchey daiin or r ail l okam
f105v	f105v.10	P	B	3	S	T	0	0	ykeey ky che oiiin dal kaiin okairo l kair chedy s odar air al oral odam
f105v	f105v.11	P	B	3	S	T	0	0	roees aiiin ol okaiin os aiin chckhodu qoteedy ckhddl aiir ypar kaiidy
f105v	f105v.12	P	B	3	S	T	0	0	ysheedy aiin okeol ykedor ar ar alkair otar otaiin otal tair am
f105v	f105v.13	P	B	3	S	T	0	1	saiin opchedy qokchdy otar al kair okees lkchdal
f105v	f105v.14	P	B	3	S	T	1	0	pchedaiin chckhdy qokaiir olpchedy olord aiiin tail odar kard chtchy
f105v	f105v.15	P	B	3	S	T	0	0	ycheey kar ykeey otaiin ot al dar chdor kalchedy opchdy daiin oraiin r
f105v	f105v.16	P	B	3	S	T	0	0	daiin cheey dal chl okair aiin cpheor aiin okal chodaiin otaiin opaiim
f105v	f105v.17	P	B	3	S	T	0	1	olr aiin chey l raiin lkl dl lklor diiin olkaiin
f105v	f105v.18	P	B	3	S	T	1	0	pchor chedaiin okaiin cholkal qolkaiin oltchdy qopchsd opair orair karaim
f105v	f105v.19	P	B	3	S	T	0	1	ycheey aiin otleey lkaiir cheeo taiin okeed ail kchey rokaix am
f105v	f105v.20	P	B	3	S	T	1	0	porair chopchdy chedain otair otchod aiin alol cheo ypchedy kairodl lpaim
f105v	f105v.21	P	B	3	S	T	0	0	ykeeo daiim sheey qokaiin cheot daiin qoek eeykeody qopaiin or aiikam
f105v	f105v.22	P	B	3	S	T	0	1	daiin cheodaiin chedal air okaiin cheey
f105v	f105v.23	P	B	3	S	T	1	0	tcholkaiin odal kl chees aiiin shees qopdaiin chods alkeey paradam
f105v	f105v.24	P	B	3	S	T	0	1	alcheey okaiin otar oto daiin ckheol lkol fchedypaiin
f105v	f105v.25	P	B	3	S	T	1	0	kchdaldy alfo lfcheedy ofoiir opchey fchedy qotor oeeeodr qopar y dl
f105v	f105v.26	P	B	3	S	T	0	0	lkl sheeodees otaiin otar otal or aiin chedor alkaiin chs alkaiin ry
f105v	f105v.27	P	B	3	S	T	0	0	sheoe arxor eesy qopcheo ain orkchdy daiin oteedy ko lkair otaiilody
f105v	f105v.28	P	B	3	S	T	0	1	oeoar ar al odor aiil otaiin
f105v	f105v.29	P	B	3	S	T	1	0	tdol tor oaldar aiir okokeedy karody qoeedy sho qopchedy daiin opairam
f105v	f105v.30	P	B	3	S	T	0	0	dchedy cheey qokor otaiin otair otair okeedy kaiin aiin s aiin sy
f105v	f105v.31	P	B	3	S	T	0	1	ychtaiir aiichy dol aiin otaiin aiidy okchd otar daiin
f105v	f105v.32	P	B	3	S	T	1	0	poar keeodaiin qoair ar aey qoeedeody qokaiin qotedair apo rairapy
f105v	f105v.33	P	B	3	S	T	0	0	lsheody tair oteey oteeo o l otaiin okeey qokaiin or aiir al dar
f105v	f105v.34	P	B	3	S	T	0	0	sheeo daiin chsd qokeeey dair okaiin otaiin chedaiin olkal lkldain
f105v	f105v.35	P	B	3	S	T	0	0	doee okcheeo l taiin otcheedy chor aiin odaiin chedy otaiin al kaishd
f105v	f105v.36	P	B	3	S	T	0	0	laiin sheod okeeody qoaiin ytaiin otair chdal dy daim chdaiin oy
f105v	f105v.37	P	B	3	S	T	0	0	yshey ckhy sheo qoeeo lkaiin chs okol tchdy sheeey okaiin ar aildy
f105v	f105v.38	P	B	3	S	T	0	1	cheody oaiir ain okshey
f106r	f106r.1	P	B	3	S	T	1	0	pshdar shoefy yteedy shal korchy sheky otchedy okshed qotedy qoted yteeody
f106r	f106r.2	P	B	3	S	T	0	0	shedchy ytchedy chees otshes okcho chdy qokeedy ched chedy chedy qotar rod
f106r	f106r.3	P	B	3	S	T	0	1	dshes lchedy lkchedy ytchdy or cheos
f106r	f106r.4	P	B	3	S	T	1	0	pcheodair okchedy olkeeedy or arojy qopchdy sholfchdy cheeky lchedy qokam
f106r	f106r.5	P	B	3	S	T	0	0	ysheor aiin char okaiin qokeechy checkhy qokeod ar qokeo lkeo lchorom
f106r	f106r.6	P	B	3	S	T	0	0	shor sheor orkchsd otair or qokeeo raiin qokeeolchedy olchedy qokeol qoky
f106r	f106r.7	P	B	3	S	T	0	1	olched qoiin ychedy qokam sheol qokor cheees
f106r	f106r.8	P	B	3	S	T	1	0	porarchy orar ol kaiin shedy oteedy qotor qoteedo qoteedy dair okchdaim
f106r	f106r.9	P	B	3	S	T	0	1	ychor chol qokain chocphol lchedy qocheo qokar
f106r	f106r.10	P	B	3	S	T	1	0	pshoair lkeeshedy qokain cheoly qokedy lchedy qokedy otedy qotoky
f106r	f106r.11	P	B	3	S	T	0	0	sar aiin cheol aiin cheokey raiin chokar cholky okeees aiin okeey lchg
f106r	f106r.12	P	B	3	S	T	0	1	okeey lcheedy olkeey qokeeo dchedy
f106r	f106r.13	P	B	3	S	T	1	0	pcheol sheokaiin otey qokeeor sheo aiin otchey pcheo ror aiin daiinopal
f106r	f106r.14	P	B	3	S	T	0	1	ychol okaiin olcheey dolchedy otair otal chedy okeor
f106r	f106r.15	P	B	3	S	T	1	0	podaroar oteeo lchor shol tchedy chotar opchedy opches aiin okchdam
f106r	f106r.16	P	B	3	S	T	0	0	soin oin okain aiin arol ocheedy lkeeeody daiin chedar okol otar chdam
f106r	f106r.17	P	B	3	S	T	0	1	yochor lshedy qockhey qokedain or aiinchodar
f106r	f106r.18	P	B	3	S	T	1	0	kshed dsheol qokeedy otol okeedy lkeedar sheopchy qopchy qotolchy qoty chdy
f106r	f106r.19	P	B	3	S	T	0	0	otchedy qokeey shosaiin qokaiin okain cholkeeey ltal olcheey qotchoraiin y
f106r	f106r.20	P	B	3	S	T	0	0	ytaiin cheey qokaiin shaiin qokeedy sail chedy cheodal qochedy qokaiin
f106r	f106r.21	P	B	3	S	T	0	1	olkeedy qokchedy cheo lkeedy chearaiin okain
f106r	f106r.22	P	B	3	S	T	1	0	tshodair olkeees odain qokeedy opchor aror pcheeody daiir opchedy opchody
f106r	f106r.23	P	B	3	S	T	0	1	ychedy qckhedy dair al qokedy shecphy qokchy otedy dar aror
f106r	f106r.24	P	B	3	S	T	1	0	podshedy qokchedy lkechor otchodar cho lky chedar otaiin chkchedaram
f106r	f106r.25	P	B	3	S	T	0	0	soraiin cheeo lo lchey qokaiin shedy okain shear qokain chees ykarain
f106r	f106r.26	P	B	3	S	T	0	1	ycheeo lkeey
f106r	f106r.27	P	B	3	S	T	1	0	tcheoky lkshedy qokaiin lky raiin chy rody chlar cheeorfor cheoly
f106r	f106r.28	P	B	3	S	T	0	0	okaiin ol lcho rcheo raiin qokaiin chey chokaiin chear ar ol raralchl
f106r	f106r.29	P	B	3	S	T	0	0	saiin chal chlal okal ykalaiin okain qokain ar okaiin char aiiny
f106r	f106r.30	P	B	3	S	T	0	0	ycheeo lkaiin cho ror sheo l kain shor sar aiiry sheo al kairam
f106r	f106r.31	P	B	3	S	T	0	1	yshar chkar aiiiky ral cheol oraiin
f106r	f106r.32	P	B	3	S	T	1	0	poral sho keeody qokain chckhy olteeedy qopcher al karchy qotedary
f106r	f106r.33	P	B	3	S	T	0	1	ycheol chokaiin sheody chody qokaiin ar akair aiir okaly
f106r	f106r.34	P	B	3	S	T	1	0	tcheorsho lkshey lpcheo ro lpchey oporaiin chpchy qopcheody qotarain
f106r	f106r.35	P	B	3	S	T	0	1	okaiin choky lkar chdy lchedy
f106r	f106r.36	P	B	3	S	T	1	0	psheodalo dar sheodal qotedy qotes aiin okalal shdy otaiin shedy
f106r	f106r.37	P	B	3	S	T	0	1	tchodaiin tcheo dlchy
f106r	f106r.38	P	B	3	S	T	1	0	pshodaiin opchy sh o teeody shotchey yteey sholfaiin opchdy lchdy dol
f106r	f106r.39	P	B	3	S	T	0	0	ycheool cheeey ol aiin cheody laiiin chekol cheey okchar aiin aloal
f106r	f106r.40	P	B	3	S	T	0	0	shaiin ar aiin sheey lkaiin sheedy shedy qokal chey okaiin chdaldy
f106r	f106r.41	P	B	3	S	T	0	1	dair alsheod shedy cholchedy cheol shory
f106r	f106r.42	P	B	3	S	T	1	0	pcheodar shol kain okchedy qoteey shotchy qoty lpaiin shedy lar
f106r	f106r.43	P	B	3	S	T	0	0	daiiral sheol daiin otedy qokain okar cheor al taiin chekal otaras
f106r	f106r.44	P	B	3	S	T	0	0	dshedy qoteey otaiin chy chealol chlchd aiin oty otair otaiikam
f106r	f106r.45	P	B	3	S	T	0	0	y sheedal okain okain otar kaiin chdalkair olkai? al keedy okal
f106r	f106r.46	P	B	3	S	T	0	0	sotchdaiin shodaiin otedy qokeedy qokaiin ykar qokain cheedy lol
f106r	f106r.47	P	B	3	S	T	0	1	ycheoar okain qokain char oky cheokam
f106v	f106v.1	P	B	3	S	T	1	0	fsheda looin opaiiral oteodaiin chopchy otair kar alalor aiin aly kar
f106v	f106v.2	P	B	3	S	T	0	0	daiin al sheeodar y chtain char otar qokar otar shed sheo keorain amchy
f106v	f106v.3	P	B	3	S	T	0	0	yshedaiin shckhy cheokchy sar al cho lchedy ytain otar al chdy daly lody
f106v	f106v.4	P	B	3	S	T	0	1	ycheoto lsheo aiin chcthy okain chdal chdam charam
f106v	f106v.5	P	B	3	S	T	1	0	tshoar oeey qokain shypchedy opched qopchedy otaiin chepar aiin octhy dair ry
f106v	f106v.6	P	B	3	S	T	0	0	daiin shody kchedy sheody olkaiin shkar chody talshdy qokain kararo
f106v	f106v.7	P	B	3	S	T	0	0	soy shealsho dy chain shol kain shokaiin qotaiin chodar ail dal dar loror
f106v	f106v.8	P	B	3	S	T	0	1	oraiin cheo rol aiin otaiin
f106v	f106v.9	P	B	3	S	T	1	0	tshodaiin sholkair orainkar aiin shtchy qopchdy qopchy lolkair shear am
f106v	f106v.10	P	B	3	S	T	0	1	ysheody cheol oteey qodaiin ytain ychdy oltydy
f106v	f106v.11	P	B	3	S	T	1	0	tchdys arshedy oteeody kshedy qotchdy qotar shedy qotedy opchy kaiin sham
f106v	f106v.12	P	B	3	S	T	0	0	ycheey qoeeda chodain otalchdy qokaiin chokaiin chody qokal otal otam
f106v	f106v.13	P	B	3	S	T	0	0	olkeealkchedy qoeeey ral ches al ytar shsy lchey ykaiin shy lkam
f106v	f106v.14	P	B	3	S	T	0	1	schedy raiin char arshey chedy aiiin alkam
f106v	f106v.15	P	B	3	S	T	1	0	kcheoakar shedy qofchdy otshedy qokchdy qotshdy qokchdy kair alody
f106v	f106v.16	P	B	3	S	T	0	0	sarar okear aiin chotal shody qotchdy qotar shedy chodal chedy qotam
f106v	f106v.17	P	B	3	S	T	0	1	salar sheodar okain qodaiin chodal
f106v	f106v.18	P	B	3	S	T	1	0	pshodalos qokshdy qokshy opchdy qokshd ar shdar oeedy qotaly dairy
f106v	f106v.19	P	B	3	S	T	0	1	darshy otaiin otal chedy r ain olaiin otaiin sain
f106v	f106v.20	P	B	3	S	T	1	0	polchs lkaiir shokar choefy shor qokor sheeo koles okcharain
f106v	f106v.21	P	B	3	S	T	0	1	ycheo lkaiin cheo lchdaiin osaiin okal sheedy qokchedy
f106v	f106v.22	P	B	3	S	T	1	0	tshod qokchy qokaiin okshy qokar shedy shey qopshedy shdykairylam
f106v	f106v.23	P	B	3	S	T	0	0	ol kalol shar chor okal chdy chol chedy qotaiin or aiin okeedy qokain
f106v	f106v.24	P	B	3	S	T	0	0	soraiin solshedy qokchdy qokol chdaiin chdal air odl charain okay
f106v	f106v.25	P	B	3	S	T	0	1	sar sheol chol shar chol okarol
f106v	f106v.26	P	B	3	S	T	1	0	tar air kshdain okal chdy lchedy kshar chopchy otches aral opchdy
f106v	f106v.27	P	B	3	S	T	0	1	olcheo odaiin sheotal shoor qokeey oarar
f106v	f106v.28	P	B	3	S	T	1	0	psheody olkeedy qokor sheos choty qotaiin oteody otaiin qokar otydy
f106v	f106v.29	P	B	3	S	T	0	0	ycheey olchey chedy qotaiin cheos otaiin otain chotar olos aiin cheog
f106v	f106v.30	P	B	3	S	T	0	0	otaiin okochey qody oeesysarx okeey oteedy ksheody qokeedy qotokody
f106v	f106v.31	P	B	3	S	T	0	1	sheeyko shody chosaiin olcham
f106v	f106v.32	P	B	3	S	T	1	0	polos shdair sheky keedy qoeedy qofchedy sair al pchedy ypodaiin saram
f106v	f106v.33	P	B	3	S	T	0	1	choaiin ody qotar chey ol aiin chey dychy
f106v	f106v.34	P	B	3	S	T	1	0	pchodaiin kcheeor al ky shcthy otos ar odal pcheody qotaiin otor alodam
f106v	f106v.35	P	B	3	S	T	0	0	shody shockhy qokeey qokcho l kchedy shdy kchedy chedy qockhey okaiin al
f106v	f106v.36	P	B	3	S	T	0	1	sol sheedy qokaiin cholkaiin
f106v	f106v.37	P	B	3	S	T	1	0	pyoaly cheo aiir al kcheodar qodaiin shcphoor shedy otedar opol fchedy odr
f106v	f106v.38	P	B	3	S	T	0	0	okcheody qokeey otchey qokeey qokeedal qotchkeey qol rody raiin oty
f106v	f106v.39	P	B	3	S	T	0	1	qokaiin chey kar oteol
f106v	f106v.40	P	B	3	S	T	1	0	ko sheody qody ches aiin dair air opchedy pchdy kolchedy tcheodar podkor
f106v	f106v.41	P	B	3	S	T	0	1	otedy qoar cheey kaiin qokeeody okaiin oteey qoteedy choty
f106v	f106v.42	P	B	3	S	T	1	0	py chal shedy qoteedy cheyky okedaiin otedy odaiin chdy chy keedy lkey
f106v	f106v.43	P	B	3	S	T	0	0	chedy okeey qokeedy okeey sheey qokaiin al al kalos chedy dkaiin chcthy
f106v	f106v.44	P	B	3	S	T	0	0	cthey chey okal chey keeyrain okeeo otaiin chedar oteedy otol oty
f106v	f106v.45	P	B	3	S	T	0	0	ysair okeey cheodain chey tchar oqotaiin oty rasal oteey sar aildy
f106v	f106v.46	P	B	3	S	T	0	0	ytar okain cheokaiin chedy okeeey chkaiin ol oky raiin cheoar chos
f106v	f106v.47	P	B	3	S	T	0	1	dcheoaiin shky
f107r	f107r.1	P	B	3	S	T	1	0	pchdlar sheolor ykeeol qokchy otor okeesodar tarair oteey otaiin ytar
f107r	f107r.2	P	B	3	S	T	0	0	dchey qoteos aiin shedy oteed qor aiin cheockhy olkeey qotain chey qeeey lor
f107r	f107r.3	P	B	3	S	T	0	1	olcheey cheos qokeeey ycheedy qotain ykain okeey raiin
f107r	f107r.4	P	B	3	S	T	1	0	teeody chedain qoteey qokar deeoltedy otar ain chady otokcho qoked okchedy
f107r	f107r.5	P	B	3	S	T	0	0	olkchedy tedy oteeey okchedy qokeed qokear chedy chokchedy qokain ar
f107r	f107r.6	P	B	3	S	T	0	0	okcheey qokeedy chotchedy daiinar oteey lteey chedaiin okchey otaiin am
f107r	f107r.7	P	B	3	S	T	0	1	ytaiin cheotchey okaiin chckhy okeedy otcheey
f107r	f107r.8	P	B	3	S	T	1	0	torshor sheeey oteeol qokeey qokedy lkaiin qokaiin qokar al okiroley
f107r	f107r.9	P	B	3	S	T	0	0	okaiin sheey tcheol kain okeey chedy okeedy chdykchedy chey kain an
f107r	f107r.10	P	B	3	S	T	0	0	yteedy qokeedy okeol lchedy qokal lor sheal cheedaiin chey sair alo m
f107r	f107r.11	P	B	3	S	T	0	0	cheeo cheeol qokaiin ytain y keeol l oraiin okaiin okar okaiin otaram
f107r	f107r.12	P	B	3	S	T	0	1	y chol chol loraiir aiinal
f107r	f107r.13	P	B	3	S	T	1	0	polchls aiin sheky qokaiin opchal shedy pshedaiin otodal shedy otaral
f107r	f107r.14	P	B	3	S	T	0	0	cthedy lshedy cheolchear or alam chtaiin otarain chey qokaiin otain
f107r	f107r.15	P	B	3	S	T	0	0	ychol oiin chey qockhal al otaraiin sheky okeeey raiin airal
f107r	f107r.16	P	B	3	S	T	0	0	tolshoror olkeedy qotaiin otalar opcheol qeeoy shey kair otaiinam
f107r	f107r.17	P	B	3	S	T	0	1	sair chey losaiin chey
f107r	f107r.18	P	B	3	S	T	1	0	poalosy shey tar ay f arsheey fol rolchy sheey opolkaiin ypaiinal
f107r	f107r.19	P	B	3	S	T	0	0	oaiin ol rar sheey ylar aiin cholal dy cheeody okeeey cheodaiin aldy
f107r	f107r.20	P	B	3	S	T	0	1	tcheol kcheedy
f107r	f107r.21	P	B	3	S	T	1	0	taror olal okain okaiin qotal shaiin qokeol lkaiin okeeo lkaiin aiin
f107r	f107r.22	P	B	3	S	T	0	0	yksheol okaiiin shoy daiin qotalal lshedy qokal r aiiin okair lldy
f107r	f107r.23	P	B	3	S	T	0	1	chodaiin shar chodaiin
f107r	f107r.24	P	B	3	S	T	1	0	pal alchky okil cheol kair lkain qokeeo kair dar aiinpchod lkaiiin olfy
f107r	f107r.25	P	B	3	S	T	0	0	ycheain chal kal chedy qokaiin chody qokchdy qokal char chdalal om
f107r	f107r.26	P	B	3	S	T	0	1	ol cheor shey cheey olcheol kaiin otair okal cheody
f107r	f107r.27	P	B	3	S	T	1	0	pydar aiirod qokiir otiir ofchedy qofchedy qofchol chkaiin chpaiin orol
f107r	f107r.28	P	B	3	S	T	0	0	kar aiin chl cholor sheees aiin cheey otchy lkaiin ykaiin ykalkal
f107r	f107r.29	P	B	3	S	T	0	1	olkeeolkeeo ar shol
f107r	f107r.30	P	B	3	S	T	1	0	pair aiieedy shalkaiin kairy okaral qokaiin opaichy opal rary ky
f107r	f107r.31	P	B	3	S	T	0	0	daiin sheol chdy okaiin sheykal shy kl al kal chdy r aiin chain yols
f107r	f107r.32	P	B	3	S	T	0	0	salxar shy qokaiin okal qockhedy okr aiin otar qocthy rolky
f107r	f107r.33	P	B	3	S	T	0	1	yaiin chekain cheo kaiin chey qol kaiiin chky lcheel lkar okal
f107r	f107r.34	P	B	3	S	T	1	0	pairar al oro lkeey qotal cheotain dar okaiin otaiin otar opaim
f107r	f107r.35	P	B	3	S	T	0	0	daiin shl lkeeol lchedy qokor lkaiin chedy qotaiin al ol kaldaim
f107r	f107r.36	P	B	3	S	T	0	0	dar alchor kcheo rkeey chaiin al dal qokchey qokl chey lkaiin lkar
f107r	f107r.37	P	B	3	S	T	0	1	ychklkaiin chckhy cho l olkain
f107r	f107r.38	P	B	3	S	T	1	0	poaral orar ofchey qoteedy qotaiin opchedy qokchey otlchdain aly
f107r	f107r.39	P	B	3	S	T	0	0	tair cheol cheol kchekain cheear ol oiin cho lkain al oeedy chey
f107r	f107r.40	P	B	3	S	T	0	0	lolkaiin chey qokaiin chal aiin okaiin olkar otair okal okal
f107r	f107r.41	P	B	3	S	T	0	1	qokaiin ar ockhey qokal otal otam
f107r	f107r.42	P	B	3	S	T	1	0	pcholky sokeey aiin oteey ykchey paichy okeey tain ar arodl kairam
f107r	f107r.43	P	B	3	S	T	0	0	okeear ay daiin sheody ykchedy chykaiin otal taiin chotaiir aram
f107r	f107r.44	P	B	3	S	T	0	1	ycheodain okeey qokeeody qokaiin
f107r	f107r.45	P	B	3	S	T	1	0	podky chedy qockhy qokeedy qokokil y chees opal kaiin otaiin otaram
f107r	f107r.46	P	B	3	S	T	0	0	sar cheey qodaiin qokaiin ol cheor aiin otal taiin qokaiin otal alkal
f107r	f107r.47	P	B	3	S	T	0	1	okain cheey lol loeey oiinal
f107r	f107r.48	P	B	3	S	T	1	0	fairal chkal lky otain ar kalkal qotain oty lky otaiin ytaiin om
f107r	f107r.49	P	B	3	S	T	0	0	o alain ay chkain okair chtl lkaiin okair chtl raty
f107r	f107r.50	P	B	3	S	T	0	0	chain al lkeey chol taidy qotaiin y taiin lkl lfchal pchdy pal tar
f107r	f107r.51	P	B	3	S	T	0	1	sar ain chol ol cheey otal otal ol otchy qoky otaily
f107v	f107v.1	P	B	3	S	T	1	0	kaisar olkeeey otalkchy lkaiin otody qokair lkal chey chody otal cheey
f107v	f107v.2	P	B	3	S	T	0	0	daiin dckhy ol daiin chkal qokedy otal chedy oteos aiin otar alkain ol
f107v	f107v.3	P	B	3	S	T	0	0	sain ain aiiin qokaiin shol kal qokar al ochedy lkaiin otal olkiir alody
f107v	f107v.4	P	B	3	S	T	0	1	dain cheky okechy qokain shocthy otaiin alkaiin
f107v	f107v.5	P	B	3	S	T	1	0	tol sheockhedy qotol chdor otechdy teol tedaiin opchedy qopchdy ytar aiiil
f107v	f107v.6	P	B	3	S	T	0	0	paiin okaiin qokaiy olkeedy qokeey qotaiin oky lkal otaiin aiin qokaldy
f107v	f107v.7	P	B	3	S	T	0	1	taiin cheockhy chain qokain
f107v	f107v.8	P	B	3	S	T	1	0	polcheolkain qokair okeol qokol qokaiin opcheol qotedy ltedy otedam
f107v	f107v.9	P	B	3	S	T	0	0	saiin shey kedy qokain qokedy qokaiin y lkaiin qoky lkal tar aty
f107v	f107v.10	P	B	3	S	T	0	1	shodaiin shey qokair qokaiin chokedy tain shedy
f107v	f107v.11	P	B	3	S	T	1	0	tshedy okal shedy qokchey chky qokeey qotaiin otol qoteedy qopchcfhy
f107v	f107v.12	P	B	3	S	T	0	0	qokeey lcheol chol kaiin olkal shedy qokaly odar choty qokaiin otam
f107v	f107v.13	P	B	3	S	T	0	0	ycheey qokain ockheody qokair otal qokaiin otal shoy qokaiin dalam
f107v	f107v.14	P	B	3	S	T	0	0	daiin shaiin okaiin qokar qokal qokal cheody qokain okchdy dlkal
f107v	f107v.15	P	B	3	S	T	0	1	solain qokal okeey lkaiin okain chkal otain chcthy tarairy
f107v	f107v.16	P	B	3	S	T	1	0	parair okal opchol okal opaiin otedy qokeody tolkol lkar aiiraly
f107v	f107v.17	P	B	3	S	T	0	0	saiin or ykeear chckhy okaiin okal qoklaiin cheol qokar chey lkam
f107v	f107v.18	P	B	3	S	T	0	0	qokain qokchey qekchdy okaiin lkl chol raiin otaiin alkaiin dal
f107v	f107v.19	P	B	3	S	T	0	1	soral olaiin chor okaiin chkain okaiin
f107v	f107v.20	P	B	3	S	T	1	0	palar or air kalkal okaiin chpal cheody qopchedy pcholkal opalkam
f107v	f107v.21	P	B	3	S	T	0	0	taiin ol kaiin chol kchedy qokol ain air kaiin okal otar otalal
f107v	f107v.22	P	B	3	S	T	0	1	dar alol olaiin olkal chol chdar
f107v	f107v.23	P	B	3	S	T	1	0	palchar ar akaiiky char raikchy opchain opalkar otal otar alky
f107v	f107v.24	P	B	3	S	T	0	1	dain olaiin chol olkain lkaiin
f107v	f107v.25	P	B	3	S	T	1	0	kaolkar kolkar okeol qokeor al tody opchey oty al ky pchey rag
f107v	f107v.26	P	B	3	S	T	0	0	oraiin sheor qokain cheody qokain otal okaiin olkeeo r ar al oldy
f107v	f107v.27	P	B	3	S	T	0	0	dal okain okchey qokshy okol lkshedy taraiin sho qokor cheey qokam
f107v	f107v.28	P	B	3	S	T	0	1	y cheor cheol lcheedy raraiin
f107v	f107v.29	P	B	3	S	T	1	0	tolkeeedy okeol cheody qokeey qokchedy qotyshey qy lty ltam
f107v	f107v.30	P	B	3	S	T	0	0	okain ol okaiin lkeody otaiin chol lkaiin lkeeey qokaiin chey qoky
f107v	f107v.31	P	B	3	S	T	0	1	sokod chey lkaiin chedy qe okeody qokeedy rary
f107v	f107v.32	P	B	3	S	T	1	0	tay oaiin okeeody okaiin otaiin otchey qokaiin otedy qokam
f107v	f107v.33	P	B	3	S	T	0	0	orain chol qodaiin odain aiin okain chkaly raiin y kaiin aldy
f107v	f107v.34	P	B	3	S	T	0	1	dyair chey lkchy lchedy raiin sheey
f107v	f107v.35	P	B	3	S	T	1	0	polchedy olkeey lkey chcthy lkar shedy qokaiin chedy qokeedy lol
f107v	f107v.36	P	B	3	S	T	0	1	tol chey lcheor sheol qokaiin olkeedy okar ar olkain odain
f107v	f107v.37	P	B	3	S	T	1	0	poraiin o kal chedy qolkeey lpcheedy qokol rol keedy okaiin otary
f107v	f107v.38	P	B	3	S	T	0	0	dain okchey qokchey qokaiin olkeey qokol oteey oteey lkain
f107v	f107v.39	P	B	3	S	T	0	0	okain cheor olkaiin oain cheary raiin okoiin odaiin okaiin y
f107v	f107v.40	P	B	3	S	T	0	1	chokeey qokey qokaiii lor aiin aiily
f107v	f107v.41	P	B	3	S	T	1	0	pokar ar keey okeeo l cheey qokchey oteey lkeeo l lkeedy qokeey lkain
f107v	f107v.42	P	B	3	S	T	0	1	or ain oloeeey qokain
f107v	f107v.43	P	B	3	S	T	1	0	pol keeeo kaiisr qokeey chckhy lkchaly lkeey opchey rar aiin cheokaly
f107v	f107v.44	P	B	3	S	T	0	1	kaich o l air arody qokeey qokeey
f107v	f107v.45	P	B	3	S	T	1	0	porain okain okechdy dal keeedal shedy okeeolkcheey lkar aiin al
f107v	f107v.46	P	B	3	S	T	0	0	soain aiin chey qolaiin al chedy kedy qoteey oteey qokeeylkain
f107v	f107v.47	P	B	3	S	T	0	0	y cheey qokeey okeoteey qokey qokey qokeey daiin y okeey odain
f107v	f107v.48	P	B	3	S	T	0	0	oteedy qokey qokeedy chody chey qoky oteey otain chey aiinal
f107v	f107v.49	P	B	3	S	T	0	1	ycheosaiin oekey chey qokeey y cheey dy qoy
f108r	f108r.1	P	B	3	S	T	1	0	teodeeor qopchety okeeoly okchdpchy todax opar yo lpair ody otedy kedydy
f108r	f108r.2	P	B	3	S	T	0	0	qokeedy chokedy chockhed qokeor shedy otal otaiin otedy qokechy ofchdy qody
f108r	f108r.3	P	B	3	S	T	0	0	cheodchy qoter okedy oteal lkedal okedy otedy okedal chckhedy chokedal
f108r	f108r.4	P	B	3	S	T	0	1	ychedaiin shky chdy oteeody chedor sheeky
f108r	f108r.5	P	B	3	S	T	1	0	tchokedy chey oteey okeey lkededy okche y pchofar cheo pchedy qotedy otol
f108r	f108r.6	P	B	3	S	T	0	0	ol cheol qo qokeey qokeey qokeedy sheoky otedy qotey qokchey chdar aiin y
f108r	f108r.7	P	B	3	S	T	0	1	okchey okedy qokchedy chedy qokedy okar chdy okar char chkaiin chsy
f108r	f108r.8	P	B	3	S	T	1	0	pochedy shy shokeedar al kedal chokchy qokar ch okeey qaiin okeedy qetam
f108r	f108r.9	P	B	3	S	T	0	0	cthey chedain chedy okedy lkedy raraiin qokar otal kedy ar air ockhedy
f108r	f108r.10	P	B	3	S	T	0	0	taiin shkeedy qoteey oteey ykeol ykeedy chekar qokeeodaiin okeyty ody
f108r	f108r.11	P	B	3	S	T	0	0	teodeey ar aiin okeey qetchdy oteeody okaiin ykeeo dain otalaiin oly
f108r	f108r.12	P	B	3	S	T	0	0	tshey okchey dain aloiin ocheey qokaiin chlam okaiin okal kain alam
f108r	f108r.13	P	B	3	S	T	0	1	ykeey raiin ar ail odaiin
f108r	f108r.14	P	B	3	S	T	1	0	polchal shol qokar shedy pcholy qokal opchdy ofal shor qokaiin otalod
f108r	f108r.15	P	B	3	S	T	0	0	orain cheey chey qokeey chedy okchedy qoeedy qockhey d iirain okain
f108r	f108r.16	P	B	3	S	T	0	1	say olkaiin chckhy daiin dal daiin
f108r	f108r.17	P	B	3	S	T	1	0	fcheokair okedaiin chedy qokeed okain chdy laiin ofar chedy tedam
f108r	f108r.18	P	B	3	S	T	0	0	okeedy lkal daiin ykchedy qokol chedy qokedy lkedy okalo l chedl y
f108r	f108r.19	P	B	3	S	T	0	0	dchedy okeedar shchy okol kedy okeedy chal raiin otedy chtal om
f108r	f108r.20	P	B	3	S	T	0	1	dain chey qokeedy cholcheey dalkar okedy
f108r	f108r.21	P	B	3	S	T	1	0	qolshy qoeedy lkealshedy shokal keedy qotedy qopchedy otal dkedam
f108r	f108r.22	P	B	3	S	T	0	0	dcheol shol dal qokaiin otal ol shedy qokey chey lor aiin okeeam
f108r	f108r.23	P	B	3	S	T	0	1	ykeol chey okain charain
f108r	f108r.24	P	B	3	S	T	1	0	folaiin y qokal lkedy qotedy qoked qotedy okal chdar al char aiin
f108r	f108r.25	P	B	3	S	T	0	0	y cheeor aiin okeey cheol chedy opchsd opchedy alkedy al lkeam ol rain al
f108r	f108r.26	P	B	3	S	T	0	0	dair okal chedy qokeedy oteor al qokedy qokedy otaiin otedar chalkeedy
f108r	f108r.27	P	B	3	S	T	0	0	ychedain orcheory qoaiin okeey qokeey chdal okedy qokedy okedam chdy
f108r	f108r.28	P	B	3	S	T	0	1	sain arolkeey qoal olkedy okaiin
f108r	f108r.29	P	B	3	S	T	1	0	polchedy okedy qopchedy okeolkey teedy qotaiin otedy okeedy otedam
f108r	f108r.30	P	B	3	S	T	0	1	ykeol chedal chokedy o qokedy okchedy saiin alkan
f108r	f108r.31	P	B	3	S	T	1	0	keol sheody qokedy qokeedy qokoy qoiiedy otedy qokedy qokedy qokal
f108r	f108r.32	P	B	3	S	T	0	0	ykedar chedy qokey lkeedy otedy okedy otedy otal shol alodar or alold
f108r	f108r.33	P	B	3	S	T	0	0	solkedy okchd qokedy okedy okeol chdy okar okedy okedy chlar
f108r	f108r.34	P	B	3	S	T	0	1	ycheol chckhy qokedy okain
f108r	f108r.35	P	B	3	S	T	1	0	pychory opchey lkeol chdar shedy qofchdy opalal cheedy qokalchdy opchdy
f108r	f108r.36	P	B	3	S	T	0	1	okechy okeol okeedy cheedar okedy qotal chdy chedal chedy
f108r	f108r.37	P	B	3	S	T	1	0	tchedy qokey okeey lkeey chedy cheokeey qokeey chedl al lkair alkeedy ram
f108r	f108r.38	P	B	3	S	T	0	1	dcheeody cheedy qokeedy otedy qeeey chey
f108r	f108r.39	P	B	3	S	T	1	0	poro l tedo lchdain qokar otedy otarar yty sho qotedy oteedy okedy
f108r	f108r.40	P	B	3	S	T	0	0	okor aiin okeedy qokeedy okeeom cheykeeed chol qekeey or aiin chckhom
f108r	f108r.41	P	B	3	S	T	0	0	sheedain qokeedy chokeedy qoteody keesho daiin chedy keedal as keodky
f108r	f108r.42	P	B	3	S	T	0	0	okeey qokeey qokeedy qokeey chedal chedy qokeey okeedain otain oolals
f108r	f108r.43	P	B	3	S	T	0	0	olke?y okey lokeey qokedy ol kechy chedar olal oedy qckhy cheam
f108r	f108r.44	P	B	3	S	T	0	1	ychey chey okar charam otam cheody
f108r	f108r.45	P	B	3	S	T	1	0	dain sheckhy okeey keey lchedy okeey qokedy chedy dalkedy qokedy dal
f108r	f108r.46	P	B	3	S	T	0	0	yteedy qokeed y qokey otedy okedy qokaiin cheodar cheey qokedy al
f108r	f108r.47	P	B	3	S	T	0	1	yched chockhey dain sheol okedy lkeedy oteedy qokeedy ched al keam
f108r	f108r.48	P	B	3	S	T	1	0	pcheedy qokeo l okeol keol dain ar otedy qokedy qokeedy qokeedy lchdy
f108r	f108r.49	P	B	3	S	T	0	0	oteedy lchedy qokeedy qokeedy qokeo lchedy qokey qokeey lkedy lkedy
f108r	f108r.50	P	B	3	S	T	0	1	qokeedy lchedy lkaiin chdy qokey okedy okaram chdar ar okam
f108v	f108v.1	P	B	3	S	T	1	0	pchedal qokeedar otedy qokeedy lky ltal aiin oteo fcheey otedar am ol
f108v	f108v.2	P	B	3	S	T	0	0	daiin shal qokedy qoeechy okain oteey checkhy lkeedy qokeedar araiin okam
f108v	f108v.3	P	B	3	S	T	0	0	ssheedal ol lkedy lkeedy chedalkedy lkeedy qokechedy otedain oteey lol
f108v	f108v.4	P	B	3	S	T	0	1	dchedy shedy qokeed qoteedy qoteedy arain al keedy
f108v	f108v.5	P	B	3	S	T	1	0	polaiin okedain okal otchedy qokeedy raraiin o keedy qokar qokal dam
f108v	f108v.6	P	B	3	S	T	0	1	oeeedain chey lokeey lchedy loety qokeedy qokeey qokar okeedy kedarxy
f108v	f108v.7	P	B	3	S	T	1	0	pchedaiin okedy otedal lkedeed okedar okeey qoteol lkedy otey raiin am
f108v	f108v.8	P	B	3	S	T	0	0	ysheedy okeedy oteedy qokeedy okeedy okeedy chedal okar qoteedar oty
f108v	f108v.9	P	B	3	S	T	0	0	qokeeo dar chedam chlal okaldain sheed lchedy l keedy ched kel cthdy
f108v	f108v.10	P	B	3	S	T	0	0	ol cheey leedaiin shckhaiin okeal okar aralor om shee kay chectham
f108v	f108v.11	P	B	3	S	T	0	1	sain al keed ain olkeeed qokedy lkeedy cho lkain oteshy shedy deedy
f108v	f108v.12	P	B	3	S	T	1	0	tshedky sheckhy akey sheey teeody qokedy qokeedy shok ar aiin okeey tedam
f108v	f108v.13	P	B	3	S	T	0	0	daiin cheol qokeey qokeedy qokeey raiin chckhy okeey qokeedy okedain aldor
f108v	f108v.14	P	B	3	S	T	0	1	qokeey lo r aiin chey keear a ral olaiin chedy
f108v	f108v.15	P	B	3	S	T	1	0	pcheor okear sheey qokeey ykeealkey rar aiin opsholal shedy ofaramoty
f108v	f108v.16	P	B	3	S	T	0	0	okeey lshey qokeeal lkeey okeol okedy qotal sholkeedy chedy qokain teedu
f108v	f108v.17	P	B	3	S	T	0	0	qokeey lkeed chedy qokeeos sheol tedy qopchdy qokeshdy kedar otal raram
f108v	f108v.18	P	B	3	S	T	0	0	okeey l keedy okeal okey cheykedy qoeedy lo rair cheey ol l s aiin am
f108v	f108v.19	P	B	3	S	T	0	1	qokeeol olcheeey lcheam
f108v	f108v.20	P	B	3	S	T	1	0	polkeedal sheo kchey lotedaiin otedy opchedaiin otshedy qotey r aiin ol
f108v	f108v.21	P	B	3	S	T	0	0	daiin shol olkeeey lky chedar chey kechey qotedy otedy oteedain cheody llod
f108v	f108v.22	P	B	3	S	T	0	0	daiin shey sheey dain alsar sheeo lkain shey cheeegaiin oloeeedy otaiin al
f108v	f108v.23	P	B	3	S	T	0	0	qokeeor okeey qoeey chodaal daiin checthal cheeky otar aiin chckhy lteedy
f108v	f108v.24	P	B	3	S	T	0	0	daiin chekeek checkhy ol r ain odar sheey daiin tchar okeedaiin oram
f108v	f108v.25	P	B	3	S	T	0	0	sheeol okeey kaiin okaiin ol lchey ctheo r aiin cheey qokeey qokeeaiin al
f108v	f108v.26	P	B	3	S	T	0	0	sair okeaiin cheol shedy qokeeey dlaiin ar or lkar char aiin okal ldyr ls
f108v	f108v.27	P	B	3	S	T	0	0	sal lcheal lkeeey okar ar ain olcheees ol cheal okaiin ykar al okalam
f108v	f108v.28	P	B	3	S	T	0	0	paror aiin shedy qokey qol eees aiin lal lkeeedy otain sheey chol tan al
f108v	f108v.29	P	B	3	S	T	0	1	dar chey o cheol chedeey qokeedy chea?
f108v	f108v.30	P	B	3	S	T	1	0	polshedaiin qokeoy keol chokeol qotedy qoteedy dar raiin shedy qotain oteedy
f108v	f108v.31	P	B	3	S	T	0	0	ol cheol shed qokedy qokedain checkhed qoteedy otedy qokedy okeea r l kam
f108v	f108v.32	P	B	3	S	T	0	0	dain shedain qokedar olkeedy qokeedy shedy chedar chedy oteedy qokam
f108v	f108v.33	P	B	3	S	T	0	0	sain ain chey lchs shed qokeedy oteey qokedy qokeedy cheedy qokeedar oldy
f108v	f108v.34	P	B	3	S	T	0	0	tolshey ochey qokeey qotedy choteey qokey cholkeedy lkedy lchedy qokeey
f108v	f108v.35	P	B	3	S	T	0	0	daiin chedy lchedy sholkeedy qokeedy chey qokeey qokeedy oteedy lchedam
f108v	f108v.36	P	B	3	S	T	0	0	daiin shechy qokedy qokain chor chal chal chedy dain alal keedy otalys
f108v	f108v.37	P	B	3	S	T	0	0	sain sheor sheey sheckhey qokey okey shey lkain shedy qokain dalam
f108v	f108v.38	P	B	3	S	T	0	0	dsheol qokeedy qokeedy chey qokeedy qokedy sheckhy lkedy qoteedy otam
f108v	f108v.39	P	B	3	S	T	0	0	sain chey lkedain chey rar ain al chear olor chedaiin oteey chedy rl
f108v	f108v.40	P	B	3	S	T	0	0	daiin sheeal qokeedy qokeedy qokeedy qotey qokeey qokeey otedy qotaiin
f108v	f108v.41	P	B	3	S	T	0	0	dshedy tedy checkhey sheeky lsheedain shear olkedy chy kar tar otaiin
f108v	f108v.42	P	B	3	S	T	0	0	ycheain chey lcheal ykeey qolcheedy qokeedy okeedy qokey qokeedy qoteedy
f108v	f108v.43	P	B	3	S	T	0	0	shodain cheal shedy rcheetey qokeey cheolkeedy cheol chedytey okeearam
f108v	f108v.44	P	B	3	S	T	0	0	y shey qol lchey shey qokear shey qokeey lsheey oteey sheey qol cheekeey lchg
f108v	f108v.45	P	B	3	S	T	0	0	sheol shedy qokeey chedar sheal qokeedy qokeedy qokey sheey qokeal aral
f108v	f108v.46	P	B	3	S	T	0	0	saiin sheeain qkain okeey qokalor cheol keol chedy qokeey qokeey ral
f108v	f108v.47	P	B	3	S	T	0	0	ycheey qokeeey shedain qokeedy qokeey okeedal okeol lkeey lchedy lchedy
f108v	f108v.48	P	B	3	S	T	0	0	dair al checthy qol eeedy chckhey olchey sheey qokeeey qokeedar al keedy
f108v	f108v.49	P	B	3	S	T	0	0	saiin okain cheey lkaiin cheal cheol keear qokeedy qokeey checkhedy qokal oam
f108v	f108v.50	P	B	3	S	T	0	0	dsheey oteey cheol teedar okeedy qokeedy checkhy oteey aiin okeey chey qokey
f108v	f108v.51	P	B	3	S	T	0	0	ssheodain qokeeo okeey qoksheedy char air okeey qokeeolchey olkeey okeey lar
f108v	f108v.52	P	B	3	S	T	0	0	saiin cheol qokeedy qokeedy chedy qokeey cheal llchey daiin okeey qokeey
f108v	f108v.53	P	B	3	S	T	0	1	olchar ol chedy lshy otedy
f111r	f111r.1	P	B	3	S	T	1	0	kcholchdar shar aiip chepchedy chetalshy sheek shear shey ror am shey
f111r	f111r.2	P	B	3	S	T	0	0	daiin sheeky okeey okeey qaal shedy okeey oteey shedy chcthy lcheol oteeam
f111r	f111r.3	P	B	3	S	T	0	0	dsheedy lkeedy chckhy lchedy qokeey qokear chal qokeear cheokedy sal lokam
f111r	f111r.4	P	B	3	S	T	0	0	saiin oteedy qokeey daiin okedal chedy qokedy l shedy chchy okeey lor ar am
f111r	f111r.5	P	B	3	S	T	0	1	saiin sheekshy ol shedy chokchey lkey otain
f111r	f111r.6	P	B	3	S	T	1	0	dain shedy qoky chedy qok shed olchedy qokeedy teedy chdy keedy qotchedy dary
f111r	f111r.7	P	B	3	S	T	0	0	sshedy qokeey checthey oteedy lchedy chol sheeol qokeody raiin otedy otar aiin om
f111r	f111r.8	P	B	3	S	T	0	0	daiin o chedain daiin cheedy qokeey qokedy chy otshedy lkeeol lkeey qotchdy
f111r	f111r.9	P	B	3	S	T	0	0	ycheeodain okeeo olchedy lchedy qokeey okeeedy okain chedy chedyteey dal lam
f111r	f111r.10	P	B	3	S	T	0	0	ykeedaiin shekain shedy qokear ochey reeey qokeey olaiiin chedy lkeeody oraiin oty
f111r	f111r.11	P	B	3	S	T	0	0	dshey lkeedy lkeedy cheedy oteedaiin sheedy ar ay shkaiin chey daiin daram
f111r	f111r.12	P	B	3	S	T	0	0	dsheeo qokeedy otchedey lshey lkeedy oteey qokeedy oteolair ar shedam cheam
f111r	f111r.13	P	B	3	S	T	0	0	qosheo lchdy lshedy olkeeedy lr al chr or dain shey arain chey teey cheodaiin
f111r	f111r.14	P	B	3	S	T	0	0	dchedar oteey lchey ykeeeos aiin shear oteedy tedam oteey pchedey chedy lchedy
f111r	f111r.15	P	B	3	S	T	0	0	sheeodar aiin sheey shey oteody oteedy chey daiin oteol otedar tar pchdam
f111r	f111r.16	P	B	3	S	T	0	0	dchedshey qokeedy okeodain shet sheota? oteal tey lkeey sheedy shtar keedy
f111r	f111r.17	P	B	3	S	T	0	0	otes lchey lshedy qoteedy olcheody qokeey chey kal chekeedy oteed keedy otam
f111r	f111r.18	P	B	3	S	T	0	0	daiin shecthey oteody qochey qokeey chey teey qokeedy qokeedy cheol lokeedy lched
f111r	f111r.19	P	B	3	S	T	0	0	saiin okeeol qokeedy lchey lcheoekam oaiin cheky qokeeodar checthdy qoted l loty
f111r	f111r.20	P	B	3	S	T	0	0	qokeey qokeey lchedy checthy chedey cheol teedy okeedy qokeedy okeey cho ol l kai@175;
f111r	f111r.21	P	B	3	S	T	0	0	daiin okar ain teey oteey ox o r shey chey ky deedy cheo dain sheet ar al l cheotydy
f111r	f111r.22	P	B	3	S	T	0	0	ssheo l keedy dal tched checkhey okey qo ain qo chedy qokeor okeey keo cthedy qokey
f111r	f111r.23	P	B	3	S	T	0	0	dshey sheeckhy qokeshey keeshody qokeey qokedy okain shekal okechedy qokechedy
f111r	f111r.24	P	B	3	S	T	0	0	sain chckhey cheos lchal lkechey okeey lkechedy oteodain char lky lchr ainai@175;
f111r	f111r.25	P	B	3	S	T	0	0	so sheor okeedy oteeey qokeey qokeeo s chedar alal oy oxar aiin odaiin chody
f111r	f111r.26	P	B	3	S	T	0	0	soaiin shecthy oteodaiin chedy otedar air ykeey shedain l chedy qokeedy qoteedaiin
f111r	f111r.27	P	B	3	S	T	0	0	dar sheod qokeey qokeody otey lkeedy chl lkeey daiin chedar chedyteedain olkal
f111r	f111r.28	P	B	3	S	T	0	0	qokeeol shedy qokeod cheokeey sheokar shekeey qotees al dain chedy qotain alam
f111r	f111r.29	P	B	3	S	T	0	0	salkeedy lkeedy chckhy rky chey okeeo chr al ar qokeedy qokedy qoteedy qod
f111r	f111r.30	P	B	3	S	T	0	0	qockhedy qokeechy qotchey chtar ar chkeey lkar aiin chedy qokeey qoirain
f111r	f111r.31	P	B	3	S	T	0	0	sheotchedy shedain shkeyqokeaiin shkeody qokeey qokeedy chkal checthy
f111r	f111r.32	P	B	3	S	T	0	0	dsheeoteey qokeeo l keey tear qoteey qotain cho lkeeedy lchechdy qokechy
f111r	f111r.33	P	B	3	S	T	0	0	qoeeeo s ain ar ol keey lkair cheda chkal keeodal eees chody qokeedy dl
f111r	f111r.34	P	B	3	S	T	0	0	teo olkeeo al lkeeey olain ar akeom qokain al qokeeod lkedlkey teedar
f111r	f111r.35	P	B	3	S	T	0	1	y chedl ar aiin aiy dam
f111r	f111r.36	P	B	3	S	T	1	0	polal shedal pchedy qofchedy pykeor cheefy qopchey opchedal lfchedy pchal
f111r	f111r.37	P	B	3	S	T	0	0	dain chol l cheeol keeol lkeeedy qokeey l keedy l kedy okeal kain chckhy ltedy
f111r	f111r.38	P	B	3	S	T	0	0	dched daiin al okeey kechedy chcthedy chedain otedy qokeedy key l ltain
f111r	f111r.39	P	B	3	S	T	0	0	saiin chckhedy okain oteain shok qokechdy okechedy chedy qokeey cheamar
f111r	f111r.40	P	B	3	S	T	0	0	saiin al keey okedain otedy qokeokedy qokeedy oteeolkeey okeeo l lainal
f111r	f111r.41	P	B	3	S	T	0	0	ycheey raiin cheody qokechy qokeey okedy lchedy qokeeal daiin otaral
f111r	f111r.42	P	B	3	S	T	0	0	qokeol qokal qokeeol cho lkedy l chedy chedy chedyteokain chedy l kag am
f111r	f111r.43	P	B	3	S	T	0	1	okeedy lkeedy lkedar okeedy chedy
f111r	f111r.44	P	B	3	S	T	1	0	pchedar oteeol lkeedain okeam sheo teolkedain shal keey lteeal cheal oty
f111r	f111r.45	P	B	3	S	T	0	0	oain ain keeey teed checkhed iir okeey lkeeey okeeo lkeey lkeey lkeedy qoky
f111r	f111r.46	P	B	3	S	T	0	0	y cheeo lkeey oteed lkeedy okeeshey chey lkar al olchal or aiin cheom
f111r	f111r.47	P	B	3	S	T	0	1	sheedy qokeey sheey qoteedy qeear al chedy okeey chedy
f111r	f111r.48	P	B	3	S	T	1	0	poeokeey lkeedy tedain shecthy qokeedy chckhy lfchy cheal chepcham daim
f111r	f111r.49	P	B	3	S	T	0	0	dcheey keeey qockhey qokeey lchedy keeor okeey lkeedy lkeey qokaiin ol
f111r	f111r.50	P	B	3	S	T	0	1	okeey l chedy cheekain qokeeokain chckhy cheal keel qokain chckhal lkal
f111r	f111r.51	P	B	3	S	T	1	0	polkeeo shey cheokeain chl kar r aiin char ?ain al lkeedy qokal okchy
f111r	f111r.52	P	B	3	S	T	0	0	dair al qokeey qokaiin sheal qokeain shckhy sain chckhy char aiin alom
f111r	f111r.53	P	B	3	S	T	0	0	yshe aiin okshdy shkeey kain chaiin alolshey qokaiin chcthydain
f111r	f111r.54	P	B	3	S	T	0	1	tair chckhaiin dair qokal otain okal
f111v	f111v.1	P	B	3	S	T	1	0	koshey qokal chckheal opcheodair alkain sheokain cheok okeal shedy ralchy
f111v	f111v.2	P	B	3	S	T	0	0	sheekeey cheol keedy qokair shecthy qokeol okechedy qokedy qopchedy qokedam chy
f111v	f111v.3	P	B	3	S	T	0	0	dain chedy shedal otedy oteey chedy qokeey dain chcthar otar qotain otaim
f111v	f111v.4	P	B	3	S	T	0	0	daiin chey chokedair air alo lshedy qotedy qokedar oteedy okedy chedy lkam
f111v	f111v.5	P	B	3	S	T	0	0	qokeed o aiin otedy qokedy chedy qokeey qokeedy qokeol shedy qotedal lol
f111v	f111v.6	P	B	3	S	T	0	0	okeeo okchor oteedy cheal qokeey lkeey chol l kaiin oteedaiin as alkeedym
f111v	f111v.7	P	B	3	S	T	0	0	qokeechey qokaiin oteaiin fcheeo l kain okeey l lcheedy otal kain chedain al
f111v	f111v.8	P	B	3	S	T	0	0	sho otchey cheol kechy chcthey okain ol l keey qokain checkhy chedar am
f111v	f111v.9	P	B	3	S	T	0	0	lshey shedal okear l kedy cheolkeey lkey okeey qokeey qokey qokain am
f111v	f111v.10	P	B	3	S	T	0	0	soiin shed qoksheo lor cheo lol aiin shey qokain chear qoteol shcthy ldy
f111v	f111v.11	P	B	3	S	T	0	0	y lcheey shear aiin sheear otain otedy qokain chedkain shedaitain shalg
f111v	f111v.12	P	B	3	S	T	0	0	qear ain shey okeeey qokaiin checkhy sho lchal sheey shckhey kshartar
f111v	f111v.13	P	B	3	S	T	0	0	sheaiin okaiin shckhy cheol kedy chetar okaiin shal lchdal tedy tar amd
f111v	f111v.14	P	B	3	S	T	0	0	qocheol qokain chear ol oin shedy qotaiin qokeechy olkeey lkain lal gm
f111v	f111v.15	P	B	3	S	T	0	0	sar shey l otain qokaiin al kain chedy otal lchedy qokain chtal otain ? l s
f111v	f111v.16	P	B	3	S	T	0	0	qokain sheol qokain shckhey lchedy okar al qotal shedy otain far aiin am
f111v	f111v.17	P	B	3	S	T	0	0	solkain shey okaiin sheey qokain chkal chckhy saiin ar lchal she otain
f111v	f111v.18	P	B	3	S	T	0	0	tais shedy qoeedaiin okain ey kaiin shey otain alkain o l r ol dain
f111v	f111v.19	P	B	3	S	T	0	0	qokaiin cheal tain qokain shey qokain char shcthey qoky chy qokaiin
f111v	f111v.20	P	B	3	S	T	0	0	shain qokal shar qoteal qotain chedy qotain shcthy qokshedy qotain ar
f111v	f111v.21	P	B	3	S	T	0	0	sair air ain qol rar ain cheey lkeey lkain cheokain sheo qo qokain chear alam
f111v	f111v.22	P	B	3	S	T	0	0	saiin ychear olsheey chetain chedy qokain okain al chan okalchey lkeeey
f111v	f111v.23	P	B	3	S	T	0	0	qokaiin sheckhy qokar chalkain chckhedy lcheol okaiin qokain cheol daiin lam
f111v	f111v.24	P	B	3	S	T	0	0	cheodain qokar otain chedy lkain chey shckhy qokl chedy qokar chctham
f111v	f111v.25	P	B	3	S	T	0	1	tair alchedar shykaiin chd??
f111v	f111v.26	P	B	3	S	T	1	0	polar ar okshey qokain chey kal keedy qopchedy qopchey ltchs alpchdar
f111v	f111v.27	P	B	3	S	T	0	0	ol sheey tsheey alkar sheey otain ches shy qokl chey qoklcheor ldar llo
f111v	f111v.28	P	B	3	S	T	0	1	qorchain okain chear lkain
f111v	f111v.29	P	B	3	S	T	1	0	polkiin cheopaiin otain shedy pchedy opcheedy qokain chcfhey otchey lldy
f111v	f111v.30	P	B	3	S	T	0	1	shokar okeokain sheekain qokain chechey qokeey qetain otain ar lkain lky
f111v	f111v.31	P	B	3	S	T	1	0	pochey oteain chekain cheal lain chey qokain chey lkain chal ldy llm
f111v	f111v.32	P	B	3	S	T	0	0	tar chey tain chkar alkar chey qol chedy okain chey l cheey charan
f111v	f111v.33	P	B	3	S	T	0	1	y sheeil ?oair ain okan sheain y qokan chan aman cheal char
f111v	f111v.34	P	B	3	S	T	1	0	polar okar teody qokain talol tarol opchedy qotar otar chtal sam
f111v	f111v.35	P	B	3	S	T	0	0	oain okaiin chcthy lkain lchey lshekain qotal shedy chkeey lkeeed lkain y
f111v	f111v.36	P	B	3	S	T	0	1	shain okaiin chey qokar ar ar ain olr ar olor
f111v	f111v.37	P	B	3	S	T	1	0	polchey lkarshar ykain qokain shalky dy tor chey keedy lteedy r aldl
f111v	f111v.38	P	B	3	S	T	0	0	ycheey o aiin checkhey otain qotl chear chedy qokeey okeedy lkeey
f111v	f111v.39	P	B	3	S	T	0	0	dsheey qokal chedy chcthy qokain chedy lkeey shey qokain chedy lchdy
f111v	f111v.40	P	B	3	S	T	0	0	ykeeey lkain chckhy chokain chckhal sheckhedy qokeey qokeedy lchsl
f111v	f111v.41	P	B	3	S	T	0	0	oteey l chedy teeedy lkeey oteedy okedy chedy qokeey checthy qotal
f111v	f111v.42	P	B	3	S	T	0	0	cheeo l keey chear qokeain okeeor cheedy okain chedy chedy teedy lcheam
f111v	f111v.43	P	B	3	S	T	0	0	ycheo daiin sheeky chokeal sheekar okaiin otain chear alo laiin chotag
f111v	f111v.44	P	B	3	S	T	0	1	dain teeodain cheeal olaiin or
f111v	f111v.45	P	B	3	S	T	1	0	pollaiin okain sheal pchedain opchey polshy okshey opchedy qopchair alky
f111v	f111v.46	P	B	3	S	T	0	0	sol chey lkeey rolkeey chckhy okeeey lchedy lkeain checthy qotainaly
f111v	f111v.47	P	B	3	S	T	0	1	sain cheey qokeey cheytain olain ykeeedy chekain chckhey lchar
f111v	f111v.48	P	B	3	S	T	1	0	psalar cheey qekal cheykaiin tain chal al skaiin okchedy opchdal opchy
f111v	f111v.49	P	B	3	S	T	0	0	soiry cheey chkain chal lor sheey qokain okain chey qokain o keey
f111v	f111v.50	P	B	3	S	T	0	0	shaiin qoiiin okain chey qokeeey okain chees ar ol loeees otain or
f111v	f111v.51	P	B	3	S	T	0	1	sain cheal chckhy okain okal aiin choty chckhy
f112r	f112r.1	P	B	3	S	T	1	0	folchey qokeey ykair @185;arally oteedal or aiin chcphy
f112r	f112r.2	P	B	3	S	T	0	0	saiin oar qolkaiin otail ol olaiin chol otar
f112r	f112r.3	P	B	3	S	T	0	0	or chedar cheey oteedy oteedy otaiin oty odys
f112r	f112r.4	P	B	3	S	T	0	0	qokeedy chokain otain otar chedy taim oram
f112r	f112r.5	P	B	3	S	T	0	0	otair o kody otody otal okeeey otar am oain oy
f112r	f112r.6	P	B	3	S	T	0	0	chedal oteedy okeey qokeedy olkeedy oteeyoram
f112r	f112r.7	P	B	3	S	T	0	0	taiin olkeedy qoteo l oeey keey qokeey oteedyram
f112r	f112r.8	P	B	3	S	T	0	0	sairo r eedy chol qotchedy dody qokeeey dairam
f112r	f112r.9	P	B	3	S	T	0	0	saiin ol okeey qokeey y chedy teedy qokchy qokar y
f112r	f112r.10	P	B	3	S	T	0	1	dair al chedy qodain dam
f112r	f112r.11	P	B	3	S	T	1	0	tchedy qoteey qeol qokeey otey qokeey qokedy chotyr
f112r	f112r.12	P	B	3	S	T	0	0	dchedy qo otchedy chdy qokeey qotain oteedy oteey ror
f112r	f112r.13	P	B	3	S	T	0	0	sor aiin chdy ches qokeey okeey otaiin chcthy oteey dy
f112r	f112r.14	P	B	3	S	T	0	1	soarar al chey otaiin okeedy qokeey
f112r	f112r.15	P	B	3	S	T	1	0	poar alchar octhy otedy qokeedy okedy pchedy opamdy
f112r	f112r.16	P	B	3	S	T	0	0	solol she?dy shol qokeey qokeeey qokedain otain ar amchg
f112r	f112r.17	P	B	3	S	T	0	0	qoeeear she olkeear cheey qor cheo ral cheey qokey teey am
f112r	f112r.18	P	B	3	S	T	0	1	saiin al key chey dalchd aiin okal chody chedy cham
f112r	f112r.19	P	B	3	S	T	1	0	polchdy o l otal y raiin sheky qeey qokey qokeey qoky am
f112r	f112r.20	P	B	3	S	T	0	0	qoaiin or aiin cheol keody qol keol okeeey dal aiin ody
f112r	f112r.21	P	B	3	S	T	0	0	sol keedy raiin chcthey okeedy qoteedy qeey rair al sy
f112r	f112r.22	P	B	3	S	T	0	1	daichy lchedy qoinal
f112r	f112r.23	P	B	3	S	T	1	0	qoain qoiin olcheedy dairiy teedy qopol chdy oteor octhdy otychey
f112r	f112r.24	P	B	3	S	T	0	0	cheeteey qokeeey lkeey okeedykey lkedy qokedy otedy otedy lo
f112r	f112r.25	P	B	3	S	T	0	0	tedain shedy ochor okchd ykedy kedy chor aiin cheety chcthy okey
f112r	f112r.26	P	B	3	S	T	0	1	tockhy chedy chedam
f112r	f112r.27	P	B	3	S	T	1	0	pcholkeedy okchoiiin aky opchedy kolfchdy opchedy lky shty
f112r	f112r.28	P	B	3	S	T	0	0	ysheedy sheokeedy qokeedy qokain oteedy chckhy ytchedy sharam
f112r	f112r.29	P	B	3	S	T	0	0	sar aiin olshedy chokeey sal okaiin oteey qokeey olor al chealy
f112r	f112r.30	P	B	3	S	T	0	1	tar ar cheokey okeody chol ol chedy qokedy cheom
f112r	f112r.31	P	B	3	S	T	1	0	pair al keolor okaiin otain oteey lchedy okeeor oteor karainy
f112r	f112r.32	P	B	3	S	T	0	0	sor ar al ar s alkeeor ol shedy okeechy qoiiin oteey ched alam
f112r	f112r.33	P	B	3	S	T	0	1	sarol okcheey cphedy shckhey okeeor chedy shdal
f112r	f112r.34	P	B	3	S	T	1	0	pair ar l shdar okechedy qokar aram qotedy araiin qokchdy opary
f112r	f112r.35	P	B	3	S	T	0	0	sain olaiin qopchdy qoky okeal chedy okeey otedy ar ar okeedy
f112r	f112r.36	P	B	3	S	T	0	1	sain ol checkhy olchain okeey olam
f112r	f112r.37	P	B	3	S	T	1	0	pam okaiin olkedy okedy okeey okeedy keedar otear shkear qoky
f112r	f112r.38	P	B	3	S	T	0	1	sar ain olkeear okeody qok?iin oteedy qokey okal okedy
f112r	f112r.39	P	B	3	S	T	1	0	polkeedy qopal otedy opal aiin okaiiin sheody yteokar ogom
f112r	f112r.40	P	B	3	S	T	0	0	sain okal lkeedy okar okchedy qokal keedy chkey oty oral
f112r	f112r.41	P	B	3	S	T	0	1	yshesy alain cheey okchey qokchy okchaiin ykeeor okeey ory
f112r	f112r.42	P	B	3	S	T	1	0	pol ar shedy qokaiin y okeedy qotal chody oteody araryteop
f112r	f112r.43	P	B	3	S	T	0	0	yteeo r aiin okar opor aiin ycheedy qeedar yteeey sheor oteeg
f112r	f112r.44	P	B	3	S	T	0	0	sar ain qokoekeeey yk ?koeechey okeeedy alair akcheey ar arody
f112r	f112r.45	P	B	3	S	T	0	1	yor aiin o keeey teey shkar oteeedyqokeey okeey okary oin yky
f112v	f112v.1	P	B	3	S	T	1	0	keeoal chool opal otalair y fcheol oteey qor eees am
f112v	f112v.2	P	B	3	S	T	0	0	oar oral okeeshy qokeey okain qokal okeol oty oraiin
f112v	f112v.3	P	B	3	S	T	0	0	qokeeor ar sheey or ar aiiin okeey l keeody sheedy qotam
f112v	f112v.4	P	B	3	S	T	0	0	shody qo oeeeody oteey qokeedy okeey qokeedy qoky am
f112v	f112v.5	P	B	3	S	T	0	0	sain aiiin okey daiin otal chear okedy okaiin cheeoldy
f112v	f112v.6	P	B	3	S	T	0	1	saiin ol oaiin okeeedy cheay
f112v	f112v.7	P	B	3	S	T	1	0	pcheokeey oeeeky qoteedy oees aiin oteor opchdar opary
f112v	f112v.8	P	B	3	S	T	0	0	ocheor okar aiiin otaiin okal okar otal kedy chekaiiin
f112v	f112v.9	P	B	3	S	T	0	0	soaiin ar aiin okaiin otaiin cheekain okchedy qokchdy
f112v	f112v.10	P	B	3	S	T	0	1	dain sheey okchedy oror
f112v	f112v.11	P	B	3	S	T	1	0	tchor aiin odeedy oteeey qokey lody chcfhy ochos aiin olky
f112v	f112v.12	P	B	3	S	T	0	0	daiin al olkeedain oteey sheeol qokeedy qochaiin oteey qoty
f112v	f112v.13	P	B	3	S	T	0	0	dcheoty oy otchedy chedy daiin chedal chedy qokaiin otam
f112v	f112v.14	P	B	3	S	T	0	1	sain air a@175; ykeedain qokeedy chedaiin aloin
f112v	f112v.15	P	B	3	S	T	1	0	pchodain okeedy qokeedy olkeedy qokain sheey qokedar aiin am
f112v	f112v.16	P	B	3	S	T	0	0	saiin okeey sheey qoteedy qokey chedy qokeey qokeey chdaly
f112v	f112v.17	P	B	3	S	T	0	0	daiin chear chedy chy keedy chdaiin cheedy qokain otaldal
f112v	f112v.18	P	B	3	S	T	0	0	saiin or aiin chey qokeedy qokeeey qokeeody qotam olaiin am
f112v	f112v.19	P	B	3	S	T	0	1	s arain ain al qoeeey qoteo ar aiiinol chalor
f112v	f112v.20	P	B	3	S	T	1	0	pchoraiin ar alchedy olkeedy qokedy qotaiin chocthedy saisal
f112v	f112v.21	P	B	3	S	T	0	0	saiin chekain cheol qoeedy chol keedy qokaiin shedy qokeol kain
f112v	f112v.22	P	B	3	S	T	0	1	soiin ol cheol chedy qokeey chetain
f112v	f112v.23	P	B	3	S	T	1	0	ycheol keeor olkeeey chedain ol cheedaiin sheedy qokeedy qotain
f112v	f112v.24	P	B	3	S	T	0	0	soiin or okain otchedy qokeedy eeedeeg ckhedy cheedaiin cheedy
f112v	f112v.25	P	B	3	S	T	0	0	pchdaiin shedy otaiin cheedy qokeeey l keeedy cheey lor eeedy qokeey
f112v	f112v.26	P	B	3	S	T	0	1	ychedal checkhey checkhy cheeol qokeedy qoteosam chos
f112v	f112v.27	P	B	3	S	T	1	0	pchodain aiin teeedy qoeey okeedy qokeear al okedal olkeedy qotedy
f112v	f112v.28	P	B	3	S	T	0	0	shey keedal aiin cheol keeeody qoiin ykeey qokeeey ykeey qoeey qokaim
f112v	f112v.29	P	B	3	S	T	0	1	sheey qoeekain ol kain alor chedal sheody
f112v	f112v.30	P	B	3	S	T	1	0	polor sheedy okeedey sal aiin sheedar okedy qopchedy dalkedy opchdy
f112v	f112v.31	P	B	3	S	T	0	1	tar aiin okeear oteody arar
f112v	f112v.32	P	B	3	S	T	1	0	tchedor shee keedy otedar checphey qopchedy qopcheey kar opcheeo r a
f112v	f112v.33	P	B	3	S	T	0	0	or cheeor okeedy qokedy qokeedy chedaiin okeeedy otaiin cheekey chol
f112v	f112v.34	P	B	3	S	T	0	0	saiin chedaiin checkhy lkeedy qokeedy chkaiin checkhol chdam
f112v	f112v.35	P	B	3	S	T	0	1	pched shedain qokaiin okees chedy checkhy
f112v	f112v.36	P	B	3	S	T	1	0	tchede okeey lky shedaiiin chdy qokeedy cheky lkedy qotedy raram
f112v	f112v.37	P	B	3	S	T	0	0	teedal sain ar otaiin shedy qokedaiin ar qokaiin chol kedy qokam
f112v	f112v.38	P	B	3	S	T	0	1	sa ar oiin okchey al chedy chol otaiin chedar lkain cheo dain
f112v	f112v.39	P	B	3	S	T	1	0	teodarody opcheed okaiin chaiin otam oteedy qoteey qotain chcthd
f112v	f112v.40	P	B	3	S	T	0	0	y cheol lchedy chckhy cheolchal shchy daiin cheolor okain chedy daiin
f112v	f112v.41	P	B	3	S	T	0	1	ykeedan checkhey oain chol
f112v	f112v.42	P	B	3	S	T	1	0	poly keedain she kchdy chotshe otechy qokchdy otaray shain qokedy
f112v	f112v.43	P	B	3	S	T	0	0	ooeeor oeeal olkeol al chol chl olchedy ykeedy chtal kar opchy famam
f112v	f112v.44	P	B	3	S	T	0	1	qokchal qokey qaiin otol teol okal otedar epalchdy alpchdy
f112v	f112v.45	P	B	3	S	T	1	0	ycheey chokeey okasal tchdy oteol chcthy alaiin char al kamdam
f112v	f112v.46	P	B	3	S	T	0	0	ykeey lor chaiin cheky chokain char am chey kain chdal okaiin daldy
f112v	f112v.47	P	B	3	S	T	0	1	? otar aig oaral alor aiiin olkaiin oty ary
f113r	f113r.1	P	B	3	S	T	1	0	pches@186;chy ypcheedy fchdy chetar qopchedaiin oteey oty lkchy chodain alar chedy
f113r	f113r.2	P	B	3	S	T	0	0	dar okeedy oteeody qokedy otchechy okeorl al keeos ched al ar chy ykolairol
f113r	f113r.3	P	B	3	S	T	0	1	shchs oal chs aiin oteeosy
f113r	f113r.4	P	B	3	S	T	1	0	kcheeos olkeedy shoaiin cheeody qokchedy chckhody qokedy qotaly lkar ar al om
f113r	f113r.5	P	B	3	S	T	0	0	ycheeckhy osaiin cheoar qokaiin chekal otar shos aiin chckhy chdo okol chedy chedy
f113r	f113r.6	P	B	3	S	T	0	0	sor cheo cheey oteeos aiin otain otal ches aiin alchl sheey kchol okeeo l kaiin ol
f113r	f113r.7	P	B	3	S	T	0	1	chos sheey qokchey sokal okeey char laiin olkain
f113r	f113r.8	P	B	3	S	T	1	0	pchosos cheoarkeeol qokeey lkchey qokar chos shey qopchy rchsy chykeor otal
f113r	f113r.9	P	B	3	S	T	0	1	dchos aiin oteey qokaiin cho okaiin cheodaiin aky le chody chotaiin
f113r	f113r.10	P	B	3	S	T	1	0	pcheody qokeody cheoar chy kcheeor ety sheody sheodaiin qoteoar otam otchedy qoty
f113r	f113r.11	P	B	3	S	T	0	0	daiin cholchey okecheey chokeo l sheo qoaiin shoo keeeol keody chor chor kal laram
f113r	f113r.12	P	B	3	S	T	0	1	y shoain qoeey qoaiin shol lkeeoar chodaiin otam chos aiin
f113r	f113r.13	P	B	3	S	T	1	0	polchor cheody qotedy lkeches l keeol lkcheol lkchedy kotchy lpchedy qopchedy ro
f113r	f113r.14	P	B	3	S	T	0	0	ycheo lkchey l chol oiiin qoksheoy qokcheody lcheo l kchedy chokchy okchdar al
f113r	f113r.15	P	B	3	S	T	0	1	chol chs s aiin chaiiin
f113r	f113r.16	P	B	3	S	T	1	0	pcheoor olkeedy qokeedy shdy qofchedy chcfhor chedy qokeeol por aiin chepchar
f113r	f113r.17	P	B	3	S	T	0	0	dor shar shol qokeey qok chol chedaiin qoky chokain chotar chokar char alom
f113r	f113r.18	P	B	3	S	T	0	0	ycheod cheoaiin chal olkaiin chkaiin cheeey lkeeo aiiin okeedy qokcheey rchedy
f113r	f113r.19	P	B	3	S	T	0	1	yhal cheeo rlaiin chckhey cheol
f113r	f113r.20	P	B	3	S	T	1	0	kshoraiin qokeeoar shoteol lklcheol qokar chdain cphoy chor aiin ckhydy
f113r	f113r.21	P	B	3	S	T	0	1	oiir shol shedair otchdy shokchy shaiiin shckhey lshor air okeody
f113r	f113r.22	P	B	3	S	T	1	0	tchoar sheeodaiin chkaiin otchod okchedy qokaiin chokain sheor qokchy qopam
f113r	f113r.23	P	B	3	S	T	0	0	ykeoeshy qokaiin chal kiin chckhey lkchey qokal chocthy lkchor lkchedy lkaiin
f113r	f113r.24	P	B	3	S	T	0	1	dair chor chopchey araiin or ral arody
f113r	f113r.25	P	B	3	S	T	1	0	pchedair shotedy qopchody chfchol kchdaiin chpchshdy rair shedy qokchey sairy
f113r	f113r.26	P	B	3	S	T	0	1	tol cheshy lkchedy lchod chal char lkeeody oteeo loaiin okeedy
f113r	f113r.27	P	B	3	S	T	1	0	tchol chol lsheol shor kcheey y raiin sheol tcheody tchey sheoky lpchedy qokam
f113r	f113r.28	P	B	3	S	T	0	0	sar al chal os akchy daiin cheeeo rain otain chol lcholkaiin cheokedy lodas
f113r	f113r.29	P	B	3	S	T	0	1	y sheeoaiin olkeeol chtchol kcheody lkchedy okaiin chal taiin oteedy
f113r	f113r.30	P	B	3	S	T	1	0	folchear oteol lshedy lkshedy sheeeky otar qchar tar shkchedy qokchd opy
f113r	f113r.31	P	B	3	S	T	0	0	ytaiin okaiin chear ckhar shal shckhy okain o ar chor cky chokain qoky
f113r	f113r.32	P	B	3	S	T	0	0	shodaiin shkaiin chcthal okshedy otal okaiin cphoal otain okaiin chedy qotal
f113r	f113r.33	P	B	3	S	T	0	1	ykeeor chear okain chear chockhy
f113r	f113r.34	P	B	3	S	T	1	0	palshsar lshdaiin otshsaiin shocfhy qopchear shkair qopchdy qoteedy rchedy ldy
f113r	f113r.35	P	B	3	S	T	0	0	y sh s sheeo lkeeos aiin qokeees okchedy qotaiin otar okar ockhy rchdy qosain
f113r	f113r.36	P	B	3	S	T	0	1	dcheey sheody shedain
f113r	f113r.37	P	B	3	S	T	1	0	tshedy qokaiin shedar sheocphy okchdy pcheody opchear opchedy lfchedy otal
f113r	f113r.38	P	B	3	S	T	0	1	daiin sheor qoteey daiin okchedy sheos aiin
f113r	f113r.39	P	B	3	S	T	1	0	pcheockhy l kchey qofsheeey lkeody kcheodaiin por shed qopoeey pokeey rair aly
f113r	f113r.40	P	B	3	S	T	0	0	tarar cheey cheokeol chcheey cthes aiin ctheey ctharad shee qo tchey taram
f113r	f113r.41	P	B	3	S	T	0	1	dsheo oin okaiin cheey taiin lkeechey okain sheey qoees okeeody
f113r	f113r.42	P	B	3	S	T	1	0	pcheodaiin sholkeechy ar alkar otchedy cheol tcheor qokchedy pchor aral
f113r	f113r.43	P	B	3	S	T	0	0	ykcheor sheeod lkar ar al s aiin cheeey ol chedy lchey lkar am chedam
f113r	f113r.44	P	B	3	S	T	0	1	cheeky lkedy chedy lkaiin
f113r	f113r.45	P	B	3	S	T	1	0	tchodairos or chey qotaiin opchey chtaiir shedy qotor sheol qotody tedy
f113r	f113r.46	P	B	3	S	T	0	0	oaiin cheokeeas lkaiin chkal kar cheeody qokeeody qokeey chos araiinol
f113r	f113r.47	P	B	3	S	T	0	0	y sheol keechey cholkeedy qokaiin chedal l kches ar okain qokaiin oram
f113r	f113r.48	P	B	3	S	T	0	0	tcho arorshy qokaiin shey chy sheolkchy qokeol kaiin checkhy ralchs
f113r	f113r.49	P	B	3	S	T	0	0	sain cheeey cheo kcheey qokeey lkeeey okeeey lkchey lcho r aiin otain al
f113r	f113r.50	P	B	3	S	T	0	0	tchedy okeey cheeos lkaiin chey otain cheeody qokeeody okaiin oteedy
f113r	f113r.51	P	B	3	S	T	0	1	ykeeol qokaiin olkal airody okaiin okalal loary
f113v	f113v.1	P	B	3	S	T	1	0	folorarom otchey qotar air otair opchedy qokeedody chey keeoy rol lkar chsom oky
f113v	f113v.2	P	B	3	S	T	0	0	teoar ain qotar ycheey otaiir otaiin okchy lkchdy oteol ar al ar aiin okal cheyor
f113v	f113v.3	P	B	3	S	T	0	1	sar aiin chotar okeeodar qokain olol olam
f113v	f113v.4	P	B	3	S	T	1	0	fchoctheody keeodar oteedy rchedy qokechy otcher oparaiin oteody otaiin otl aroshy
f113v	f113v.5	P	B	3	S	T	0	0	dcheos otaiin otedy otodaiin qokeey rcheey qoeear oteedy qokeedy otedar ar ot otees al
f113v	f113v.6	P	B	3	S	T	0	1	tcheolchy lcheol chockhy cheoda?daiin
f113v	f113v.7	P	B	3	S	T	1	0	fcheshd teody lkeeody oteedy lchealaim shockhol opchedy qotaiin otar ar al oteal
f113v	f113v.8	P	B	3	S	T	0	0	ycheody qokeeor choltar olkam chokam odal sheckhy qokchedy otor otar toky
f113v	f113v.9	P	B	3	S	T	0	1	dair ar okaiin chokaiin checkhol cholkaiin olchy
f113v	f113v.10	P	B	3	S	T	1	0	polaiin oteol otedyar aral kedy qokeedy olar aiin kchey dal otor ar opchey ro
f113v	f113v.11	P	B	3	S	T	0	0	orsheor oteeo cheey olkeey otal chotair otar qotar okar oko lkedal ram
f113v	f113v.12	P	B	3	S	T	0	1	solchedy otsheody arl olchey oror
f113v	f113v.13	P	B	3	S	T	1	0	poraiin otar ar okol shedy qokchedy otchdy qotor qoteedar roral fchee llor
f113v	f113v.14	P	B	3	S	T	0	0	dar al sheey qotaiin chor cthol okeshos olchedy qokaiin okal o kaiin olo
f113v	f113v.15	P	B	3	S	T	0	0	@187;ar ar okeey oeky otcheedaiin ol tchdy pcheol kcheor @206;aiin cheey qokaram
f113v	f113v.16	P	B	3	S	T	0	0	daiin chl l keey lkaiin chdain qokain eor okalchedy qokar olkam ar
f113v	f113v.17	P	B	3	S	T	0	1	saraiin shedy lcheey olkar okaiin cthororaiin yteeeor
f113v	f113v.18	P	B	3	S	T	1	0	pychdar chckhedy otshedy tcheepchey lky lkches qokody lkeshdy fchocthor opam
f113v	f113v.19	P	B	3	S	T	0	0	daiin qokeeody qokar okaiin qokaiin okar checthy okal ched lchal qckham
f113v	f113v.20	P	B	3	S	T	0	1	lkaiin chy chody otchar ar otary ol aiin
f113v	f113v.21	P	B	3	S	T	1	0	polaiin otar qotain chtol tarol cheol kaiin chp kcheos okar aar lo
f113v	f113v.22	P	B	3	S	T	0	0	okaiin okaiin cheeky raiin olal okaiin cheody okaiin okaiin otar aly
f113v	f113v.23	P	B	3	S	T	0	0	ykaiin al kar okain qokaiin chakair okar al cheody qokor otal lkl lol
f113v	f113v.24	P	B	3	S	T	0	1	olkeey lcheey loar cheos
f113v	f113v.25	P	B	3	S	T	1	0	tokary lkchey lkeedy otey pcheol qopchey cthol opaiin ol keeor opshedy qotam
f113v	f113v.26	P	B	3	S	T	0	0	okiin al keechy qoteeol otar ar otchey otaiin al otaiin otol qotody loty
f113v	f113v.27	P	B	3	S	T	0	1	y cheeo l cheeo alkeedy
f113v	f113v.28	P	B	3	S	T	1	0	paiir oteey l kaiin oox arash eey cphedy opcheody okalchdy qotol oky
f113v	f113v.29	P	B	3	S	T	0	0	ykeeol chedy qokeey olkeeey okaiin a r cthey okaiin al lor air aralg
f113v	f113v.30	P	B	3	S	T	0	0	ysheey qoeey or aiiin okeeo l otain ar ol okaiiin aiin shody otcham
f113v	f113v.31	P	B	3	S	T	0	0	daiiin cheol teeoar shek lchedy okaiin chckhaiin otaiin otaiin araral
f113v	f113v.32	P	B	3	S	T	0	1	sheo l keey qokain char ar olar aiiin okar
f113v	f113v.33	P	B	3	S	T	1	0	polsairy oteo qokeedy qokaiin okal qofcheol qokaiin opalor lkch ofchr
f113v	f113v.34	P	B	3	S	T	0	0	daiin cheaiin okchey cheky qokain otecheedy qokaiin chckhey chearam
f113v	f113v.35	P	B	3	S	T	0	1	qokaiin air lo r chedy otain
f113v	f113v.36	P	B	3	S	T	1	0	ofaral olkaiin okar okeeedy tshedy qokeedy otchey p chedy tsho lteam
f113v	f113v.37	P	B	3	S	T	0	1	qol aiin olaiin oteeey lchedy qokair y daiin
f113v	f113v.38	P	B	3	S	T	1	0	pcholky otar airol okeedy chokor sheedy oteey teear otorsheey qoteal
f113v	f113v.39	P	B	3	S	T	0	0	osheol cheol ar aloiiin oteeey otain chekey qokain chcthy qotam lr
f113v	f113v.40	P	B	3	S	T	0	0	oraiin cheor alkain oteey ar aiin otaiin okeey lkeeedy qo oeeey aiin
f113v	f113v.41	P	B	3	S	T	0	1	dair aiin okain a r aiin cheody
f113v	f113v.42	P	B	3	S	T	1	0	pol keeo dy qoeees aiin or aiin oteol fchedy otchey dar otakeol ol
f113v	f113v.43	P	B	3	S	T	0	0	ycheo l keey lkeees or aiin otaiin chkain olar olchedy qok aiinos
f113v	f113v.44	P	B	3	S	T	0	1	daiin cheal otain okar otaiin oloiin
f113v	f113v.45	P	B	3	S	T	1	0	polaiin arol shear okeeeody ls ar lkeey opchedy qokchdy ota aram
f113v	f113v.46	P	B	3	S	T	0	1	o lkaiin cheey lain al cheey
f113v	f113v.47	P	B	3	S	T	1	0	polaiin ksheeol lkaiin tair shey qotain ar akal shey qopchedy ldy
f113v	f113v.48	P	B	3	S	T	0	0	y cheol cheey qol lsheedy qokaiin chedy kain qokeeedy lkaiin okal dy
f113v	f113v.49	P	B	3	S	T	0	1	yshey teeo oteedy qokeey otaiin olaiin cheokain lkeey ltal keedy
f114r	f114r.1	P	B	3	S	T	1	0	tchedol dairor pcheos ytaiin otody yteeed oteeodl o@188;aiin okarol
f114r	f114r.2	P	B	3	S	T	0	0	deedar qoteeddy dair o kedy okoeey r aiin oor cheed ol keeed lkeeedam
f114r	f114r.3	P	B	3	S	T	0	1	ycheod
f114r	f114r.4	P	B	3	S	T	1	0	fdeechdy opchedaiin ypchedy odaly chedy qop cheokaiin shedy podair ochedal
f114r	f114r.5	P	B	3	S	T	0	0	loiin chedy qokaiin chdy daiin dchd?s eedol chdol kchedy cho kaiin chdy
f114r	f114r.6	P	B	3	S	T	0	0	qoeedy okchedy doiiin chedy daiin ykeedy okeeedy chedol chdaiin ykar dary
f114r	f114r.7	P	B	3	S	T	0	1	cheol dchedy dkchs aiin chdedy qodaiin okchedaiin chain
f114r	f114r.8	P	B	3	S	T	1	0	fchey dam okchedam qokeedaiin otairar okchedy otaiin opcheol ofchedaiir ocphy
f114r	f114r.9	P	B	3	S	T	0	0	dcheod qodaiin daiin chey kal dody chdairod okchdy chody daiin dar oarorold
f114r	f114r.10	P	B	3	S	T	0	1	qokeedy chdodaiin qoedeey chdaiin chedalos
f114r	f114r.11	P	B	3	S	T	1	0	dalchy kolky qoedaiin dolor shedy qokchdy ofchedy tolpchy doiiin chocfhdy opailo
f114r	f114r.12	P	B	3	S	T	0	0	ykcheshd ol air okaiin otedy ykeeey teos lair sheod chody otchedair okam
f114r	f114r.13	P	B	3	S	T	0	1	qokchedy daiin octhdy
f114r	f114r.14	P	B	3	S	T	1	0	solpchd oiin chcthdy qodair ol daldy qopdain opdaiin opdairody opdaildo ary
f114r	f114r.15	P	B	3	S	T	0	0	qoedy otair otar okod chodar y dal oeedy qokolkchdy dalol y qokaiin ched al
f114r	f114r.16	P	B	3	S	T	0	0	cheoal sheedo l kol dair dair chdair cheoty otal cheo dair chekar otol chedy
f114r	f114r.17	P	B	3	S	T	0	0	qokeedain cheedy qokey qokeeodaiin daiin oeted akaiin otchedy qokchedy chckhd
f114r	f114r.18	P	B	3	S	T	0	1	lcheos okar y cheodeeey qoeeody qodaiin daildain
f114r	f114r.19	P	B	3	S	T	1	0	pairody shedar qopchdy dchedy dol qopchedy daiin ofchedaiin chodaiin opair dar oty
f114r	f114r.20	P	B	3	S	T	0	0	sair chedaiin dalchdy daiidy olchedy chedaiin oteedy qoted aiin otar otedy do rol
f114r	f114r.21	P	B	3	S	T	0	1	lcheey lchedo lcheo dkair
f114r	f114r.22	P	B	3	S	T	1	0	tchedair shodaiin dair kchedy qopchdy chdy pdaiin qokair olchdy rodeedy qedy
f114r	f114r.23	P	B	3	S	T	0	1	or cheo al taiin qokedaiin oeain al s ain ches
f114r	f114r.24	P	B	3	S	T	1	0	tchedaiin oldal chor chpcheey chcphey cphochy chos aiir chty chopo sair cphy dair
f114r	f114r.25	P	B	3	S	T	0	0	oaiil chey qokeedy chedy qoeey qokodaiin cheey kais aiy okol aiir otair or airy
f114r	f114r.26	P	B	3	S	T	0	0	ycheeodaiin olkaiir qokaiin chodaiin okar olkaiin okaiin cheody airoy olam
f114r	f114r.27	P	B	3	S	T	0	1	cheeo daiin sheedy qodaiin ksam chodal olchedy
f114r	f114r.28	P	B	3	S	T	1	0	pchedairs oeail chotar qokeedair olkaiin opdaiin otoldair chdy tedair aiir aim
f114r	f114r.29	P	B	3	S	T	0	0	chol oeedy keedy cheey cheodeey keedeedy daiiin ald air ar shol chedy otchedy qoty
f114r	f114r.30	P	B	3	S	T	0	0	y chedar okeedy lkeedy aiin oeedaiin qoaiin ykedy okair olkeedy qoain ain okeey ram
f114r	f114r.31	P	B	3	S	T	0	1	sair aiin cheedain okaiin otedy qokeedain orain
f114r	f114r.32	P	B	3	S	T	1	0	tcheodaiin chaiin qokaiin otaiin otalkain otchedain qotcho chdy dair qotar
f114r	f114r.33	P	B	3	S	T	0	0	daiin oteed aiin saiin yteey aiin al odaiin chedal odaiis aiin cheo dal chedy
f114r	f114r.34	P	B	3	S	T	0	1	ytain o l kaiin y kar chdar alkam
f114r	f114r.35	P	B	3	S	T	1	0	pcheos air oy sheo qokey sheekas oar ytched lked o kchdar otal kar
f114r	f114r.36	P	B	3	S	T	0	0	ychedar ady otar ain ykeodaiin qoeedaiin qokal sain otchedy qokar
f114r	f114r.37	P	B	3	S	T	0	0	odar or aiin otshedy okaiin yky ols ol kaiin chees air qotaiin chedaiiin
f114r	f114r.38	P	B	3	S	T	0	1	qoeedy qokchedy cheey raiin ar ain aiin al chol?
f114r	f114r.39	P	B	3	S	T	1	0	todaiin cheoltchedaiin daiin okar qoeedain qcho oeda? opchedy qetchar
f114r	f114r.40	P	B	3	S	T	0	0	yteedy qotey qoedaiin qokchedy teedy qoteeedy qotar otees chos otchdy
f114r	f114r.41	P	B	3	S	T	0	1	oshey daiin sheody qoty cheey taiin qokaiin qokeeedy oqotaiiin o qoeeosain
f114r	f114r.42	P	B	3	S	T	1	0	poedair qotol qodaiin otaiin qotar qotchey qotaiin cheopy qopaiin cheody
f114r	f114r.43	P	B	3	S	T	0	0	ycheedy qoodaiin daiiral chedal chos oral tedy qotchdy qotar cheo dain
f114r	f114r.44	P	B	3	S	T	0	0	ydaiin chedy qoal cheey qokair okeedy chotal chol okain ar da? opaiin
f114r	f114r.45	P	B	3	S	T	0	1	dain ched chodaiin otain chdar chedy chocthy
f114v	f114v.1	P	B	3	S	T	1	0	pchdol dar chedain chodalr fcheey dchedy qocphdy otdady qotedar daiin
f114v	f114v.2	P	B	3	S	T	0	0	dshedal qoteody choddy otol chedal otain chedol chedain shedy qotched dl
f114v	f114v.3	P	B	3	S	T	0	0	oeos qotcheo odain qotain otar qotchd dol qotchedy choty ol lchdaiin dal
f114v	f114v.4	P	B	3	S	T	0	0	qokedy cheocthedy qoted qotedol chedar qotedy okeedy daiin chedaiin oky
f114v	f114v.5	P	B	3	S	T	0	1	chedy qokeedy okaly cheedain shedy
f114v	f114v.6	P	B	3	S	T	1	0	tedcheo cheo cthedy qotchedy qotaiin opchedy shedy qepoepy chedar dairy
f114v	f114v.7	P	B	3	S	T	0	1	ytedshedy otaiin cheedar cheey s aiin chedky chedaiin shod chokchedy
f114v	f114v.8	P	B	3	S	T	1	0	pchedchdy qoteedy qokedain chdaiin qokedy chedain qoeedy qotey qotaiin
f114v	f114v.9	P	B	3	S	T	0	0	soes oeeos aiin olkeey keol qotcheedy qockhed skaiin sheedy qotal chedy
f114v	f114v.10	P	B	3	S	T	0	1	olkees chedaiin qotaiin olchedaiin chedain dain chcthdy
f114v	f114v.11	P	B	3	S	T	1	0	tchedy qotaiin chdy qotedy tedaiin chepched otol shedain pol otam
f114v	f114v.12	P	B	3	S	T	0	0	ochedy choaiin ch chedal daiin ytar otchedy qotaiin dain dar yog
f114v	f114v.13	P	B	3	S	T	0	1	sheedy qoteeo s oiiin chcthain
f114v	f114v.14	P	B	3	S	T	1	0	tsheodar cheo ckhor qopchedy qopchedy qokchedy shody qotaiin ofcheds
f114v	f114v.15	P	B	3	S	T	0	0	ochedain chedy okal chaiin qokod qokol cheedy qotody cheol kchedy ldy
f114v	f114v.16	P	B	3	S	T	0	0	ytchedy qool chey ol aiin chedar chdaiin chdal qokaiin choky chol dam
f114v	f114v.17	P	B	3	S	T	0	1	sheoal chos oaiir alchedy chcphedy okary
f114v	f114v.18	P	B	3	S	T	1	0	dorkcheky cheo aiin qotaiin otody qokalsheody choypshedy qoto @189;shxam
f114v	f114v.19	P	B	3	S	T	0	1	o shsodaiin chotain qotar
f114v	f114v.20	P	B	3	S	T	1	0	tshedain qotchody qokol shedy qokchedy daiin qofchdar chdor chdy dary
f114v	f114v.21	P	B	3	S	T	0	0	dair cheeo chy chdaiin qokedy otcheodaiin qokchdy otedal dain aral
f114v	f114v.22	P	B	3	S	T	0	1	ychedar shod qokaiin qotchey chockhy olkedy otechy ykedckhy
f114v	f114v.23	P	B	3	S	T	1	0	pshedy qopcheos okaiin qotchedy qotchdar cheeos olteody otoydy
f114v	f114v.24	P	B	3	S	T	0	0	olkaiin cheotaiin qoteody qokod sheoeed qodeedy yteedy aiin am
f114v	f114v.25	P	B	3	S	T	0	1	sor aiin otchedy otaiin alkain okeedy
f114v	f114v.26	P	B	3	S	T	1	0	pcheodal chopcheod qoto s araiin qota l cheo pchdal qoeedy chcthey
f114v	f114v.27	P	B	3	S	T	0	0	o sheeo l kchee okeey qoteor chokaiin chdy qokaiin chokeey tainary
f114v	f114v.28	P	B	3	S	T	0	1	tchedy shdo qotched chees ar aiin chetam
f114v	f114v.29	P	B	3	S	T	1	0	pchdair sho qopchey otcheed chedy qopcheo r ocpheody opchdy qopairam
f114v	f114v.30	P	B	3	S	T	0	0	y cheey qooeey qolcheey qoteey qotaiin otal otaiin oteeo teey rain
f114v	f114v.31	P	B	3	S	T	0	0	olaiin cheo otcheody lkchedy okol okaiin otaiin otal qotar
f114v	f114v.32	P	B	3	S	T	0	1	y cheol oleey cheoaiin chetaiin sheeodain
f114v	f114v.33	P	B	3	S	T	1	0	kaiin sheey oaiin sheol qoteey qokeeedy cheo ctheey qokeeo lkealy
f114v	f114v.34	P	B	3	S	T	0	0	olkeechy ol oaiin aiin chocthey qotedal octhy sotey cheos air
f114v	f114v.35	P	B	3	S	T	0	1	yshey kair yteeey qokaiin chckhy chodaiin olkaim
f114v	f114v.36	P	B	3	S	T	1	0	tshey oidal op shoko otchey qopchol qopaiin qotar al kal ram
f114v	f114v.37	P	B	3	S	T	0	0	dcheey ol cheodaiiin qokar otaiin otal o kaiin chey tar arody
f114v	f114v.38	P	B	3	S	T	0	0	oteey okedaiin otaiin qotchey qoteeody otaiin okal dals
f114v	f114v.39	P	B	3	S	T	0	0	qo ?eecheedy o kecheokeo oteo daiin okaiin choty odaiin otam
f114v	f114v.40	P	B	3	S	T	0	0	eeo cheo y oteey qotaiin cheo l oteeey daiin oteey teeedy dm
f114v	f114v.41	P	B	3	S	T	0	1	yaiin o?oy okeey cheody qokaiin otain al kain choty
f115r	f115r.1	P	B	?	S	T	1	0	fdar qopchol qochedain otedy cheop ol teeedy oroiir oechedy oteedy qotchedy
f115r	f115r.2	P	B	?	S	T	0	0	dcheeos shedy qokeeo qoky qokeeor cheody qokeeo qokeo rorol kcheody qokchy
f115r	f115r.3	P	B	?	S	T	0	1	qol cheol chor od qol chedy qockheos cholor daar oraro
f115r	f115r.4	P	B	?	S	T	1	0	dchedain qokeedy olkeechdy chor chey kchor orchedar otar sheod qoteedy dardyr
f115r	f115r.5	P	B	?	S	T	0	0	ycheedy chedar olkees sheed qodain qoteedy qokedy qokeed lchedar qotchedy ro
f115r	f115r.6	P	B	?	S	T	0	0	cheo ckhdy qotchdy qokedy qokar okeeeosaiin chl chedar chody qotar chedam chd
f115r	f115r.7	P	B	?	S	T	0	1	dar chedy qotchy chedy chedar shey otain chorar
f115r	f115r.8	P	B	?	S	T	1	0	kcheor cheol orair ot chedar lor aiin qokain qoteeol dar ar al opchedy darom
f115r	f115r.9	P	B	?	S	T	0	1	dchedaiin qoteeedy qokeedy qoteo lor cheo r ar cheor cheody
f115r	f115r.10	P	B	?	S	T	1	0	tchedy kechedy qokchey keedy qokor chedaiin dair qotchedy qotcheedy qekor
f115r	f115r.11	P	B	?	S	T	0	0	daiin chedy chol chedy qokoiin qokcheedy qototeeey rain cheo chkain cho lory
f115r	f115r.12	P	B	?	S	T	0	1	dsheo qokeedaiin qokechdy qodaiin or chol o ro chey
f115r	f115r.13	P	B	?	S	T	1	0	tchedy qoolkeedy qokchedy qotchd lpchedy qotcho lar airorlchy cpholrory
f115r	f115r.14	P	B	?	S	T	0	0	ycheeo rcheeo qo lkain cheey saiin cheedy tcheo lodar chtar as kaiin dam
f115r	f115r.15	P	B	?	S	T	0	0	y cheo lkeodain chcthed qokar chedy qotain chody qotain cheol lkar air om
f115r	f115r.16	P	B	?	S	T	0	0	dshedy qotshedy dar oltedy qotar chodar cheocthy chdy qotor otchdy qotolchd
f115r	f115r.17	P	B	?	S	T	0	0	qol cheey qotchy daiin daiin cheocthy dolkeedy qotaiin chol oteeedchey okeedain
f115r	f115r.18	P	B	?	S	T	0	1	cheol lcheey okcho keedor ykechey chchdy
f115r	f115r.19	P	B	?	S	T	1	0	pcheodain qokchey qotchedy darailchedy polchedy chol pchody qotchedy qofchedy ram
f115r	f115r.20	P	B	?	S	T	0	0	lcheod lkchedy chockhy chedy qokchedy qoky chor al alor cheey qol keo r shey
f115r	f115r.21	P	B	?	S	T	0	1	yches oaiin or al chy cheody rodaiin cheockhy oeeody
f115r	f115r.22	P	B	?	S	T	1	0	psheody chsho tchdy dar chedy okchdar chdor cheedy y cheedy qepchey lkam
f115r	f115r.23	P	B	?	S	T	0	0	dchey keey qokeod chody qokcho s checthy qokeeey keeey lol chedy qokchedy ldy
f115r	f115r.24	P	B	?	S	T	0	0	dcheol qokeol or ar aiin cheey okeeeo or chl lor ol otlaiin cheeor ary
f115r	f115r.25	P	B	?	S	T	0	1	y cheodain cheey qotchedy qokeeody choar cheey
f115r	f115r.26	P	B	?	S	T	1	0	ksheoary otchey qoteeo s ar aiiin chotchdy qodair sheol pchedy dal dalom
f115r	f115r.27	P	B	?	S	T	0	0	ysheeo los ar chey qoky chol kchedshedy qokaiin shey qoetar chol qokaram
f115r	f115r.28	P	B	?	S	T	0	1	cheo chos al saiin cheody llsan arorochees
f115r	f115r.29	P	B	?	S	T	1	0	fshedy shdalky cheedar qopchedy qopchedyd lksho ror pchodar ol chedyo
f115r	f115r.30	P	B	?	S	T	0	0	dsheodar sheo qokecheos cheos r char qokchar qolcheey lkedy qotal
f115r	f115r.31	P	B	?	S	T	0	0	shod ykaiin chdy qotchedy dchol daiin qopol qokairor lchea raiin dlchd
f115r	f115r.32	P	B	?	S	T	0	0	sor chey okaiin qokeey qokeedy qoaiin chedy qotaiin chety laiin chedy
f115r	f115r.33	P	B	?	S	T	0	0	y cheey qotaiin chokeeey chckhey qoky aiin cheey lkeedy oky chokchaiin
f115r	f115r.34	P	B	?	S	T	0	1	cheeo l keeey okeey raiin cheky
f115r	f115r.35	P	B	?	S	T	1	0	posheos aral chaiin shkchedy otais chsi chpchar ar al odaiin chcphy dy
f115r	f115r.36	P	B	?	S	T	0	1	daiin cheey qoek chody qodain sheey dar oranol
f115r	f115r.37	P	B	?	S	T	1	0	sorols cheos lkshey qokcho raiin chkshy qos aiin okchey pchar
f115r	f115r.38	P	B	?	S	T	0	0	dor cheol chot qotchy qokchy sol raiin shey kchedy daiin shedy qoty
f115r	f115r.39	P	B	?	S	T	0	1	y chey keey qodain cheody qokor
f115r	f115r.40	P	B	?	S	T	1	0	paiinody lkcheo lchy qokchedy qokl sheedy qokar aiir ar opchdain
f115r	f115r.41	P	B	?	S	T	0	1	dar olchy olchey qolcheor okchor
f115r	f115r.42	P	B	?	S	T	1	0	tcheodl raiin chkar qokol lchdy qorshy qokain qokain chep chotchdy
f115r	f115r.43	P	B	?	S	T	0	0	dcheo dain sheol qotchedy qokchedy qokchedy chotar orar oiin olchdy
f115r	f115r.44	P	B	?	S	T	0	0	dcheos shedar qoor cheor shody qokain otar ar otar ytar ar aloky
f115r	f115r.45	P	B	?	S	T	0	1	y dchedy kody qokeedy chols
f115v	f115v.1	P	B	3	S	T	1	0	tchedor otchedy qotees ytain qoty qotar opolaiin qotdain ol raiin om
f115v	f115v.2	P	B	3	S	T	0	0	ykeeochody qokeedy yteedy qokar qor chodaiin qokchdy chdar okchdy qokam
f115v	f115v.3	P	B	3	S	T	0	0	dsheol qokchedy qokshedy qotchey otaiin qotedy lkedain dalchdy okchedam
f115v	f115v.4	P	B	3	S	T	0	0	ykcheodain lkchedy otechdy qotar or al ytchedy lched otchd chokeedy
f115v	f115v.5	P	B	3	S	T	0	1	dair cheky qoteey otar chl oleed
f115v	f115v.6	P	B	3	S	T	1	0	pchody odaiin chcphy qokchdain qotain qokor shed oteody solkaiin al
f115v	f115v.7	P	B	3	S	T	0	1	dchedy tedy qokeey roiin shedy okor air cheoor olkchedy chotam
f115v	f115v.8	P	B	3	S	T	1	0	tchoros sheol qotchs olchees otchdy qotol lpchedy okar lkechedy pchdam
f115v	f115v.9	P	B	3	S	T	0	0	ychees chdaiin chotain cholkeedy qotchy chody qotain lkchey lchey ror
f115v	f115v.10	P	B	3	S	T	0	1	saiin sho sheody okaiin dalchedy oteeo chedy
f115v	f115v.11	P	B	3	S	T	1	0	tchdor shorail chodaiin chkol chkchol qotched qotchey dpchedy q?tam
f115v	f115v.12	P	B	3	S	T	0	1	ysheed lchedy lkchedy soraiin
f115v	f115v.13	P	B	3	S	T	1	0	pchdarody pcheed rar tcheody polched lpchdy tol rchees cphor orair kol
f115v	f115v.14	P	B	3	S	T	0	0	okeeo kaiin lkeeey lkor sheedy chockhy qockheedy qokechy lkeey ldaiin
f115v	f115v.15	P	B	3	S	T	0	0	saiin chol qotain qokain chl lr chdain qoteey rcheey r ar rodam
f115v	f115v.16	P	B	3	S	T	0	0	dain ar oteey qoteol kar y sheo lkechdy qokar qokey lko rokeedy ld
f115v	f115v.17	P	B	3	S	T	0	1	okai? chey keey lcho racthy
f115v	f115v.18	P	B	3	S	T	1	0	pchodain chotain choky lchain lpchdain dalchedy qotolchedy qopchedy
f115v	f115v.19	P	B	3	S	T	0	0	yshedy qokeedy lxor xoiin choto keeody qoteody dain qokchedy ralom
f115v	f115v.20	P	B	3	S	T	0	1	ysheey qoteey lkeey raiin cheo lor otal otchedy
f115v	f115v.21	P	B	3	S	T	1	0	tshedy sheolkeedy lkeeshdy cheeo lor eees aiin okchedy qopcheddy lky
f115v	f115v.22	P	B	3	S	T	0	0	soiin shedain qokeedy chodain otedain qokeedy qokeedy qotedy rosy
f115v	f115v.23	P	B	3	S	T	0	1	lshes sheet chdy otedy shdy lchedy
f115v	f115v.24	P	B	3	S	T	1	0	pcheo cheeody qoteeotchy soin opchees chpcheod rchl cho pchdy qopcham
f115v	f115v.25	P	B	3	S	T	0	0	ykees aiin olkeeody qos ain cheodain chcthy tchedy qokeedy lkeedas
f115v	f115v.26	P	B	3	S	T	0	0	dcheedy kchedy lcheey ror al chokedy dol qokeeeos qolkeedy qokar ar
f115v	f115v.27	P	B	3	S	T	0	0	olain cheo lkain cheey qot cheody lor aiin oteed chkal kchetam
f115v	f115v.28	P	B	3	S	T	0	1	y chey lcho lor chedy chol chedy chdy
f115v	f115v.29	P	B	3	S	T	1	0	polor sheedy qoteedy qokechy lraly l shey sheot shedy chteey lky raram
f115v	f115v.30	P	B	3	S	T	0	1	ycheedaiin ol chlor lkchedy rchedar oteedal ar lky
f115v	f115v.31	P	B	3	S	T	1	0	pchdair opchedy qopor iirchal sheey qotain chety rodaiin opchepy shokchy
f115v	f115v.32	P	B	3	S	T	0	0	ykchedy okar chedar rolsheedy lkchdy chddy chcphedy cheey teeodaiin
f115v	f115v.33	P	B	3	S	T	0	1	ychedal qotchy chcthy chdal lchedy
f115v	f115v.34	P	B	3	S	T	1	0	taiin sheeey lchckhy ldar shdar qotchdy qoky shedy qokar chckhy
f115v	f115v.35	P	B	3	S	T	0	0	shos shee oky cheo lkain cheeos al ches kcheo rain checthey lcham
f115v	f115v.36	P	B	3	S	T	0	1	ytar aiin qoteey lkchedy
f115v	f115v.37	P	B	3	S	T	1	0	tshar shor shy olkeeo lkeedol ltchdy chkaidararal lkeedy
f115v	f115v.38	P	B	3	S	T	0	0	oiiin chees otairos loedy cheo keeo llchs o l r aiiin chkain sham
f115v	f115v.39	P	B	3	S	T	0	0	dairal chain ykeedy qokedy qokain lkaiin lkchey lkain lror
f115v	f115v.40	P	B	3	S	T	0	1	ycheeol kaiin shedain s cho r okas cheos qokchy
f115v	f115v.41	P	B	3	S	T	1	0	dcheodl sheo kolchey fchedol shedy qotoee tchy choy qopchyr
f115v	f115v.42	P	B	3	S	T	0	0	yair al sheey oteeol keody rcheey lkchdy qokchey lkar lkl rodam
f115v	f115v.43	P	B	3	S	T	0	0	ysheokaiin qotchdal lkchdy lkshedy qokar cheos qokaiin aky
f115v	f115v.44	P	B	3	S	T	0	0	ototar sheey qokey qokchey qokchey ral rchos oty lchedy
f115v	f115v.45	P	B	3	S	T	0	1	yk chedaiin chody qokaiin dary cholaiim
f116r	f116r.1	P	B	3	S	T	1	0	kchdpy shey qokain otalsh?dy qoteey shear ain or llory earamom
f116r	f116r.2	P	B	3	S	T	0	0	shain cheor ain okeey okeey shy lar ar aiiin oky char ar okain ykanam
f116r	f116r.3	P	B	3	S	T	0	1	dain chl lshey cthy lshedy oteor shey qo saly
f116r	f116r.4	P	B	3	S	T	1	0	padar shey osheeky qol laiin chckhy okam chedy oteedy qotar aralar y
f116r	f116r.5	P	B	3	S	T	0	0	dain sheed qokchdy otal chedy lkain oteedy otor aiin oty lol rol oly
f116r	f116r.6	P	B	3	S	T	0	1	sain ol lchedy chedy otey chedy lain otedy oteey
f116r	f116r.7	P	B	3	S	T	1	0	pcholchdy teody otey qo qokain qoteey tokain otedy totol rotydy
f116r	f116r.8	P	B	3	S	T	0	0	dar yteedy chedy qokeey qokain qotody oteedar otedy ldy lchedy
f116r	f116r.9	P	B	3	S	T	0	1	qokeey lchey qokeedy qokain okeeylkaiin
f116r	f116r.10	P	B	3	S	T	1	0	chd?in checkhy dar shedy qokeedy shdy rain sheedy cphol r teol chcpham
f116r	f116r.11	P	B	3	S	T	0	0	ol aiin shed qoteedy okeolshy qotain okedy chedy olchedy olkain als
f116r	f116r.12	P	B	3	S	T	0	0	qo?in ar cholches okain dain cheey okeey otain olchdy otal dain olam
f116r	f116r.13	P	B	3	S	T	0	0	sar ain tey chetain shtey okey chedy qoteedy qokain shety okeedam
f116r	f116r.14	P	B	3	S	T	0	1	sain cheychear ain chl l s oleedy
f116r	f116r.15	P	B	3	S	T	1	0	pchoetal otedal otal oteedy olr daiin okeedy qoky dar al keedy shdy
f116r	f116r.16	P	B	3	S	T	0	0	dar chedy sheedy otal al lchedy shcthy qotey dain otar otarar opam
f116r	f116r.17	P	B	3	S	T	0	1	dain chey qokeey okeey lain okeey qol chedy
f116r	f116r.18	P	B	3	S	T	1	0	pcharalor qokey r ain otedy opain lor oiin otain otar oteeedy ches ar y
f116r	f116r.19	P	B	3	S	T	0	0	porchey sheedy qotain chetar qotar ar arody chcthy rain otey ot y dain
f116r	f116r.20	P	B	3	S	T	0	0	chol keedy ol cheey raiin y chedy otar o kal okain olar otedy qoty sf?m
f116r	f116r.21	P	B	3	S	T	0	0	sairol sheey qokain chal qol chl l rain okain shckhy dtal orchcthdy lty
f116r	f116r.22	P	B	3	S	T	0	0	dol shedy shekchy qokain chedy otar okalain shcthy oteey dar chedy lg
f116r	f116r.23	P	B	3	S	T	0	0	dain cheeteey lkar shedy qokal shedy qoteedy ches ain ain aly salo lm
f116r	f116r.24	P	B	3	S	T	0	0	qokedy okain chcthy oty shedy qokeey chalkeey okey kedy chey lag
f116r	f116r.25	P	B	3	S	T	0	0	chol sheky shedy qokeey qokeedy shckhy qokain otal ches oin ain al om
f116r	f116r.26	P	B	3	S	T	0	0	ytchey qokaiin chckhol shechol qotey ol cheedy otain okedy qotam
f116r	f116r.27	P	B	3	S	T	0	0	daiin chey qokey lshedy orain chckhy lkain chy pshedy lshedy qoky ram
f116r	f116r.28	P	B	3	S	T	0	0	cheol lchey lkeey sheal lshalshy qotalshy cthedy l ky chedy oteedy lched
f116r	f116r.29	P	B	3	S	T	0	0	cthan cheey lkeeal lshey chl l lkain chear aiin chl l keedy raraiin ory
f116r	f116r.30	P	B	3	S	T	0	1	saraiin shey qokain chcthy okar air ollaiin okaly
f116r	f116r.31	P	B	3	S	T	1	0	pchallarar al ckhal rain alolfchy rpchey shfy ches ar opchekan dlr
f116r	f116r.32	P	B	3	S	T	0	0	olkeey rain shey qor aiin shey ol lchedy rshey qokeedy chtain oly
f116r	f116r.33	P	B	3	S	T	0	0	soraiin ykeey arain sheeky qokain sheey qol cheds ar r ?rsheg
f116r	f116r.34	P	B	3	S	T	0	0	qokain ar raiin shek okain y r shey qolchey okaiin shckhy qokam
f116r	f116r.35	P	B	3	S	T	0	0	shedy qokeey qokain qokeey lchey olkey raiin cthar shckhy qorar
f116r	f116r.36	P	B	3	S	T	0	0	qokeey rain shey okeey lkain l dain chey sheckhy qy qokl ain
f116r	f116r.37	P	B	3	S	T	0	0	pairain sheek l y oiin cheey lkeey olkeey lchey qoky lshedy cheam sham
f116r	f116r.38	P	B	3	S	T	0	0	daiin qokeey lshey qokaiin chkar shey okaiin chedy qokeedy raiin shy
f116r	f116r.39	P	B	3	S	T	0	0	qokain chey olr ain shey qokain o l keey keeey lkeal or al lom
f116r	f116r.40	P	B	3	S	T	0	0	dsheey shey qokey shey qokain shckhy chery ol chedy l chey lchy
f116r	f116r.41	P	B	3	S	T	0	0	dlar shar shar r ain sheain okain shey qokchy chckhy orain
f116r	f116r.42	P	B	3	S	T	0	0	qo qokain sheckhy qokain shekain shkain shedy shey qokan cham
f116r	f116r.43	P	B	3	S	T	0	0	as??? ar al shear teey chcphy rain cphan ydar oty shey qokam
f116r	f116r.44	P	B	3	S	T	0	0	s? okeedy qokain shckhy ol lcheor chky raiin chey qol okam
f116r	f116r.45	P	B	3	S	T	0	1	odain sh??y qokar oleey chy
f116r	f116r.46	P	B	3	S	T	1	0	oqokaiin al shey qokar okaral okeyshy oteey ookar okydy
f116r	f116r.47	P	B	3	S	T	0	0	osain shky qorain chckhey qokey lkechy okeey okal chedkaly
f116r	f116r.48	P	B	3	S	T	0	0	sykar ain olkeey dainchey qokar chey dain y otan otain oly
f116r	f116r.49	P	B	3	S	T	0	0	sysor shey qokey okeolan chey qol or cheey qor arom ol lkan
f116r	f116r.50	P	B	3	S	T	0	1	sodal ch al chcthy chckhy qol ain ary
f116v	f116v.1	L	?	3	T	T	0	0	oror sheey
